step,vehicle_id,x_position,y_position,speed,lane_index
0,2240459690256,259.46358138822507,0.7824845984595549,16.429105147143165,0
0,2240459687184,271.6225606110943,4.0,17.355778675394284,1
0,2240459690000,280.02569536379866,0.0,16.86574796752923,0
0,2240459692240,292.46651156948496,4.0,17.662560358321674,1
0,2240459692496,300.25679520422256,4.0,17.66146363606873,1
0,2240459692688,309.20415400171635,0.0,15.400061602626472,0
0,2240459692880,322.3385397237967,0.0,19.0095790851515,0
0,2240459693072,332.2706395830418,4.0,16.613941172547435,1
0,2240459693136,341.34983398599275,4.0,15.321007769864831,1
0,2240459693392,353.70342581152687,0.0,17.911969389397875,0
0,2240459693584,361.24785783079386,4.0,15.835867771146772,1
0,2240459693776,375.0427637707324,0.0,21.139672064180665,0
0,2240459693968,382.9118413037882,4.0,16.698321382758838,1
0,2240459694160,394.1640813135744,4.0,17.87131643056225,1
0,2240459694352,401.9992149707757,4.0,16.071277123782163,1
0,2240459694544,414.847974572936,4.0,17.13000118778526,1
0,2240459694736,424.57170232170427,4.0,17.014052898850686,1
0,2240459694928,435.53342915452066,1.492703264109878,17.22663935249545,0
0,2240459695120,447.2341244197237,4.0,16.920889325447803,1
0,2240459695312,459.3369034526734,4.0,17.293304274122722,1
0,2240459695568,470.2154195644517,0.0,18.594506602770192,0
0,2240459695824,481.43376391640857,4.0,16.581658198792084,1
0,2240459696080,494.24974912318766,4.0,18.773467146522037,1
0,2240459696336,504.20461621000806,0.0,16.73275278461298,0
0,2240459696592,515.7674118880776,0.0,19.871710610070433,0
0,2240440389776,525.3312570101206,4.0,16.70508593232379,1
0,2240450597200,535.0147197252976,4.0,16.255506371899315,1
0,2240447968208,548.914497453408,0.0,21.433385985579076,0
0,2240440583760,556.9214157854138,4.0,16.963225209309712,1
0,2240445520976,568.2570049936854,4.0,17.762422994090056,1
0,2240445521232,579.9317793571562,4.0,17.796723343203272,1
0,2240459569232,589.7830377592944,4.0,20.03471832836059,1
0,2240459568912,599.8407368269936,0.0,17.087111325219396,0
0,2240459569296,610.9215506019727,0.0,17.52060931334993,0
0,2240459569680,621.6055244679254,0.0,16.91375131498832,0
0,2240459570000,631.2716155353348,0.0,17.237881212333768,0
0,2240459570320,640.282340481099,4.0,15.669189467080606,1
0,2240459570640,653.6475998738077,0.0,20.576113096084036,0
0,2240459636944,661.3068939775222,4.0,16.06679763127491,1
0,2240459636816,672.8089868094039,4.0,17.43892339645209,1
0,2240459637136,680.0716570669508,4.0,15.328676765520019,1
0,2240459637456,690.8395470185737,4.0,15.88901475173955,1
0,2240459637776,704.5604274095518,0.0,20.524799349327363,0
0,2240459638096,712.1411061033106,4.0,15.707934137024266,1
0,2240459638416,725.5480267642876,4.0,17.391161960579737,1
0,2240459638736,734.900122068769,4.0,15.331149807599061,1
0,2240459639056,747.8118019575243,0.0,18.915464243043118,0
0,2240459639376,755.7804586877894,4.0,15.06408634350421,1
0,2240459639696,766.0996337021813,4.0,15.2724749313684,1
0,2240459640016,778.8919157465992,4.0,17.32104042123735,1
0,2240459640336,787.3715797648247,0.0,15.671778811428856,0
0,2240459640656,799.1200110681409,4.0,18.16693354369969,1
0,2240459640976,806.9497314460756,0.0,15.347702274643598,0
0,2240459641296,819.4818098733369,0.0,18.002428243290918,0
0,2240459641616,829.7603670017972,4.0,16.431537817312876,1
0,2240459641936,844.3555912660963,0.0,23.58619179130223,0
0,2240459642256,849.3369981984565,4.0,15.41355657612679,1
0,2240459642576,860.1615472679999,4.0,15.81217511226716,1
0,2240459642896,872.9621089428028,4.0,17.796423990495803,1
0,2240459643216,884.5104378675728,4.0,21.494731192325236,1
0,2240440473872,251.74929624776541,3.831601803294756,19.00000000000002,1
1,2240459690256,273.83370463200845,0.1206852180542329,12.732149962009819,0
1,2240459687184,286.5371572564269,4.0,12.593035832819977,1
1,2240459690000,295.3815305809229,0.0,13.792858148607843,0
1,2240459692240,307.32907192780664,4.0,11.662560358321675,1
1,2240459692496,316.5565275382189,4.0,14.70164930793162,1
1,2240459692688,322.3422223029575,0.0,11.585349728858644,0
1,2240459692880,339.9661396454121,0.0,16.35776765720912,0
1,2240459693072,346.08458075558923,4.0,10.613941172547431,1
1,2240459693136,354.71071631465213,4.0,11.68541490166343,1
1,2240459693392,370.4598705712647,0.0,15.929466532191581,0
1,2240459693584,375.27652971262614,4.0,12.156622261531265,1
1,2240459693776,395.44910206682323,0.0,19.698147385542203,0
1,2240459693968,396.8101626865471,4.0,10.698321382758834,1
1,2240459694160,409.2353977441366,4.0,11.871316430562251,1
1,2240459694352,415.2704920945578,4.0,10.071277123782158,1
1,2240459694544,429.17797576072127,4.0,11.13000118778526,1
1,2240459694736,439.3013377141458,4.0,12.645479893453823,1
1,2240459694928,452.2714018615973,0.1986561821247198,16.288521803542583,0
1,2240459695120,461.3550137451715,4.0,10.920889325447801,1
1,2240459695312,474.14542215687635,4.0,12.446336212986456,1
1,2240459695568,487.357378601865,0.0,15.537779298473973,0
1,2240459695824,495.3069420356216,4.0,11.342997582613291,1
1,2240459696080,511.2077242703465,4.0,14.926601567357755,1
1,2240459696336,518.394875369947,0.0,12.262331707002948,0
1,2240459696592,534.7788332164964,0.0,18.16352445964858,0
1,2240440389776,539.2363429424444,4.0,10.705085932323787,1
1,2240450597200,549.3638119673907,4.0,12.401543873294077,1
1,2240447968208,569.1968518354722,0.0,18.855948856553233,0
1,2240440583760,571.0846409947235,4.0,10.96322520930971,1
1,2240445520976,583.2194279877755,4.0,11.762422994090057,1
1,2240445521232,594.9434399734088,4.0,12.125406479340146,1
1,2240459569232,608.7957286906974,4.0,17.84320355634779,1
1,2240459568912,614.127848152213,0.0,11.087111325219395,0
1,2240459569296,625.6421599153226,0.0,11.52060931334993,0
1,2240459569680,635.7192757829138,0.0,10.91375131498832,0
1,2240459570000,647.584628777992,0.0,15.664508402352736,0
1,2240459570320,653.9389286623361,4.0,11.634066206345487,1
1,2240459570640,673.7270028528612,0.0,19.569727631692615,0
1,2240459636944,674.573691608797,4.0,10.066797631274904,1
1,2240459636816,687.4479102058559,4.0,11.43892339645209,1
1,2240459637136,692.6003338324709,4.0,9.328676765520013,1
1,2240459637456,704.544142240267,4.0,11.554057337046993,1
1,2240459637776,724.1781725075931,0.0,18.6470952633092,0
1,2240459638096,725.0663311286875,4.0,9.966972955857091,1
1,2240459638416,740.1391887248673,4.0,11.391161960579737,1
1,2240459638736,748.0498199218794,4.0,10.997722150129947,1
1,2240459639056,765.3766781276332,0.0,16.037525539205937,0
1,2240459639376,768.0445450312936,4.0,9.064086343504204,1
1,2240459639696,778.6657719583014,4.0,10.06006297020727,1
1,2240459640016,794.0516066359875,4.0,13.378062991586829,1
1,2240459640336,800.5789179370578,0.0,11.061433213645016,0
1,2240459640656,815.5963966481114,4.0,14.594948104388163,1
1,2240459640976,819.9504884636684,0.0,11.486175131957534,0
1,2240459641296,837.1340967746372,0.0,17.49301263743444,0
1,2240459641616,843.4632897747321,4.0,10.913105766973292,1
1,2240459641936,867.9417830573988,0.0,23.58619179130223,0
1,2240459642256,861.9505547745833,4.0,9.413556576126785,1
1,2240459642576,873.2200061771606,4.0,10.369922945357226,1
1,2240459642896,888.4166771775796,4.0,14.0315866282098,1
1,2240459643216,906.0051690598988,4.0,21.494731192325236,1
1,2240440473872,267.9485478199355,3.9748412266257254,13.027332126063111,1
2,2240459690256,285.7282587278161,0.02151834864296491,11.135859938529197,0
2,2240459687184,297.4672485198408,4.0,9.156280501982897,1
2,2240459690000,308.20971354496834,0.0,11.938793728188884,0
2,2240459692240,316.4130962751886,4.0,7.01137792543869,1
2,2240459692496,329.68840940833803,4.0,11.225390696176541,1
2,2240459692688,333.5740422446793,0.0,11.064253471334434,0
2,2240459692880,355.63823242606867,0.0,15.066490628285502,0
2,2240459693072,353.96560035998584,4.0,5.341707461714207,1
2,2240459693136,365.41058261504776,4.0,9.67975600335276,1
2,2240459693392,386.1184706184133,0.0,15.476412600752955,0
2,2240459693584,385.89232642080646,4.0,8.903491115279811,1
2,2240459693776,414.6587196679623,0.0,18.6906971848916,0
2,2240459693968,404.9747749208937,4.0,5.909206871649475,1
2,2240459694160,418.2530725809759,4.0,5.749242158655647,1
2,2240459694352,423.25307258097587,4.0,5.478533620693771,1
2,2240459694544,437.6500747839683,4.0,6.159296701888085,1
2,2240459694736,450.35777318912636,4.0,9.406550692807274,1
2,2240459694928,468.04810991320824,0.027132993942939915,15.182885909763815,0
2,2240459695120,470.1027362479571,4.0,7.224523018752967,1
2,2240459695312,485.2500844782719,4.0,9.88469381153485,1
2,2240459695568,501.8325695253661,0.0,13.484441246108439,0
2,2240459695824,505.64812608391776,4.0,9.453786254125617,1
2,2240459696080,524.3146491621993,4.0,11.032363561463335,1
2,2240459696336,530.348135858743,0.0,11.868538027109546,0
2,2240459696592,552.2830000104991,0.0,16.724105065873196,0
2,2240440389776,547.3462818655294,4.0,5.960156424851215,1
2,2240450597200,560.1842844014926,4.0,9.037712856637231,1
2,2240447968208,586.5274119995238,0.0,15.395233069644666,0
2,2240440583760,579.3850468578047,4.0,5.876535193360346,1
2,2240445520976,592.3861174563618,4.0,7.072926701694147,1
2,2240445521232,606.2517307620049,4.0,10.85432961296407,1
2,2240459569232,625.580278039584,4.0,15.526719422132924,1
2,2240459568912,622.4437215399598,0.0,5.442564723421328,0
2,2240459569296,634.3694837164944,0.0,5.741715426201807,0
2,2240459569680,645.3912009931973,0.0,9.227209245067824,0
2,2240459570000,663.0624491601063,0.0,15.372121144171627,0
2,2240459570320,663.9791695745565,4.0,8.279871720845275,1
2,2240459570640,692.9135700303681,0.0,18.765524079075924,0
2,2240459636944,682.111232832906,4.0,5.142188463488793,1
2,2240459636816,694.560743907356,4.0,4.338861406324301,1
2,2240459637136,699.5607439073561,4.0,3.4831084604391203,1
2,2240459637456,714.6365593141493,4.0,8.621223570943211,1
2,2240459637776,742.0315721335654,0.0,16.96124206572681,0
2,2240459638096,733.3941918063687,4.0,6.711796150832042,1
2,2240459638416,748.730350685447,4.0,5.391161960579732,1
2,2240459638736,757.4041680385202,4.0,7.622406413995528,1
2,2240459639056,780.2214805855051,0.0,13.604742841524974,0
2,2240459639376,774.7610415317745,4.0,5.107107968615068,1
2,2240459639696,787.8993836020246,4.0,8.660811635785091,1
2,2240459640016,806.4428135990087,4.0,11.399466879240666,1
2,2240459640336,810.7762423067446,0.0,9.594391630918778,0
2,2240459640656,828.6624336172699,4.0,11.389976143911396,1
2,2240459640976,831.3990647935649,0.0,11.678385901669863,0
2,2240459641296,854.7123240800172,0.0,17.73670205780688,0
2,2240459641616,852.5597263958443,4.0,7.3157237953156455,1
2,2240459641936,891.5279748487012,0.0,23.58619179130223,0
2,2240459642256,869.0965932711572,4.0,5.6589337180940555,1
2,2240459642576,882.9012307259145,4.0,9.437375710336681,1
2,2240459642896,902.5229759507935,4.0,14.421748453662024,1
2,2240459643216,927.4999002522247,4.0,21.494731192325236,1
2,2240440473872,279.0899398122643,3.995311161336809,9.471068695150475,1
3,2240459690256,296.44751560203605,0.004194948204292293,10.346017672786033,0
3,2240459687184,305.4890850592061,4.0,6.96905719051194,1
3,2240459690000,319.6766797745709,0.0,11.06734229673715,0
3,2240459692240,322.8750386158682,4.0,6.081861273128305,1
3,2240459692496,339.37886690816146,4.0,8.1511117033033,1
3,2240459692688,344.7274678135505,0.0,11.327456346809281,0
3,2240459692880,370.4095515682972,0.0,14.53097102112399,0
3,2240459693072,358.78499711956744,4.0,4.643465982892238,1
3,2240459693136,374.28601464063854,4.0,7.975967886130742,1
3,2240459693392,401.56230294168415,0.0,15.440468761909452,0
3,2240459693584,393.4853235119131,4.0,6.20566292260188,1
3,2240459693776,432.93498338029144,0.0,17.81348407692497,0
3,2240459693968,409.6099917271632,4.0,3.4010426547928354,1
3,2240459694160,421.8725461459562,4.0,2.0425008733162247,1
3,2240459694352,426.8725461459562,4.0,1.946327776072643,1
3,2240459694544,443.1700058602988,4.0,5.129556953829856,1
3,2240459694736,458.7235560805085,4.0,7.391534094846395,1
3,2240459694928,482.7286917657975,0.003986072318287603,14.133711034821792,0
3,2240459695120,476.88784350029385,4.0,6.504975396868543,1
3,2240459695312,494.4358009754286,4.0,8.516545310902304,1
3,2240459695568,514.7698787246541,0.0,12.450403490064964,0
3,2240459695824,514.5066022575919,4.0,8.215705291712284,1
3,2240459696080,533.8221636838374,4.0,7.986262584604077,1
3,2240459696336,542.3270002592008,0.0,12.111954343301381,0
3,2240459696592,568.2010835346556,0.0,14.906704773318642,0
3,2240440389776,552.6759834226503,4.0,4.885108229257254,1
3,2240450597200,567.9067667902776,4.0,6.424243823096634,1
3,2240447968208,600.070228379487,0.0,11.47012272954336,0
3,2240440583760,584.4130197023437,4.0,4.484632573298361,1
3,2240445520976,599.0969764557449,4.0,6.662865528804272,1
3,2240445521232,617.0159274778168,4.0,10.682438938546847,1
3,2240459569232,639.8994073368096,4.0,12.875241365974583,1
3,2240459568912,626.6317099173516,0.0,3.29414779297932,0
3,2240459569296,639.3424708252752,0.0,4.788819945146936,0
3,2240459569680,654.9185776365998,0.0,10.019664686445864,0
3,2240459570000,678.4472498458631,0.0,15.425299480813997,0
3,2240459570320,670.8910954685609,4.0,5.464554199518063,1
3,2240459570640,711.3182984791358,0.0,17.98636523531273,0
3,2240459636944,685.9060133157465,4.0,2.5515398219826633,1
3,2240459636816,697.0822952560117,4.0,1.5414428488236944,1
3,2240459637136,702.0822952560115,4.0,1.237424320628298,1
3,2240459637456,722.195750282969,4.0,6.418609175311175,1
3,2240459637776,758.2355871165221,0.0,15.355483181871797,0
3,2240459638096,738.8632047867551,4.0,4.189500334021143,1
3,2240459638416,752.2213061299524,4.0,2.4428355682208927,1
3,2240459638736,763.9509483008037,4.0,5.574347327966714,1
3,2240459639056,792.9736458094344,0.0,11.913200926313582,0
3,2240459639376,779.6605833541408,4.0,4.947160114982855,1
3,2240459639696,796.3845615168464,4.0,8.358803246517837,1
3,2240459640016,817.0952555442044,4.0,9.82861180581439,1
3,2240459640336,820.307607632315,0.0,9.635850385604897,0
3,2240459640656,838.7440054363584,4.0,8.701557052069228,1
3,2240459640976,843.5212318359262,0.0,12.688786921620885,0
3,2240459641296,872.6439314655802,0.0,18.166601520376076,0
3,2240459641616,858.8989635302804,4.0,5.515765472097506,1
3,2240459641936,915.1141666400036,0.0,23.58619179130223,0
3,2240459642256,874.6451447200301,4.0,5.733294106088209,1
3,2240459642576,892.6396550968204,4.0,10.232632030782495,1
3,2240459642896,917.3991479170453,4.0,15.427295294896345,1
3,2240459643216,948.9946314445507,4.0,21.494731192325236,1
3,2240440473872,287.5760220921088,3.9989322891814627,7.5306829654755925,1
4,2240459690256,306.6110948553214,0.0008580383471017691,10.021516396483694,0
4,2240459687184,311.873315578452,4.0,5.858533608741853,1
4,2240459690000,330.5932945285665,0.0,10.834278678281601,0
4,2240459692240,328.8108125582112,4.0,5.799331895726688,1
4,2240459692496,346.558655701275,4.0,6.263776800767466,1
4,2240459692688,356.283037941834,0.0,11.838658039850515,0
4,2240459692880,384.8562155208947,0.0,14.400409525097679,0
4,2240459693072,363.58017491023577,4.0,5.006314358937895,1
4,2240459693136,381.48869326541046,4.0,6.320735569888236,1
4,2240459693392,417.02334711262864,0.0,15.482479214101987,0
4,2240459693584,398.652163714429,4.0,4.070212280359175,1
4,2240459693776,450.35287945458344,0.0,16.96772145688769,0
4,2240459693968,412.2199746368013,4.0,1.8275648501747308,1
4,2240459694160,423.15841612906115,4.0,0.7256277788224248,1
4,2240459694352,428.15841612906115,4.0,0.6914609043564043,1
4,2240459694544,448.2572402393139,4.0,5.114338050092907,1
4,2240459694736,465.57571394251687,4.0,6.378465465969843,1
4,2240459694928,496.44490669142823,0.0006251774517529611,13.2779957828752,0
4,2240459695120,483.35980720572326,4.0,6.488511541518433,1
4,2240459695312,502.51377730958166,4.0,7.625072553715364,1
4,2240459695568,526.972551265964,0.0,11.986055854186025,0
4,2240459695824,522.1961103710568,4.0,7.101371470500763,1
4,2240459696080,540.8226728196512,4.0,6.041085159351013,1
4,2240459696336,554.485741444786,0.0,12.137358798432697,0
4,2240459696592,582.0795959880879,0.0,12.640598665841908,0
4,2240440389776,557.3979681696483,4.0,4.583302215837237,1
4,2240450597200,573.5476417439276,4.0,4.933216015223888,1
4,2240447968208,609.9211984733187,0.0,8.158921001558078,0
4,2240440583760,588.8944001618013,4.0,4.644321317234963,1
4,2240445520976,606.0422330495675,4.0,7.340961419285878,1
4,2240445521232,627.5550895889838,4.0,10.289691308655645,1
4,2240459569232,651.4159726537993,4.0,9.92622831367623,1
4,2240459568912,629.7548877032684,0.0,3.155267087658572,0
4,2240459569296,644.5695858046744,0.0,5.8914786587289525,0
4,2240459569680,665.4957008473899,0.0,11.236543949721348,0
4,2240459570000,693.9207407821091,0.0,15.52116667949785,0
4,2240459570320,675.2889607970826,4.0,3.2877923355754026,1
4,2240459570640,728.9173029908884,0.0,17.13988339401028,0
4,2240459636944,687.7379275769737,4.0,1.1561904342201557,1
4,2240459636816,697.9781125984744,4.0,0.5476197171742787,1
4,2240459637136,702.9781125984744,4.0,0.439612767352459,1
4,2240459637456,727.7306730330748,4.0,4.59449781423565,1
4,2240459637776,772.8918762788038,0.0,13.892229777083848,0
4,2240459638096,742.273399822089,4.0,2.7121949162834174,1
4,2240459638416,754.6284591817184,4.0,2.5517438223013698,1
4,2240459638736,769.0623987743834,4.0,4.766269877231138,1
4,2240459639056,804.3842978812759,0.0,10.962667290378471,0
4,2240459639376,784.9136479507994,4.0,5.6681676280880255,1
4,2240459639696,804.673844120522,4.0,8.196780875711887,1
4,2240459640016,826.236288204872,4.0,8.372812264021599,1
4,2240459640336,830.2538889998573,0.0,10.38431474307153,0
4,2240459640656,846.4673732950882,4.0,6.7482906540131875,1
4,2240459640976,856.7486590564598,0.0,13.842568095888348,0
4,2240459641296,891.0205307252166,0.0,18.612249917730278,0
4,2240459641616,864.117923793011,4.0,5.075926327059427,1
4,2240459641936,938.7003584313061,0.0,23.58619179130223,0
4,2240459642256,880.8680376175358,4.0,6.89149121074965,1
4,2240459642576,903.4586417775055,4.0,11.532208704246814,1
4,2240459642896,933.3158791175036,4.0,16.46188213759904,1
4,2240459643216,970.4893626368766,4.0,21.494731192325236,1
4,2240440473872,294.4971530571806,3.99971763524317,6.323523855883527,1
5,2240459690256,316.6071650328752,0.0001785897109779833,10.014818238155053,0
5,2240459687184,317.4587150624288,4.0,5.347979012538686,1
5,2240459690000,341.48140854519545,0.0,11.004681519326578,0
5,2240459692240,334.50026833370356,4.0,5.557484376180056,1
5,2240459692496,352.31058321290124,4.0,5.298801114298544,1
5,2240459692688,368.3881694412595,0.0,12.411167068868151,0
5,2240459692880,399.276740591368,0.0,14.464268758860651,0
5,2240459693072,368.7314670164442,4.0,5.249283866245868,1
5,2240459693136,387.04290231391724,4.0,4.685855294666493,1
5,2240459693392,432.50579281065217,0.0,15.465196674907906,0
5,2240459693584,401.9110482974134,4.0,2.411913558280845,1
5,2240459693776,466.9285385096572,0.0,16.128684111195938,0
5,2240459693968,413.53795931343893,4.0,0.820199244729257,1
5,2240459694160,423.61523991400264,4.0,0.2577896931539018,1
5,2240459694352,428.6152399140027,4.0,0.24565142014164598,1
5,2240459694544,453.4618423231826,4.0,5.322089857113982,1
5,2240459694736,471.7386917664206,4.0,6.00228911411905,1
5,2240459694928,509.4058296343395,0.00010335486104867327,12.632642149948571,0
5,2240459695120,489.89814938853635,4.0,6.5894300730694155,1
5,2240459695312,509.79082531035954,4.0,6.891118375208878,1
5,2240459695568,538.8349691201013,0.0,11.730615534817279,0
5,2240459695824,528.808179329159,4.0,6.071734648366955,1
5,2240459696080,546.271370016394,4.0,4.887789635293543,1
5,2240459696336,566.441388911796,0.0,11.643848699375848,0
5,2240459696592,593.5750506792389,0.0,10.185229956545061,0
5,2240440389776,561.8967526452751,4.0,4.412131658513156,1
5,2240450597200,578.1594669779852,4.0,4.394479073210626,1
5,2240447968208,616.9237888055991,0.0,5.885974538620066,0
5,2240440583760,593.8791782944344,4.0,5.443531055099099,1
5,2240445520976,613.7557599948038,4.0,8.105650388078443,1
5,2240445521232,637.4371828102148,4.0,9.295107163881282,1
5,2240459569232,659.9270476630124,4.0,6.91023176281744,1
5,2240459568912,633.2331679196578,0.0,3.9704472196266622,0
5,2240459569296,651.2106897146551,0.0,7.547880940058224,0
5,2240459569680,677.3036466215653,0.0,12.437893699307363,0
5,2240459570000,709.4553427561962,0.0,15.526887487875165,0
5,2240459570320,677.7873914060344,4.0,1.6953339416480537,1
5,2240459570640,745.6253064817286,0.0,16.19858633234039,0
5,2240459636944,688.5003213599872,4.0,0.39897675739062455,1
5,2240459636816,698.2963645791388,4.0,0.1945497719016226,1
5,2240459637136,703.2963645791388,4.0,0.15617875129620898,1
5,2240459637456,731.6398899148157,4.0,3.21474425550528,1
5,2240459637776,786.1954704862806,0.0,12.687447093935695,0
5,2240459638096,744.6761301096466,4.0,2.196514377032414,1
5,2240459638416,757.468602962656,4.0,3.208315419377618,1
5,2240459638736,773.7900604498135,4.0,4.800146575820366,1
5,2240459639056,815.1603522458197,0.0,10.668364462031995,0
5,2240459639376,790.9834880058758,4.0,6.515940493441625,1
5,2240459639696,812.7355081974964,4.0,7.865534098382734,1
5,2240459640016,833.9813859940176,4.0,7.065251615387049,1
5,2240459640336,841.1194710801382,0.0,11.448029284439098,0
5,2240459640656,852.621208072201,4.0,5.623363781292031,1
5,2240459640976,871.1058060011956,0.0,14.92218381611748,0
5,2240459641296,909.8257136973043,0.0,19.016036613343203,0
5,2240459641616,869.3516229477317,4.0,5.543169459279088,1
5,2240459641936,962.2865502226085,0.0,23.58619179130223,0
5,2240459642256,888.4686994992367,4.0,8.452752167569903,1
5,2240459642576,915.6461243076599,4.0,12.933852228544058,1
5,2240459642896,950.2154966816812,4.0,17.37228472904877,1
5,2240459643216,991.9840938292026,4.0,21.494731192325236,1
5,2240440473872,300.44008429914754,3.999916368418733,5.574573325433872,1
6,2240459690256,326.7107351173418,3.693777474137872e-05,10.240014201072787,0
6,2240459687184,322.6902612103434,4.0,5.13100511435753,1
6,2240459690000,352.6615523737574,0.0,11.410339974409586,0
6,2240459692240,339.9312896109115,4.0,5.283441428927428,1
6,2240459692496,357.38402227576285,4.0,4.877024024602335,1
6,2240459692688,381.0597585212664,0.0,12.960260731427741,0
6,2240459692880,413.79813638281206,0.0,14.588494851951351,0
6,2240459693072,373.90642184293864,4.0,4.984007464375521,1
6,2240459693136,390.9961667128161,4.0,3.141401348036369,1
6,2240459693392,447.9200898082868,0.0,15.333591035447398,0
6,2240459693584,403.7178296919025,4.0,1.1904614485563403,1
6,2240459693776,482.66927005046216,0.0,15.299915660425281,0
6,2240459693968,414.05381019169835,4.0,0.2333536877733296,1
6,2240459694160,423.77753312655943,4.0,0.09158349202704073,1
6,2240459694352,428.77753312655943,4.0,0.08727119615500871,1
6,2240459694544,458.895184707752,4.0,5.55975763360425,1
6,2240459694736,477.7100388770562,4.0,5.976260978927218,1
6,2240459694928,521.7989378376132,1.7801725659644195e-05,12.137505295324166,0
6,2240459695120,496.49576910022563,4.0,6.574742800669461,1
6,2240459695312,516.3515380267884,4.0,6.1831240795561975,1
6,2240459695568,550.4274555168225,0.0,11.400576065343765,0
6,2240459695824,534.4508987451818,4.0,5.184171475843115,1
6,2240459696080,550.8370564791761,4.0,4.275772989926276,1
6,2240459696336,577.6328430072715,0.0,10.58174510478876,0
6,2240459696592,602.6720261996724,0.0,7.922813602455994,0
6,2240440389776,566.2572213621344,4.0,4.324173416748903,1
6,2240450597200,582.589944268532,4.0,4.577939846145994,1
6,2240447968208,622.1999446395075,0.0,4.784399085767707,0
6,2240440583760,599.7927648891172,4.0,6.4606434057812665,1
6,2240445520976,622.0826729216029,4.0,8.476097033984423,1
6,2240445521232,646.0115905316342,4.0,7.645678492919193,1
6,2240459569232,665.5185217862961,4.0,4.162255110807309,1
6,2240459568912,637.7995548176436,0.0,5.317260018644263,0
6,2240459569296,659.5953371205017,0.0,9.34460960971414,0
6,2240459569680,690.2312883160375,0.0,13.442580792286591,0
6,2240459570000,724.9285722163023,0.0,15.382744432225106,0
6,2240459570320,678.9448061034269,4.0,0.6307679765292955,1
6,2240459570640,761.3580152019978,0.0,15.195349398570226,0
6,2240459636944,688.703413865546,4.0,0.033670518668050056,1
6,2240459636816,698.409428167435,4.0,0.06911660146621022,1
6,2240459637136,703.409428167435,4.0,0.05548474513909419,1
6,2240459637456,734.4150725494626,4.0,2.3738089816281525,1
6,2240459637776,798.4571094989096,0.0,11.846263315453083,0
6,2240459638096,746.9070252654251,4.0,2.36710836844555,1
6,2240459638416,761.0315618352491,4.0,3.9754182338466597,1
6,2240459638736,778.8067918643428,4.0,5.322729852626876,1
6,2240459639056,825.896071431936,0.0,10.89000044100049,0
6,2240459639376,797.8268501180696,4.0,7.161837334434242,1
6,2240459639696,820.3561958047719,4.0,7.304861185867868,1
6,2240459640016,840.5414013409528,4.0,6.048177165071141,1
6,2240459640336,853.1052911905147,0.0,12.602101215624614,0
6,2240459640656,858.0322737636259,4.0,5.3032020752409466,1
6,2240459640976,886.4741308739066,0.0,15.847974694251011,0
6,2240459641296,929.0082258067615,0.0,19.362328643552708,0
6,2240459641616,875.3473118600415,4.0,6.592777718952358,1
6,2240459641936,985.872742013911,0.0,23.58619179130223,0
6,2240459642256,897.707301613721,4.0,10.14322707199837,1
6,2240459642576,929.2064700091009,4.0,14.250868755017434,1
6,2240459642896,967.950472275029,4.0,18.120329773306228,1
6,2240459643216,1013.4788250215286,4.0,21.494731192325236,1
6,2240440473872,305.13137558558515,2.654857171961501,5.1577429171138025,1
7,2240459690256,337.12189993796153,7.4578055505560585e-06,10.630730640759683,0
7,2240459687184,327.7673661655444,4.0,5.024105527219669,1
7,2240459690000,364.30861126240194,0.0,11.928871262515019,0
7,2240459692240,345.08594238081446,4.0,5.009221926432282,1
7,2240459692496,362.13927129902925,4.0,4.612594497132574,1
7,2240459692688,394.2514814018296,0.0,13.441505294552504,0
7,2240459692880,428.43733247605144,0.0,14.686905646439818,0
7,2240459693072,378.5402785055981,4.0,4.140639566967449,1
7,2240459693136,393.4887567133527,4.0,1.7962221042785727,1
7,2240459693392,463.1426408033829,0.0,15.072555465694654,0
7,2240459693584,404.49587448036334,4.0,0.37539267699395945,1
7,2240459693776,497.58829519641563,0.0,14.486007883128872,0
7,2240459693968,414.1377298257233,4.0,-0.041552727890602714,1
7,2240459694160,423.8351901219049,4.0,0.032536351276308134,1
7,2240459694352,428.8351901219049,4.0,0.031004346215195364,1
7,2240459694544,464.5607636098564,4.0,5.782274211780187,1
7,2240459694736,483.7293260913668,4.0,6.073154171975143,1
7,2240459694928,533.7264361086918,3.173981394371599e-06,11.683530468441424,0
7,2240459695120,502.9849344721199,4.0,6.351687699825397,1
7,2240459695312,522.2054732156529,4.0,5.4815530448949605,1
7,2240459695568,561.5752770699572,0.0,10.799658762940169,0
7,2240459695824,539.2989893064536,4.0,4.506000920891928,1
7,2240459696080,554.9737152564813,4.0,4.032527359535853,1
7,2240459696336,587.5536974737648,0.0,9.120005444349589,0
7,2240459696592,609.7397848812365,0.0,6.214055750886014,0
7,2240440389776,570.6070949306206,4.0,4.421308102348693,1
7,2240450597200,587.4448323219357,4.0,5.232702823587518,1
7,2240447968208,626.8843986437984,0.0,4.735652944533897,0
7,2240440583760,606.7037379196987,4.0,7.381219458801605,1
7,2240445520976,630.4648196854328,4.0,8.127669501864052,1
7,2240445521232,652.7039898549807,4.0,5.555158134135785,1
7,2240459569232,668.6075949809374,4.0,1.9828504846653878,1
7,2240459568912,643.8652264149014,0.0,6.956953421842442,0
7,2240459569296,669.7597891277709,0.0,11.07551442587713,0
7,2240459569680,704.036606347107,0.0,14.166038307486355,0
7,2240459570000,740.1809489514966,0.0,15.075460176539856,0
7,2240459570320,679.2561525187464,4.0,0.018035027133109796,1
7,2240459570640,776.0891091561253,0.0,14.213764317479217,0
7,2240459636944,688.6631615296541,4.0,-0.0937812752157752,1
7,2240459636816,698.4495956315047,4.0,0.024554665634121415,1
7,2240459637136,703.4495956315047,4.0,0.019711752831929344,1
7,2240459637456,736.6136075973214,4.0,2.094613398634941,1
7,2240459637776,810.0689173874108,0.0,11.417536202063895,0
7,2240459638096,749.5253175818673,4.0,2.960514974366755,1
7,2240459638416,765.3739474371479,4.0,4.763009531928378,1
7,2240459638736,784.4569882052886,4.0,6.034438667891323,1
7,2240459639056,837.0313118627619,0.0,11.46365066648987,0
7,2240459639376,805.1489512160995,4.0,7.4299921023765085,1
7,2240459639696,827.3430766393619,4.0,6.61602926137778,1
7,2240459640016,846.2758145798053,4.0,5.46146354114514,1
7,2240459640336,866.2320906625009,0.0,13.709604283947819,0
7,2240459640656,863.4547883151481,4.0,5.665708550395348,1
7,2240459640976,902.6884960915573,0.0,16.603484470241632,0
7,2240459641296,948.510250660878,0.0,19.652177913602273,0
7,2240459641616,882.5697968506392,4.0,7.985674299340074,1
7,2240459641936,1009.4589338052134,0.0,23.58619179130223,0
7,2240459642256,908.6317460401312,4.0,11.799610296721854,1
7,2240459642576,944.0066423020988,4.0,15.392441194217483,1
7,2240459642896,986.359285872178,4.0,18.712667506004145,1
7,2240459643216,1034.9735562138537,4.0,21.494731192325236,1
7,2240440473872,310.07888894194275,0.715889057218145,6.534089942600167,0
8,2240459690256,347.97788484093815,1.4523775551173516e-06,11.127134684359158,0
8,2240459687184,332.74808024744146,4.0,4.926961743322101,1
8,2240459690000,376.49199595530365,0.0,12.472569868294984,0
8,2240459692240,349.9667211925366,4.0,4.727760592108645,1
8,2240459692496,366.5780654124309,4.0,4.191329287203972,1
8,2240459692688,407.88256770228537,0.0,13.82961175650884,0
8,2240459692880,443.14119400174525,0.0,14.705646025963127,0
8,2240459693072,382.12547938352975,4.0,2.908487245924852,1
8,2240459693136,394.7677790199106,4.0,0.7467083183921454,1
8,2240459693392,478.04430343905454,0.0,14.684198291660934,0
8,2240459693584,404.63021770801237,4.0,-0.08414657573646905,1
8,2240459693776,511.69651258434334,0.0,13.674365196200037,0
8,2240459693968,414.0484318262885,4.0,-0.1184122006537061,1
8,2240459694160,423.85567359783,4.0,0.01155900622420855,1
8,2240459694352,428.8556735978301,4.0,0.0110147394167065,1
8,2240459694544,470.4347068949708,4.0,5.97017962161485,1
8,2240459694736,489.8343281049856,4.0,6.1205484752948,1
8,2240459694928,545.1703404041441,5.868191338918655e-07,11.144195454299162,0
8,2240459695120,509.1507763023377,4.0,5.921027176073208,1
8,2240459695312,527.3771448850179,4.0,4.833172624931942,1
8,2240459695568,571.9620601477299,0.0,9.856319512208797,0
8,2240459695824,543.5840191034748,4.0,4.079068349491997,1
8,2240459696080,559.0002577585484,4.0,4.063736349813574,1
8,2240459696336,595.9467645840372,0.0,7.580793303417859,0
8,2240459696592,615.4466630823455,0.0,5.2713589981422135,0
8,2240440389776,575.172252065296,4.0,4.777050496023772,1
8,2240450597200,593.0773720386532,4.0,6.105470260600117,1
8,2240447968208,631.9098372739297,0.0,5.469701345228145,0
8,2240440583760,614.370778621846,4.0,7.892537023101216,1
8,2240445520976,638.1065169095573,4.0,6.944438684326945,1
8,2240445521232,657.2408427094537,4.0,3.3961023290296666,1
8,2240459569232,669.8465045022311,4.0,0.5177313345751307,1
8,2240459568912,651.6423206254142,0.0,8.724501511395262,0
8,2240459569296,681.5668727968504,0.0,12.594551651247079,0
8,2240459569680,718.4226577329426,0.0,14.583591155934911,0
8,2240459570000,755.0582436824329,0.0,14.630648642419981,0
8,2240459570320,679.1259210726224,4.0,-0.2487591966346053,1
8,2240459570640,789.8902163423888,0.0,13.362169002441247,0
8,2240459636944,688.5609963460117,4.0,-0.0980431620146432,1
8,2240459636816,698.463865700181,4.0,0.008723397730981679,1
8,2240459637136,703.4638657001809,4.0,0.007002883382324532,1
8,2240459637456,738.7718334774014,4.0,2.3085936506319737,1
8,2240459637776,821.4394741615807,0.0,11.381597189411139,0
8,2240459638096,752.8553789183055,4.0,3.778760178430763,1
8,2240459638416,770.5034836149405,4.0,5.544226203027418,1
8,2240459638736,790.8102690058812,4.0,6.688559344587245,1
8,2240459639056,848.8442858347563,0.0,12.235125555227167,0
8,2240459639376,812.5432084497858,4.0,7.285942491537824,1
8,2240459639696,833.6522462657656,4.0,5.987091987701116,1
8,2240459640016,851.6549940360655,4.0,5.3753190858171775,1
8,2240459640336,880.4128093533058,0.0,14.692886013452505,0
8,2240459640656,869.4935099015617,4.0,6.540373072695476,1
8,2240459640976,919.5838091127304,0.0,17.20338264745775,0
8,2240459641296,968.278401420341,0.0,19.8926650115292,0
8,2240459641616,891.2745204515587,4.0,9.541877269197425,1
8,2240459641936,1033.0451255965152,0.0,23.58619179130223,0
8,2240459642256,921.150422223857,4.0,13.305590368741973,1
8,2240459642576,959.8528670383372,4.0,16.32802999633518,1
8,2240459642896,1005.2966148702486,4.0,19.173090219738956,1
8,2240459643216,1056.468287406178,4.0,21.494731192325236,1
8,2240440473872,317.44917178298476,0.20213351947305258,8.3489784492264,0
9,2240459690256,359.3582210910712,2.7108884212450337e-07,11.674143157017456,0
9,2240459687184,337.61294184695026,4.0,4.780574110638988,1
9,2240459690000,389.2066497002726,0.0,12.98095482901824,0
9,2240459692240,354.53485736147354,4.0,4.360655886316172,1
9,2240459692496,370.4495987416252,4.0,3.443844870707372,1
9,2240459692688,421.85221655489624,0.0,14.109453912720936,0
9,2240459692880,457.81346561650497,0.0,14.612049398785572,0
9,2240459693072,384.419479711156,4.0,1.6082577185920839,1
9,2240459693136,395.1561107764728,4.0,0.04053515240451534,1
9,2240459693392,492.4998024982868,0.0,14.172036975466296,0
9,2240459693584,404.4414972932722,4.0,-0.26740800113632,1
9,2240459693776,524.9810554320907,0.0,12.828608006745919,0
9,2240459693968,413.93500292709183,4.0,-0.09772556600564371,1
9,2240459694160,423.8629506469283,4.0,0.00410650302354532,1
9,2240459694352,428.8629506469283,4.0,0.0039131444209743165,1
9,2240459694544,476.4680189698088,4.0,6.089028385227981,1
9,2240459694736,495.9182809671389,4.0,6.007838240969786,1
9,2240459694928,555.9934333060189,1.136714873287636e-07,10.416823710479552,0
9,2240459695120,514.8144187168436,4.0,5.354620070705809,1
9,2240459695312,531.9527799478699,4.0,4.309914956198916,1
9,2240459695568,581.2713381400238,0.0,8.65381540797941,0
9,2240459695824,547.5649035356356,4.0,3.9150888935728916,1
9,2240459696080,563.1691297358443,4.0,4.328197090424038,1
9,2240459696336,602.8995916490766,0.0,6.309158918164494,0
9,2240459696592,620.5841630194816,0.0,5.11730363065107,0
9,2240440389776,580.2104390663385,4.0,5.372001090949724,1
9,2240450597200,599.5838055064024,4.0,6.931040908362153,1
9,2240447968208,637.9263716670099,0.0,6.709906969889993,0
9,2240440583760,622.240283990748,4.0,7.695957543104874,1
9,2240445520976,644.2358004004594,4.0,5.1162920078868215,1
9,2240445521232,659.7305715010247,4.0,1.5325876890471766,1
9,2240459569232,669.9452024681021,4.0,-0.2722464942089641,1
9,2240459568912,661.1936024338117,0.0,10.483020749378083,0
9,2240459569296,694.7508707527818,0.0,13.793693007927715,0
9,2240459569680,733.0893092886505,0.0,14.714184713588223,0
9,2240459570000,769.4479200393055,0.0,14.106889682305685,0
9,2240459570320,678.8443742713857,4.0,-0.28921462208344034,1
9,2240459570640,802.9388305774814,0.0,12.737075153428048,0
9,2240459636944,688.4803141166485,4.0,-0.05792124264034952,1
9,2240459636816,698.4689353470892,4.0,0.0030991123685736614,1
9,2240459637136,703.4689353470892,4.0,0.002487874928453895,1
9,2240459637456,741.3279910061208,4.0,2.8930213901440203,1
9,2240459637776,832.9314632311734,0.0,11.667202656624042,0
9,2240459638096,757.0551450394872,4.0,4.687622130131736,1
9,2240459638416,776.3942337457988,4.0,6.270536847172298,1
9,2240459638736,797.7164029078091,4.0,7.099796895801556,1
9,2240459639056,861.4715714537928,0.0,13.079220754632006,0
9,2240459639376,819.6406238513229,4.0,6.8472360066143425,1
9,2240459639696,839.4339519564721,4.0,5.603983198444977,1
9,2240459640016,857.1786349822783,4.0,5.773756592070544,1
9,2240459640336,895.5047958777405,0.0,15.519365935074648,0
9,2240459640656,876.5795992596925,4.0,7.756263011268564,1
9,2240459640976,937.0165499211626,0.0,17.674562489112553,0
9,2240459641296,988.267249127661,0.0,20.092230148102832,0
9,2240459641616,901.5557136573243,4.0,11.118701023444022,1
9,2240459641936,1056.631317387816,0.0,23.58619179130223,0
9,2240459642256,935.0741368069998,4.0,14.585927175059846,1
9,2240459642576,976.5407841326479,4.0,17.066362894649323,1
9,2240459642896,1024.6433817982397,4.0,19.52902715912478,1
9,2240459643216,1077.9630185985022,4.0,21.494731192325236,1
9,2240440473872,326.5736172529559,0.046777084054776555,9.969082176358633,0
10,2240459690256,371.2902561452806,4.842329045354971e-08,12.223316991801179,0
10,2240459687184,342.28783091842257,4.0,4.530023602513279,1
10,2240459690000,402.3974174401256,0.0,13.414774773221074,0
10,2240459692240,358.65347732777497,4.0,3.7990052077364806,1
10,2240459692496,373.4240499224175,4.0,2.3987083573817993,1
10,2240459692688,436.0472256713111,0.0,14.270978447115153,0
10,2240459692880,472.33134155243596,0.0,14.384914430378982,0
10,2240459693072,385.4946102752043,4.0,0.5218411110303193,1
10,2240459693136,394.9956000094712,4.0,-0.33613970368129803,1
10,2240459693392,506.38385333388834,0.0,13.53086871654296,0
10,2240459693584,404.161885594015,4.0,-0.2700679876919053,1
10,2240459693776,537.3845477184303,0.0,11.89825728312206,0
10,2240459693968,413.8595926107622,4.0,-0.04920058149050839,1
10,2240459694160,423.8655359231661,4.0,0.0014588941951661162,1
10,2240459694352,428.8655359231661,4.0,0.0013902007737175354,1
10,2240459694544,482.5691933585989,4.0,6.089574884616431,1
10,2240459694736,501.7975419761428,4.0,5.698653565284939,1
10,2240459694928,565.9851079512482,2.344910427816947e-08,9.469370877638891,0
10,2240459695120,519.8906638773757,4.0,4.764637104029456,1
10,2240459695312,536.0891022350722,4.0,3.9759793921169067,1
10,2240459695568,589.3353617080174,0.0,7.404687067456884,0
10,2240459695824,551.5013672622355,4.0,4.004089536860304,1
10,2240459696080,567.7007500519906,4.0,4.796965531357514,1
10,2240459696336,608.80560072681,0.0,5.549388294128164,0
10,2240459696592,625.8930713438832,0.0,5.6313753410752865,0
10,2240440389776,585.9159650918942,4.0,6.095045743131442,1
10,2240450597200,606.7810235783411,4.0,7.412052453445328,1
10,2240447968208,645.3323437382066,0.0,8.235833639316127,0
10,2240440583760,629.5135963617818,4.0,6.639662171896088,1
10,2240445520976,648.3944588530131,4.0,3.0672460609682797,1
10,2240445521232,660.5913464778777,4.0,0.19813507136876152,1
10,2240459569232,669.5086282556698,4.0,-0.551352231566321,1
10,2240459568912,672.4499737022176,0.0,12.105085149692732,0
10,2240459569296,708.9596602008638,0.0,14.613791334940458,0
10,2240459569680,747.7708806182171,0.0,14.60799131663888,0
10,2240459570000,783.3069852029449,0.0,13.583339197223234,0
10,2240459570320,678.5848242889499,4.0,-0.21350815888203964,1
10,2240459570640,815.4911973373431,0.0,12.393140955088777,0
10,2240459636944,688.4422583850192,4.0,-0.017510162061290035,1
10,2240459636816,698.4707364119865,4.0,0.0011010041923154882,1
10,2240459637136,703.4707364119865,4.0,0.0008838533103738375,1
10,2240459637456,744.5906775239847,4.0,3.7166243851185974,1
10,2240459637776,844.8229644121598,0.0,12.179367591316657,0
10,2240459638096,762.167751148119,4.0,5.589250031656935,1
10,2240459638416,782.9548463781185,4.0,6.859189764966056,1
10,2240459638736,804.8809622772585,4.0,7.1786059615552835,1
10,2240459639056,874.9408910512873,0.0,13.906097688785053,0
10,2240459639376,826.2442881780595,4.0,6.333315888523443,1
10,2240459639696,844.9959299529885,4.0,5.583810856062398,1
10,2240459640016,863.2982822392763,4.0,6.5779958353779975,1
10,2240459640336,911.3489820266591,0.0,16.188717071619713,0
10,2240459640656,884.9819349047694,4.0,9.162346181756213,1
10,2240459640976,954.8713553886544,0.0,18.045283201001535,0
10,2240459641296,1008.4396322701477,0.0,20.258746192199396,0
10,2240459641616,913.3782056474068,4.0,12.601577940140789,1
10,2240459641936,1080.2175091791166,0.0,23.58619179130223,0
10,2240459642256,950.1599452364655,4.0,15.61193193133809,1
10,2240459642576,993.8858277698342,4.0,17.636830029405907,1
10,2240459642896,1044.3070499471116,4.0,19.805346134527873,1
10,2240459643216,1099.4577497908265,4.0,21.494731192325236,1
10,2240440473872,337.1928662385739,0.00936777466068326,11.309297147861903,0
11,2240459690256,383.75686083668324,8.296591122009956e-09,12.735004458313623,0
11,2240459687184,346.63851294805545,4.0,4.109445857902655,1
11,2240459690000,415.977588472856,0.0,13.750219083091572,0
11,2240459692240,362.09163017923305,4.0,2.9801572365907294,1
11,2240459692496,375.2861537885444,4.0,1.2538180350718469,1
11,2240459692688,450.34512668272674,0.0,14.305114307646662,0
11,2240459692880,486.5528791024853,0.0,14.006205787773101,0
11,2240459693072,385.64560071960585,4.0,-0.20398096914645228,1
11,2240459693136,394.5889197572866,4.0,-0.44783850645586026,1
11,2240459693392,519.5608630171406,0.0,12.745273668591826,0
11,2240459693584,403.9279713196087,4.0,-0.18404014459662313,1
11,2240459693776,548.8021590949421,0.0,10.845186392759702,0
11,2240459693968,413.83049446869904,4.0,-0.009274236815409771,1
11,2240459694160,423.866454379691,4.0,0.0005182931220276746,1
11,2240459694352,428.86645437969105,4.0,0.0004938887971744294,1
11,2240459694544,488.5984301272612,4.0,5.929482894118142,1
11,2240459694736,507.2887696954899,4.0,5.233977268686913,1
11,2240459694928,574.9489685375263,5.2407624875887025e-09,8.371227684463854,0
11,2240459695120,524.4109185775246,4.0,4.266343516591302,1
11,2240459695312,539.9957708727092,4.0,3.8695585178618606,1
11,2240459695568,596.2271403307213,0.0,6.363274396422892,0
11,2240459695824,555.6358011661731,4.0,4.320766845801373,1
11,2240459696080,572.7778548490718,4.0,5.417044880872666,1
11,2240459696336,614.2317148275805,0.0,5.392084780898703,0
11,2240459696592,631.959728122601,0.0,6.634818330688154,0
11,2240440389776,592.3346084699415,4.0,6.7565034277521745,1
11,2240450597200,614.1796266699289,4.0,7.244797549642623,1
11,2240447968208,654.3304637702918,0.0,9.876270271823588,0
11,2240440583760,635.373767611094,4.0,4.8755376887310815,1
11,2240445520976,650.5750569284108,4.0,1.2386332580963246,1
11,2240445521232,660.3950183146545,4.0,-0.5461574320390322,1
11,2240459569232,668.9549422318756,4.0,-0.5172374082083857,1
11,2240459568912,685.2197242254466,0.0,13.47588778437628,0
11,2240459569296,723.8087460652757,0.0,15.053280404603989,0
11,2240459569680,762.2623723597819,0.0,14.335944149950842,0
11,2240459570000,796.6740438985959,0.0,13.140705864883227,0
11,2240459570320,678.4215290924705,4.0,-0.105900464361156,1
11,2240459570640,827.83390566543,0.0,12.333121130737847,0
11,2240459636944,688.4374872557092,4.0,0.0065079690697007935,1
11,2240459636816,698.4713762661662,4.0,0.00039114755689035886,1
11,2240459637136,703.4713762661662,4.0,0.00031400158638371356,1
11,2240459637456,748.7423806386442,4.0,4.6605629381662546,1
11,2240459637776,857.2953726252857,0.0,12.822813381239719,0
11,2240459638096,768.1453997590661,4.0,6.397303093940099,1
11,2240459638416,790.0044685505528,4.0,7.220246057326616,1
11,2240459638736,811.9791351055608,4.0,6.965234289872426,1
11,2240459639056,889.2064527340813,0.0,14.660271770014564,0
11,2240459639376,832.3872595694143,4.0,5.968527856934438,1
11,2240459639696,850.7215785134458,4.0,5.955612003723588,1
11,2240459640016,870.3708109412544,4.0,7.680710134758577,1
11,2240459640336,927.7958468371143,0.0,16.719463906014326,0
11,2240459640656,894.8286283274149,4.0,10.62927802803608,1
11,2240459640976,973.0596363400762,0.0,18.34010926469775,0
11,2240459641296,1028.765718128875,0.0,20.398871190989226,0
11,2240459641616,926.60631094271,4.0,13.907340619121108,1
11,2240459641936,1103.8037009704174,0.0,23.58619179130223,0
11,2240459642256,966.1569548630761,4.0,16.397357351952532,1
11,2240459642576,1011.7366327676799,4.0,18.074903713403728,1
11,2240459642896,1064.2178325277516,4.0,20.02223207933792,1
11,2240459643216,1120.9524809831507,4.0,21.494731192325236,1
11,2240440473872,349.01208480664224,0.001691250794602729,12.34951368879114,0
12,2240459690256,396.7057520653029,1.3702405302304108e-09,13.179181938665893,0
12,2240459687184,350.4655556795677,4.0,3.4606878179494585,1
12,2240459690000,429.8415342908327,0.0,13.972866045142828,0
12,2240459692240,364.60448664633816,4.0,1.9533971014547,1
12,2240459692496,376.0531507229541,4.0,0.2558584442136084,1
12,2240459692688,464.6133461971897,0.0,14.199925575064052,0
12,2240459692880,500.3175242308118,0.0,13.45631128961729,0
12,2240459693072,385.2477182598923,4.0,-0.5583041987175502,1
12,2240459693136,394.1597903483363,4.0,-0.38524657826154207,1
12,2240459693392,531.8785439407916,0.0,11.800095552512285,0
12,2240459693584,403.7929602503486,4.0,-0.0806450471704375,1
12,2240459693776,559.1098625483547,0.0,9.677491322620762,0
12,2240459693968,413.83235904062667,4.0,0.011137656534178106,1
12,2240459694160,423.8667806745665,4.0,0.00018413107765543395,1
12,2240459694352,428.8667806745665,4.0,0.00017546109064672856,1
12,2240459694544,494.3874596919946,4.0,5.6005439838250854,1
12,2240459694736,512.2792264717976,4.0,4.712662290107019,1
12,2240459694928,582.8027239471811,1.285026913337569e-09,7.280798769726012,0
12,2240459695120,528.5112435941722,4.0,3.9482897544254913,1
12,2240459695312,543.906342491645,4.0,3.9982857001861016,1
12,2240459695568,602.2548632410814,0.0,5.728355368999661,0
12,2240459695824,560.1777704975065,4.0,4.822648277530539,1
12,2240459696080,578.5093378179018,4.0,6.087407510418696,1
12,2240459696336,619.769798106916,0.0,5.795891470381543,0
12,2240459696592,639.1896539905832,0.0,7.951173523164586,0
12,2240440389776,599.2889105592237,4.0,7.097481562336612,1
12,2240450597200,621.0290498951975,4.0,6.248931127158126,1
12,2240447968208,664.9665675276232,0.0,11.487493210913108,0
12,2240440583760,639.2976714523664,4.0,2.831641397244848,1
12,2240445520976,651.149185603005,4.0,-0.08042857543601963,1
12,2240445521232,659.7004517243209,4.0,-0.7885459051373952,1
12,2240459569232,668.514337983998,4.0,-0.3400790275681642,1
12,2240459568912,699.2091283504088,0.0,14.511999899354189,0
12,2240459569296,738.9367131884275,0.0,15.160720358454128,0
12,2240459569680,776.4355755583787,0.0,13.979654165181039,0
12,2240459570000,809.6615084402805,0.0,12.841903980943059,0
12,2240459570320,678.3596641040721,4.0,-0.01767343219726452,1
12,2240459570640,840.2351821216828,0.0,12.517447134023174,0
12,2240459636944,688.4486609092332,4.0,0.014085955519970147,1
12,2240459636816,698.4716035835561,4.0,0.00013896078900438557,1
12,2240459637136,703.4716035835561,4.0,0.0001115535746647663,1
12,2240459637456,753.852946272176,4.0,5.618233763184667,1
12,2240459637776,870.4404476581399,0.0,13.516075211538885,0
12,2240459638096,774.8549185120727,4.0,7.0276631848773,1
12,2240459638416,797.2870335613476,4.0,7.304450997550359,1
12,2240459638736,818.7838371206635,4.0,6.614387550638802,1
12,2240459639056,904.1811045398963,0.0,15.315304353598394,0
12,2240459639376,838.2971113710785,4.0,5.904097851259957,1
12,2240459639696,856.9885899618263,4.0,6.679246445557894,1
12,2240459640016,878.6420988648207,4.0,8.969564418937894,1
12,2240459640336,944.7186387967366,0.0,17.137504796426985,0
12,2240459640656,906.1281386043778,4.0,12.048702761542465,1
12,2240459640976,991.5149804705674,0.0,18.578431267226808,0
12,2240459641296,1049.221722297957,0.0,20.517969976003233,0
12,2240459641616,941.0386647591181,4.0,14.991229773045449,1
12,2240459641936,1127.389892761718,0.0,23.58619179130223,0
12,2240459642256,982.841925558695,4.0,16.9822918173013,1
12,2240459642576,1029.9765694094376,4.0,18.413446130268547,1
12,2240459642896,1084.3238617795162,4.0,20.19509959956355,1
12,2240459643216,1142.447212175475,4.0,21.494731192325236,1
12,2240440473872,361.73869682451635,0.00028400806598761043,13.111814752283117,0
13,2240459690256,410.0491374564588,2.197775279819468e-10,13.46433247791099,0
13,2240459687184,353.06858429935306,2.9980417302714617,2.620464716246012,1
13,2240459690000,443.4623038311157,2.2161577448522456,14.028510731135047,1
13,2240459692240,366.0527587913341,4.0,0.8812517993396123,1
13,2240459692496,375.9615668297509,4.0,-0.42401226124557323,1
13,2240459692688,478.7048087672492,0.0,13.937599731848138,0
13,2240459692880,513.4448465588649,0.0,12.716252681425567,0
13,2240459693072,384.64190810833196,4.0,-0.616837707404252,1
13,2240459693136,393.838803791939,4.0,-0.2403700266807438,1
13,2240459693392,543.1775314501392,0.0,10.70187788559785,0
13,2240459693584,403.75196078655534,4.0,-0.0022056772333310702,1
13,2240459693776,568.2225249643229,0.0,8.470588540463881,0
13,2240459693968,413.8464916928441,4.0,0.015344227292835796,1
13,2240459694160,423.86689659550876,4.0,6.54152106551418e-05,1
13,2240459694352,428.86689659550876,4.0,6.233507321298165e-05,1
13,2240459694544,499.78292209225856,4.0,5.145248743694641,1
13,2240459694736,516.7676478565351,4.0,4.253078666751005,1
13,2240459694928,589.6432923725108,3.469172701832681e-10,6.388521469524833,0
13,2240459695120,532.3978007084692,4.0,3.8584935222131396,1
13,2240459695312,548.0485890192077,4.0,4.3416387802570195,1
13,2240459695568,607.8769058815803,0.0,5.590656800895347,0
13,2240459695824,565.2831298289949,4.0,5.441079235631462,1
13,2240459696080,584.8743339803415,4.0,6.643263153961503,1
13,2240459696336,625.9310820122773,0.0,6.646287407803486,0
13,2240459696592,647.821607947638,0.0,9.425506737356864,0
13,2240440389776,606.3240119472132,4.0,6.8342970963870355,1
13,2240450597200,626.5254948887085,4.0,4.5390799660700205,1
13,2240447968208,677.1510201829525,0.0,12.943218516484162,0
13,2240440583760,641.2346638997327,4.0,0.9853493976654738,1
13,2240445520976,650.683992987823,4.0,-0.8011388340044834,1
13,2240445521232,658.9350181709041,4.0,-0.6953716722265414,1
13,2240459569232,668.2689064050662,4.0,-0.14129251820075978,1
13,2240459568912,714.0633807469446,0.0,15.180168072762156,0
13,2240459569296,754.0471445416146,0.0,15.016304219210133,0
13,2240459569680,790.2446024668678,0.0,13.62013709910096,0
13,2240459570000,822.431284436704,0.0,12.7198304140926,0
13,2240459570320,678.3682403577116,4.0,0.03130905866688536,1
13,2240459570640,852.9110979108289,0.0,12.883105887921133,0
13,2240459636944,688.462189873469,4.0,0.01179281955394229,1
13,2240459636816,698.4716843413246,4.0,4.936781667316948e-05,1
13,2240459637136,703.4716843413246,4.0,3.9631010033435414e-05,1
13,2240459637456,759.8888498219782,4.0,6.489109675513167,1
13,2240459637776,884.2775981973648,0.0,14.197804419009188,0
13,2240459638096,782.0837138295177,4.0,7.410256208723822,1
13,2240459638416,804.5336026865533,4.0,7.145481769303503,1
13,2240459638736,825.2496479062128,4.0,6.322953158039844,1
13,2240459639056,919.7618877402421,0.0,15.866053681830634,0
13,2240459639376,844.3075734684493,4.0,6.1953434341345694,1
13,2240459639696,864.1141421210635,4.0,7.67608510861368,1
13,2240459640016,888.2478000974498,4.0,10.337898392668704,1
13,2240459640336,962.0168722974435,0.0,17.468558158990923,0
13,2240459640656,918.7916287279354,4.0,13.337016007403992,1
13,2240459640976,1010.1880237506596,0.0,18.77475420878081,0
13,2240459641296,1069.7886732252607,0.0,20.620259219770315,0
13,2240459641616,956.4476876089187,4.0,15.847375827075767,1
13,2240459641936,1150.9760845530188,0.0,23.58619179130223,0
13,2240459642256,1000.0367221142325,4.0,17.41466114092049,1
13,2240459642576,1048.5191239935616,4.0,18.67914829121724,1
13,2240459642896,1104.5867227697431,4.0,20.33531779273204,1
13,2240459643216,1163.9419433677992,4.0,21.494731192325236,1
13,2240440473872,375.1148987256294,4.541169589065672e-05,13.639579714493674,0
14,2240459690256,423.94045589989594,3.376039216461533e-11,14.749579051367753,0
14,2240459687184,354.56809080857994,1.040687055545423,3.678552211584232,0
14,2240459690000,457.4239756229975,3.7242484336245982,13.944741742952925,1
14,2240459692240,366.48634419164443,4.0,-0.033879468816240384,1
14,2240459692496,375.36075787019126,4.0,-0.7410084896558327,1
14,2240459692688,492.4515753685112,0.0,13.494118557250433,0
14,2240459692880,525.7398185883078,0.0,11.779335462030184,0
14,2240459693072,384.0740927139188,4.0,-0.48850927792427284,1
14,2240459693136,393.6712332429194,4.0,-0.08832288266881423,1
14,2240459693392,553.3241210356796,0.0,9.501268495096216,0
14,2240459693584,403.7713477957309,4.0,0.037175917403166656,1
14,2240459693776,576.159245484977,0.0,7.356541393538285,0
14,2240459693968,413.86025662829593,4.0,0.01113988756412929,1
14,2240459694160,423.86693777808904,4.0,2.3239693372479948e-05,1
14,2240459694352,428.866937778089,4.0,2.214543029537602e-05,1
14,2240459694544,504.69632907502614,4.0,4.650797181807881,1
14,2240459694736,520.8649643749277,4.0,3.954619567516003,1
14,2240459694928,595.7462087284244,1.021515302506436e-10,5.848848701854523,0
14,2240459695120,536.3055756979735,4.0,4.004749298911113,1
14,2240459695312,552.6175442893057,4.0,4.852904006102986,1
14,2240459695568,613.5916816007791,0.0,5.937066760100787,0
14,2240459695824,571.0216487793542,4.0,6.067223124634529,1
14,2240459696080,591.6552007695657,4.0,6.853389657431603,1
14,2240459696336,633.0990053203216,0.0,7.807231073424282,0
14,2240459696592,657.9491686402225,0.0,10.923052322517751,0
14,2240440389776,612.7381596504147,4.0,5.794725184737831,1
14,2240450597200,630.129402117376,4.0,2.52663623791339,1
14,2240447968208,690.6779555177511,0.0,14.14104529532566,0
14,2240440583760,641.5506001434865,4.0,-0.3402172518988815,1
14,2240445520976,649.7525163985079,4.0,-1.0011312654403555,1
14,2240445521232,658.3521083531558,4.0,-0.4392372542434736,1
14,2240459569232,668.203327526272,4.0,0.008752807940186106,1
14,2240459568912,729.4198253609059,0.0,15.500348546768642,0
14,2240459569296,768.9312417525665,0.0,14.713194010899556,0
14,2240459569680,803.7197486110549,0.0,13.326075970248482,0
14,2240459570000,835.1630710104822,0.0,12.775590187894336,0
14,2240459570320,678.4080052221074,4.0,0.04407512718018939,1
14,2240459570640,866.010868271958,0.0,13.361604697481733,0
14,2240459636944,688.4714618300775,4.0,0.0062743759329957636,1
14,2240459636816,698.471713031682,4.0,1.7538626115592607e-05,1
14,2240459637136,703.471713031682,4.0,1.4079485673051506e-05,1
14,2240459637456,766.7184907321363,4.0,7.1790712147476325,1
14,2240459637776,898.7748654658845,0.0,14.827895456837867,0
14,2240459638096,789.5664243271625,4.0,7.517886725083308,1
14,2240459638416,811.5509186920624,4.0,6.862804498852411,1
14,2240459638736,831.5158214928697,4.0,6.250040180727068,1
14,2240459639056,935.8474561062825,0.0,16.320460411596795,0
14,2240459639376,850.7695106614152,4.0,6.821275711696924,1
14,2240459639696,872.3283477201288,4.0,8.852580765853675,1
14,2240459640016,899.2216009473632,4.0,11.689967344601069,1
14,2240459640336,979.6141585820538,0.0,17.73450104840103,0
14,2240459640656,932.6606063744402,4.0,14.441455609577218,1
14,2240459640976,1029.041972133346,0.0,18.939617304067056,0
14,2240459641296,1090.4513595018855,0.0,20.709014954321038,0
14,2240459641616,972.6147666692905,4.0,16.499316913473262,1
14,2240459641936,1174.5622763443196,0.0,23.58619179130223,0
14,2240459642256,1017.6096749831796,4.0,17.737765269382688,1
14,2240459642576,1067.3013539693156,4.0,18.892110862204447,1
14,2240459642896,1124.9778312289486,4.0,20.451117534603885,1
14,2240459643216,1185.4366745601235,4.0,21.494731192325236,1
14,2240440473872,388.93477451379516,7.030661143268828e-06,14.051126358696177,0
15,2240459690256,439.35294406848465,4.619636584938557e-12,15.582505012229952,0
15,2240459687184,359.46381001496337,0.4690976842589046,6.374050533148596,0
15,2240459690000,470.622222498929,2.1962260175253143,12.972711100533791,1
15,2240459692240,366.13927257628046,4.0,-0.6430324587017231,1
15,2240459692496,374.59283387668927,4.0,-0.7533496093851767,1
15,2240459692688,505.66048686280294,0.0,12.84448041284473,0
15,2240459692880,537.013520710733,0.0,10.669764674617351,0
15,2240459693072,383.68024288703236,4.0,-0.2798677773035049,1
15,2240459693136,393.63954017216,4.0,0.023379609275133523,1
15,2240459693392,562.2594470936021,0.0,8.299707851350076,0
15,2240459693584,403.81362828176594,4.0,0.04342009900057535,1
15,2240459693776,583.0825497123634,0.0,6.482840129873041,0
15,2240459693968,413.868530456571,4.0,0.005077893386953781,1
15,2240459694160,423.86695240879226,4.0,8.256234943492253e-06,1
15,2240459694352,428.86695240879226,4.0,7.867482264626992e-06,1
15,2240459694544,509.13749287180144,4.0,4.222308738428255,1
15,2240459694736,524.7631737542282,4.0,3.8751946219670788,1
15,2240459694928,601.5070503953882,3.1920500497209124e-11,5.7386463315116165,0
15,2240459695120,540.461092132914,4.0,4.361277226890911,1
15,2240459695312,557.7483080122113,4.0,5.455810929245705,1
15,2240459695568,619.8498505522306,0.0,6.687879728407237,0
15,2240459695824,577.3293322505124,4.0,6.536397562581438,1
15,2240459696080,598.3861969632488,4.0,6.4659429381838445,1
15,2240459696336,641.5216965388588,0.0,9.146646154286938,0
15,2240459696592,669.5395641210289,0.0,12.327275175188008,0
15,2240440389776,617.7793032180975,4.0,4.09036836661494,1
15,2240450597200,631.7701881486852,4.0,0.6984346290247403,1
15,2240447968208,705.2560857305189,0.0,15.017635068193036,0
15,2240440583760,640.8326450541675,4.0,-1.0408287305997184,1
15,2240445520976,648.801984863148,4.0,-0.8458933906569639,1
15,2240445521232,658.0459967156936,4.0,-0.15956846334568325,1
15,2240459569232,668.2539596367081,4.0,0.08541911412238963,1
15,2240459568912,744.9556857536007,0.0,15.531794532267883,0
15,2240459569296,783.4737964539374,0.0,14.343326496037058,0
15,2240459569680,816.9505057167049,0.0,13.144596399930107,0
15,2240459570000,848.0251850238176,0.0,12.98523225560353,0
15,2240459570320,678.4488818972953,4.0,0.03470750111836942,1
15,2240459570640,879.6176599024561,0.0,13.891331629636051,0
15,2240459636944,688.4753799167204,4.0,0.0015623493859817938,1
15,2240459636816,698.4717232243438,4.0,6.230848896133662e-06,1
15,2240459637136,703.4717232243437,4.0,5.0019395582000235e-06,1
15,2240459637456,774.1239406158793,4.0,7.614533425767259,1
15,2240459637776,913.8693451471203,0.0,15.385253497002374,0
15,2240459638096,797.0415076939933,4.0,7.392762483149832,1
15,2240459638416,818.289298311341,4.0,6.616641068410818,1
15,2240459638736,837.8454045139671,4.0,6.476234553395866,1
15,2240459639056,952.3477691775323,0.0,16.69262704648824,0
15,2240459639376,857.9896548649696,4.0,7.716756607748042,1
15,2240459639696,881.7661595506121,4.0,10.113387117786061,1
15,2240459640016,911.5086338812646,4.0,12.946593393358361,1
15,2240459640336,997.4537403134094,0.0,17.952382070528575,0
15,2240459640656,947.539424795931,4.0,15.342516505406536,1
15,2240459640976,1048.0491029451064,0.0,19.080579445888496,0
15,2240459641296,1111.1974851463112,0.0,20.786773937239754,0
15,2240459641616,989.3529729971841,4.0,16.985434911260096,1
15,2240459641936,1198.1484681356203,0.0,23.58619179130223,0
15,2240459642256,1035.4681004704962,4.0,17.985318814855525,1
15,2240459642576,1086.2776905292667,4.0,19.066818217270402,1
15,2240459642896,1145.475690919085,4.0,20.54841265968352,1
15,2240459643216,1206.9314057524477,4.0,21.494731192325236,1
15,2240440473872,403.25717555889713,1.0484917245358776e-06,14.655551454784584,0
16,2240459690256,453.9801895521615,6.820755963040748e-13,13.838417939389824,0
16,2240459687184,367.0840443842642,0.13248429433274808,9.040354041141056,0
16,2240459690000,483.4723285978887,0.36369384345421507,13.129009934613558,0
16,2240459692240,365.3473958426048,4.0,-0.9016905604302387,1
16,2240459692496,373.9140729828148,4.0,-0.5690057331373248,1
16,2240459692688,518.1176422542096,0.0,11.975883696600965,0
16,2240459692880,547.1220201231378,0.0,9.457854535015947,0
16,2240459693072,383.4985928381175,4.0,-0.07622567119288352,1
16,2240459693136,393.69299126512124,4.0,0.07765299126960447,1
16,2240459693392,570.0434477076478,0.0,7.230312353301961,0
16,2240459693584,403.8522189299481,4.0,0.031151177014106385,1
16,2240459693776,589.2906999452694,0.0,5.964266494174395,0
16,2240459693968,413.87132446103993,4.0,0.0006048924330053552,1
16,2240459694160,423.8669576065598,4.0,2.933146076826592e-06,1
16,2240459694352,428.8669576065598,4.0,2.7950361026466235e-06,1
16,2240459694544,513.2170610338486,4.0,3.95051072362471,1
16,2240459694736,528.6906799201778,4.0,4.027197966211876,1
16,2240459694928,607.3596159442084,1.0106032553975679e-11,6.054513838814711,0
16,2240459695120,545.0515818167736,4.0,4.87374180132492,1
16,2240459695312,563.4821777237855,4.0,6.034112218767099,1
16,2240459695568,627.0066481284956,0.0,7.735380180875602,0
16,2240459695824,583.949261918229,4.0,6.626146904942238,1
16,2240459696080,604.3886089203714,4.0,5.3434289648859945,1
16,2240459696336,651.3200915332473,0.0,10.543213998316332,0
16,2240459696592,682.4527522240983,0.0,13.527210504591233,0
16,2240440389776,620.951493334519,4.0,2.1190387153962975,1
16,2240450597200,631.8086603121278,4.0,-0.6047832746523807,1
16,2240447968208,720.3118175538164,1.3865622258646144,15.541845029692665,0
16,2240440583760,639.6810735968627,4.0,-1.194790060698719,1
16,2240445520976,648.1031262393763,4.0,-0.514186678480048,1
16,2240445521232,657.9935152379029,4.0,0.052895156370485225,1
16,2240459569232,668.349558244015,4.0,0.09787385426586973,1
16,2240459568912,760.4182474243486,0.0,15.35366492003168,0
16,2240459569296,797.6468082980709,0.0,13.98687796312311,0
16,2240459569680,830.0616853529713,0.0,13.097389440787424,0
16,2240459570000,861.1543289097013,0.0,13.310344928785103,0
16,2240459570320,678.475901772827,4.0,0.01800909494875065,1
16,2240459570640,893.7589462857535,0.0,14.424063937438378,0
16,2240459636944,688.4755694139953,4.0,-0.00098589357601154,1
16,2240459636816,698.4717268454333,4.0,2.2135985858056636e-06,1
16,2240459637136,703.4717268454333,4.0,1.7770108883859309e-06,1
16,2240459637456,781.8330067605136,4.0,7.768248151553637,1
16,2240459637776,929.4843323805303,0.0,15.863557478653773,0
16,2240459638096,804.323101798922,4.0,7.145237230207703,1
16,2240459638416,824.854394882664,4.0,6.5469870974741085,1
16,2240459638736,844.5452500507623,4.0,7.006601661412521,1
16,2240459639056,969.1878457654685,0.0,16.998061348472763,0
16,2240459639376,866.1991140404383,4.0,8.797590695271957,1
16,2240459639696,892.469432924725,4.0,11.369254953342496,1
16,2240459640016,924.9851611824105,4.0,14.051795016922625,1
16,2240459640336,1015.4937746274019,0.0,18.134810599458422,0
16,2240459640656,963.2268767982779,4.0,16.04908455785388,1
16,2240459640976,1067.1881896046227,0.0,19.203052504631362,0
16,2240459641296,1132.017012989353,0.0,20.85550458035872,0
16,2240459641616,1006.5156131278391,4.0,17.3462611362057,1
16,2240459641936,1221.734659926921,0.0,23.58619179130223,0
16,2240459642256,1053.5484037652432,4.0,18.181361794786465,1
16,2240459642576,1105.4149369831698,4.0,19.21346139619813,1
16,2240459642896,1166.0638962204425,4.0,20.631453637170303,1
16,2240459643216,1228.426136944772,4.0,21.494731192325236,1
16,2240440473872,418.06005863544436,1.5120650649021388e-07,14.85541627783767,0
17,2240459690256,466.9458202319963,3.1397135601090467,13.357297937965862,1
17,2240459687184,377.2933331980107,0.027902041785431788,11.491798328421599,0
17,2240459690000,496.5733747872202,0.059427899795493365,12.995529495637197,0
17,2240459692240,364.4438661098206,4.0,-0.8605491831019132,1
17,2240459692496,373.4671281140108,4.0,-0.3021569970868453,1
17,2240459692688,529.6094648195026,0.0,10.907338690891175,0
17,2240459692880,556.0134592668618,0.0,8.25817912590574,0
17,2240459693072,383.4960278399779,4.0,0.06825530266972467,1
17,2240459693136,393.77613519374404,4.0,0.08222222478703528,1
17,2240459693392,576.8701240063766,0.0,6.4212901032658145,0
17,2240459693584,403.8754290255139,4.0,0.014274240671350155,1
17,2240459693776,595.1690487442569,0.0,5.8535735237383895,0
17,2240459693968,413.8707739432503,4.0,-0.0014729055520559956,1
17,2240459694160,423.86695945314136,4.0,1.0420422828185837e-06,1
17,2240459694352,428.86695945314136,4.0,9.929767303350148e-07,1
17,2240459694544,517.1205725719966,4.0,3.8896884972943773,1
17,2240459694736,532.8693536439155,4.0,4.383921693580901,1
17,2240459694928,613.7053570854632,3.0725225224204806e-12,6.736250026716005,0
17,2240459695120,550.1962705353367,4.0,5.457426647451892,1
17,2240459695312,569.720203535424,4.0,6.418203826493656,1
17,2240459695568,635.3058784050008,0.0,8.96645789932306,0
17,2240459695824,590.3913903327071,4.0,6.107880559131511,1
17,2240459696080,608.9634074320658,4.0,3.618055690567095,1
17,2240459696336,662.4976115428856,0.0,11.898053994423895,0
17,2240459696592,696.5190273022305,0.0,14.965369793685745,0
17,2240440389776,622.2112970081918,4.0,0.3496428309057742,1
17,2240450597200,630.842327580356,4.0,-1.2675729539780478,1
17,2240447968208,735.7842796930546,3.620430482596378,15.756593650327746,1
17,2240440583760,638.5658985739849,4.0,-0.9747472883090499,1
17,2240445520976,647.7583953527137,4.0,-0.15789066866335844,1
17,2240445521232,658.1055410898205,4.0,0.16045226711688562,1
17,2240459569232,668.437402224813,4.0,0.07217102594926698,1
17,2240459568912,775.6371069225787,0.0,15.049691079438787,0
17,2240459569296,811.4938694984243,0.0,13.704534987966138,0
17,2240459569680,843.1884945963484,0.0,13.18275902712536,0
17,2240459570000,874.646063853586,0.0,13.708293657818173,0
17,2240459570320,678.4868301753023,4.0,0.0037936302967276044,1
17,2240459570640,908.4211380868834,0.0,14.92695600961194,0
17,2240459636944,688.4741499100676,4.0,-0.0016512737599917089,1
17,2240459636816,698.4717281318772,4.0,7.864126992585825e-07,1
17,2240459637136,703.4717281318772,4.0,6.313086475156241e-07,1
17,2240459637456,789.5769225331616,4.0,7.680856570057791,1
17,2240459637776,945.5418007065177,0.0,16.26633185759197,0
17,2240459638096,811.3548686613134,4.0,6.918293924726803,1
17,2240459638416,831.4661375951785,4.0,6.73498373086562,1
17,2240459638736,851.9011586547202,4.0,7.795095559516053,1
17,2240459639056,986.307776859476,0.0,17.251025798852158,0
17,2240459639376,875.5417089166451,4.0,9.974736651744893,1
17,2240459639696,904.396492384239,4.0,12.544616300250016,1
17,2240459640016,939.4841398306958,4.0,14.977086437666872,1
17,2240459640336,1033.7032883410852,0.0,18.29083661475373,0
17,2240459640656,979.5400241796382,4.0,16.588092528452744,1
17,2240459640976,1086.442666839346,0.0,19.31093583546097,0
17,2240459641296,1152.9016626364626,0.0,20.916743007974667,0
17,2240459641616,1023.994454939221,4.0,17.617056934533426,1
17,2240459641936,1245.3208517182218,0.0,23.58619179130223,0
17,2240459642256,1071.8072168026933,4.0,18.342162789709803,1
17,2240459642576,1124.6885558764204,4.0,19.339140860260628,1
17,2240459642896,1186.729708835454,4.0,20.70331457521913,1
17,2240459643216,1249.9208681370962,4.0,21.494731192325236,1
17,2240440473872,432.76704473757235,2.2045564195295008e-08,14.626022421586384,0
18,2240459690256,480.1591287116131,3.8605499019196925,12.940649500361,1
18,2240459687184,389.81181939474874,0.004765349733300118,13.638927349207163,0
18,2240459690000,509.332955481158,0.009964287888662222,12.41600063204963,0
18,2240459692240,363.68281930767705,4.0,-0.6227116335516613,1
18,2240459692496,373.28764106604785,4.0,-0.04849375514126024,1
18,2240459692688,539.9632657093617,0.0,9.70676357695878,0
18,2240459692880,563.7628616779833,0.0,7.205936968321252,0
18,2240459693072,383.6014965842442,4.0,0.13416320365928666,1
18,2240459693136,393.84842595678845,4.0,0.057847847626105384,1
18,2240459693392,583.0458140100088,0.0,5.962133951997753,0
18,2240459693584,403.8831180689223,4.0,0.0012495057521514732,1
18,2240459693776,601.1251807854844,0.0,6.140071442181707,0
18,2240459693968,413.8690603058518,4.0,-0.0017550486075033475,1
18,2240459694160,423.8669601091659,4.0,3.7020049146565605e-07,1
18,2240459694352,428.8669601091659,4.0,3.5276924904589577e-07,1
18,2240459694544,521.0677714690893,4.0,4.051129792744822,1
18,2240459694736,537.47882927621,4.0,4.886068483460445,1
18,2240459694928,620.8702757209115,8.588863534536134e-13,7.695987538768344,0
18,2240459695120,555.9119160290335,4.0,5.987215520631081,1
18,2240459695312,576.1684890196268,4.0,6.3883290563370485,1
18,2240459695568,644.884437049991,0.0,10.288228972937727,0
18,2240459695824,595.9837654568393,4.0,4.882717283811651,1
18,2240459696080,611.6753726094986,4.0,1.6805542471597632,1
18,2240459696336,675.0386496941608,0.0,13.275747371517198,0
18,2240459696592,712.299905594939,0.0,16.62014956699614,0
18,2240440389776,621.930920063999,4.0,-0.8888691886210074,1
18,2240450597200,629.4881524289287,4.0,-1.367174406814215,1
18,2240447968208,751.257019801277,3.2155934648244417,15.307919741627291,1
18,2240440583760,637.7728321440799,4.0,-0.5677585324608267,1
18,2240445520976,647.7381060569949,4.0,0.11573158258703914,1
18,2240445521232,658.2780302443364,4.0,0.17190350128302573,1
18,2240459569232,668.4923230599472,4.0,0.03516391412082092,1
18,2240459568912,790.52376450831,0.0,14.698281913378791,0
18,2240459569296,825.1083933233739,0.0,13.533345339876659,0
18,2240459569680,856.4558080215165,0.0,13.381820453554806,0
18,2240459570000,888.5543927921387,0.0,14.139812731637626,0
18,2240459570320,678.4863728822351,4.0,-0.004143401571344393,1
18,2240459570640,923.5646450403013,0.0,15.381431375266487,0
18,2240459636944,688.4726207573168,4.0,-0.0012819192756080202,1
18,2240459636816,698.4717285889047,4.0,2.793844094050503e-07,1
18,2240459637136,703.4717285889047,4.0,2.2428146672191323e-07,1
18,2240459637456,797.1592580675895,4.0,7.457377546222446,1
18,2240459637776,961.9700809112098,0.0,16.60245930860116,0
18,2240459638096,818.2199413992913,4.0,6.839484862055228,1
18,2240459638416,838.3949973155161,4.0,7.197737865220312,1
18,2240459638736,860.1388131126578,4.0,8.769270757580852,1
18,2240459639056,1003.6608657044991,0.0,17.46343790828731,0
18,2240459639376,886.0731762657447,4.0,11.162462648864507,1
18,2240459639696,917.4395215114705,4.0,13.585349520914347,1
18,2240459640016,954.8226411363779,4.0,15.720197631450663,1
18,2240459640336,1052.059051566185,0.0,18.426861515921935,0
18,2240459640656,996.3269656023784,4.0,16.993500484026796,1
18,2240459640976,1105.7993446221435,0.0,19.407073387873684,0
18,2240459641296,1173.8445293846023,0.0,20.97169768136808,0
18,2240459641616,1041.7129230138912,4.0,17.82522046812906,1
18,2240459641936,1268.9070435095225,0.0,23.58619179130223,0
18,2240459642256,1090.2146680981866,4.0,18.47841806131527,1
18,2240459642576,1144.080040119826,4.0,19.448806821115046,1
18,2240459642896,1207.4630545140762,4.0,20.76624272356643,1
18,2240459643216,1271.4155993294205,4.0,21.494731192325236,1
18,2240440473872,448.12461169750577,3.0368911659421893e-09,16.07838880841148,0
19,2240459690256,492.5941070007777,3.9760625017701776,11.749757746282807,1
19,2240459687184,404.32327887195424,0.000695041381144181,15.438195626758322,0
19,2240459690000,521.3313069298839,0.0017658169118646495,11.463748800195662,0
19,2240459692240,363.2069368890506,4.0,-0.3033828314548474,1
19,2240459692496,373.32972256459607,4.0,0.12849051803557165,1
19,2240459692688,549.0983463760111,0.0,8.491654044469215,0
19,2240459692880,570.5767459218323,0.0,6.422270564872072,0
19,2240459693072,383.7393491646716,4.0,0.13218628076678302,1
19,2240459693136,393.8912864110704,4.0,0.02596855796857849,1
19,2240459693392,588.9412752392336,0.0,5.887683234649657,0
19,2240459693584,403.8808001918948,4.0,-0.005252006320222128,1
19,2240459693776,607.5330163697855,0.0,6.768024215043718,0
19,2240459693968,413.86753515536094,4.0,-0.0011873980749048329,1
19,2240459694160,423.866960342228,4.0,1.3151904307636717e-07,1
19,2240459694352,428.866960342228,4.0,1.2532634378090513e-07,1
19,2240459694544,525.2708656416391,4.0,4.4068382391832195,1
19,2240459694736,542.6244200434165,4.0,5.441231870796758,1
19,2240459694928,629.0894063358497,2.1514803456279628e-13,8.842185559623122,0
19,2240459695120,562.0663419371984,4.0,6.28557633245325,1
19,2240459695312,582.3100299876726,4.0,5.736146353962464,1
19,2240459695568,655.799856797568,0.0,11.625394323066896,0
19,2240459695824,600.0733524503324,4.0,3.1177828888796677,1
19,2240459696080,612.5261646682989,4.0,-0.02159175963752738,1
19,2240459696336,688.8949783942815,0.0,14.435295054392371,0
19,2240459696592,728.646521229734,0.0,15.980280686702248,0
19,2240440389776,620.7115851167061,4.0,-1.4847744446391802,1
19,2240450597200,628.2309086373924,4.0,-1.0804093929280765,1
19,2240447968208,766.0776734002505,0.49967687132492355,15.18860146152412,0
19,2240440583760,637.4101494163382,4.0,-0.1363383610194187,1
19,2240445520976,647.9304853666079,4.0,0.25475668210923225,1
19,2240445521232,658.4306970726026,4.0,0.12401873376804345,1
19,2240459569232,668.5123316843859,4.0,0.004828854637095568,1
19,2240459568912,805.0629656073845,0.0,14.365748780461688,0
19,2240459569296,838.6097225475847,0.0,13.486959095121122,0
19,2240459569680,869.9645356815076,0.0,13.666153511159475,0
19,2240459570000,902.8974361465669,0.0,14.573395908558908,0
19,2240459570320,678.4808351011994,4.0,-0.006284481647040371,1
19,2240459570640,939.136883850549,0.0,15.780267740507993,0
19,2240459636944,688.4716424000057,4.0,-0.0006300184485967072,1
19,2240459636816,698.4717287512706,4.0,9.925532521562584e-08,1
19,2240459637136,703.4717287512707,4.0,7.967921319133798e-08,1
19,2240459637456,804.5068052793159,4.0,7.234131093403356,1
19,2240459637776,978.7075359069338,0.0,16.88279744274173,0
19,2240459638096,825.1080927751345,4.0,6.987975997065354,1
19,2240459638416,845.9043229601078,4.0,7.9040827993937235,1
19,2240459638736,869.4059441548749,4.0,9.84720918167595,1
19,2240459639056,1021.2111477039393,0.0,17.64469643398338,0
19,2240459639376,897.7678642355843,4.0,12.285754811574149,1
19,2240459639696,931.4486445952598,4.0,14.463549406341391,1
19,2240459640016,970.8252549029116,4.0,16.29829170107386,1
19,2240459640336,1070.5432998730619,0.0,18.547399852437906,0
19,2240459640656,1013.4697914881467,4.0,17.298266427821986,1
19,2240459640976,1125.2475115742236,0.0,19.493573118207532,0
19,2240459641296,1194.8397952866871,0.0,21.02132835426943,0
19,2240459641616,1059.6182096122873,4.0,17.990567566333034,1
19,2240459641936,1292.4932353008232,0.0,23.58619179130223,0
19,2240459642256,1108.7497030806278,4.0,18.597075310971917,1
19,2240459642576,1163.5751002199222,4.0,19.54594022646924,1
19,2240459642896,1228.255818096266,4.0,20.82190398899549,1
19,2240459643216,1292.9103305217448,4.0,21.494731192325236,1
19,2240440473872,464.613486705202,3.8607661036383293e-10,16.823506874669658,0
20,2240459690256,503.617463986125,3.995456015433057,10.162091633347206,1
20,2240459687184,420.43658943356394,9.025550753876421e-05,16.800710793513627,0
20,2240459690000,532.2470275109608,0.00033861029307673653,10.257615872123896,0
20,2240459692240,363.0483017612293,4.0,-0.004431737350142077,1
20,2240459692496,373.5020545803069,4.0,0.20457789703140014,1
20,2240459692688,557.0665895582008,0.0,7.405784563482186,0
20,2240459692880,576.7647810709078,0.0,5.986172609552997,0
20,2240459693072,383.8540011255111,4.0,0.09035776888050435,1
20,2240459693136,393.9046338555697,4.0,0.0008741057746961326,1
20,2240459693392,594.9374485944486,0.0,6.182038466505827,0
20,2240459693584,403.87469031388514,4.0,-0.006338384257772667,1
20,2240459693776,614.6985575232279,0.0,7.6590144684124235,0
20,2240459693968,413.8666820881931,4.0,-0.0004905882919662614,1
20,2240459694160,423.8669604250266,4.0,4.672402952044164e-08,1
20,2240459694352,428.8669604250266,4.0,4.45239841283506e-08,1
20,2240459694544,529.8977402709348,4.0,4.894290354114625,1
20,2240459694736,548.3003560467971,4.0,5.914850845520498,1
20,2240459694928,638.5068846874232,4.782329536148145e-14,10.08346387487574,0
20,2240459695120,568.3271740957665,4.0,6.13248663706391,1
20,2240459695312,587.4764918260746,4.0,4.40382289094604,1
20,2240459695568,668.0148781333849,0.0,12.859407020238475,0
20,2240459695824,602.2939255297096,4.0,1.2104612823355612,1
20,2240459696080,611.9123074599769,4.0,-1.1778326065589406,1
20,2240459696336,703.6953486569361,0.0,15.114497177900565,0
20,2240459696592,744.0904110338091,2.173883043395941,15.56030356819064,1
20,2240440389776,619.1719351927859,4.0,-1.5161672740937555,1
20,2240450597200,627.3662976907208,4.0,-0.5996105882261715,1
20,2240447968208,781.3243494660635,0.07009427431501858,15.284582535964061,0
20,2240440583760,637.4415212727707,4.0,0.19779035646737528,1
20,2240445520976,648.198840564601,4.0,0.26396798431017193,1
20,2240445521232,658.524063458905,4.0,0.058358414809428355,1
20,2240459569232,668.5082057513233,4.0,-0.011836037740392734,1
20,2240459568912,819.2981620615844,0.0,14.101418770326925,0
20,2240459569296,852.1213777953975,0.0,13.559707537800671,0
20,2240459569680,883.7854399952763,0.0,14.004720238300795,0
20,2240459570000,917.6661364763586,0.0,14.986886759175757,0
20,2240459570320,678.4749859831637,4.0,-0.004965679261825993,1
20,2240459570640,955.0819825071252,0.0,16.124039015059854,0
20,2240459636944,688.4712724704398,4.0,-0.00011563071404152628,1
20,2240459636816,698.4717288089535,4.0,3.5261880233899575e-08,1
20,2240459637136,703.4717288089535,4.0,2.830718519717254e-08,1
20,2240459637456,811.680219973621,4.0,7.134928183693441,1
20,2240459637776,995.703439370577,0.0,17.118039870113787,0
20,2240459638096,832.261867181371,4.0,7.387076493438763,1
20,2240459638416,854.2116561135517,4.0,8.7948288666716,1
20,2240459638736,879.7682238832351,4.0,10.948303057477014,1
20,2240459639056,1038.9309767609748,0.0,17.801954147399044,0
20,2240459639376,910.5332373882387,4.0,13.288413318622677,1
20,2240459639696,946.2581151296042,4.0,15.1763106926745,1
20,2240459640016,987.3393015079486,4.0,16.738854205991313,1
20,2240459640336,1089.142131129931,0.0,18.65565509275536,0
20,2240459640656,1030.8813532449292,4.0,17.530215532388212,1
20,2240459640976,1144.7783083830832,0.0,19.57202667809737,0
20,2240459641296,1215.8825094267015,0.0,21.0664051045507,0
20,2240459641616,1077.674320939247,4.0,18.12677439788399,1
20,2240459641936,1316.079427092124,0.0,23.58619179130223,0
20,2240459642256,1127.396990939185,4.0,18.702651680718134,1
20,2240459642576,1183.1624303936214,4.0,19.63302524163026,1
20,2240459642896,1249.1013469383688,4.0,20.871553457216663,1
20,2240459643216,1314.405061714069,4.0,21.494731192325236,1
20,2240440473872,481.4875798318629,4.816662414499362e-11,16.79242162737828,0
21,2240459690256,513.0347027247846,3.9990278346150885,8.604639971115578,1
21,2240459687184,437.68344206803096,1.0858513318930642e-05,17.664026615546387,0
21,2240459690000,541.899948765894,7.141097917111861e-05,8.962622731344501,0
21,2240459692240,363.14990962053747,4.0,0.2022103112572896,1
21,2240459692496,373.7070155009184,4.0,0.19246713216268926,1
21,2240459692688,564.0613388491392,0.0,6.580954044763717,0
21,2240459692880,582.6911328489889,0.0,5.923972216985491,0
21,2240459693072,383.9199970717436,4.0,0.03866166849625653,1
21,2240459693136,393.89841547429216,4.0,-0.012142557425038676,1
21,2240459693392,601.3814504383095,0.0,6.794008884271301,0
21,2240459693584,403.8690674034105,4.0,-0.0045124939427936125,1
21,2240459693776,622.8445871428963,0.0,8.726001340862782,0
21,2240459693968,413.86643863212544,4.0,-1.2012397030469715e-05,1
21,2240459694160,423.8669604544421,4.0,1.6599382747633394e-08,1
21,2240459694352,428.86696045444205,4.0,1.5817785015153807e-08,1
21,2240459694544,535.0374422381811,4.0,5.414982448514127,1
21,2240459694736,554.3425992587635,4.0,6.121107619882455,1
21,2240459694928,649.1736221424728,9.771974648384373e-15,11.3263324489431,0
21,2240459695120,574.1473536488046,4.0,5.340427858281364,1
21,2240459695312,591.0617830467066,4.0,2.5983455867418983,1
21,2240459695568,681.3807811565853,0.0,13.936560085905514,0
21,2240459695824,602.708777172151,4.0,-0.4122705203188233,1
21,2240459696080,610.4435895364692,4.0,-1.6894514290970502,1
21,2240459696336,719.2697945558092,0.0,16.36821145488905,0
21,2240459696592,759.7500635558545,3.744815381692246,15.875236602997647,1
21,2240440389776,617.7981033391434,4.0,-1.1596230563568288,1
21,2240450597200,627.0063666942025,4.0,-0.09514341190804948,1
21,2240447968208,796.5697185737845,0.009829519552255243,15.173573887646072,0
21,2240440583760,637.7334527513202,4.0,0.3681429835665396,1
21,2240445520976,648.4323334413044,4.0,0.18889602552183207,1
21,2240445521232,658.5555454248283,4.0,0.0045063629152698615,1
21,2240459569232,668.4935830810158,4.0,-0.015957654485159647,1
21,2240459568912,833.3131216230659,0.0,13.935123669492631,0
21,2240459569296,865.7545360381988,0.0,13.73279405538916,0
21,2240459569680,897.9590516854549,0.0,14.368919157039542,0
21,2240459570000,932.833536647267,0.0,15.367040207874611,0
21,2240459570320,678.4711383842507,4.0,-0.0025392867632125647,1
21,2240459570640,971.3469881146962,0.0,16.41781625275428,0
21,2240459636944,688.4712976554883,4.0,0.0001416102111105502,1
21,2240459636816,698.4717288294463,4.0,1.2527289542688718e-08,1
21,2240459637136,703.4717288294462,4.0,1.0056534216305921e-08,1
21,2240459637456,818.8453798509777,4.0,7.240254853344126,1
21,2240459637776,1012.9172251957075,0.0,17.317615594538715,0
21,2240459638096,839.9247678269959,4.0,8.015008358795834,1
21,2240459638416,863.4686350725501,4.0,9.798717267652176,1
21,2240459638736,891.2146182435025,4.0,12.00174504063054,1
21,2240459639056,1056.7989727190397,0.0,17.94054200454868,0
21,2240459639376,924.231852747831,4.0,14.139091277622533,1
21,2240459639696,961.7085090549106,4.0,15.738983580777216,1
21,2240459640016,1004.2412462799094,4.0,17.071750966523584,1
21,2240459640336,1107.844398511964,0.0,18.75393092828858,0
21,2240459640656,1048.4994033557794,4.0,17.710889005040247,1
21,2240459640976,1164.3842863138389,0.0,19.64365958369473,0
21,2240459641296,1236.9684198476668,0.0,21.10755233179277,0
21,2240459641616,1095.8567013983763,4.0,18.242994455822146,1
21,2240459641936,1339.6656188834247,0.0,23.58619179130223,0
21,2240459642256,1146.1449385402034,4.0,18.798119824209763,1
21,2240459642576,1202.8328716383626,4.0,19.711869206301863,1
21,2240459642896,1269.9940987211107,4.0,20.91615329969773,1
21,2240459643216,1335.8997929063933,4.0,21.494731192325236,1
21,2240440473872,497.970583724725,6.227406515286784e-12,16.00059491614464,0
22,2240459690256,521.0328512983738,3.9997656344507377,7.378398785937656,1
22,2240459687184,455.5456222500054,1.2592380994339873e-06,17.990928490145997,0
22,2240459690000,550.2883711205243,1.6688334814131064e-05,7.765722901941317,0
22,2240459692240,363.4015671034838,4.0,0.28623522357667835,1
22,2240459692496,373.87205284354394,4.0,0.12813418956972733,1
22,2240459692688,570.388772348452,0.0,6.10399245842646,0
22,2240459692880,588.7236780179363,0.0,6.215779853907723,0
22,2240459693072,383.93823625485066,4.0,-0.0020012185702116226,1
22,2240459693136,393.88445842310324,4.0,-0.014487366462407145,1
22,2240459693392,608.5591871486303,0.0,7.653552265005542,0
22,2240459693584,403.86573440530196,4.0,-0.0020139593475157363,1
22,2240459693776,632.106234876127,0.0,9.882630823880262,0
22,2240459693968,413.8665414961673,4.0,0.00019008233579013157,1
22,2240459694160,423.86696046489226,4.0,5.897169196031805e-09,1
22,2240459694352,428.86696046489226,4.0,5.619495372749185e-09,1
22,2240459694544,540.6604513022402,4.0,5.825470798046612,1
22,2240459694736,560.3822621221846,4.0,5.8417260842314604,1
22,2240459694928,661.0592454933017,1.3014512567105155e-15,12.511737879817517,0
22,2240459695120,578.8619226978876,4.0,3.8976809382826554,1
22,2240459695312,592.7735448538375,4.0,0.7259848293457335,1
22,2240459695568,695.8118195364449,0.0,14.984889548189402,0
22,2240459695824,601.7506322801338,4.0,-1.4675112958002536,1
22,2240459696080,608.7366404623278,4.0,-1.6419510521336529,1
22,2240459696336,736.252074887041,0.0,17.58992341541438,0
22,2240459696592,775.532318318991,3.9654775991120053,15.58456526119217,1
22,2240440389776,616.8875373902822,4.0,-0.6074007586259373,1
22,2240450597200,627.108475662314,4.0,0.29850826897802174,1
22,2240447968208,811.6482588818524,0.0013959966133401378,14.960354913380097,0
22,2240440583760,638.116099959866,4.0,0.37318816729472687,1
22,2240445520976,648.5737538507611,4.0,0.08703953994436932,1
22,2240445521232,658.5440758503865,4.0,-0.02522702614785674,1
22,2240459569232,668.4788665185489,4.0,-0.012427035713247353,1
22,2240459568912,847.2124223379172,0.0,13.877730601504076,0
22,2240459569296,879.5979450205726,0.0,13.98071445559627,0
22,2240459569680,912.4996525446344,0.0,14.735538412378002,0
22,2240459570000,948.3629978363902,0.0,15.70789731889633,0
22,2240459570320,678.4696181635342,4.0,-0.000500159467425211,1
22,2240459570640,987.885106449087,0.0,16.668629136319378,0
22,2240459636944,688.4714760167667,4.0,0.00019255260243881457,1
22,2240459636816,698.4717288367265,4.0,4.450499583272025e-09,1
22,2240459637136,703.4717288367265,4.0,3.572728257482608e-09,1
22,2240459637456,826.2243596843542,4.0,7.578893810343995,1
22,2240459637776,1030.316995310673,0.0,17.489298440164564,0
22,2240459638096,848.3038936991898,4.0,8.821584777514406,1
22,2240459638416,873.7542919232376,4.0,10.843173882747655,1
22,2240459638736,903.6708197776771,4.0,12.954062850817198,1
22,2240459639056,1074.7984009813958,0.0,18.06439310050534,0
22,2240459639376,938.706933957,4.0,14.831638464894946,1
22,2240459639696,977.6608656303179,4.0,16.17634055300461,1
22,2240459640016,1021.4364686815691,4.0,17.324185947859206,1
22,2240459640336,1126.6409523226491,0.0,18.84391545769753,0
22,2240459640656,1066.2804531857175,4.0,17.85603395535887,1
22,2240459640976,1184.0590922201843,0.0,19.70943393781433,0
22,2240459641296,1258.0938439854847,0.0,21.145281586466236,0
22,2240459641616,1114.148380809781,4.0,18.345235994194926,1
22,2240459641936,1363.2518106747254,0.0,23.58619179130223,0
22,2240459642256,1164.9844340695877,4.0,18.88547939948017,1
22,2240459642576,1222.5788419363578,4.0,19.783816580536687,1
22,2240459642896,1290.9293890791105,4.0,20.95645434737562,1
22,2240459643216,1357.3945240987175,4.0,21.494731192325236,1
22,2240440473872,513.3447203263776,8.737909554560766e-13,14.558371947802634,0
23,2240459690256,527.9980315496056,3.999937332639245,6.559197916852521,1
23,2240459687184,473.4752611094403,1.4645941360027975e-07,17.758852102169346,0
23,2240459690000,557.5907516018696,4.31095492186376e-06,6.831031467689411,0
23,2240459692240,363.6835223536087,4.0,0.2608484016350762,1
23,2240459692496,373.96403576991935,4.0,0.05158231517451021,1
23,2240459692688,576.4150450088858,0.0,6.003955587191355,0
23,2240459692880,595.1945794297073,0.0,6.810758391053019,0
23,2240459693072,383.9246409741703,4.0,-0.023308228676296283,1
23,2240459693136,393.8714684837811,4.0,-0.010603139347676436,1
23,2240459693392,616.6827115715482,0.0,8.684274360675275,0
23,2240459693584,403.86467733397586,4.0,-0.0001305094860855794,1
23,2240459693776,642.5370471072783,0.0,11.054112294612953,0
23,2240459693968,413.86674714269253,4.0,0.00019939153919933396,1
23,2240459694160,423.8669604686049,4.0,2.095054078537021e-09,1
23,2240459694352,428.8669604686049,4.0,1.9964064636165144e-09,1
23,2240459694544,546.5698431386725,4.0,5.931644733094518,1
23,2240459694736,565.8474098262875,4.0,4.914030903190697,1
23,2240459694928,674.091213137296,-4.3782079587403637e-16,13.607807864867656,0
23,2240459695120,581.9168685759298,4.0,2.05565774128523,1
23,2240459695312,592.7424255689897,4.0,-0.8071855030839019,1
23,2240459695568,711.2470664954993,0.0,15.922892924904671,0
23,2240459695824,600.0397825527431,4.0,-1.8788240944377164,1
23,2240459696080,607.2714714294198,4.0,-1.2124103624765163,1
23,2240459696336,754.2178654030402,0.0,18.314110687470805,0
23,2240459696592,790.8059600767862,3.9951473100307275,14.861734260109612,1
23,2240440389776,616.5526986431156,4.0,-0.03350823861732672,1
23,2240450597200,627.5184642879369,4.0,0.4997843073036524,1
23,2240447968208,826.5002941657596,0.00020148733153902971,14.731631475357137,0
23,2240440583760,638.4454252694312,4.0,0.2657588453074262,1
23,2240445520976,648.6186714469984,4.0,0.0024162069523931953,1
23,2240445521232,658.5139646044216,4.0,-0.03229632255273805,1
23,2240459569232,668.4692392737395,4.0,-0.006348754729893228,1
23,2240459568912,861.1038341420619,0.0,13.924432838967345,0
23,2240459569296,893.713839872371,0.0,14.276622895846314,0
23,2240459569680,927.4013222381136,0.0,15.087878178882924,0
23,2240459570000,964.2145314461306,0.0,16.008717545467388,0
23,2240459570320,678.4697148661309,4.0,0.000607569943454025,1
23,2240459570640,1004.656815367196,0.0,16.883804456639457,0
23,2240459636944,688.4716480758863,4.0,0.0001385510325104214,1
23,2240459636816,698.4717288393126,4.0,1.5811039150335891e-09,1
23,2240459637136,703.4717288393126,4.0,1.2692630410502866e-09,1
23,2240459637456,834.046719757187,4.0,8.136378888646599,1
23,2240459637776,1047.877849410365,0.0,17.63922506900683,0
23,2240459638096,857.5486916175438,4.0,9.742865940345448,1
23,2240459638416,885.0775421223412,4.0,11.86214505182792,1
23,2240459638736,917.0191949860526,4.0,13.774014437292715,1
23,2240459639056,1092.9159495921444,0.0,18.176404065277776,0
23,2240459639376,953.8052558211132,4.0,15.379243448421748,1
23,2240459639696,994.0024196166758,4.0,16.515122564944107,1
23,2240459640016,1038.8553610579556,4.0,17.518474512011117,1
23,2240459640336,1145.5241205842003,0.0,18.92687378540079,0
23,2240459640656,1084.1944774918306,4.0,17.976719862438223,1
23,2240459640976,1203.797240277097,0.0,19.77011911265785,0
23,2240459641296,1279.2555678809213,0.0,21.18001616714974,0
23,2240459641616,1132.537341475386,4.0,18.437400059025897,1
23,2240459641936,1386.8380024660262,0.0,23.58619179130223,0
23,2240459642256,1183.9080559362046,4.0,18.966116805494025,1
23,2240459642576,1242.3939446273232,4.0,19.84989134588731,1
23,2240459642896,1311.9032084080868,4.0,20.993052782658463,1
23,2240459643216,1378.8892552910418,4.0,21.494731192325236,1
23,2240440473872,527.052547215481,1.3801526088550623e-13,12.684482602348691,0
24,2240459690256,534.2903418475081,3.999981882055044,6.016507458344641,1
24,2240459687184,490.9082542470963,1.7761488799336412e-08,16.96118791054212,0
24,2240459690000,564.1236427936344,1.21358042350868e-06,6.262358401983002,0
24,2240459692240,363.90509957730785,4.0,0.16968924663777604,1
24,2240459692496,373.9855113501074,4.0,-0.0083680601891899,1
24,2240459692688,582.5107272963418,0.0,6.259772989228733,0
24,2240459692880,602.3767779743263,0.0,7.64248670463486,0
24,2240459693072,383.89839002553714,4.0,-0.027010568444445222,1
24,2240459693136,393.863506516946,4.0,-0.004948268036077384,1
24,2240459693392,625.8878794245995,0.0,9.811087020361906,0
24,2240459693584,403.8650466819072,4.0,0.0007722848188909564,1
24,2240459693776,654.1220581871672,0.0,12.17679583412417,0
24,2240459693968,413.8669150694599,4.0,0.00012555255680316571,1
24,2240459694160,423.86696046992375,4.0,7.44298059982428e-10,1
24,2240459694352,428.86696046992375,4.0,7.092520775615357e-10,1
24,2240459694544,552.359578356137,4.0,5.5182146184824115,1
24,2240459694736,570.0844787403165,4.0,3.3726372782046847,1
24,2240459694928,688.14916848775,-3.9432225916992476e-16,14.521250551094425,0
24,2240459695120,583.1012236463298,4.0,0.22918596718774115,1
24,2240459695312,591.4417226592035,4.0,-1.7485757857697946,1
24,2240459695568,727.162726202314,2.757795427379769,16.76044330165514,1
24,2240459695824,598.1856751216079,4.0,-1.743371709782277,1
24,2240459696080,606.3408288236712,4.0,-0.5905487832700131,1
24,2240459696336,772.7108338850464,0.0,18.635878626541402,0
24,2240459696592,805.2449887534136,3.9992762117160074,13.942787326594885,1
24,2240440389776,616.7447181710697,4.0,0.4172518665082141,1
24,2240450597200,628.032924795501,4.0,0.49859474879347887,1
24,2240447968208,841.1400943507816,2.9511851165285778e-05,14.546228683825165,0
24,2240440583760,638.6435249072924,4.0,0.12031853877927548,1
24,2240445520976,648.5956388556465,4.0,-0.04505831491791529,1
24,2240445521232,658.4842555311561,4.0,-0.025083994506352122,1
24,2240459569232,668.4654738043636,4.0,-0.0011555704940640994,1
24,2240459568912,875.0848519570056,0.0,14.059636339649716,0
24,2240459569296,908.1384998696046,0.0,14.596102450306454,0
24,2240459569680,942.6444362623414,0.0,15.415529635023248,0
24,2240459570000,980.3490732562536,0.0,16.272006201882064,0
24,2240459570320,678.4705058553575,4.0,0.0008809597041519018,1
24,2240459570640,1021.6296821045459,0.0,17.070052084906937,0
24,2240459636944,688.4717505053949,4.0,6.230112095716773e-05,1
24,2240459636816,698.4717288402315,4.0,5.617098807358192e-10,1
24,2240459637136,703.4717288402315,4.0,4.50923930193161e-10,1
24,2240459637456,842.5130069848035,4.0,8.86975271417285,1
24,2240459637776,1065.580336395737,0.0,17.77210472652824,0
24,2240459638096,867.7425168865277,4.0,10.711922673944587,1
24,2240459638416,897.3868315076226,4.0,12.802580544969821,1
24,2240459638736,931.1214862533127,4.0,14.452639680934398,1
24,2240459639056,1111.140831563666,0.0,18.27871881747242,0
24,2240459639376,969.3924166419204,4.0,15.805569490213992,1
24,2240459639696,1010.6461986851577,4.0,16.77949476442594,1
24,2240459640016,1056.448170179768,4.0,17.67171066516983,1
24,2240459640336,1164.4873506579625,0.0,19.0037772860853,0
24,2240459640656,1102.220795681825,4.0,18.080518432053157,1
24,2240459640976,1223.593943628297,0.0,19.82634087216328,0
24,2240459641296,1300.4507670103778,0.0,21.21210966588515,0
24,2240459641616,1151.0147747208446,4.0,18.522011180786496,1
24,2240459641936,1410.424194257327,0.0,23.58619179130223,0
24,2240459642256,1202.9095726382013,4.0,19.041028574796307,1
24,2240459642576,1262.2726953918152,4.0,19.910891925426466,1
24,2240459642896,1332.9120868995242,4.0,21.02642984323131,1
24,2240459643216,1400.383986483366,4.0,21.494731192325236,1
24,2240440473872,538.8019934845727,2.4742202664517404e-14,10.689630762708669,0
25,2240459690256,540.0753414178021,3.999994458250179,5.499996590472816,1
25,2240459687184,507.29067234516174,2.3274565089006113e-09,15.634228998074377,0
25,2240459690000,570.2739598832108,3.620244760530838e-07,6.092475199614527,0
25,2240459692240,364.0246917563911,4.0,0.06374194191966324,1
25,2240459692496,373.96005405334057,4.0,-0.039733859723281195,1
25,2240459692688,589.0086522001999,0.0,6.818025111158942,0
25,2240459692880,610.4738057812832,0.0,8.639590166412077,0
25,2240459693072,383.8741074955142,4.0,-0.019947102610785326,1
25,2240459693136,393.8608378028139,4.0,-0.00041016804409207947,1
25,2240459693392,636.2377726979081,0.0,10.966902855146385,0
25,2240459693584,403.8659244939949,4.0,0.0008924084685397445,1
25,2240459693776,666.805180431746,0.0,13.279843432763519,0
25,2240459693968,413.86700201755275,4.0,4.6184468387862835e-05,1
25,2240459694160,423.8669604703923,4.0,2.6442257876247785e-10,1
25,2240459694352,428.86696047039237,4.0,2.519719900195546e-10,1
25,2240459694544,557.434750169928,4.0,4.451434317422756,1
25,2240459694736,572.5964709347209,4.0,1.5072006522994512,1
25,2240459694928,703.4843645797403,2.9029012182365305e-16,16.34944851715988,0
25,2240459695120,582.6183274048394,4.0,-1.2002756549555265,1
25,2240459695312,589.502727026646,4.0,-2.048810495075683,1
25,2240459695568,744.3492133879581,3.845608298808613,17.669143503408304,1
25,2240459695824,596.6551613244441,4.0,-1.2383344848184004,1
25,2240459696080,606.0540395033624,4.0,0.049072868867102416,1
25,2240459696336,791.3810019573033,0.0,18.66723860120646,0
25,2240459696592,818.7645872873296,3.9998849193660244,13.06096575662309,1
25,2240440389776,617.2901762188592,4.0,0.6481879961767008,1
25,2240450597200,628.4721011954726,4.0,0.35361700609003904,1
25,2240447968208,855.628125108415,4.367203915791942e-06,14.436550645575906,0
25,2240440583760,638.7030332399105,4.0,-0.002176102390637347,1
25,2240445520976,648.542717218449,4.0,-0.056382561153192706,1
25,2240445521232,658.4647947885863,4.0,-0.012844149839984132,1
25,2240459569232,668.4658816642188,4.0,0.0017658038047577,1
25,2240459568912,889.2343281496655,0.0,14.262081051196406,0
25,2240459569296,922.8858109014812,0.0,14.919324974708209,0
25,2240459569680,958.2015220872153,0.0,15.71334482716569,0
25,2240459570000,996.7309518691344,0.0,16.50193105224097,0
25,2240459570320,678.4713148803309,4.0,0.00067531600011185,1
25,2240459570640,1038.7775313673608,0.0,17.233077991439167,0
25,2240459636944,688.4717843114729,4.0,6.58052538782959e-06,1
25,2240459636816,698.4717288405582,4.0,1.9955550493311212e-10,1
25,2240459637136,703.4717288405582,4.0,1.601972043971231e-10,1
25,2240459637456,851.772913646554,4.0,9.721286359022175,1
25,2240459637776,1083.4091513998846,0.0,17.891488772367584,0
25,2240459638096,878.9035737219002,4.0,11.666916203754147,1
25,2240459638416,910.5855464285931,4.0,13.629154533221396,1
25,2240459638736,945.8391788558065,4.0,14.998454169084695,1
25,2240459639056,1129.4641366242506,0.0,18.372940776967607,0
25,2240459639376,985.3594107638629,4.0,16.136819719631838,1
25,2240459639696,1027.5273855113662,4.0,16.989165236524883,1
25,2240459640016,1074.180018459077,4.0,17.796388762905327,1
25,2240459640336,1183.5249587679393,0.0,19.075390145847226,0
25,2240459640656,1120.345062289464,4.0,18.17250998478328,1
25,2240459640976,1243.4449879015165,0.0,19.878615958821516,0
25,2240459641296,1321.6769434709613,0.0,21.241860059584603,0
25,2240459641616,1169.573951189513,4.0,18.600710414434296,1
25,2240459641936,1434.0103860486277,0.0,23.58619179130223,0
25,2240459642256,1221.98362276318,4.0,19.110959288209628,1
25,2240459642576,1282.2103284867492,4.0,19.96745486032972,1
25,2240459642896,1353.9529934968348,4.0,21.056979915577426,1
25,2240459643216,1421.8787176756903,4.0,21.494731192325236,1
25,2240440473872,548.6282743789856,5.0292616667116235e-15,8.90272802485898,0
26,2240459690256,545.2503179001457,3.9999982141202626,4.739273612875793,1
26,2240459687184,522.1411128550734,3.3918714951495066e-10,13.898892343864865,0
26,2240459690000,576.4327832483908,1.0992945247641085e-07,6.296642575299579,0
26,2240459692240,364.04688599674046,4.0,-0.018979541495913486,1
26,2240459692496,373.916163616165,4.0,-0.04468043101532272,1
26,2240459692688,596.1799060884339,0.0,7.610106790706843,0
26,2240459692880,619.6188417148828,0.0,9.73479123131096,0
26,2240459693072,383.85902118233116,4.0,-0.009480607455625047,1
26,2240459693136,393.86171607941714,4.0,0.0019570635485707828,1
26,2240459693392,647.7445271541527,0.0,12.121960665494711,0
26,2240459693584,403.86670422871464,4.0,0.0006130701930224512,1
26,2240459693776,680.6254951246639,0.0,14.43698074969922,0
26,2240459693968,413.86702169253357,4.0,-4.543413131552453e-06,1
26,2240459694160,423.8669604705588,4.0,9.393991993079963e-11,1
26,2240459694352,428.8669604705588,4.0,8.951666940856588e-11,1
26,2240459694544,561.1598640638761,4.0,2.8169596701701107,1
26,2240459694736,573.2527298451608,4.0,-0.2629145124310506,1
26,2240459694928,720.5874419632056,1.0538263987368184e-15,17.877649441177713,0
26,2240459695120,580.9832116965789,4.0,-2.014870911460802,1
26,2240459695312,587.5240346996555,4.0,-1.8194819561849545,1
26,2240459695568,762.2299976847246,3.982090523201357,18.03757150949161,1
26,2240459695824,595.7306943082568,4.0,-0.5487028958376292,1
26,2240459696080,606.3553161460646,4.0,0.5537226789908986,1
26,2240459696336,809.9860491533149,0.0,18.507654104971483,0
26,2240459696592,831.4916538837961,3.999980651936707,12.395011910478788,1
26,2240440389776,617.9523395521944,4.0,0.6384972003052805,1
26,2240450597200,628.7345423134523,4.0,0.157278717206106,1
26,2240447968208,870.0467120597391,6.491157899956424e-07,14.413441783733719,0
26,2240440583760,638.6635000504345,4.0,-0.07205510311333034,1
26,2240445520976,648.4907715961466,4.0,-0.04402318385464881,1
26,2240445521232,658.4572396372045,4.0,-0.002163114300173424,1
26,2240459569232,668.468157830395,4.0,0.002541480252621468,1
26,2240459568912,903.6089315021687,0.0,14.509200872054137,0
26,2240459569296,937.9523277087005,0.0,15.231855050701542,0
26,2240459569680,974.0418946609342,0.0,15.980073359492412,0
26,2240459570000,1013.3289950773446,0.0,16.7032140604101,0
26,2240459570320,678.471830094357,4.0,0.00033086074494734663,1
26,2240459570640,1056.0793902281248,0.0,17.377515251045157,0
26,2240459636944,688.4717766437387,4.0,-1.8964863839521646e-05,1
26,2240459636816,698.4717288406744,4.0,7.089496004048115e-11,1
26,2240459637136,703.4717288406744,4.0,5.6912358334276886e-11,1
26,2240459637456,861.9156386839651,4.0,10.628909907108442,1
26,2240459637776,1101.3521018989102,0.0,18.00003125680138,0
26,2240459638096,890.9931495432074,4.0,12.557561996584495,1
26,2240459638416,924.5507707466705,4.0,14.32580475640105,1
26,2240459638736,961.0476714700226,4.0,15.430217444307184,1
26,2240459639056,1147.8783668041758,0.0,18.460286822691913,0
26,2240459639376,1001.6225805000802,4.0,16.396764257657313,1
26,2240459639696,1044.598677260566,4.0,17.15920546368262,1
26,2240459640016,1092.0267339801417,4.0,17.901342584796115,1
26,2240459640336,1202.631951840138,0.0,19.142327501223683,0
26,2240459640656,1138.5571560201631,4.0,18.256057681478897,1
26,2240459640976,1263.3466343967154,0.0,19.92737682206928,0
26,2240459641296,1342.9318756396924,0.0,21.269520511197133,0
26,2240459641616,1188.2094998747614,4.0,18.67457873253742,1
26,2240459641936,1457.5965778399284,0.0,23.58619179130223,0
26,2240459642256,1241.1255061660077,4.0,19.176486761621863,1
26,2240459642576,1302.2026563746617,4.0,20.02009798140464,1
26,2240459642896,1375.0232589803659,4.0,21.085030660367956,1
26,2240459643216,1443.3734488680145,4.0,21.494731192325236,1
26,2240440473872,556.8658814811682,9.896273294120645e-16,7.573715586641549,0
27,2240459690256,549.4754233960783,3.999999387466728,3.5569031355206215,1
27,2240459687184,535.1484838957399,5.6003680147161556e-11,11.981243834027854,0
27,2240459690000,582.9485399434384,3.2521074601905974e-08,6.815914259513245,0
27,2240459692240,364.0043886349995,4.0,-0.06204970317898025,1
27,2240459692496,373.8760349372306,4.0,-0.03299660474441029,1
27,2240459692688,604.2248439953719,0.0,8.564564093270077,0
27,2240459692880,629.8829414610431,0.0,10.872089926563953,0
27,2240459693072,383.85388796428055,4.0,-0.0007623508415328751,1
27,2240459693136,393.86401158246497,4.0,0.002407154896526133,1
27,2240459693392,660.3973766729817,0.0,13.252161045887402,0
27,2240459693584,403.8671483277414,4.0,0.0002581970423782688,1
27,2240459693776,695.5832887577818,0.0,15.53338131581249,0
27,2240459693968,413.8670059559059,4.0,-2.3695843670816008e-05,1
27,2240459694160,423.86696047061804,4.0,3.337350614272617e-11,1
27,2240459694352,428.86696047061804,4.0,3.18020828480999e-11,1
27,2240459694544,563.1044995660546,4.0,0.9426771571997119,1
27,2240459694736,572.327109293488,4.0,-1.5794378401268576,1
27,2240459694928,738.9961088276314,1.87564838114724e-15,18.93718970625502,0
27,2240459695120,578.8351695286383,4.0,-2.1956953823952268,1
27,2240459695312,585.9544329820287,4.0,-1.237633611822315,1
27,2240459695568,780.2741824901818,3.997936700509574,17.991000523277734,1
27,2240459695824,595.515225112049,4.0,0.15280651117258257,1
27,2240459696080,607.0528883512735,4.0,0.8120816931044017,1
27,2240459696336,828.3731348342785,0.0,18.234897366308175,0
27,2240459696592,843.6921738535674,3.9999966195957866,12.035484651144989,1
27,2240440389776,618.5137681084628,4.0,0.4509782462061264,1
27,2240450597200,628.8089410018721,4.0,-0.010049840342876976,1
27,2240447968208,884.4813234778438,9.63218607078644e-08,14.47237522467416,0
27,2240440583760,638.5796893397696,4.0,-0.08900786497944645,1
27,2240445520976,648.4564902932901,4.0,-0.022724618883339296,1
27,2240445521232,658.4583761495262,4.0,0.0040392810449189544,1
27,2240459569232,668.4705172667294,4.0,0.002001789479216273,1
27,2240459568912,918.243410117022,0.0,14.780250837536736,0
27,2240459569296,953.322644456274,0.0,15.52446017873844,0
27,2240459569680,990.1349141003316,0.0,16.21701739425907,0
27,2240459570000,1030.1167354658933,0.0,16.88045238941004,0
27,2240459570320,678.4720212519587,4.0,5.320950655732309e-05,1
27,2240459570640,1073.518450222857,0.0,17.50701741775429,0
27,2240459636944,688.4717548575721,4.0,-2.211246950268535e-05,1
27,2240459636816,698.4717288407155,4.0,2.5186453066409204e-11,1
27,2240459637136,703.4717288407155,4.0,2.0218932929314606e-11,1
27,2240459637456,872.9693723802368,4.0,11.534062271760662,1
27,2240459637776,1119.399317946735,0.0,18.0997114851646,0
27,2240459638096,903.9294750860158,4.0,13.349623931493678,1
27,2240459638416,939.1517830888137,4.0,14.89345031875225,1
27,2240459638736,976.6432431266227,4.0,15.770203231598753,1
27,2240459639056,1166.3771041863115,0.0,18.541696887826323,0
27,2240459639376,1018.120010121189,4.0,16.60466183242626,1
27,2240459639696,1061.8259031469086,4.0,17.30067624287106,1
27,2240459640016,1109.9716293944994,4.0,17.99266737774813,1
27,2240459640336,1221.803898087127,0.0,19.20509483573075,0
27,2240459640656,1156.8497404531518,4.0,18.333368653701324,1
27,2240459640976,1283.2955446447663,0.0,19.97298959782917,0
27,2240459641296,1364.2135774336618,0.0,21.29530772642534,0
27,2240459641616,1206.9169527909376,4.0,18.744344900584387,1
27,2240459641936,1481.1827696312291,0.0,23.58619179130223,0
27,2240459642256,1260.3310439756071,4.0,19.238075006529563,1
27,2240459642576,1322.2459657668137,4.0,20.069250095896336,1
27,2240459642896,1396.120516441805,4.0,21.11085763177009,1
27,2240459643216,1464.8681800603388,4.0,21.494731192325236,1
27,2240440473872,564.0377837117851,9.89054847189093e-17,6.816668951528145,0
28,2240459690256,552.3212237782055,3.9999997837855625,1.9786994860090734,1
28,2240459687184,546.2653016891616,1.0543899056385513e-11,10.175377174135711,0
28,2240459690000,590.1028625594481,9.03822089255462e-09,7.577452333926264,0
28,2240459692240,363.9369434521366,4.0,-0.0679871264863183,1
28,2240459692496,373.85103741401156,4.0,-0.015721285390538464,1
28,2240459692688,613.2738601961984,0.0,9.61388984696057,0
28,2240459692880,641.2855726050864,0.0,12.004159690412706,0
28,2240459693072,383.855709689394,4.0,0.004036753651083179,1
28,2240459693136,393.8661704793877,4.0,0.001758204296106615,1
28,2240459693392,674.1549148207495,0.0,14.320475345585427,0
28,2240459693584,403.8672756841946,4.0,2.6669533334045955e-06,1
28,2240459693776,711.5756117091737,0.0,16.484401313260054,0
28,2240459693968,413.8669817447119,4.0,-2.2363565048015074e-05,1
28,2240459694160,423.866960470639,4.0,1.1856417517484044e-11,1
28,2240459694352,428.866960470639,4.0,1.1298146816224497e-11,1
28,2240459694544,563.2249758049226,4.0,-0.753133949146728,1
28,2240459694736,570.3753394913441,4.0,-2.259520173359648,1
28,2240459694928,758.2576999914553,2.649415751551874e-16,19.19131053556857,0
28,2240459695120,576.756954008121,4.0,-1.8690449441377368,1
28,2240459695312,585.062056484928,4.0,-0.48220673996995367,1
28,2240459695568,797.8771714058724,2.1183817801896883,17.65696422667077,1
28,2240459695824,595.9450700164639,4.0,0.707524939905061,1
28,2240459696080,607.8770599307378,4.0,0.7910560834821336,1
28,2240459696336,846.457592292562,0.0,17.906936478933172,0
28,2240459696592,855.6802451926095,3.999999399644294,11.985173941215896,1
28,2240440389776,618.8468725488517,4.0,0.19676505423816223,1
28,2240450597200,628.7472560458049,4.0,-0.10686291030969568,1
28,2240447968208,899.0081092533762,1.4193189347517634e-08,14.599581664758407,0
28,2240440583760,638.4974735534788,4.0,-0.06999780497469499,1
28,2240445520976,648.4431723023581,4.0,-0.0036307156342084185,1
28,2240445521232,658.4635495285943,4.0,0.005791262566421842,1
28,2240459569232,668.4720692701359,4.0,0.001023956216749552,1
28,2240459568912,933.153371446832,0.0,15.058143191799173,0
28,2240459569296,968.974258964434,0.0,15.792308706149107,0
28,2240459569680,1006.4519911588027,0.0,16.426909166541055,0
28,2240459570000,1047.0720986453878,0.0,17.037765741413843,0
28,2240459570320,678.4719963371607,4.0,-9.029557042804246e-05,1
28,2240459570640,1091.0811586181424,0.0,17.624415475601367,0
28,2240459636944,688.4717357359553,4.0,-1.4795907954272217e-05,1
28,2240459636816,698.4717288407303,4.0,8.947849292872362e-12,1
28,2240459637136,703.4717288407303,4.0,7.183066398320545e-12,1
28,2240459637456,884.9078310161766,4.0,12.38791358632808,1
28,2240459637776,1137.54266389167,0.0,18.192011317520155,0
28,2240459638096,917.6047328234419,4.0,14.026350626572679,1
28,2240459638416,954.2648254256825,4.0,15.344926171993764,1
28,2240459638736,992.5442318937484,4.0,16.03963321719824,1
28,2240459639056,1184.9547722328805,0.0,18.617911120231067,0
28,2240459639376,1034.8068117121961,4.0,16.775060672612174,1
28,2240459639696,1079.1844107455497,4.0,17.421487182548066,1
28,2240459640016,1128.0031381208432,4.0,18.07449144962587,1
28,2240459640336,1241.03683080186,0.0,19.264115029825327,0
28,2240459640656,1175.2173028650968,4.0,18.40588549470779,1
28,2240459640976,1303.2887206242856,0.0,20.015767412248476,0
28,2240459641296,1385.5202650300216,0.0,21.31940848143406,0
28,2240459641616,1225.6924592253386,4.0,18.810517073005485,1
28,2240459641936,1504.7689614225299,0.0,23.58619179130223,0
28,2240459642256,1279.5964816020992,4.0,19.29610757301329,1
28,2240459642576,1342.3369388883257,4.0,20.115271753584107,1
28,2240459642896,1417.2426544732348,4.0,21.13469505724217,1
28,2240459643216,1486.362911252663,4.0,21.494731192325236,1
28,2240440473872,570.7185865694167,-1.0982976044117996e-16,6.618397429458597,0
29,2240459690256,553.4925101524474,3.9999999703635147,0.2532094418483409,1
29,2240459687184,555.7365449466408,2.249161427601702e-12,8.754014790408867,0
29,2240459690000,598.1030702653345,2.305736866360233e-09,8.506704661414805,0
29,2240459692240,363.8760168487026,4.0,-0.05003172056687079,1
29,2240459692496,373.84262109811544,4.0,-0.0010010699127257971,1
29,2240459692688,623.3927846028121,0.0,10.69705056813666,0
29,2240459692880,653.8009308590937,0.0,13.084678363065105,0
29,2240459693072,383.86051064362744,4.0,0.005119083000900063,1
29,2240459693136,393.8674851771677,4.0,0.0008107895599253339,1
29,2240459693392,688.9148214930816,0.0,15.205252826806733,0
29,2240459693584,403.8672138302209,4.0,-0.00011219660366323888,1
29,2240459693776,727.9979182096388,2.7532491704837283,17.2206133494172,1
29,2240459693968,413.8669634706266,4.0,-1.3101457661124324e-05,1
29,2240459694160,423.8669604706464,4.0,4.212162658239043e-12,1
29,2240459694352,428.8669604706464,4.0,4.01382897122383e-12,1
29,2240459694544,561.8660461980626,4.0,-1.941465564822215,1
29,2240459694736,568.0421776937873,4.0,-2.316720108138672,1
29,2240459694928,776.6248046726481,-1.0887138154451929e-15,17.68993705272023,0
29,2240459695120,575.1750159477002,4.0,-1.2104532892652056,1
29,2240459695312,584.9408895665431,4.0,0.2774362772948117,1
29,2240459695568,815.4220701859101,0.2732054269456379,17.71814187039066,0
29,2240459695824,596.8105979621185,4.0,0.9901894282614516,1
29,2240459696080,608.571255415136,4.0,0.5559920635820793,1
29,2240459696336,864.2052384898218,0.0,17.566469844560736,0
29,2240459696592,867.7421854554366,3.9999998939280963,12.187775695627925,1
29,2240440389776,618.9354779794049,4.0,-0.021992901485280734,1
29,2240450597200,628.6238760595394,4.0,-0.13073007834760544,1
29,2240447968208,913.687172597607,2.0680712890304104e-09,14.777213079505042,0
29,2240440583760,638.442736652855,4.0,-0.036474497955584814,1
29,2240445520976,648.4456069911571,4.0,0.007843434426250129,1
29,2240445521232,658.4689727963765,4.0,0.0046600623908376205,1
29,2240459569232,668.4726778067966,4.0,0.00019012465425386518,1
29,2240459568912,948.3393593097159,0.0,15.330173358090667,0
29,2240459569296,984.8814834945443,0.0,16.033898172021082,0
29,2240459569680,1022.9676072492634,0.0,16.613086257534324,0
29,2240459570000,1064.1768488518137,0.0,17.178661436743607,0
29,2240459570320,678.4718847738662,4.0,-0.00011999777461468965,1
29,2240459570640,1108.7564739025074,0.0,17.731883688873506,0
29,2240459636944,688.4717251629144,4.0,-6.013860045773057e-06,1
29,2240459636816,698.4717288407355,4.0,3.1788520105173756e-12,1
29,2240459637136,703.4717288407355,4.0,2.551887533484723e-12,1
29,2240459637456,897.6622495427977,4.0,13.155825854512493,1
29,2240459637776,1155.7753072374198,0.0,18.278050329433718,0
29,2240459638096,931.9018706465712,4.0,14.586472610828226,1
29,2240459638416,969.7822858293836,4.0,15.699178134948234,1
29,2240459638736,1008.6887618105175,4.0,16.256427030230025,1
29,2240459639056,1203.606462822596,0.0,18.689523938698553,0
29,2240459639376,1051.6506914259344,4.0,16.918478205441456,1
29,2240459639696,1096.6563035829638,4.0,17.527208087353007,1
29,2240459640016,1146.1131389487402,4.0,18.14957015801872,1
29,2240459640336,1260.3271751167456,0.0,19.319747252726334,0
29,2240459640656,1193.6555226010566,4.0,18.474552325096944,1
29,2240459640976,1323.3234566551662,0.0,20.05598040010551,0
29,2240459641296,1406.850329438136,0.0,21.341984770950837,0
29,2240459641616,1244.5326067665699,4.0,18.873465099194153,1
29,2240459641936,1528.3551532138306,0.0,23.58619179130223,0
29,2240459642256,1298.918419022925,4.0,19.350908943365276,1
29,2240459642576,1362.4725925333648,4.0,20.15847005586982,1
29,2240459642896,1438.387779795813,4.0,21.156743910424947,1
29,2240459643216,1507.8576424449873,4.0,21.494731192325236,1
29,2240440473872,577.4288855069422,1.0538918483638e-16,6.888421650313023,0
30,2240459690256,553.0058028009295,4.00002031797794,-1.2647329837196966,1
30,2240459687184,564.0349051785732,5.324859131674072e-13,7.881983920947756,0
30,2240459690000,607.0833362461242,5.343559423971502e-10,9.532721015876259,0
30,2240459692240,363.8381626227322,4.0,-0.023684436338150098,1
30,2240459692496,373.846107968354,4.0,0.0073920973504341386,1
30,2240459692688,634.5899036294016,0.0,11.76332668289469,0
30,2240459692880,667.3753872249335,0.0,14.157118358390717,0
30,2240459693072,383.8651802567492,4.0,0.003892039171028716,1
30,2240459693136,393.867919337218,4.0,6.383267851332896e-05,1
30,2240459693392,704.9392925400713,0.0,17.041857499817553,0
30,2240459693584,403.8670910591599,4.0,-0.00012095031145017006,1
30,2240459693776,745.6382372231009,3.8489313046631537,17.76719585065463,1
30,2240459693968,413.86695476469345,4.0,-4.177107144676081e-06,1
30,2240459694160,423.8669604706491,4.0,1.4964312983495845e-12,1
30,2240459694352,428.8669604706491,4.0,1.4259704066776767e-12,1
30,2240459694544,559.6194862521319,4.0,-2.478194523548851,1
30,2240459694736,565.8909720474488,4.0,-1.891768139356535,1
30,2240459694928,793.656870289314,2.8988780028064136,17.425819558282065,1
30,2240459695120,574.3402424502542,4.0,-0.3916335153445347,1
30,2240459695312,585.518263923387,4.0,0.8781106181964883,1
30,2240459695568,833.1546809340682,0.03234708290733978,17.735636532650847,0
30,2240459695824,597.8094562607274,4.0,0.9543166626728757,1
30,2240459696080,608.979651361044,4.0,0.23731539038041766,1
30,2240459696336,881.6188826482756,0.0,17.244444941909773,0
30,2240459696592,880.0941866193785,3.999999981667375,12.563062060759009,1
30,2240440389776,618.8453589152899,4.0,-0.14994962888058413,1
30,2240450597200,628.5028386763282,4.0,-0.1034684986274082,1
30,2240447968208,928.5603769639599,2.971248429905368e-10,14.98712565769424,0
30,2240440583760,638.4214026855723,4.0,-0.00558459963865808,1
30,2240445520976,648.4556537516108,4.0,0.011309930366070068,1
30,2240445521232,658.4726309076156,4.0,0.0024627669957492113,1
30,2240459569232,668.4726195920415,4.0,-0.0002725111270045966,1
30,2240459568912,963.7912473683533,0.0,15.587923777775814,0
30,2240459569296,1001.0182625762625,0.0,16.249975815409083,0
30,2240459569680,1039.659646494051,0.0,16.778952612241696,0
30,2240459570000,1081.415965942468,0.0,17.306028057764948,0
30,2240459570320,678.4717768105543,4.0,-8.791412803438797e-05,1
30,2240459570640,1126.5352805480538,0.0,17.83108858854219,0
30,2240459636944,688.4717222348844,4.0,-4.875919975966666e-08,1
30,2240459636816,698.4717288407375,4.0,1.1293328456950922e-12,1
30,2240459637136,703.4717288407375,4.0,9.065947079477544e-13,1
30,2240459637456,911.1366734068919,4.0,13.81916524851689,1
30,2240459637776,1174.091405638808,0.0,18.358685862718964,0
30,2240459638096,946.7081435889793,4.0,15.039763235448238,1
30,2240459638416,985.6164401357556,4.0,15.97646658775842,1
30,2240459638736,1025.031063093596,4.0,16.43461682774985,1
30,2240459639056,1222.327809305892,0.0,18.75702190457661,0
30,2240459639376,1068.628344297198,4.0,17.042319335359434,1
30,2240459639696,1114.2284239308885,4.0,17.6217307777621,1
30,2240459640016,1164.2957979489975,4.0,18.219720771909383,1
30,2240459640336,1279.6716909398065,0.0,19.372300423817546,0
30,2240459640656,1212.1608614410923,4.0,18.53999214059015,1
30,2240459640976,1343.3973001525708,0.0,20.0938633788144,0
30,2240459641296,1428.202313706594,0.0,21.363177906642015,0
30,2240459641616,1263.4343088247851,4.0,18.933471497897848,1
30,2240459641936,1551.9413450051313,0.0,23.58619179130223,0
30,2240459642256,1318.2937587543922,4.0,19.402758609547256,1
30,2240459642576,1382.6502299218198,4.0,20.19910943712331,1
30,2240459642896,1459.5541870067327,4.0,21.177178051669376,1
30,2240459643216,1529.3523736373115,4.0,21.494731192325236,1
30,2240440473872,584.5831728732958,3.348481397256564e-16,7.5103084106422155,0
31,2240459690256,551.4077812888485,4.854023092974314,-2.397981517419723,1
31,2240459687184,571.7333216511681,1.3517892237202278e-13,7.586843881005636,0
31,2240459690000,617.1104584530341,1.123915937704079e-10,10.593769415809858,0
31,2240459692240,363.8257562870568,4.0,-0.0008783131544139824,1
31,2240459692496,373.85492243615306,4.0,0.009468822767798165,1
31,2240459692688,646.8399930634974,0.0,12.801331924465483,0
31,2240459692880,682.0721622212972,0.0,15.305947114870614,0
31,2240459693072,383.868153978619,4.0,0.0019052998278056143,1
31,2240459693136,393.86777599074287,4.0,-0.0003144763772785521,1
31,2240459693392,722.7346633662686,0.0,17.99521518757978,0
31,2240459693584,403.86698755162007,4.0,-7.91670587255484e-05,1
31,2240459693776,763.039067237368,1.6211187289284419,17.713900425868765,0
31,2240459693968,413.8669533968924,4.0,1.131108418162033e-06,1
31,2240459694160,423.8669604706501,4.0,5.316287172101751e-13,1
31,2240459694352,428.8669604706501,4.0,5.065964731677421e-13,1
31,2240459694544,557.1287371974754,4.0,-2.409328742639281,1
31,2240459694736,564.3231546341781,4.0,-1.1575560664804785,1
31,2240459694928,811.4354758976275,3.8680694514655625,18.186016147097533,1
31,2240459695120,574.3357573519781,4.0,0.42233800912119746,1
31,2240459695312,586.5667255439182,4.0,1.1812362814887212,1
31,2240459695568,850.8644836117729,0.003823077338869138,17.6684890470771,0
31,2240459695824,598.644854252929,4.0,0.6665399621154148,1
31,2240459696080,609.0805799300583,4.0,-0.03889128243668588,1
31,2240459696336,898.7276113953076,0.0,16.96205524084137,0
31,2240459696592,892.8714306428466,3.99999999693265,13.032498208119414,1
31,2240440389776,618.6733686367836,4.0,-0.18180923436628602,1
31,2240450597200,628.4216365389013,4.0,-0.05434291988281495,1
31,2240447968208,943.6522708670643,4.202432324686882e-11,15.21325964696162,0
31,2240440583760,638.4259039280847,4.0,0.013616003572856923,1
31,2240445520976,648.4663416987777,4.0,0.009299441284289282,1
31,2240445521232,658.4741243717502,4.0,0.0005016787759084921,1
31,2240459569232,668.4722683788923,4.0,-0.00039076593986945267,1
31,2240459568912,979.4922726856803,0.0,15.826656355639694,0
31,2240459569296,1017.3599738821788,0.0,16.44261299538635,0
31,2240459569680,1056.509301669674,0.0,16.927669767199102,0
31,2240459570000,1098.7770507781465,0.0,17.42219456731619,0
31,2240459570320,678.4717111583603,4.0,-4.0553464651883494e-05,1
31,2240459570640,1144.4099409692994,0.0,17.92331205537844,0
31,2240459636944,688.4717236007781,4.0,2.4305514500902966e-06,1
31,2240459636816,698.4717288407378,4.0,4.012117179868961e-13,1
31,2240459637136,703.4717288407378,4.0,3.220807945860027e-13,1
31,2240459637456,925.2236038566446,4.0,14.374002720887871,1
31,2240459637776,1192.4858805205192,0.0,18.434585616692594,0
31,2240459638096,961.9237614720568,4.0,15.401946829734714,1
31,2240459638416,1001.6991970422687,4.0,16.195325458487645,1
31,2240459638736,1041.5376846232534,4.0,16.584663922761667,1
31,2240459639056,1241.1148918511922,0.0,18.820810370756256,0
31,2240459639376,1085.7227501248974,4.0,17.151725459925704,1
31,2240459639696,1131.8909209658568,4.0,17.70776929159271,1
31,2240459640016,1182.5467832654147,4.0,18.286130496851126,1
31,2240459640336,1299.0674275286246,0.0,19.422043018199492,0
31,2240459640656,1230.7303009177951,4.0,18.602623210153666,1
31,2240459640976,1363.5080192173298,0.0,20.129621821894183,0
31,2240459641296,1449.5748938351378,0.0,21.383111809508918,0
31,2240459641616,1282.394733187123,4.0,18.99076277855493,1
31,2240459641936,1575.527536796432,0.0,23.58619179130223,0
31,2240459642256,1337.7196656121312,4.0,19.451900626090048,1
31,2240459642576,1402.8674019629561,4.0,20.237419681253375,1
31,2240459642896,1480.7403337775334,4.0,21.196148970225227,1
31,2240459643216,1550.8471048296358,4.0,21.494731192325236,1
31,2240440473872,592.4800107659715,5.881228653545389e-16,8.372134361089747,0
32,2240459690256,549.8200728456127,3.168917417703856,-3.018603386885399,1
32,2240459687184,579.3792967940559,3.497884325640313e-14,7.79227844006001,0
32,2240459690000,628.1962181741824,2.1556027041532395e-11,11.641663970766537,0
32,2240459692240,363.831972980477,4.0,0.012454684256179072,1
32,2240459692496,373.8636520812337,4.0,0.007386293818963545,1
32,2240459692688,660.1056129559515,0.0,13.776532064607421,0
32,2240459692880,697.7880479978431,0.0,16.107729958150944,0
32,2240459693072,383.86922467839173,4.0,0.00023105596807378637,1
32,2240459693136,393.86741103768946,4.0,-0.00037847065622396384,1
32,2240459693392,740.1931215804634,2.901451159127183,18.05369123144182,1
32,2240459693584,403.8669316719453,4.0,-3.075819908282493e-05,1
32,2240459693776,781.1410524539348,0.1954184577259092,18.639046502155583,0
32,2240459693968,413.86695558859475,4.0,2.879822662208837e-06,1
32,2240459694160,423.86696047065027,4.0,1.8886873942976742e-13,1
32,2240459694352,428.86696047065027,4.0,1.799756751081056e-13,1
32,2240459694544,555.1462593620598,4.909783580083268,-1.9601539791268874,1
32,2240459694736,563.5705909599484,4.0,-0.2779532949758201,1
32,2240459694928,829.8346117990505,3.985234686291231,18.589691872023433,1
32,2240459695120,575.0789266009255,4.0,1.0646411776448197,1
32,2240459695312,587.7513075852838,4.0,1.12626673646447,1
32,2240459695568,868.4807079745841,0.0004550449215656126,17.549827929163023,0
32,2240459695824,599.131190489024,4.0,0.27719565301691257,1
32,2240459696080,608.9551263599375,4.0,-0.20164895692847154,1
32,2240459696336,915.5776168191239,0.0,16.731919642341335,0
32,2240459696592,906.1368002437096,3.9999999995053424,13.532281589329882,1
32,2240440389776,618.5047576839257,4.0,-0.1445748623994628,1
32,2240450597200,628.3899400581844,4.0,-0.007920535588682052,1
32,2240447968208,958.9728128351159,5.848065174558752e-12,15.442826404996636,0
32,2240440583760,638.4433877155575,4.0,0.019810079217581735,1
32,2240445520976,648.4737276801968,4.0,0.005066013731631435,1
32,2240445521232,658.4740155900622,4.0,-0.0006478236295850046,1
32,2240459569232,668.4719077437679,4.0,-0.00030334698292811343,1
32,2240459568912,995.4223322415588,0.0,16.044471717748404,0
32,2240459569296,1033.8844051206604,0.0,16.614502638604936,0
32,2240459569680,1073.5007531627698,0.0,17.06201176729425,0
32,2240459570000,1116.2498041837246,0.0,17.52901507520691,0
32,2240459570320,678.471688973574,4.0,-4.3492739652143945e-06,1
32,2240459570640,1162.3739580883434,0.0,18.009548028772837,0
32,2240459636944,688.4717262055699,4.0,2.506231272884032e-06,1
32,2240459636816,698.4717288407378,4.0,1.425362268206419e-13,1
32,2240459637136,703.4717288407378,4.0,1.1442382944852687e-13,1
32,2240459637456,939.8171134924139,4.0,14.827402442258768,1
32,2240459637776,1210.9542531462248,0.0,18.506279615588756,0
32,2240459638096,977.4657460255987,4.0,15.690447951994887,1
32,2240459638416,1017.9795985925902,4.0,16.37115613497457,1
32,2240459638736,1058.1842202798457,4.0,16.71412272005413,1
32,2240459639056,1259.9641655885102,0.0,18.881232388563475,0
32,2240459639376,1102.9212409900042,4.0,17.250250697138213,1
32,2240459639696,1149.636251954282,4.0,17.787221524796593,1
32,2240459640016,1200.8627411900384,4.0,18.34956961752051,1
32,2240459640336,1318.5116866271562,0.0,19.469210374200593,0
32,2240459640656,1249.3611755188977,4.0,18.662734463830173,1
32,2240459640976,1383.65357558377,0.0,20.163436578248515,0
32,2240459641296,1470.9668626745845,0.0,21.401895677756936,0
32,2240459641616,1301.4112557201875,4.0,19.045528575264306,1
32,2240459641936,1599.1137285877328,0.0,23.58619179130223,0
32,2240459642256,1357.1935345915185,4.0,19.498550321636067,1
32,2240459642576,1423.121875578682,4.0,20.27360200734718,1
32,2240459642896,1501.9448202899264,4.0,21.21378949993761,1
32,2240459643216,1572.34183602196,4.0,21.494731192325236,1
32,2240440473872,601.3131472030936,8.714274282644156e-16,9.378110419582923,0
33,2240459690256,547.1083135778542,1.7364653533107348,-3.4161972069219635,0
33,2240459687184,587.4178330727068,8.430559032048824e-15,8.37559746833313,0
33,2240459690000,640.3070239127397,3.800105645757523e-12,12.63577661447106,0
33,2240459692240,363.8467770767859,4.0,0.015940782746211274,1
33,2240459692496,373.8693783067982,4.0,0.0037614405194515803,1
33,2240459692688,674.3138293722068,0.0,14.713533861254888,0
33,2240459692880,714.6732921580841,0.0,17.77717068038614,0
33,2240459693072,383.8689594083562,4.0,-0.000690956006380531,1
33,2240459693136,393.8670750512418,4.0,-0.00026979189416386824,1
33,2240459693392,758.8703343564581,3.8764116872161023,19.381145225124797,1
33,2240459693584,403.86691796883684,4.0,2.244006397500912e-06,1
33,2240459693776,800.0763130185162,0.021053298780531526,19.2221253325964,0
33,2240459693968,413.86695839455683,4.0,2.4791360861716723e-06,1
33,2240459694160,423.86696047065027,4.0,6.709833306406394e-14,1
33,2240459694352,428.86696047065027,4.0,6.393894420163707e-14,1
33,2240459694544,553.6970043305192,4.466480378889533,-1.1934119762775774,1
33,2240459694736,563.7042325413482,4.0,0.5866227441813586,1
33,2240459694928,848.51181557406,3.9983762699345338,18.74116376484646,1
33,2240459695120,576.324221900831,4.0,1.3838177331786696,1
33,2240459695312,588.7341583099317,4.0,0.780352491507029,1
33,2240459695568,885.9642233993219,5.4686663095651275e-05,17.404903787324823,0
33,2240459695824,599.2411510803657,4.0,-0.061744246812629335,1
33,2240459696080,608.725341289258,4.0,-0.2422116251637483,1
33,2240459696336,932.2241307920398,0.0,16.55921263774995,0
33,2240459696592,919.8980592524006,3.999999999923111,14.017380369332516,1
33,2240440389776,618.3910013649681,4.0,-0.07632572942728931,1
33,2240450597200,628.3975655699953,4.0,0.021848720010270523,1
33,2240447968208,974.5208424196001,8.011440537995155e-13,15.666607318765589,0
33,2240440583760,638.4622761540097,4.0,0.016632101291510076,1
33,2240445520976,648.4768573262427,4.0,0.0011194731453529336,1
33,2240445521232,658.4731527677245,4.0,-0.000985097214138004,1
33,2240459569232,668.4716746539204,4.0,-0.00015134559892774328,1
33,2240459568912,1011.5604141849025,0.0,16.24144641300486,0
33,2240459569296,1050.5721351390705,0.0,16.768481528373805,0
33,2240459569680,1090.6207559388108,0.0,17.18432449444633,0
33,2240459570000,1133.8255934389083,0.0,17.627956705632716,0
33,2240459570320,678.4716943182233,4.0,1.321919012096734e-05,1
33,2240459570640,1180.4217234750954,0.0,18.090576092841225,0
33,2240459636944,688.47172830655,4.0,1.5610464731822212e-06,1
33,2240459636816,698.4717288407378,4.0,5.0638042323900985e-14,1
33,2240459637136,703.4717288407378,4.0,4.06507092808649e-14,1
33,2240459637456,954.821697792614,4.0,15.192817794957696,1
33,2240459637776,1229.4925252174844,0.0,18.574197107395364,0
33,2240459638096,993.2682128878674,4.0,15.921626658460964,1
33,2240459638416,1034.4204870972744,4.0,16.515948436376455,1
33,2240459638736,1074.952733956341,4.0,16.828342419150772,1
33,2240459639056,1278.8724050057656,0.0,18.938582278628303,0
33,2240459639376,1120.214160143289,4.0,17.34035989017742,1
33,2240459639696,1167.4584924887208,4.0,17.861423724361316,1
33,2240459640016,1219.2409515762968,4.0,18.410536373192944,1
33,2240459640336,1338.0019920483735,0.0,19.514010263201268,0
33,2240459640656,1268.051067663151,4.0,18.72053372619155,1
33,2240459640976,1403.8321018262236,0.0,20.195467651151475,0
33,2240459641296,1492.3771162569521,0.0,21.419626166321176,0
33,2240459641616,1320.4814294108726,4.0,19.097933300597834,1
33,2240459641936,1622.6999203790335,0.0,23.58619179130223,0
33,2240459642256,1376.7129645443097,4.0,19.542899188388194,1
33,2240459642576,1443.4116074335866,4.0,20.30783378107168,1
33,2240459642896,1523.1663720123079,4.0,21.230216770310875,1
33,2240459643216,1593.8365672142843,4.0,21.494731192325236,1
33,2240440473872,611.1885882840722,1.1881617546165943e-15,10.449237464306442,0
34,2240459690256,545.3831241583628,3.9066195143388343,-2.8137817449190563,1
34,2240459687184,596.1671251403914,1.9915061928878452e-15,9.210706330403148,0
34,2240459690000,653.3829158796683,6.210843268151828e-13,13.567544635927423,0
34,2240459692240,363.8615724611317,4.0,0.012644241246753545,1
34,2240459692496,373.87155451889623,4.0,0.0005541918174787533,1
34,2240459692688,689.4747573414897,0.0,15.665442364177235,0
34,2240459692880,733.0984594883815,0.0,19.089309179711275,0
34,2240459693072,383.86811955070215,4.0,-0.0009053007110663441,1
34,2240459693136,393.8668760553077,4.0,-0.00011955899041856546,1
34,2240459693392,778.6971864756443,3.9876110629056747,20.26429094803438,1
34,2240459693584,403.86692804500274,4.0,1.592127952339031e-05,1
34,2240459693776,819.4674992197309,0.002194388641250903,19.546024029361973,0
34,2240459693968,413.8669603607006,4.0,1.3480295145659169e-06,1
34,2240459694160,423.86696047065027,4.0,2.383764678881777e-14,1
34,2240459694352,428.86696047065027,4.0,2.2715228506099025e-14,1
34,2240459694544,553.1398974341297,3.9148255473780558,-0.3059867216378195,1
34,2240459694736,564.6305175469913,4.0,1.2644520853618322,1
34,2240459694928,867.2581527013542,3.999821796365338,18.729793165880203,1
34,2240459695120,577.6344334281514,3.8202698563969384,1.3072541669774151,1
34,2240459695312,589.2989471740503,4.0,0.3145294974726718,1
34,2240459695568,903.2979418915435,6.641797846163239e-06,17.252363567056516,0
34,2240459695824,599.0728309704169,4.0,-0.26219525336281024,1
34,2240459696080,608.5005280722211,4.0,-0.19311980306435197,1
34,2240459696336,948.7246282633309,0.0,16.44311682229199,0
34,2240459696592,934.1264492914833,3.9999999999884484,14.460543497287986,1
34,2240440389776,618.3467066792447,4.0,-0.010386922309742535,1
34,2240450597200,628.4256765536335,4.0,0.032034668349088045,1
34,2240447968208,990.2875563840417,1.0799743761851784e-13,15.878676092591364,0
34,2240440583760,638.4756328648308,4.0,0.009321396977279036,1
34,2240445520976,648.4766986481744,4.0,-0.0013100794960289378,1
34,2240445521232,658.4722253423922,4.0,-0.0007997921111341224,1
34,2240459569232,668.4715865369881,4.0,-2.5002994834651407e-05,1
34,2240459568912,1027.8862096228222,0.0,16.418879375422264,0
34,2240459569296,1067.4065294163115,0.0,16.907241805689075,0
34,2240459569680,1107.858216631936,0.0,17.29654430263742,0
34,2240459570000,1151.4971034662224,0.0,17.72017942244594,0
34,2240459570320,678.4717097344484,4.0,1.5919101421127198e-05,1
34,2240459570640,1198.5483299537689,0.0,18.1670163110583,0
34,2240459636944,688.4717293812143,4.0,5.630382918708345e-07,1
34,2240459636816,698.4717288407378,4.0,1.7989892026704347e-14,1
34,2240459637136,703.4717288407378,4.0,1.44417484802041e-14,1
34,2240459637456,970.1566784123524,4.0,15.486022236183176,1
34,2240459637776,1248.097091027078,0.0,18.63869266397575,0
34,2240459638096,1009.280570361682,4.0,16.109416817004032,1
34,2240459638416,1050.9952148600678,4.0,16.638610086017028,1
34,2240459638736,1091.8298472502709,4.0,16.931072089662752,1
34,2240459639056,1297.8366600829524,0.0,18.99311551382868,0
34,2240459639376,1137.5939469029145,4.0,17.42377892492486,1
34,2240459639696,1185.3528624949065,4.0,17.931326636807356,1
34,2240459640016,1237.6791043465623,4.0,18.469353981158022,1
34,2240459640336,1357.536064217273,0.0,19.556627226108173,0
34,2240459640656,1286.797741996675,4.0,18.776178209125874,1
34,2240459640976,1424.0418819946206,0.0,20.225857261080534,0
34,2240459641296,1513.804642117894,0.0,21.43638918113288,0
34,2240459641616,1339.6029627501916,4.0,19.148123252285693,1
34,2240459641936,1646.2861121703343,0.0,23.58619179130223,0
34,2240459642256,1396.2757361448919,4.0,19.585118571810135,1
34,2240459642576,1463.7347218852487,4.0,20.340272228565183,1
34,2240459642896,1544.403825144583,4.0,21.245534579647316,1
34,2240459643216,1615.3312984066085,4.0,21.494731192325236,1
34,2240440473872,622.140878996049,-2.449541103776778e-16,11.523280805203894,0
35,2240459690256,543.4767926086422,5.3260852625464885,-1.8940816461805194,1
35,2240459687184,605.8260901786389,1.9541239977811198e-16,10.18800661086243,0
35,2240459690000,667.3589964381456,9.488319945490028e-14,14.429151801883679,0
35,2240459692240,363.8714732044644,4.0,0.0066123790510184965,1
35,2240459692496,373.8711108751639,4.0,-0.0013222163127926956,1
35,2240459692688,705.5570896372091,0.0,16.53864245280865,0
35,2240459692880,752.6434418362691,0.0,20.000586201478804,0
35,2240459693072,383.8672928523146,4.0,-0.0006883734091958599,1
35,2240459693136,393.86681448900083,4.0,-5.247782719126057e-06,1
35,2240459693392,799.2312119886533,3.9988182087924775,20.787395127756756,1
35,2240459693584,403.86694475779007,4.0,1.5886673495717214e-05,1
35,2240459693776,839.0929816343108,0.00022558873312849385,19.690352895145907,0
35,2240459693968,413.8669612144733,4.0,3.563267193640662e-07,1
35,2240459694160,423.86696047065027,4.0,8.468666485140515e-15,1
35,2240459694352,428.86696047065027,4.0,8.069911264988995e-15,1
35,2240459694544,553.2698327528041,3.880304422946981,0.5614236052452154,1
35,2240459694736,565.7369687536794,3.273179236256425,1.5443309990085914,1
35,2240459694928,885.9427172404452,3.9999803195387784,18.61973857924397,1
35,2240459695120,578.3378712827563,2.881728867197147,1.0139357778868403,1
35,2240459695312,589.4131444905712,4.0,-0.09158244783722236,1
35,2240459695568,920.4809584642951,8.150864871217435e-07,17.10578736011043,0
35,2240459695824,598.7761056496751,4.0,-0.31164140061971535,1
35,2240459696080,608.348363940194,4.0,-0.10214400744042676,1
35,2240459696336,965.1336303715112,0.0,16.3785568949867,0
35,2240459696592,948.7730125765944,3.9999999999983156,14.848919799856414,1
35,2240440389776,618.358907970009,4.0,0.03309619764663525,1
35,2240450597200,628.4564687912103,4.0,0.027407453742261296,1
35,2240447968208,1006.2595443076323,1.3843712776170427e-14,16.075814828585717,0
35,2240440583760,638.4814919113502,4.0,0.0022158518229584245,1
35,2240445520976,648.4748974784814,4.0,-0.002105542502168067,1
35,2240445521232,658.4715971309959,4.0,-0.0004231694103836863,1
35,2240459569232,668.4715981818455,4.0,4.279754887741959e-05,1
35,2240459568912,1044.3810470015035,0.0,16.578706570850898,0
35,2240459569296,1084.3735167436569,0.0,17.033182988489255,0
35,2240459569680,1125.2038046320872,0.0,17.40024526686554,0
35,2240459570000,1169.2580622484033,0.0,17.806603509375186,0
35,2240459570320,678.471723720978,4.0,1.1060064892434516e-05,1
35,2240459570640,1216.7494319438829,0.0,18.239369553587462,0
35,2240459636944,688.471729613897,4.0,-6.794430428692045e-08,1
35,2240459636816,698.4717288407378,4.0,6.391167594165177e-15,1
35,2240459637136,703.4717288407378,4.0,5.130638624887479e-15,1
35,2240459637456,985.7571005030599,4.0,15.722307449240839,1
35,2240459637776,1266.7646719271224,0.0,18.700064646804382,0
35,2240459638096,1025.4648562007385,4.0,16.264952624644273,1
35,2240459638416,1067.684817803174,4.0,16.74553333557277,1
35,2240459638736,1108.8053706883268,4.0,17.024932665713354,1
35,2240459639056,1316.8542210362157,0.0,19.045056037614454,0
35,2240459639376,1155.0545172752172,4.0,17.50173440206758,1
35,2240459639696,1203.3154008797792,4.0,17.997616235510993,1
35,2240459640016,1256.1751566218804,4.0,18.526234747325038,1
35,2240459640336,1377.111798610003,0.0,19.597226015436405,0
35,2240459640656,1305.5991044177001,4.0,18.829793552864267,1
35,2240459640976,1444.2813350430977,0.0,20.254732354975857,0
35,2240459641296,1535.2485092646436,0.0,21.452261366838687,0
35,2240459641616,1358.773703829804,4.0,19.196230980748187,1
35,2240459641936,1669.872303961635,0.0,23.58619179130223,0
35,2240459642256,1415.8797931410354,4.0,19.625362545447086,1
35,2240459642576,1484.0894922860043,4.0,20.371057411766497,1
35,2240459642896,1565.6561142198834,4.0,21.25983532515468,1
35,2240459643216,1636.8260295989328,4.0,21.494731192325236,1
35,2240440473872,634.1510006858716,-3.0026066658196307e-16,12.55608462595514,0
36,2240459690256,542.1563785659309,5.5066126057688685,-0.683005470020389,1
36,2240459687184,616.4940298476304,-8.411591657957889e-16,11.219418454367498,0
36,2240459690000,682.1577297373765,1.4126106300250679e-14,15.20424505339258,0
36,2240459692240,363.87536710073044,4.0,0.0010762546854712156,1
36,2240459692496,373.869448082822,4.0,-0.0018434004355860271,1
36,2240459692688,722.4537550613444,0.0,17.280055550647152,0
36,2240459692880,772.941341328875,0.0,20.58776464289816,0
36,2240459693072,383.8667683268231,4.0,-0.0003344773142195165,1
36,2240459693136,393.86683977428356,4.0,4.9926798665205784e-05,1
36,2240459693392,820.159034172361,3.9998899951376026,21.050234178519528,1
36,2240459693584,403.86695803741,4.0,9.834541090144684e-06,1
36,2240459693776,858.8028022616944,2.3106595319703878e-05,19.715021757774085,0
36,2240459693968,413.8669612768276,4.0,-1.9152275104735495e-07,1
36,2240459694160,423.86696047065027,4.0,3.0086154338936364e-15,1
36,2240459694352,428.86696047065027,4.0,2.866951913220274e-15,1
36,2240459694544,554.1265643863064,3.8126930645614148,1.160282660618265,1
36,2240459694736,566.925388992014,3.26379222183198,1.453799649163856,1
36,2240459694928,904.4883832872466,3.999997802832129,18.454002755734635,1
36,2240459695120,578.6508817945303,2.0836620709148064,0.681798922328323,1
36,2240459695312,589.1938316492375,4.0,-0.3317067488669858,1
36,2240459695568,937.5239698486198,1.0098450435678137e-07,16.974651383142298,0
36,2240459695824,598.4868837259628,4.0,-0.24858543588655976,1
36,2240459696080,608.2895705714453,4.0,-0.012567842841717457,1
36,2240459696336,981.4992773856586,0.0,16.357958689713737,0
36,2240459696592,963.7810688504843,3.9999999999997606,15.179906507249985,1
36,2240440389776,618.4015040333151,4.0,0.04875090250327873,1
36,2240450597200,628.4787005907825,4.0,0.015757833320258964,1
36,2240447968208,1022.4211793973839,1.317789532980569e-15,16.256830012045732,0
36,2240440583760,638.4813215092443,4.0,-0.0023587698204269106,1
36,2240445520976,648.4728796157807,4.0,-0.0017783196385255373,1
36,2240445521232,658.4713399009344,4.0,-8.790398521335086e-05,1
36,2240459569232,668.4716517270649,4.0,5.8333627764858094e-05,1
36,2240459568912,1061.028323620675,0.0,16.723090152687682,0
36,2240459569296,1101.4612653146676,0.0,17.148357956674328,0
36,2240459569680,1142.6496160999548,0.0,17.496696081667892,0
36,2240459570000,1187.1030276465847,0.0,17.88796412589956,0
36,2240459570320,678.4717317711087,4.0,4.73256123220391e-06,1
36,2240459570640,1235.0211407785218,0.0,18.30804693814623,0
36,2240459636944,688.4717294086532,4.0,-3.0172327836238813e-07,1
36,2240459636816,698.4717288407378,4.0,2.270554106498996e-15,1
36,2240459637136,703.4717288407378,4.0,1.8227330807810376e-15,1
36,2240459637456,1001.5724558100871,4.0,15.914988863955617,1
36,2240459637776,1285.4922666080138,0.0,18.758568324563143,0
36,2240459638096,1041.792991656994,4.0,16.396749489575054,1
36,2240459638416,1084.475779153112,4.0,16.841185843816515,1
36,2240459638736,1125.8713470941557,4.0,17.111764178596317,1
36,2240459639056,1335.9225894883125,0.0,19.094601782245615,0
36,2240459639376,1172.5908452999079,4.0,17.57511492606983,1
36,2240459639696,1221.3427417879388,4.0,18.06079602670092,1
36,2240459640016,1274.727242823579,4.0,18.581321874382937,1
36,2240459640336,1396.727247309879,0.0,19.63595437448769,0
36,2240459640656,1324.4531764572566,4.0,18.881485559920975,1
36,2240459640976,1464.5490005569002,0.0,20.28220668171026,0
36,2240459641296,1556.7078595125104,0.0,21.467311348602003,0
36,2240459641616,1377.9916279723577,4.0,19.242378020525294,1
36,2240459641936,1693.4584957529357,0.0,23.58619179130223,0
36,2240459642256,1435.5232261963606,4.0,19.66377021311804,1
36,2240459642576,1504.4743249873309,4.0,20.400314646260135,1
36,2240459642896,1586.9222614687394,4.0,21.273201588823802,1
36,2240459643216,1658.320760791257,4.0,21.494731192325236,1
36,2240440473872,647.1624219114,1.1705373010763794e-16,13.516836906516073,0
37,2240459690256,542.0678770736057,5.4133698071379275,0.5016099957165446,1
37,2240459687184,628.191952403342,1.3183166364794351e-17,12.237459382824598,0
37,2240459690000,697.6739695419359,1.7165057658905754e-15,15.825967992687984,0
37,2240459692240,363.8746571733526,4.0,-0.0023131631471854193,1
37,2240459692496,373.8677282763963,4.0,-0.0014714074569609954,1
37,2240459692688,739.6936701391443,2.5687859029294073,17.935374209803307,1
37,2240459692880,793.7079792339198,0.0,20.935542134511998,0
37,2240459693072,383.866580954245,4.0,-4.0253428575180074e-05,1
37,2240459693136,393.8668960877142,4.0,5.7035943002834265e-05,1
37,2240459693392,841.2613050558504,3.999989854420117,21.136409053219513,1
37,2240459693584,403.8669647647396,4.0,3.4444506993603738e-06,1
37,2240459693776,878.4980469948482,2.373135039669449e-06,19.661597125348276,0
37,2240459693968,413.8669609884681,4.0,-3.428686514520566e-07,1
37,2240459694160,423.86696047065027,4.0,1.0688538561467278e-15,1
37,2240459694352,428.86696047065027,4.0,1.0185258552193753e-15,1
37,2240459694544,555.3707268770943,3.3405466159173405,1.4778482074719033,1
37,2240459694736,567.9815258544942,3.920000959035513,1.2946156264216948,1
37,2240459694928,922.8535992720872,3.9999997514507775,18.26074778605534,1
37,2240459695120,579.5677777355073,0.9552224483956283,3.0701075468787593,0
37,2240459695312,588.8212352375191,4.0,-0.38956919357700803,1
37,2240459695568,954.4454921709603,1.2613845755838343e-08,16.86498428886386,0
37,2240459695824,598.2910002811086,4.0,-0.1312435758474828,1
37,2240459696080,608.3083093011211,4.0,0.047981233686359745,1
37,2240459696336,997.8615680291242,0.0,16.372770830865736,0
37,2240459696592,979.0945890754209,3.9999999999999662,15.457237140210207,1
37,2240440389776,618.448690613944,4.0,0.042392896753790134,1
37,2240450597200,628.4887596148711,4.0,0.003988020656498895,1
37,2240447968208,1038.7563334816068,-5.535690431041432e-16,16.421904169070423,0
37,2240440583760,638.4779747344134,4.0,-0.0040002937812033245,1
37,2240445520976,648.4714560892287,4.0,-0.00098866025363677,1
37,2240445521232,658.4713554181784,4.0,0.00010636326524743071,1
37,2240459569232,668.4717048232261,4.0,4.390250957529263e-05,1
37,2240459568912,1077.8135993372405,0.0,16.85415835747012,0
37,2240459569296,1118.6598338399076,0.0,17.254475466326056,0
37,2240459569680,1160.1888950608327,0.0,17.586916036263727,0
37,2240459570000,1205.027223164693,0.0,17.964854141456936,0
37,2240459570320,678.4717341669834,4.0,1.6961427136769068e-07,1
37,2240459570640,1253.359945518634,0.0,18.37339126577568,0
37,2240459636944,688.4717291027467,4.0,-2.805976392576639e-07,1
37,2240459636816,698.4717288407378,4.0,8.066469662360434e-16,1
37,2240459637136,703.4717288407378,4.0,6.475521132315952e-16,1
37,2240459637456,1017.5644014078101,4.0,16.07488941717918,1
37,2240459637776,1304.2771126440857,0.0,18.81442526450057,0
37,2240459638096,1058.244347497436,4.0,16.511121635690532,1
37,2240459638416,1101.3583542169888,4.0,16.92862761810141,1
37,2240459638736,1143.021392855423,4.0,17.192871892105238,1
37,2240459639056,1355.0394545250767,0.0,19.14192890821305,0
37,2240459639376,1190.198678891036,4.0,17.644578702009767,1
37,2240459639696,1239.4319600520314,4.0,18.12124304610959,1
37,2240459640016,1293.3336191161093,4.0,18.634716349133633,1
37,2240459640336,1416.3806030972323,0.0,19.672945314645194,0
37,2240459640656,1343.3580790655099,4.0,18.93134732144259,1
37,2240459640976,1484.8435263877059,0.0,20.308382523377993,0
37,2240459641296,1578.181899966951,0.0,21.481600775090534,0
37,2240459641616,1397.2548275984554,4.0,19.286676651708337,1
37,2240459641936,1717.0446875442365,0.0,23.58619179130223,0
37,2240459642256,1455.2042588302047,4.0,19.700467594472403,1
37,2240459642576,1524.8877455530726,4.0,20.428156490597747,1
37,2240459642896,1608.201367637488,4.0,21.285707452448772,1
37,2240459643216,1679.8154919835813,4.0,21.494731192325236,1
37,2240440473872,661.0922125007156,5.638229227295358e-16,14.381752430119164,0
38,2240459690256,543.0049201858372,5.348810768040709,1.36548600148208,1
38,2240459687184,640.8823429204393,6.586513093544041e-16,13.196055170264627,0
38,2240459690000,714.1250569594188,-5.260913528300235e-16,17.3095744096214,0
38,2240459692240,363.87167830702595,4.0,-0.0033691572978998504,1
38,2240459692496,373.86657940654595,4.0,-0.0007642440671921417,1
38,2240459692688,758.0582440796384,3.8323298315324577,18.91334125595692,1
38,2240459692880,814.7393366807175,0.0,21.116671089337654,0
38,2240459693072,383.86662637359746,4.0,0.00011816300028412552,1
38,2240459693136,393.8669459013738,4.0,3.9150656061383215e-05,1
38,2240459693392,862.3911680452529,3.9999990636625395,21.105636490225574,1
38,2240459693584,403.86696606634376,4.0,-6.593978910151179e-07,1
38,2240459693776,898.1145152339268,2.4537323501019935e-07,19.557813084076358,0
38,2240459693968,413.8669606677981,4.0,-2.7171367511140096e-07,1
38,2240459694160,423.86696047065027,4.0,3.797256880787905e-16,1
38,2240459694352,428.86696047065027,4.0,3.6184594271241785e-16,1
38,2240459694544,556.5281845725483,2.277464374475346,1.7576707716769666,1
38,2240459694736,570.0697535843565,3.922853542167605,2.8101002405373485,1
38,2240459694928,941.0201349931134,3.9999999714854404,18.058538492807887,1
38,2240459695120,583.9317802402052,0.5039668369074386,5.895929846704348,0
38,2240459695312,588.4600822130408,4.0,-0.31017440936735413,1
38,2240459695568,971.2686752136215,1.5858777511464225e-09,16.779922370589144,0
38,2240459695824,598.216372073995,4.0,-0.013875645853276324,1
38,2240459696080,608.3699561653511,4.0,0.07074206040373432,1
38,2240459696336,1014.2519453769764,0.0,16.41459579065237,0
38,2240459696592,994.662995886399,3.999999999999996,15.687855654081956,1
38,2240440389776,618.4833818189002,4.0,0.024922396503217443,1
38,2240450597200,628.4886634784469,4.0,-0.0039013812052515937,1
38,2240447968208,1055.2494903805073,-1.195782770035482e-15,16.57205567383062,0
38,2240440583760,638.474077553932,4.0,-0.0035023665326822046,1
38,2240445520976,648.4708340832991,4.0,-0.00024057591378802,1
38,2240445521232,658.4714974026751,4.0,0.00016182393828174764,1
38,2240459569232,668.4717380447497,4.0,2.098644662790213e-05,1
38,2240459568912,1094.7244870301167,0.0,16.973860686916645,0
38,2240459569296,1135.9608408510246,0.0,17.352932385332732,0
38,2240459569680,1177.8158079191905,0.0,17.671724957748552,0
38,2240459570000,1223.0264117856436,0.0,18.037757116503716,0
38,2240459570320,678.4717331840358,4.0,-1.884382114792934e-06,1
38,2240459570640,1271.7626523358067,0.0,18.435692648243624,0
38,2240459636944,688.4717288745,4.0,-1.6256677065289206e-07,1
38,2240459636816,698.4717288407378,4.0,2.8657292344427134e-16,1
38,2240459637136,703.4717288407378,4.0,2.300521912791669e-16,1
38,2240459637456,1033.7042643396067,4.0,16.21040538086621,1
38,2240459637776,1323.116656143627,0.0,18.867830132964524,0
38,2240459638096,1074.8037614885188,4.0,16.612648839804297,1
38,2240459638416,1118.3253639938346,4.0,17.00992322669758,1
38,2240459638736,1160.250247939104,4.0,17.26919656002533,1
38,2240459639056,1374.2026725367873,0.0,19.187195121929747,0
38,2240459639376,1207.8743452505098,4.0,17.710625106453936,1
38,2240459639696,1257.5804637183242,4.0,18.17924597012169,1
38,2240459640016,1311.9926297910943,4.0,18.686493965226393,1
38,2240459640336,1436.0701856276733,0.0,19.708319005048295,0
38,2240459640656,1362.3120220717485,4.0,18.97946347503543,1
38,2240459640976,1505.1636578864425,0.0,20.333352150416015,0
38,2240459641296,1599.6698964703667,0.0,21.495185199553692,0
38,2240459641616,1416.561503563089,4.0,19.32923108938044,1
38,2240459641936,1740.6308793355372,0.0,23.58619179130223,0
38,2240459642256,1474.9212350898185,4.0,19.73556919716074,1
38,2240459642576,1545.328386799063,4.0,20.45468440067388,1
38,2240459642896,1629.4926040171001,4.0,21.297419597024923,1
38,2240459643216,1701.3102231759055,4.0,21.494731192325236,1
38,2240440473872,675.8517137321728,1.0372033663478138e-15,15.21404748424544,0
39,2240459690256,544.4632334866908,4.740372456111338,1.8173218848492114,1
39,2240459687184,654.5034696159304,1.3514592526339989e-15,14.098453255818624,0
39,2240459690000,732.0534130933436,-8.084815986406683e-16,18.54693330152835,0
39,2240459692240,363.8684834927456,4.0,-0.0027899400351799877,1
39,2240459692496,373.8661272970102,4.0,-0.00013261895643274513,1
39,2240459692688,777.2950516393655,3.9823499286612036,19.556778646862835,1
39,2240459692880,835.8956433801998,0.0,21.185428478865838,0
39,2240459693072,383.866768986439,4.0,0.00015250093460656257,1
39,2240459693136,393.8669742077563,4.0,1.63414194362697e-05,1
39,2240459693392,883.4513512064407,3.999999912965984,20.996928808657927,1
39,2240459693584,403.86696450294806,4.0,-2.198598836588663e-06,1
39,2240459693776,917.6110284779323,2.5606586996245387e-08,19.42201329509722,0
39,2240459693968,413.86696045873083,4.0,-1.3650917095594294e-07,1
39,2240459694160,423.86696047065027,4.0,1.349030060168645e-16,1
39,2240459694352,428.86696047065027,4.0,1.2855096960620353e-16,1
39,2240459694544,558.2380941580883,0.7950815284470026,3.840833156108175,0
39,2240459694736,572.7266703855864,3.0313139424462165,3.1323880300025566,1
39,2240459694928,958.9852586986269,3.9999999966826043,17.859849736039646,1
39,2240459695120,591.1263673330352,0.15146640184949675,8.684595516814872,0
39,2240459695312,588.2159795845289,4.0,-0.16282514059216896,1
39,2240459695568,988.018666946169,2.0033729648243287e-10,16.7202634256609,0
39,2240459695824,598.2442425740335,4.0,0.06719792029286507,1
39,2240459696080,608.4388212513979,4.0,0.062355502176278076,1
39,2240459696336,1030.6938162465653,0.0,16.475901838243022,0
39,2240459696592,1010.4432815652724,3.9999999999999996,15.879742578533453,1
39,2240440389776,618.4995033322192,4.0,0.006641238502456297,1
39,2240450597200,628.4829591232085,4.0,-0.006958692672544409,1
39,2240447968208,1071.8863804257421,8.09880734932051e-17,16.708731048795826,0
39,2240440583760,638.4712259787185,4.0,-0.002033791956855913,1
39,2240445520976,648.4708366571948,4.0,0.00022190776845261678,1
39,2240445521232,658.4716490668897,4.0,0.00012992537786887538,1
39,2240459569232,668.4717498126247,4.0,2.6835982193886467e-06,1
39,2240459568912,1111.750438293832,0.0,17.083903040142626,0
39,2240459569296,1153.357173080742,0.0,17.44485819168363,0
39,2240459569680,1195.5252643050765,0.0,17.751785286356387,0
39,2240459570000,1241.096798943134,0.0,18.107072377532653,0
39,2240459570320,678.471731103214,4.0,-2.060641434850834e-06,1
39,2240459570640,1290.2263374568267,0.0,18.495199955170666,0
39,2240459636944,688.471728767206,4.0,-5.055072748583702e-08,1
39,2240459636816,698.4717288407378,4.0,1.0180914810180395e-16,1
39,2240459637136,703.4717288407378,4.0,8.172934599538293e-17,1
39,2240459637456,1049.9707594828271,4.0,16.327843469294926,1
39,2240459637776,1342.0085273039774,0.0,18.91895569245037,0
39,2240459638096,1091.4600076409229,4.0,16.70460115717571,1
39,2240459638416,1135.3713523674653,4.0,17.086451922568358,1
39,2240459638736,1177.5534692104125,4.0,17.34143031208299,1
39,2240459639056,1393.410250045192,0.0,19.23054231815539,0
39,2240459639376,1225.6146158893016,4.0,17.773642381973442,1
39,2240459639696,1275.7859186390015,4.0,18.23503111393351,1
39,2240459640016,1330.702687436234,4.0,18.736715901085287,1
39,2240459640336,1455.7944293519186,0.0,19.742184357432286,0
39,2240459640656,1381.3132970085235,4.0,19.025912702375926,1
39,2240459640976,1525.5082284829557,0.0,20.35719905288633,0
39,2240459641296,1621.171167865868,0.0,21.508114828136446,0
39,2240459641616,1435.9099575096407,4.0,19.3701383362248,1
39,2240459641936,1764.217071126838,0.0,23.58619179130223,0
39,2240459642256,1494.6726086765373,4.0,19.76917934612463,1
39,2240459642576,1565.7949783581546,4.0,20.47999011833263,1
39,2240459642896,1650.7952054873926,4.0,21.308398228658717,1
39,2240459643216,1722.8049543682298,4.0,21.494731192325236,1
39,2240440473872,691.4943355203549,1.5389080733917313e-15,16.13746086749648,0
40,2240459690256,545.8132935438356,3.1087642719079702,2.5552843397188867,1
40,2240459687184,669.0049012342972,1.3231089147540415e-16,14.952898750725018,0
40,2240459690000,751.0026640893917,-1.1069519997599417e-15,19.341059621031388,0
40,2240459692240,363.8662641531709,4.0,-0.0015229404223202673,1
40,2240459692496,373.86619104483714,4.0,0.00023656460183987078,1
40,2240459692688,797.0552958678645,3.9982111411476895,19.95753954222711,1
40,2240459692880,857.0831390150994,0.0,21.178990955817333,0
40,2240459693072,383.8669071315345,4.0,0.00011376877163730539,1
40,2240459693136,393.8669820749062,4.0,-2.3458022857025297e-07,1
40,2240459693392,904.3762751903887,3.9999999918168423,20.834697722526833,1
40,2240459693584,403.8669622863615,4.0,-2.030613226100077e-06,1
40,2240459693776,936.9617185862922,2.701274023533895e-09,19.266540824454577,0
40,2240459693968,413.8669603771445,4.0,-2.7561527515782535e-08,1
40,2240459694160,423.86696047065027,4.0,4.7926230970737105e-17,1
40,2240459694352,428.86696047065027,4.0,4.56695787793559e-17,1
40,2240459694544,561.7722688436589,0.3190853383091972,3.070432550686833,0
40,2240459694736,574.9259182871507,0.9691934872855948,4.262955189795778,0
40,2240459694928,976.7567175405438,3.9999999996088893,17.673152944621325,1
40,2240459695120,601.0636483107362,0.03285447929115734,11.33659034301988,0
40,2240459695312,588.1249514985503,4.0,-0.013564987065810304,1
40,2240459695568,1004.7205403140001,2.53850364624579e-11,16.685036382143142,0
40,2240459695824,598.3302526037639,4.0,0.0988007650802782,1
40,2240459696080,608.490234101347,4.0,0.03735875582994412,1
40,2240459696336,1047.203606863528,0.0,16.550373629471608,0
40,2240459696592,1026.4003681778452,3.9999999999999996,16.04060166906326,1
40,2240440389776,618.4996137816253,4.0,-0.006059311491330757,1
40,2240450597200,628.4760774566377,4.0,-0.0062939661409131395,1
40,2240447968208,1088.6542675326157,1.3678120716940465e-15,16.833523458824686,0
40,2240440583760,638.469908756077,4.0,-0.0005585470413496706,1
40,2240445520976,648.471152899498,4.0,0.0003756921531136729,1
40,2240445521232,658.4717504119012,4.0,6.745405484374182e-05,1
40,2240459569232,668.4717473823779,4.0,-6.683634896868147e-06,1
40,2240459568912,1128.8824899730625,0.0,17.185733372687505,0
40,2240459569296,1170.8427398578933,0.0,17.531161383001297,0
40,2240459569680,1213.3127762592967,0.0,17.82763623456494,0
40,2240459570000,1259.2349575632784,0.0,18.173133939622847,0
40,2240459570320,678.471729337758,4.0,-1.351514173850358e-06,1
40,2240459570640,1308.7483100741488,0.0,18.552129264563586,0
40,2240459636944,688.4717287515995,4.0,1.534437525148263e-08,1
40,2240459636816,698.4717288407378,4.0,3.616916250369588e-17,1
40,2240459637136,703.4717288407378,4.0,2.903552432903045e-17,1
40,2240459637456,1066.3480924148573,4.0,16.431835644014477,1
40,2240459637776,1360.9505203382248,0.0,18.967956537706282,0
40,2240459638096,1108.2046563208992,4.0,16.78928859485499,1
40,2240459638416,1152.4920116841167,4.0,17.15913165223947,1
40,2240459638736,1194.9272208217437,4.0,17.410094737504433,1
40,2240459639056,1412.6603289261632,0.0,19.272098718993714,0
40,2240459639376,1243.4166114600475,4.0,17.83393960821154,1
40,2240459639696,1294.0461949741875,4.0,18.288780236884232,1
40,2240459640016,1349.4622615888159,4.0,18.78543514028783,1
40,2240459640336,1475.5518729024036,0.0,19.774640367367162,0
40,2240459640656,1400.3602718926672,4.0,19.070769165030157,1
40,2240459640976,1545.8761514085431,0.0,20.37999898868797,0
40,2240459641296,1642.6850809565133,0.0,21.52043515862748,0
40,2240459641616,1455.2985849748497,4.0,19.409488835569125,1
40,2240459641936,1787.8032629181387,0.0,23.58619179130223,0
40,2240459642256,1514.4569333076408,4.0,19.801393319775215,1
40,2240459642576,1586.286337530376,4.0,20.504156846265587,1
40,2240459642896,1672.1084644190023,4.0,21.31869786353473,1
40,2240459643216,1744.299685560554,4.0,21.494731192325236,1
40,2240440473872,708.0556974219719,1.199149831603132e-15,17.03157601125328,0
41,2240459690256,547.8795145051376,2.1905360806601784,3.2376843198548406,1
41,2240459687184,684.3345425469747,-9.871498401288584e-16,15.745733284418245,0
41,2240459690000,770.5871414725264,-1.4154278767998597e-15,19.817215025120674,0
41,2240459692240,363.8653286231191,4.0,-0.0003229524781023427,1
41,2240459692496,373.8664948882303,4.0,0.00034015418680854824,1
41,2240459692688,817.1349181281911,3.9998223525180068,20.196207595083983,1
41,2240459692880,878.2388057071086,0.0,21.121526245818735,0
41,2240459693072,383.8669929021843,4.0,5.36458109659338e-05,1
41,2240459693136,393.8669776234959,4.0,-7.747111211826024e-06,1
41,2240459693392,925.1201084912439,3.9999999992194213,20.634195225326366,1
41,2240459693584,403.86696063100015,4.0,-1.1824986030653503e-06,1
41,2240459693776,956.1511805880518,2.8830865485950613e-10,19.100033608672938,0
41,2240459693968,413.86696037992294,4.0,2.8111711628936837e-08,1
41,2240459694160,423.86696047065027,4.0,1.7026482084270954e-17,1
41,2240459694352,428.86696047065027,4.0,1.6224773973102287e-17,1
41,2240459694544,564.1781678758786,1.6669024054815638,3.2175477516255264,0
41,2240459694736,580.2349346416281,0.38528690931234505,6.618365373128427,0
41,2240459694928,994.3493365275008,3.999999999953325,17.504085339127013,1
41,2240459695120,613.5450147662114,0.005630081004394002,13.732809760301992,0
41,2240459695312,588.1652939346071,4.0,0.09150582517195414,1
41,2240459695568,1021.3977870456891,3.2209692654575695e-12,16.67205823612363,0
41,2240459695824,598.42686916267,4.0,0.08804631205898288,1
41,2240459696080,608.5146671129984,4.0,0.010371844087068484,1
41,2240459696336,1063.7920366866701,0.0,16.632997080862232,0
41,2240459696592,1042.5064773514537,3.9999999999999996,16.17719773758374,1
41,2240440389776,618.4905094701669,4.0,-0.011308539875609355,1
41,2240450597200,628.4708744623515,4.0,-0.0037981627789354087,1
41,2240447968208,1105.5420056592202,2.9247898105636868e-16,16.94799573345206,0
41,2240440583760,638.4698524679701,4.0,0.00040715960407375107,1
41,2240445520976,648.4715142926378,4.0,0.0003191391669849216,1
41,2240445521232,658.4717908310075,4.0,1.3040546603028043e-05,1
41,2240459569232,668.4717393730824,4.0,-8.46388539147406e-06,1
41,2240459568912,1146.113011246563,0.0,17.280556045256514,0
41,2240459569296,1188.4122725564519,0.0,17.612572335856058,0
41,2240459569680,1231.1743481748244,0.0,17.899720838844395,0
41,2240459570000,1277.4377697316743,0.0,18.23622473953571,0
41,2240459570320,678.4717283827013,4.0,-5.278803875511935e-07,1
41,2240459570640,1327.3260826457836,0.0,18.60667016622575,0
41,2240459636944,688.4717287798899,4.0,3.654490499804306e-08,1
41,2240459636816,698.4717288407378,4.0,1.2849614603499271e-17,1
41,2240459637136,703.4717288407378,4.0,1.0315287156578312e-17,1
41,2240459637456,1082.8244721358117,4.0,16.525731953390892,1
41,2240459637776,1379.9405766980378,0.0,19.014971943455116,0
41,2240459638096,1125.0312470704284,4.0,16.868332545148363,1
41,2240459638416,1169.6837994532696,4.0,17.2285759097112,1
41,2240459638736,1212.36812983282,4.0,17.475593218617078,1
41,2240459639056,1431.9511735845874,0.0,19.311980630776212,0
41,2240459639376,1261.2777333789131,4.0,17.891768336921913,1
41,2240459639696,1312.3593287331428,4.0,18.340642803401312,1
41,2240459640016,1368.2698724750283,4.0,18.8327002480326,1
41,2240459640336,1495.3411497256745,0.0,19.80577725809931,0
41,2240459640656,1419.4513871215693,4.0,19.114103313242303,1
41,2240459640976,1566.2664123938912,0.0,20.401820880826282,0
41,2240459641296,1664.2110460594567,0.0,21.532187528241245,0
41,2240459641616,1474.7258690857288,4.0,19.447367003944812,1
41,2240459641936,1811.3894547094394,0.0,23.58619179130223,0
41,2240459642256,1534.2728541386307,4.0,19.832298329373806,1
41,2240459642576,1606.8013612239508,4.0,20.527260249042858,1
41,2240459642896,1693.431725304556,4.0,21.32836799737522,1
41,2240459643216,1765.7944167528783,4.0,21.494731192325236,1
41,2240440473872,725.3708388002086,0.6563724248132772,17.811902283738206,0
42,2240459690256,550.8041168993951,3.6469996811294365,3.585010969982958,1
42,2240459687184,700.4373726789116,-1.6811563876719002e-16,16.812003570566937,0
42,2240459690000,790.5444253026666,-1.7297758429160563e-15,20.08949939178493,0
42,2240459692240,363.8653983720653,4.0,0.00042472805573975984,1
42,2240459692496,373.86681251407674,4.0,0.00027149189740279997,1
42,2240459692688,837.4007130233584,3.9999825582488513,20.330777325201996,1
42,2240459692880,899.3193247928192,0.0,21.02828436939644,0
42,2240459693072,383.8670221751296,4.0,5.150175559124911e-06,1
42,2240459693136,393.86696919303796,4.0,-8.286757652604107e-06,1
42,2240459693392,945.6495586740352,3.999999999924301,20.405420765010653,1
42,2240459693584,403.86695985159514,4.0,-3.624040420642041e-07,1
42,2240459693776,975.1715003302352,3.114533725252305e-11,18.92886779994441,0
42,2240459693968,413.8669604164153,4.0,4.0122175008333983e-08,1
42,2240459694160,423.86696047065027,4.0,6.048902371292417e-18,1
42,2240459694352,428.86696047065027,4.0,5.764084047064864e-18,1
42,2240459694544,567.1673014045057,3.282621888599706,4.345465499192633,1
42,2240459694736,587.9961787850145,0.10597777369647288,9.081249947866263,0
42,2240459694928,1011.7825236348906,3.99999999999437,17.35611619669521,1
42,2240459695120,628.2545605998259,0.0008075799352572308,15.752064836826543,0
42,2240459695312,588.2817593769428,4.0,0.13372247750361516,1
42,2240459695568,1038.071346495886,4.0842237152270047e-13,16.67843695617103,0
42,2240459695824,598.499923709004,4.0,0.053587534025346426,1
42,2240459696080,608.51514862273,4.0,-0.008975207407167755,1
42,2240459696336,1080.4653911020407,0.0,16.71997615840921,0
42,2240459696592,1058.7400552242743,3.9999999999999996,16.295123334364174,1
42,2240440389776,618.4791752750352,4.0,-0.010528322982920965,1
42,2240450597200,628.468352720075,4.0,-0.0011483199911439814,1
42,2240447968208,1122.5399570149834,-9.192433794631576e-16,17.053581744206106,0
42,2240440583760,638.4704739714946,4.0,0.0007681294249426571,1
42,2240445520976,648.4717696806337,4.0,0.00017722735030665013,1
42,2240445521232,658.4717874468325,4.0,-1.7642150968828186e-05,1
42,2240459569232,668.4717318099677,4.0,-6.1132197794761e-06,1
42,2240459568912,1163.4354725073204,0.0,17.369360044374794,0
42,2240459569296,1206.0611642490605,0.0,17.689680250769115,0
42,2240459569680,1249.1063909002214,0.0,17.968407027377893,0
42,2240459570000,1295.702380863793,0.0,18.296587344230485,0
42,2240459570320,678.4717281438478,4.0,3.086089372085991e-08,1
42,2240459570640,1345.9573467367825,0.0,18.65899052258403,0
42,2240459636944,688.4717288152638,4.0,3.105165751152574e-08,1
42,2240459636816,698.4717288407378,4.0,4.565010191806073e-18,1
42,2240459637136,703.4717288407378,4.0,3.664653956886976e-18,1
42,2240459637456,1099.3909893224702,4.0,16.611931299561686,1
42,2240459637776,1398.9767708315112,0.0,19.060128079378398,0
42,2240459638096,1141.934699779838,4.0,16.942868566177985,1
42,2240459638416,1186.9436873444856,4.0,17.29520078939276,1
42,2240459638736,1229.8731855154595,4.0,17.538245968392083,1
42,2240459639056,1451.281159742276,0.0,19.35029390572312,0
42,2240459639376,1279.1956136713095,4.0,17.94733741845665,1
42,2240459639696,1330.7234937014891,4.0,18.390744484282237,1
42,2240459640016,1387.1240876888203,4.0,18.878557494696892,1
42,2240459640336,1515.1609797804904,0.0,19.835677462509445,0
42,2240459640656,1438.585151993158,4.0,19.15598233454298,1
42,2240459640976,1586.6780632038858,0.0,20.422727589321894,0
42,2240459641296,1685.7485130713214,0.0,21.54340958544956,0
42,2240459641616,1494.190374751035,4.0,19.483851688078673,1
42,2240459641936,1834.9756465007401,0.0,23.58619179130223,0
42,2240459642256,1554.1191001024913,4.0,19.86197436894555,1
42,2240459642576,1627.3390188283954,4.0,20.549369311240863,1
42,2240459642896,1714.7643800132957,4.0,21.337453679488608,1
42,2240459643216,1787.2891479452026,4.0,21.494731192325236,1
42,2240440473872,743.4066584341718,3.539739498938551,19.13316268683081,1
43,2240459690256,554.1445244886748,2.6969050365933547,4.012809162230776,1
43,2240459687184,718.0323517424717,7.268133586341583e-16,18.409599637738125,0
43,2240459690000,810.7116151495071,-2.047430046994639e-15,20.23970449377575,0
43,2240459692240,363.865975265742,4.0,0.000671082251813014,1
43,2240459692496,373.8670239711469,4.0,0.0001400789145974396,1
43,2240459692688,857.7678730084792,3.999998297732227,20.399560142477533,1
43,2240459692880,920.2937330434137,0.0,20.90879033751514,0
43,2240459693072,383.8670136295213,4.0,-1.9970606659117815e-05,1
43,2240459693136,393.8669620977967,4.0,-5.4310554816625925e-06,1
43,2240459693392,965.9399012314287,3.9999999999925246,20.155656107686372,1
43,2240459693584,403.86695975026447,4.0,1.3191651537097906e-07,1
43,2240459693776,994.020430156379,3.405382782656094e-12,18.758010665519137,0
43,2240459693968,413.866960452596,4.0,2.9444725505995246e-08,1
43,2240459694160,423.86696047065027,4.0,2.148959468922128e-18,1
43,2240459694352,428.86696047065027,4.0,2.0477736673995018e-18,1
43,2240459694544,570.8973188373924,1.9090893135798406,4.342837177407053,0
43,2240459694736,598.2080815467838,0.022285457080910502,11.482015477615699,0
43,2240459694928,1029.0783155032389,3.999999999999315,17.23097943204408,1
43,2240459695120,644.7987004840031,0.00010132774886416175,17.380809233017498,0
43,2240459695312,588.4129757038414,4.0,0.1201889408859175,1
43,2240459695568,1054.759098787586,5.185505264757487e-14,16.700987161921866,0
43,2240459695824,598.5352794664187,4.0,0.01535061083546287,1
43,2240459696080,608.501343171282,4.0,-0.017414072287603385,1
43,2240459696336,1097.2266643171188,0.0,16.808562137495365,0
43,2240459696592,1075.0845922670444,3.9999999999999996,16.3988127308293,1
43,2240440389776,618.4703535197235,4.0,-0.006571519266716846,1
43,2240450597200,628.4681449112206,4.0,0.0006773053551950956,1
43,2240447968208,1139.6398386961462,-7.539015248685795e-16,17.151541778967687,0
43,2240440583760,638.4712308295581,4.0,0.000686699239301254,1
43,2240445520976,648.4718812448547,4.0,4.3470934234503325e-05,1
43,2240445521232,658.4717644586877,4.0,-2.5764212963673774e-05,1
43,2240459569232,668.4717272754687,4.0,-2.759803885854323e-06,1
43,2240459568912,1180.8442451969138,0.0,17.452951818049524,0
43,2240459569296,1223.785343281744,0.0,17.762963624515823,0
43,2240459569680,1267.1056545618221,0.0,18.034003850814763,0
43,2240459570000,1314.0261632939728,0.0,18.354432034068168,0
43,2240459570320,678.4717283066307,4.0,2.6106850183780633e-07,1
43,2240459570640,1364.6399530718465,0.0,18.709240115163333,0
43,2240459636944,688.4717288397782,4.0,1.6688621240078207e-08,1
43,2240459636816,698.4717288407378,4.0,1.6217854538312964e-18,1
43,2240459637136,703.4717288407378,4.0,1.3019209664137107e-18,1
43,2240459637456,1116.040792486651,4.0,16.69214206611195,1
43,2240459637776,1418.057297930734,0.0,19.103539768133032,0
43,2240459638096,1158.9109017044568,4.0,17.01369386144767,1
43,2240459638416,1204.2689995785129,4.0,17.359296415613784,1
43,2240459638736,1247.4396679333279,4.0,17.59831355772728,1
43,2240459639056,1470.6487645747995,0.0,19.387135171618155,0
43,2240459639376,1297.1680773874464,4.0,18.000823318834147,1
43,2240459639696,1349.1369805949985,4.0,18.439193100218258,1
43,2240459640016,1406.0235204801488,4.0,18.923051967932583,1
43,2240459640336,1535.010162153253,0.0,19.864416470944377,0
43,2240459640656,1457.760141571408,4.0,19.1964704032251,1
43,2240459640976,1607.1102158938982,0.0,20.442776578321617,0
43,2240459641296,1707.2969679747396,0.0,21.554135698065384,0
43,2240459641616,1513.6907432846817,4.0,19.51901657146877,1
43,2240459641936,1858.5618382920409,0.0,23.58619179130223,0
43,2240459642256,1573.994477046767,4.0,19.890494956870715,1
43,2240459642576,1647.8983458886419,4.0,20.57054707706675,1
43,2240459642896,1736.1058635815205,4.0,21.345996007443922,1
43,2240459643216,1808.7838791375268,4.0,21.494731192325236,1
43,2240440473872,763.1893111980237,3.9533413366389714,20.45930788958448,1
44,2240459690256,557.3864949940503,1.5363444863190063,4.586283556621368,0
44,2240459687184,737.0188658616765,1.692519653791765e-15,19.573078150155837,0
44,2240459690000,830.9928336524637,-2.366880320940947e-15,20.31934982699155,0
44,2240459692240,363.8666178976796,4.0,0.0005659867669514043,1
44,2240459692496,373.8671066118291,4.0,2.4161177194391143e-05,1
44,2240459692688,878.1827988507712,3.9999998342892824,20.426609376064693,1
44,2240459692880,941.1388132715238,0.0,20.7690796602343,0
44,2240459693072,383.8669901214141,4.0,-2.464243738942142e-05,1
44,2240459693136,393.8669582679861,4.0,-2.0959801532259048e-06,1
44,2240459693392,985.9730466044197,3.999999999999247,19.89100044646336,1
44,2240459693584,403.8669599816998,4.0,2.9566992051782827e-07,1
44,2240459693776,1012.7002237776555,3.772973378970733e-13,18.59148944579637,0
44,2240459693968,413.86696047455257,4.0,1.3569434468691348e-08,1
44,2240459694160,423.86696047065027,4.0,7.634487243482125e-19,1
44,2240459694352,428.86696047065027,4.0,7.275010146720744e-19,1
44,2240459694544,575.9396645404119,0.5456962502701533,6.731286492942501,0
44,2240459694736,610.7418607374183,0.00380124464239337,13.690895848772575,0
44,2240459694928,1046.2598064401889,3.999999999999916,17.12901750834634,1
44,2240459695120,662.7918219172042,1.1497486018523663e-05,18.626497845917253,0
44,2240459695312,588.5132161986064,4.0,0.07409099786715348,1
44,2240459695568,1071.4757259812714,6.676404651363122e-15,16.736542441574485,0
44,2240459695824,598.5363015544876,4.0,-0.01282097966733171,1
44,2240459696080,608.4836836772292,4.0,-0.01662697610730086,1
44,2240459696336,1114.076513652962,0.0,16.896852741855145,0
44,2240459696592,1091.5275217415942,3.9999999999999996,16.491676646774867,1
44,2240440389776,618.465897038131,4.0,-0.002146848813461623,1
44,2240450597200,628.4692565860975,4.0,0.0014269956884818743,1
44,2240447968208,1156.834542102022,5.656777902591421e-16,17.242952174513515,0
44,2240440583760,638.4717928432584,4.0,0.0004039389762663153,1
44,2240445520976,648.4718816620024,4.0,-3.821705844910301e-05,1
44,2240445521232,658.4717405843312,4.0,-2.017003899993641e-05,1
44,2240459569232,668.4717258112433,4.0,-2.070980377298198e-07,1
44,2240459568912,1198.3344344785505,0.0,17.53198745363676,0
44,2240459569296,1241.5811744266855,0.0,17.832814640132522,0
44,2240459569680,1285.1691757622968,0.0,18.0967739090483,0
44,2240459570000,1332.4066869911142,0.0,18.40994294034343,0
44,2240459570320,678.4717285810626,4.0,2.6083799410638535e-07,1
44,2240459570640,1383.3718948347355,0.0,18.757553479593195,0
44,2240459636944,688.4717288502632,4.0,4.262850338974901e-09,1
44,2240459636816,698.4717288407378,4.0,5.761625818447934e-19,1
44,2240459637136,703.4717288407378,4.0,4.625261273584109e-19,1
44,2240459637456,1132.7684942130534,4.0,16.767579092383354,1
44,2240459637776,1437.1804632724647,0.0,19.145311907837204,0
44,2240459638096,1175.9564211947131,4.0,17.08137241276558,1
44,2240459638416,1221.6573104170025,4.0,17.421073602572456,1
44,2240459638736,1265.0650962326445,4.0,17.656012824476036,1
44,2240459639056,1490.0525579882349,0.0,19.422592876302215,0
44,2240459639376,1315.1931138300401,4.0,18.052377424619625,1
44,2240459639696,1367.5981812866034,4.0,18.4860828176142,1
44,2240459640016,1424.9668288478733,4.0,18.96622808321247,1
44,2240459640336,1554.8875684673196,0.0,19.892063566942326,0
44,2240459640656,1476.9749937468855,4.0,19.235628825830123,1
44,2240459640976,1627.5620376908064,0.0,20.46202049507894,0
44,2240459641296,1728.855929727136,0.0,21.56439730755591,0
44,2240459641616,1533.2256874178513,4.0,19.552930544454888,1
44,2240459641936,1882.1480300833416,0.0,23.58619179130223,0
44,2240459642256,1593.8978615682504,4.0,19.91792778589977,1
44,2240459642576,1668.4784384711238,4.0,20.59085129094589,1
44,2240459642896,1757.4556504657255,4.0,21.35403255528578,1
44,2240459643216,1830.278610329851,4.0,21.494731192325236,1
44,2240440473872,784.1060159413332,3.9957023732651544,21.37258743731317,1
45,2240459690256,561.9469890962546,3.4540613560136513,5.800981253083367,1
45,2240459687184,756.9895238233339,7.46682978977974e-16,20.36688947314619,0
45,2240459690000,851.3330110154538,-1.1121125285473554e-15,20.358641060662798,0
45,2240459692240,363.8670703173075,4.0,0.0003129311052686901,1
45,2240459692496,373.8670952959453,4.0,-4.227619127009438e-05,1
45,2240459692688,898.6112054561279,3.999999983874687,20.426570708658662,1
45,2240459692880,961.836348832399,0.0,20.6131796246632,0
45,2240459693072,383.86696810586363,4.0,-1.7811775141862514e-05,1
45,2240459693136,393.8669573585813,4.0,2.0468077322422548e-07,1
45,2240459693392,1005.7368008584641,3.9999999999999223,19.617220581161455,1
45,2240459693584,403.86696026872863,4.0,2.5340300717075055e-07,1
45,2240459693776,1031.2168192393399,4.174705075656606e-14,18.43262294217012,0
45,2240459693968,413.8669604820882,4.0,1.7351601082242148e-09,1
45,2240459694160,423.86696047065027,4.0,2.7122612740633026e-19,1
45,2240459694352,428.86696047065027,4.0,2.584551871013217e-19,1
45,2240459694544,583.819745912234,0.14803558549794182,9.217210934125646,0
45,2240459694736,625.3509289378294,0.0005499602363164243,15.596606185409968,0
45,2240459694928,1063.349905554067,3.9999999999999893,17.0494969163693,1
45,2240459695120,681.863609987218,1.2132352520480516e-06,19.524092622975743,0
45,2240459695312,588.5624285997338,4.0,0.021708491159729185,1
45,2240459695568,1088.2328370620573,3.1606781791836886e-16,16.78216517826302,0
45,2240459695824,598.5162032605942,4.0,-0.02567413830271185,1
45,2240459696080,608.4695855590898,4.0,-0.010687211667046129,1
45,2240459696336,1131.0140134133458,0.0,16.983596888147904,0
45,2240459696592,1108.059277593461,3.9999999999999996,16.57627961918021,1
45,2240440389776,618.465380483063,4.0,0.0010444447466644103,1
45,2240450597200,628.4706943994429,4.0,0.001336755444393964,1
45,2240447968208,1174.117952185242,1.0092873374755194e-15,17.328714664239026,0
45,2240440583760,638.4720573284008,4.0,0.00011673531407742394,1
45,2240445520976,648.4718270908719,4.0,-6.470714977685329e-05,1
45,2240445521232,658.4717250447703,4.0,-1.0123819228838205e-05,1
45,2240459569232,668.4717262852189,4.0,1.0246312770802618e-06,1
45,2240459568912,1215.9017426900136,0.0,17.607001563885976,0
45,2240459569296,1259.4453818891977,0.0,17.899558284334386,0
45,2240459569680,1303.2942357711563,0.0,18.15694284235009,0
45,2240459570000,1350.8416957042186,0.0,18.4632827432995,0
45,2240459570320,678.4717287988186,4.0,1.6094456552556735e-07,1
45,2240459570640,1402.151293509213,0.0,18.8040521436528,0
45,2240459636944,688.471728850877,4.0,-2.522993103738811e-09,1
45,2240459636816,698.4717288407378,4.0,2.0469003463672107e-19,1
45,2240459637136,703.4717288407378,4.0,1.6431905162297572e-19,1
45,2240459637456,1149.569748997801,4.0,16.839108432287762,1
45,2240459637776,1456.3446728583358,0.0,19.185540643573407,0
45,2240459638096,1193.0683111070516,4.0,17.146308747952336,1
45,2240459638416,1239.1063799113679,4.0,17.480693702650825,1
45,2240459638736,1282.747190321013,4.0,17.711527750394094,1
45,2240459639056,1509.4911948678987,0.0,19.456748182230235,0
45,2240459639376,1333.268854072364,4.0,18.102131312925323,1
45,2240459639696,1386.1055766319107,4.0,18.531497143724614,1
45,2240459640016,1443.952714966229,4.0,19.008129750873735,1
45,2240459640336,1574.792136982666,0.0,19.918682468547015,0
45,2240459640656,1496.228406416421,4.0,19.27351613727444,1
45,2240459640976,1648.0327464172049,0.0,20.48050767441848,0
45,2240459641296,1750.424947481946,0.0,21.574223237789866,0
45,2240459641616,1552.7939866672539,4.0,19.58565804543753,1
45,2240459641936,1905.7342218746423,0.0,23.58619179130223,0
45,2240459642256,1613.828195460251,4.0,19.944335295111575,1
45,2240459642576,1689.0784481303904,4.0,20.610334954773304,1
45,2240459642896,1778.8132511970548,4.0,21.361597745776393,1
45,2240459643216,1851.7733415221753,4.0,21.494731192325236,1
45,2240440473872,805.7737313702464,3.999624854781094,21.95421090818251,1
46,2240459690256,567.5656979504818,2.9891733238974143,5.837328003676469,1
46,2240459687184,777.6149692930812,-1.2574294330353225e-15,20.878650537055723,0
46,2240459690000,871.7005586432628,1.0109415549229548e-15,20.374592163505806,0
46,2240459692240,363.8672651249687,4.0,7.167180966199064e-05,1
46,2240459692496,373.86704131778936,4.0,-6.00240645673783e-05,1
46,2240459692688,919.0304695960476,3.9999999984291494,20.40820588010117,1
46,2240459692880,982.3715951281758,0.0,20.444060474681752,0
46,2240459693072,383.8669548935454,4.0,-8.015115339247315e-06,1
46,2240459693136,393.8669581150932,4.0,1.169935041738796e-06,1
46,2240459693392,1025.2247431567844,3.999999999999992,19.340131616147023,1
46,2240459693584,403.86696046995127,4.0,1.3810689960582513e-07,1
46,2240459693776,1049.5791829477473,4.232155637207097e-15,18.284116638215053,0
46,2240459693968,413.8669604807402,4.0,-3.821886448024009e-09,1
46,2240459694160,423.86696047065027,4.0,9.635697832966998e-20,1
46,2240459694352,428.86696047065027,4.0,9.181991831267656e-20,1
46,2240459694544,594.1739372824699,0.030708946392483585,11.630817274505137,0
46,2240459694736,641.69568011426,7.010066083906299e-05,17.131145988222485,0
46,2240459694928,1080.370401989053,3.999999999999999,16.990907457429987,1
46,2240459695120,701.6953584681478,1.217498919999914e-07,20.139909073702594,0
46,2240459695312,588.5641272601346,4.0,-0.017805199914269168,1
46,2240459695568,1105.0392596031224,-9.565299188570039e-16,16.835266986482317,0
46,2240459695824,598.4899043249363,4.0,-0.025049628813460796,1
46,2240459696080,608.4622064500163,4.0,-0.003717797412802698,1
46,2240459696336,1148.0372238732102,0.0,17.068023793683476,0
46,2240459696592,1124.6725320628902,3.9999999999999996,16.654517171563075,1
46,2240440389776,618.467229766529,4.0,0.0024605525069335424,1
46,2240450597200,628.4718106000655,4.0,0.000826848996866759,1
46,2240447968208,1191.4847812782743,-2.2873098031505585e-16,17.409575524490855,0
46,2240440583760,638.472076291997,4.0,-7.120491743151894e-05,1
46,2240445520976,648.4717651158596,4.0,-5.439385811430848e-05,1
46,2240445521232,658.4717191441928,4.0,-1.6701232286391318e-06,1
46,2240459569232,668.4717274568658,4.0,1.195732255029149e-06,1
46,2240459568912,1233.5423597125198,0.0,17.67843187237704,0
46,2240459569296,1277.374989326745,0.0,17.963467117469833,0
46,2240459569680,1321.4783271113172,0.0,18.214706585905535,0
46,2240459570000,1369.3290872819662,0.0,18.514596303864813,0
46,2240459570320,678.471728908767,4.0,5.621101714350036e-08,1
46,2240459570640,1420.9763867400036,0.0,18.848846420856034,0
46,2240459636944,688.4717288471799,4.0,-4.338949555617074e-09,1
46,2240459636816,698.4717288407378,4.0,7.271907548287914e-20,1
46,2240459637136,703.4717288407378,4.0,5.837670377775506e-20,1
46,2240459637456,1166.440956042377,4.0,16.90735166371326,1
46,2240459637776,1475.5484251330743,0.0,19.224314347403737,0
46,2240459638096,1210.2439747678543,4.0,17.2087990219066,1
46,2240459638416,1256.6141139028894,4.0,17.53828729351736,1
46,2240459638736,1300.4838417567141,4.0,17.76501700990811,1
46,2240459639056,1528.963408162295,0.0,19.48967573808308,0
46,2240459639376,1351.39355305319,4.0,18.15020062780534,1
46,2240459639696,1404.657726877322,4.0,18.575511091587266,1
46,2240459640016,1462.9799246822824,4.0,19.048800359127927,1
46,2240459640336,1594.722867298441,0.0,19.944331889591318,0
46,2240459640656,1515.5191347481468,4.0,19.31018817773202,1
46,2240459640976,1668.5216063896848,0.0,20.498282579881714,0
46,2240459641296,1772.003598099967,0.0,21.58363996500369,0
46,2240459641616,1572.3944830328671,4.0,19.617259377511843,1
46,2240459641936,1929.320413665943,0.0,23.58619179130223,0
46,2240459642256,1633.784480699732,4.0,19.969775174898615,1
46,2240459642576,1709.6975773990896,4.0,20.62904681461457,1
46,2240459642896,1800.1782093852314,4.0,21.36872317524394,1
46,2240459643216,1873.2680727144996,4.0,21.494731192325236,1
46,2240440473872,827.903030741056,3.999968273097743,22.29376991964803,1
47,2240459690256,573.1132505329593,0.7012666285955123,7.483344586918672,0
47,2240459687184,798.6531484299438,-6.429905597925828e-16,21.191687308743482,0
47,2240459690000,892.0769747560967,6.899918196622292e-16,20.376568918659384,0
47,2240459692240,363.86725805766486,4.0,-7.812703613443955e-05,1
47,2240459692496,373.86698565940355,4.0,-4.713012375596904e-05,1
47,2240459692688,939.4249178766001,3.9999999998466524,20.376719841549974,1
47,2240459692880,1002.73252421784,0.0,20.264230723209412,0
47,2240459693072,383.8669507175725,4.0,-4.2686094095687927e-07,1
47,2240459693136,393.8669593411638,4.0,1.1661810730473403e-06,1
47,2240459693392,1044.4363216676102,4.0,19.065650982260678,1
47,2240459693584,403.86696055703726,4.0,3.540757589395064e-08,1
47,2240459693776,1067.798712445215,-4.515794268859519e-16,18.14808975128048,0
47,2240459693968,413.8669604762533,4.0,-4.624936962998765e-09,1
47,2240459694160,423.86696047065027,4.0,3.423220086358019e-20,1
47,2240459694352,428.86696047065027,4.0,3.2620345110897106e-20,1
47,2240459694544,606.8591332543841,0.0051724059313824535,13.84358068024462,0
47,2240459694736,659.3965971578273,8.135357959443034e-06,18.284229856367812,0
47,2240459694928,1097.3413189259195,3.9999999999999996,16.951236694645804,1
47,2240459695120,721.9361000740452,0.9141939535044499,20.544375995602596,0
47,2240459695312,588.5358191972967,4.0,-0.03652014336625129,1
47,2240459695568,1121.9014174640167,-7.364980809329641e-16,16.893659117796798,0
47,2240459695824,598.4684447727401,4.0,-0.016512955530401927,1
47,2240459696080,608.4611440868995,4.0,0.0015190889673920441,1
47,2240459696336,1165.143603822309,0.0,17.149703544668885,0
47,2240459696592,1141.3616019735437,3.9999999999999996,16.72777263229825,1
47,2240440389776,618.4697607177151,4.0,0.0024053718597516873,1
47,2240450597200,628.4723699128476,4.0,0.0002702032130986086,1
47,2240447968208,1208.9304241049579,-1.4723676435981511e-15,17.486148236486496,0
47,2240440583760,638.4719633470538,4.0,-0.0001416388138764403,1
47,2240445520976,648.4717218593574,4.0,-2.970917537567543e-05,1
47,2240445521232,658.4717199479928,4.0,2.914809376228344e-06,1
47,2240459569232,668.4717285030047,4.0,8.233800279331758e-07,1
47,2240459568912,1251.2528758604217,0.0,17.746639412690293,0
47,2240459569296,1295.3672729516134,0.0,18.024772577915037,0
47,2240459569680,1339.7191265718955,0.0,18.2702369343743,0
47,2240459570000,1387.8668972347893,0.0,18.56401350265152,0
47,2240459570320,678.4717289301,4.0,-1.0486158875684799e-08,1
47,2240459570640,1439.845517823203,0.0,18.892036868670022,0
47,2240459636944,688.4717288431449,4.0,-3.3974590552409743e-09,1
47,2240459636816,698.4717288407378,4.0,2.5834496283464904e-20,1
47,2240459637136,703.4717288407378,4.0,2.073916268562047e-20,1
47,2240459637456,1183.3790514871623,4.0,16.972759973237967,1
47,2240459637776,1494.7903036102075,0.0,19.261714449331215,0
47,2240459638096,1227.4810750313738,4.0,17.269065983872224,1
47,2240459638416,1274.1785390601146,4.0,17.59396561277109,1
47,2240459638736,1318.2730910805697,4.0,17.816619307274543,1
47,2240459639056,1548.4680026895708,0.0,19.521444348442294,0
47,2240459639376,1369.565575067262,4.0,18.196687987168485,1
47,2240459639696,1423.2532639460912,4.0,18.61819276662987,1
47,2240459640016,1482.0472469493786,4.0,19.08828266925186,1
47,2240459640336,1614.6788155840745,0.0,19.96906603275056,0
47,2240459640656,1534.8459885208329,4.0,19.34569816584777,1
47,2240459640976,1689.027924732339,0.0,20.515386190821815,0
47,2240459641296,1793.5914839147852,0.0,21.592671854624985,0
47,2240459641616,1592.026077001844,4.0,19.647791003015264,1
47,2240459641936,1952.9066054572438,0.0,23.58619179130223,0
47,2240459642256,1653.765774911778,4.0,19.994300814178256,1
47,2240459642576,1730.3350757358385,4.0,20.647031787356074,1
47,2240459642896,1821.550099027987,4.0,21.375437898104053,1
47,2240459643216,1894.7628039068238,4.0,21.494731192325236,1
47,2240440473872,850.2890179452558,3.999997361896528,22.467586758342534,1
48,2240459690256,581.6699174624623,0.17486384481195558,9.821755670676913,0
48,2240459687184,819.9378033499127,4.3960549324909623e-16,21.37209416645368,0
48,2240459690000,912.4509157142036,3.690810706613996e-16,20.36965471514648,0
48,2240459692240,363.8671495227407,4.0,-0.00012743021456599476,1
48,2240459692496,373.86694927928687,4.0,-2.3728541562082672e-05,1
48,2240459692688,959.7830102684597,3.9999999999849867,20.335222070788614,1
48,2240459692880,1022.9095461068322,0.0,20.07609495791595,0
48,2240459693072,383.8669523496921,4.0,3.308426309363953e-06,1
48,2240459693136,393.866960317939,4.0,7.253575682073953e-07,1
48,2240459693392,1063.3768922945462,4.0,18.799631216870353,1
48,2240459693584,403.8669605614868,4.0,-2.2470995759969953e-08,1
48,2240459693776,1085.888652642886,-8.406130703489506e-16,18.02607952075781,0
48,2240459693968,413.86696047221983,4.0,-3.1543349820672832e-09,1
48,2240459694160,423.86696047065027,4.0,1.2161481153500111e-20,1
48,2240459694352,428.86696047065027,4.0,1.1588846240643215e-20,1
48,2240459694544,621.6179549523133,0.0007398393574201139,15.7436612135544,0
48,2240459694736,678.1166076787212,8.809587405794954e-07,19.34594322737747,0
48,2240459694928,1114.2805254314526,3.9999999999999996,16.928206745141438,1
48,2240459695120,742.5081667094865,3.6154893975761775,21.14545780967054,1
48,2240459695312,588.4980944282714,4.0,-0.03628490183874646,1
48,2240459695568,1138.8237341534966,6.148861497497129e-16,16.955553393787156,0
48,2240459695824,598.4568689580224,4.0,-0.0060448292112617276,1
48,2240459696080,608.4640507612211,4.0,0.00399866249308035,1
48,2240459696336,1182.3302985623902,0.0,17.22843914894794,0
48,2240459696592,1158.1219993196748,3.9999999999999996,16.79704666774384,1
48,2240440389776,618.471805621025,4.0,0.0015550763534769756,1
48,2240450597200,628.4724409025405,4.0,-0.00011707178386022952,1
48,2240447968208,1226.450835604057,-2.755588739051422e-16,17.558935999657724,0
48,2240440583760,638.4718234137005,4.0,-0.00012707511042375088,1
48,2240445520976,648.4717033744613,4.0,-6.926517339906144e-06,1
48,2240445521232,658.4717235998633,4.0,3.986393529136507e-06,1
48,2240459569232,668.4717290993366,4.0,3.4620138703607706e-07,1
48,2240459568912,1269.0302130589087,0.0,17.811924724055743,0
48,2240459569296,1313.419724620916,0.0,18.08367358888924,0
48,2240459569680,1358.0144731622445,0.0,18.323685835338427,0
48,2240459570000,1406.453284845189,0.0,18.61165148608355,0
48,2240459570320,678.4717289050604,4.0,-3.52048338936499e-08,1
48,2240459570640,1458.7571265296012,0.0,18.93371549005964,0
48,2240459636944,688.471728840543,4.0,-1.6854372716419665e-09,1
48,2240459636816,698.4717288407378,4.0,9.178075955840484e-21,1
48,2240459637136,703.4717288407378,4.0,7.367885493125952e-21,1
48,2240459637456,1200.381363849203,4.0,17.035666199397372,1
48,2240459637776,1514.0689702713503,0.0,19.297816149958873,0
48,2240459638096,1244.7774727029205,4.0,17.327282668294227,1
48,2240459638416,1291.7977870224477,4.0,17.647827382925062,1
48,2240459638736,1336.1131097450227,4.0,17.866457231935865,1
48,2240459639056,1568.003849572588,0.0,19.55211755812611,0
48,2240459639376,1387.7833818234026,4.0,18.24168520363746,1
48,2240459639696,1441.8908851096705,4.0,18.659604546991623,1
48,2240459640016,1501.15351313756,4.0,19.12661867911944,1
48,2240459640336,1634.6590902754187,0.0,19.99293502412974,0
48,2240459640656,1554.2078295377178,4.0,19.38009677545454,1
48,2240459640976,1709.5510480551536,0.0,20.531856343162378,0
48,2240459641296,1815.188230721402,0.0,21.60134136966212,0
48,2240459641616,1611.6877238373027,4.0,19.677305817611757,1
48,2240459641936,1976.4927972485445,0.0,23.58619179130223,0
48,2240459642256,1673.7711872573182,4.0,20.017961697538844,1
48,2240459642576,1750.9902358751203,4.0,20.664331335991946,1
48,2240459642896,1842.9285220884844,4.0,21.381768676911904,1
48,2240459643216,1916.257535099148,4.0,21.494731192325236,1
48,2240440473872,872.7939688475401,3.999999782189686,22.532172878583108,1
49,2240459690256,592.5517875102955,0.034460116269471486,12.066539151844799,0
49,2240459687184,841.3597662667709,1.5291854084225398e-15,21.466988239892665,0
49,2240459690000,932.8149066512763,4.8327044835004025e-17,20.356582625122858,0
49,2240459692240,363.8670274236042,4.0,-0.0001074098812720299,1
49,2240459692496,373.8669355490058,4.0,-3.643470555297718e-06,1
49,2240459692688,980.0956975200021,3.999999999998525,20.28561702962024,1
49,2240459692880,1042.895507265104,0.0,19.88214938958797,0
49,2240459693072,383.8669561133553,4.0,3.840392068836258e-06,1
49,2240459693136,393.8669608144183,4.0,2.534668493808851e-07,1
49,2240459693392,1082.0575225807356,4.0,18.547563876507432,1
49,2240459693584,403.8669605285942,4.0,-3.880095003766398e-08,1
49,2240459693776,1103.863517051155,-1.239060629273771e-15,17.919050669664426,0
49,2240459693968,413.8669604699447,4.0,-1.3188920732964821e-09,1
49,2240459694160,423.86696047065027,4.0,4.320540897628692e-21,1
49,2240459694352,428.86696047065027,4.0,4.117104118080158e-21,1
49,2240459694544,638.119307869491,9.321041242430896e-05,17.305683751635033,0
49,2240459694736,698.0055933531505,8.736447035444592e-08,20.438024579186987,0
49,2240459694928,1131.203563859867,3.9999999999999996,16.919464530520195,1
49,2240459695120,763.8968084895835,3.9643483109462148,21.632677496100698,1
49,2240459695312,588.4667343751862,4.0,-0.02443944355366477,1
49,2240459695568,1155.809021250899,9.298101119949513e-16,17.019532092643253,0
49,2240459695824,598.4549338228284,4.0,0.0021137801829334735,1
49,2240459696080,608.4682423055308,4.0,0.004062796482365946,1
49,2240459696336,1199.5943333383761,0.0,17.304186434208987,0
49,2240459696592,1174.9500984850918,3.9999999999999996,16.863059544300572,1
49,2240440389776,618.4728868137734,4.0,0.0005596184423137757,1
49,2240450597200,628.4722304375592,4.0,-0.00027932275859410917,1
49,2240447968208,1244.0424304122657,1.0744792210286717e-15,17.628352193479213,0
49,2240440583760,638.4717195282233,4.0,-7.451217429550516e-05,1
49,2240445520976,648.4717036398583,4.0,6.654027793759915e-06,1
49,2240445521232,658.4717272355534,4.0,3.0134287701832155e-06,1
49,2240459569232,668.4717292691791,4.0,1.6797394107112499e-09,1
49,2240459568912,1286.8715705664454,0.0,17.874540618306927,0
49,2240459569296,1331.5300225230806,0.0,18.140343100847243,0
49,2240459569680,1376.362349891298,0.0,18.375188728081714,0
49,2240459570000,1425.0865213053316,0.0,18.65761646564402,0
49,2240459570320,678.4717288696456,4.0,-3.234859008921476e-08,1
49,2240459570640,1477.7097410324695,0.0,18.973966735701318,0
49,2240459636944,688.4717288395459,4.0,-3.2273348479360023e-10,1
49,2240459636816,698.4717288407378,4.0,3.260643340086807e-21,1
49,2240459637136,703.4717288407378,4.0,2.617547172116787e-21,1
49,2240459637456,1217.4455136858567,4.0,17.096321078599292,1
49,2240459637776,1533.3831596319142,0.0,19.332689037537293,0
49,2240459638096,1262.131184774965,4.0,17.38358829540927,1
49,2240459638416,1309.4700839177679,4.0,17.699962775699507,1
49,2240459638736,1354.0021853980288,4.0,17.914640109190398,1
49,2240459639056,1587.5698812237283,0.0,19.58175416448054,0
49,2240459639376,1406.0455224797868,4.0,18.28527501115781,1
49,2240459639696,1460.5693476968424,4.0,18.69980397571623,1
49,2240459640016,1520.297596205463,4.0,19.163849486271054,1
49,2240459640336,1654.6628481813716,0.0,20.015985297522743,0
49,2240459640656,1573.60356911977,4.0,19.413432218291803,1
49,2240459640976,1730.0903594540578,0.0,20.547728030275966,0
49,2240459641296,1836.7934859615204,0.0,21.60966925461021,0
49,2240459641616,1631.3784301321307,4.0,19.70585340513404,1
49,2240459641936,2000.0789890398453,0.0,23.58619179130223,0
49,2240459642256,1693.7998746971796,4.0,20.040803758831323,1
49,2240459642576,1771.6623905313272,4.0,20.68098380078268,1
49,2240459642896,1864.3131063086141,4.0,21.387740202827576,1
49,2240459643216,1937.7522662914723,4.0,21.494731192325236,1
49,2240440473872,895.3279205138621,3.9999999820274588,22.52597603899443,1
