step,time_sec,vehicle_id,x_position,speed,lane_index,is_controlled,crashed
0,0.0,2690230209216,232.96518813625593,25.0,0,True,False
0,0.0,2690230209408,246.04673215558745,21.551364858753693,0,False,False
0,0.0,2690230209360,260.7575143838699,22.611934057777333,0,False,False
0,0.0,2690230209072,272.58478829211725,21.520692565512075,1,False,False
0,0.0,2690230209840,287.07549839819194,21.954968540876017,1,False,False
0,0.0,2690230209792,300.10607974153714,21.881254602047832,0,False,False
0,0.0,2690230210992,312.4705613023121,21.880725203930425,1,False,False
0,0.0,2690230211520,325.55618467038494,21.477435907851994,1,False,False
0,0.0,2690230208688,339.8049138148595,23.2620719572204,1,False,False
0,0.0,2690230210416,353.2204427150651,22.426561371376913,1,False,False
0,0.0,2690230209600,367.29883424329563,22.187040890739077,0,False,False
0,0.0,2690230211088,381.34392609072125,22.939405790275913,1,False,False
0,0.0,2690230208304,394.5308947059539,21.747697131228506,0,False,False
0,0.0,2690230209744,408.2175906094176,21.24839240617451,0,False,False
0,0.0,2690230209120,422.0551358439324,21.61832597188672,1,False,False
0,0.0,2690230209552,436.9443234415692,23.106008286388658,0,False,False
0,0.0,2690230210848,450.13122799479146,22.118007216734416,1,False,False
0,0.0,2690230208448,464.2093321643623,21.665965210416136,1,False,False
0,0.0,2690230211376,476.59782126135394,22.40226496591295,1,False,False
0,0.0,2690230208736,490.6503993456596,21.828807568803487,1,False,False
0,0.0,2690230208880,503.62909423904114,23.212435845164688,1,False,False
0,0.0,2690230208976,516.3051779192363,22.84211576251765,1,False,False
0,0.0,2690230211184,530.158652713901,21.100000050172568,1,False,False
0,0.0,2690230209024,544.5118841011134,22.680610122136567,0,False,False
0,0.0,2690230210032,558.0406827215451,22.209408951438537,0,False,False
0,0.0,2690230208496,571.0003791647733,22.356811655580838,0,False,False
0,0.0,2690230208928,584.2621308847538,21.978793356462027,1,False,False
0,0.0,2690230208544,598.582833237268,21.516726767265997,1,False,False
0,0.0,2690230208832,613.5047569760322,23.814975847145256,1,False,False
0,0.0,2690230211136,627.5516585824107,22.869017993910532,0,False,False
0,0.0,2690230211040,641.1610883688089,21.782701577240122,0,False,False
0,0.0,2690230211328,654.6007504765055,23.264512439942223,0,False,False
0,0.0,2690230211232,666.743861343757,21.537165144274077,1,False,False
0,0.0,2690230211424,680.4619376595949,23.77871705840152,1,False,False
0,0.0,2690230210272,693.3562208789767,23.747455909477655,1,False,False
0,0.0,2690230208208,706.1906098133927,21.855085509010806,1,False,False
0,0.0,2690230210704,719.0373769951639,22.524002816803403,1,False,False
0,0.0,2690230210560,731.5703333626687,22.813750400259917,1,False,False
0,0.0,2690230211280,744.590418899917,23.000112823821212,0,False,False
0,0.0,2690230211472,759.159245537891,22.699868844547357,0,False,False
0,0.0,2690230210128,772.4493571158521,22.53908598905418,1,False,False
0,0.0,2690230208784,784.5894918682754,21.9024072655806,0,False,False
0,0.0,2690230208352,797.6536378564601,21.37027066362316,0,False,False
0,0.0,2690230210512,812.4247366808677,22.602806421602203,0,False,False
0,0.0,2690230210080,827.3909408229919,23.506667514946955,0,False,False
0,0.0,2690230211568,839.709219688308,21.83914109773095,0,False,False
0,0.0,2690230208256,852.4462696196671,21.198636551727322,0,False,False
0,0.0,2690230210464,864.2881342923262,21.241371712205023,1,False,False
0,0.0,2690230210224,876.9366957251309,22.16898471216223,0,False,False
0,0.0,2690230210320,890.6203133168607,22.101271147445193,1,False,False
0,0.0,2690230210800,904.3361832431574,23.98961897229718,1,False,False
0,0.0,2690230208640,917.4806678704362,21.035833796077437,1,False,False
0,0.0,2690230210896,929.2548573925518,21.00302252906226,1,False,False
0,0.0,2690230210656,942.3026299504343,23.431057918767006,1,False,False
0,0.0,2690230209936,955.8533531545484,22.413992972901816,1,False,False
0,0.0,2690230209696,969.764593291115,22.279647564989208,1,False,False
0,0.0,2690230210608,984.1608926408613,22.667408845020596,1,False,False
0,0.0,2690230208400,997.0236017020378,22.924371712194166,0,False,False
0,0.0,2690230210752,1009.5023505747265,22.98160744676903,0,False,False
0,0.0,2690230208592,1022.101066675169,23.175010397841458,1,False,False
0,0.0,2690230209984,1033.9182700693648,21.476504231220897,0,False,False
1,0.2,2690230209216,237.9651881362559,25.0,0,True,False
1,0.2,2690230209408,250.21621445299837,20.351364858753698,0,False,False
1,0.2,2690230209360,265.2265386627649,21.851795284501492,0,False,False
1,0.2,2690230209072,276.8089268052197,20.32069256551208,1,False,False
1,0.2,2690230209840,291.38649210636714,20.75496854087602,1,False,False
1,0.2,2690230209792,304.4667147757554,21.646363139211903,0,False,False
1,0.2,2690230210992,316.7667063430982,20.68072520393043,1,False,False
1,0.2,2690230211520,329.7716718519553,20.277435907852,1,False,False
1,0.2,2690230208688,344.37732820630356,22.062071957220404,1,False,False
1,0.2,2690230210416,357.62575498934046,21.247849882136126,1,False,False
1,0.2,2690230209600,371.65624242144344,20.98704089073908,0,False,False
1,0.2,2690230211088,385.8761710508008,22.124996001852235,1,False,False
1,0.2,2690230208304,398.80043413219965,20.54769713122851,0,False,False
1,0.2,2690230209744,412.4041540403627,20.36955813315045,0,False,False
1,0.2,2690230209120,426.29888390861765,20.447921128864348,1,False,False
1,0.2,2690230209552,441.5582019484578,22.99519210289654,0,False,False
1,0.2,2690230210848,454.4748294381384,20.91800721673442,1,False,False
1,0.2,2690230208448,468.46252520644555,20.46596521041614,1,False,False
1,0.2,2690230211376,480.9982742545365,21.202264965912953,1,False,False
1,0.2,2690230208736,494.9361608594203,20.62880756880349,1,False,False
1,0.2,2690230208880,508.19158140807406,22.012435845164692,1,False,False
1,0.2,2690230208976,520.7936010717398,21.642115762517655,1,False,False
1,0.2,2690230211184,534.3576479796652,20.786345061248173,1,False,False
1,0.2,2690230209024,548.9680061255408,21.48061012213657,0,False,False
1,0.2,2690230210032,562.4025645118328,21.00940895143854,0,False,False
1,0.2,2690230208496,575.4496352417027,22.02557983729872,0,False,False
1,0.2,2690230208928,588.5778895560461,20.77879335646203,1,False,False
1,0.2,2690230208544,602.8061785907213,20.316726767266,1,False,False
1,0.2,2690230208832,618.2287444845344,23.236132208522424,1,False,False
1,0.2,2690230211136,632.0454621811929,21.669017993910536,0,False,False
1,0.2,2690230211040,645.4376286842569,20.582701577240126,0,False,False
1,0.2,2690230211328,659.2433080986309,23.108291810793897,0,False,False
1,0.2,2690230211232,670.9712943726117,20.33716514427408,1,False,False
1,0.2,2690230211424,685.1376810712752,22.578717058401523,1,False,False
1,0.2,2690230210272,698.0257120608723,22.54745590947766,1,False,False
1,0.2,2690230208208,710.4816269151949,20.65508550901081,1,False,False
1,0.2,2690230210704,723.4621775585246,21.324002816803407,1,False,False
1,0.2,2690230210560,736.0858104037158,22.140451357803222,1,False,False
1,0.2,2690230211280,749.1104414646812,21.800112823821216,0,False,False
1,0.2,2690230211472,763.6192193068005,21.49986884454736,0,False,False
1,0.2,2690230210128,776.9464177954119,22.37712929978044,1,False,False
1,0.2,2690230208784,788.8899733213916,20.702407265580604,0,False,False
1,0.2,2690230208352,801.8476919891848,20.170270663623164,0,False,False
1,0.2,2690230210512,816.8652979651881,21.402806421602207,0,False,False
1,0.2,2690230210080,832.0122743259813,22.30666751494696,0,False,False
1,0.2,2690230211568,843.9970479078543,20.639141097730953,0,False,False
1,0.2,2690230208256,856.6059969300126,19.998636551727326,0,False,False
1,0.2,2690230210464,868.4564086347672,20.045781983519905,1,False,False
1,0.2,2690230210224,881.3657810927897,22.097447423867465,0,False,False
1,0.2,2690230210320,894.9605675463497,20.901271147445197,1,False,False
1,0.2,2690230210800,909.0541070376169,22.789618972297184,1,False,False
1,0.2,2690230208640,921.6078346296516,19.83583379607744,1,False,False
1,0.2,2690230210896,933.3754618983642,19.803022529062265,1,False,False
1,0.2,2690230210656,946.8881221723549,22.23105791876701,1,False,False
1,0.2,2690230209936,960.2561517491288,21.21399297290182,1,False,False
1,0.2,2690230209696,974.1405228041128,21.079647564989212,1,False,False
1,0.2,2690230210608,988.6456225079347,21.977981055505772,1,False,False
1,0.2,2690230208400,1001.5284760444766,21.72437171219417,0,False,False
1,0.2,2690230210752,1014.0186720640803,21.781607446769033,0,False,False
1,0.2,2690230208592,1026.7360687547373,23.175010397841458,1,False,False
1,0.2,2690230209984,1038.2135709156087,21.476504231220897,0,False,False
2,0.4,2690230209216,242.96518813625588,25.0,0,True,False
2,0.4,2690230209408,254.09254153961473,19.151364858753702,0,False,False
2,0.4,2690230209360,269.5545477011157,21.245175944549004,0,False,False
2,0.4,2690230209072,280.7930653183221,19.120692565512083,1,False,False
2,0.4,2690230209840,295.45748581454234,19.554968540876025,1,False,False
2,0.4,2690230209792,308.7801296533155,21.40729401659949,0,False,False
2,0.4,2690230210992,320.82285138388426,19.480725203930433,1,False,False
2,0.4,2690230211520,333.7471590335257,19.077435907852003,1,False,False
2,0.4,2690230208688,348.70974259774766,20.862071957220408,1,False,False
2,0.4,2690230210416,361.80768775742854,20.28420807085763,1,False,False
2,0.4,2690230209600,375.77365059959124,19.787040890739085,0,False,False
2,0.4,2690230211088,390.25123958011204,21.392992924594243,1,False,False
2,0.4,2690230208304,402.8299735584453,19.347697131228514,0,False,False
2,0.4,2690230209744,416.43300640209213,19.73730030720893,0,False,False
2,0.4,2690230209120,430.3200135137962,19.457176902649174,1,False,False
2,0.4,2690230209552,446.1496078859245,22.879510012289913,0,False,False
2,0.4,2690230210848,458.57843088148525,19.718007216734424,1,False,False
2,0.4,2690230208448,472.4757182485288,19.265965210416145,1,False,False
2,0.4,2690230211376,485.1587272477191,20.002264965912957,1,False,False
2,0.4,2690230208736,498.98192237318096,19.428807568803496,1,False,False
2,0.4,2690230208880,512.4564362787249,20.812435845164696,1,False,False
2,0.4,2690230208976,525.0420242242434,20.44211576251766,1,False,False
2,0.4,2690230211184,538.4942432293773,20.476555961245776,1,False,False
2,0.4,2690230209024,553.184128149968,20.280610122136576,0,False,False
2,0.4,2690230210032,566.5244463021205,19.809408951438545,0,False,False
2,0.4,2690230208496,579.8326810938664,21.694033757247386,0,False,False
2,0.4,2690230208928,592.6536482273385,19.578793356462036,1,False,False
2,0.4,2690230208544,606.7895239441744,19.116726767266005,1,False,False
2,0.4,2690230208832,622.8386263896571,22.679735612912058,1,False,False
2,0.4,2690230211136,636.2992657799749,20.46901799391054,0,False,False
2,0.4,2690230211040,649.474168999705,19.38270157724013,0,False,False
2,0.4,2690230211328,663.8542796180936,22.946607358841337,0,False,False
2,0.4,2690230211232,674.9587274014666,19.137165144274086,1,False,False
2,0.4,2690230211424,689.5734244829556,21.378717058401527,1,False,False
2,0.4,2690230210272,702.4552032427678,21.347455909477663,1,False,False
2,0.4,2690230208208,714.532644016997,19.455085509010814,1,False,False
2,0.4,2690230210704,727.6469781218852,20.12400281680341,1,False,False
2,0.4,2690230210560,740.4764509765373,21.60455104392605,1,False,False
2,0.4,2690230211280,753.3904640294455,20.60011282382122,0,False,False
2,0.4,2690230211472,767.8391930757099,20.299868844547365,0,False,False
2,0.4,2690230210128,781.4108908848443,22.2124004495329,1,False,False
2,0.4,2690230208784,792.9504547745078,19.502407265580608,0,False,False
2,0.4,2690230208352,805.8017461219093,18.970270663623168,0,False,False
2,0.4,2690230210512,821.0658592495085,20.20280642160221,0,False,False
2,0.4,2690230210080,836.3936078289706,21.106667514946963,0,False,False
2,0.4,2690230211568,848.0448761274005,19.439141097730957,0,False,False
2,0.4,2690230208256,860.538088930777,19.061812336792578,0,False,False
2,0.4,2690230210464,872.3929657011752,18.99710407443693,1,False,False
2,0.4,2690230210224,885.7802885205862,22.021714767436418,0,False,False
2,0.4,2690230210320,899.0608217758388,19.7012711474452,1,False,False
2,0.4,2690230210800,913.5320308320762,21.58961897229719,1,False,False
2,0.4,2690230208640,925.4950013888672,18.635833796077446,1,False,False
2,0.4,2690230210896,937.2560664041766,18.60302252906227,1,False,False
2,0.4,2690230210656,951.1518424567978,21.031057918767015,1,False,False
2,0.4,2690230209936,964.4189503437092,20.013992972901825,1,False,False
2,0.4,2690230209696,978.2764523171106,19.879647564989217,1,False,False
2,0.4,2690230210608,993.0039262193113,21.44858104108851,1,False,False
2,0.4,2690230208400,1005.7933503869156,20.524371712194174,0,False,False
2,0.4,2690230210752,1018.2949935534342,20.581607446769038,0,False,False
2,0.4,2690230208592,1031.3710708343056,23.175010397841458,1,False,False
2,0.4,2690230209984,1042.5088717618526,21.476504231220897,0,False,False
3,0.6,2690230209216,247.96518813625585,25.0,0,True,False
3,0.6,2690230209408,257.76302686913505,18.02864067226217,1,False,False
3,0.6,2690230209360,273.7691327875117,20.749491965565756,0,False,False
3,0.6,2690230209072,284.5372038314245,17.920692565512088,1,False,False
3,0.6,2690230209840,299.28971347642147,18.413827371314287,1,False,False
3,0.6,2690230209792,313.04533350811624,21.16224347203971,0,False,False
3,0.6,2690230210992,324.6389964246703,18.280725203930437,1,False,False
3,0.6,2690230211520,337.4826462150961,17.877435907852007,1,False,False
3,0.6,2690230208688,352.80215698919176,19.662071957220412,1,False,False
3,0.6,2690230210416,365.8106713258759,19.511338818264818,1,False,False
3,0.6,2690230209600,379.65486148077616,18.682822418792867,0,False,False
3,0.6,2690230211088,394.48477302089884,20.731275655744653,1,False,False
3,0.6,2690230208304,406.619512984691,18.14769713122852,0,False,False
3,0.6,2690230209744,420.34721429513974,19.268405126238758,0,False,False
3,0.6,2690230209120,434.15258039683494,18.596965605702785,1,False,False
3,0.6,2690230209552,450.71749946313844,22.67567969725138,0,False,False
3,0.6,2690230210848,462.44203232483216,18.51800721673443,1,False,False
3,0.6,2690230208448,476.248911290612,18.06596521041615,1,False,False
3,0.6,2690230211376,489.0791802409017,18.80226496591296,1,False,False
3,0.6,2690230208736,502.7876838869417,18.2288075688035,1,False,False
3,0.6,2690230208880,516.462633289833,19.6124358451647,1,False,False
3,0.6,2690230208976,528.9808939107206,19.242115762517663,1,False,False
3,0.6,2690230211184,542.5688908716443,20.165918140644408,1,False,False
3,0.6,2690230209024,557.1602501743954,19.08061012213658,0,False,False
3,0.6,2690230210032,570.4063280924082,18.60940895143855,0,False,False
3,0.6,2690230208496,584.149201159156,21.35842801622867,0,False,False
3,0.6,2690230208928,596.4894068986309,18.37879335646204,1,False,False
3,0.6,2690230208544,610.5328692976276,17.91672676726601,1,False,False
3,0.6,2690230208832,627.3381809871729,22.135549362989742,1,False,False
3,0.6,2690230211136,640.3130693787571,19.269017993910545,0,False,False
3,0.6,2690230211040,653.270709315153,18.182701577240135,0,False,False
3,0.6,2690230211328,668.4324711765997,22.777931062977558,0,False,False
3,0.6,2690230211232,678.7061604303213,17.93716514427409,1,False,False
3,0.6,2690230211424,693.7691678946359,20.17871705840153,1,False,False
3,0.6,2690230210272,706.6446944246634,20.147455909477667,1,False,False
3,0.6,2690230208208,718.3436611187992,18.25508550901082,1,False,False
3,0.6,2690230210704,731.5578934903996,18.924002816803416,1,False,False
3,0.6,2690230210560,744.7670726546205,21.169561737727157,1,False,False
3,0.6,2690230211280,757.4304865942097,19.400112823821225,0,False,False
3,0.6,2690230211472,771.8191668446194,19.09986884454737,0,False,False
3,0.6,2690230210128,785.8423236929423,22.046623552141682,1,False,False
3,0.6,2690230208784,796.7709362276238,18.302407265580612,0,False,False
3,0.6,2690230208352,809.515800254634,17.770270663623172,0,False,False
3,0.6,2690230210512,825.026420533829,19.002806421602216,0,False,False
3,0.6,2690230210080,840.53494133196,19.906667514946967,0,False,False
3,0.6,2690230211568,851.8527043469467,18.23914109773096,0,False,False
3,0.6,2690230208256,864.3031651192324,18.39541172376017,0,False,False
3,0.6,2690230210464,876.1305531719461,18.095680375734673,1,False,False
3,0.6,2690230210224,890.1647124820538,21.722699452749744,0,False,False
3,0.6,2690230210320,902.9210760053278,18.501271147445205,1,False,False
3,0.6,2690230210800,917.7699546265357,20.389618972297193,1,False,False
3,0.6,2690230208640,929.1421681480826,17.43583379607745,1,False,False
3,0.6,2690230210896,940.8966709099891,17.403022529062273,1,False,False
3,0.6,2690230210656,955.1888446668996,19.83105791876702,0,False,False
3,0.6,2690230209936,968.3417489382895,18.81399297290183,1,False,False
3,0.6,2690230209696,982.1723818301085,18.67964756498922,1,False,False
3,0.6,2690230210608,997.2646471889298,21.035975946657707,1,False,False
3,0.6,2690230208400,1009.8182247293544,19.32437171219418,0,False,False
3,0.6,2690230210752,1022.3320705026764,19.45273951262845,0,False,False
3,0.6,2690230208592,1036.0060729138738,23.175010397841458,1,False,False
3,0.6,2690230209984,1046.8041726080965,21.476504231220897,0,False,False
4,0.8,2690230209216,252.96518813625582,25.0,0,True,False
4,0.8,2690230209408,261.26540267205354,17.15632831011355,1,False,False
4,0.8,2690230209360,277.8904374047004,20.33652949839608,0,False,False
4,0.8,2690230209072,288.0413423445269,16.720692565512092,1,False,False
4,0.8,2690230209840,302.9053244116024,17.436031326208738,1,False,False
4,0.8,2690230209792,317.261223126854,20.913279421081185,0,False,False
4,0.8,2690230210992,328.21514146545644,17.08072520393044,1,False,False
4,0.8,2690230211520,340.9781333966665,16.67743590785201,1,False,False
4,0.8,2690230208688,356.65457138063584,18.462071957220417,1,False,False
4,0.8,2690230210416,369.6686961003706,18.873091325818432,1,False,False
4,0.8,2690230209600,383.32560166605947,17.720750370199696,0,False,False
4,0.8,2690230211088,398.59001623527166,20.127707035345246,1,False,False
4,0.8,2690230208304,410.16905241093673,16.947697131228523,0,False,False
4,0.8,2690230209744,424.17514242716413,18.899387036154494,0,False,False
4,0.8,2690230209120,437.819192629764,17.81981317236511,1,False,False
4,0.8,2690230209552,455.2291568143621,22.324865643793817,0,False,False
4,0.8,2690230210848,466.06563376817905,17.318007216734433,1,False,False
4,0.8,2690230208448,479.7821043326952,16.865965210416153,1,False,False
4,0.8,2690230211376,492.7596332340843,17.602264965912966,1,False,False
4,0.8,2690230208736,506.35344540070236,17.028807568803504,1,False,False
4,0.8,2690230208880,520.2998295703273,18.412435845164705,1,False,False
4,0.8,2690230208976,532.6281400724054,18.042115762517668,1,False,False
4,0.8,2690230211184,546.5811262538323,19.850068516167614,1,False,False
4,0.8,2690230209024,560.8963721988227,17.880610122136584,0,False,False
4,0.8,2690230210032,574.0482098826959,17.409408951438554,0,False,False
4,0.8,2690230208496,588.3981426560315,21.015175540887025,0,False,False
4,0.8,2690230208928,600.0851655699233,17.178793356462045,1,False,False
4,0.8,2690230208544,614.0393862182243,16.858994028062185,1,False,False
4,0.8,2690230208832,631.7292566270933,21.594970313155848,1,False,False
4,0.8,2690230211136,644.0868729775392,18.06901799391055,0,False,False
4,0.8,2690230211040,656.8272496306009,17.024339709466183,0,False,False
4,0.8,2690230211328,672.9763792919241,22.600668193782834,0,False,False
4,0.8,2690230211232,682.2135934591762,16.737165144274094,1,False,False
4,0.8,2690230211424,697.7249113063161,18.978717058401536,1,False,False
4,0.8,2690230210272,710.5941856065589,18.94745590947767,1,False,False
4,0.8,2690230208208,721.9146782206013,17.055085509010823,1,False,False
4,0.8,2690230210704,735.1325504607422,17.72400281680342,1,False,False
4,0.8,2690230210560,748.9760949813534,20.811079223665622,1,False,False
4,0.8,2690230211280,761.230509158974,18.20011282382123,0,False,False
4,0.8,2690230211472,775.5591406135288,17.904865385177846,0,False,False
4,0.8,2690230210128,790.2405951380397,21.880884304533684,1,False,False
4,0.8,2690230208784,800.3514176807399,17.102407265580617,0,False,False
4,0.8,2690230208352,812.9898543873586,16.570270663623177,0,False,False
4,0.8,2690230210512,828.7469818181494,17.80280642160222,0,False,False
4,0.8,2690230210080,844.4362748349495,18.70666751494697,0,False,False
4,0.8,2690230211568,855.4205325664929,17.039141097730965,0,False,False
4,0.8,2690230208256,867.9465675608486,17.889790177824985,0,False,False
4,0.8,2690230210464,879.6948662518762,17.29055460991921,1,False,False
4,0.8,2690230210224,894.4896760861831,21.438641823109627,0,False,False
4,0.8,2690230210320,906.5413302348169,17.30127114744521,1,False,False
4,0.8,2690230210800,921.7678784209951,19.189618972297197,1,False,False
4,0.8,2690230208640,932.5493349072981,16.235833796077454,1,False,False
4,0.8,2690230210896,944.2972754158016,16.203022529062277,1,False,False
4,0.8,2690230210656,959.0966481128206,19.732896444183044,0,False,False
4,0.8,2690230209936,972.0245475328699,17.613992972901833,1,False,False
4,0.8,2690230209696,985.8283113431063,17.479647564989225,1,False,False
4,0.8,2690230210608,1001.4490723580516,20.71152442050508,1,False,False
4,0.8,2690230208400,1013.6030990717932,18.124371712194183,0,False,False
4,0.8,2690230210752,1026.1650602201746,18.654077266984505,0,False,False
4,0.8,2690230208592,1040.641074993442,23.175010397841458,1,False,False
4,0.8,2690230209984,1051.0994734543403,21.476504231220897,0,False,False
5,1.0,2690230209216,257.96518813625585,25.0,0,True,False
5,1.0,2690230209408,264.62266210932535,16.38173238476254,1,False,False
5,1.0,2690230209360,281.933609270512,19.986857736984867,0,False,False
5,1.0,2690230209072,291.30548085762933,15.520692565512093,1,False,False
5,1.0,2690230209840,306.33324133545693,16.565510598888416,1,False,False
5,1.0,2690230209792,321.42717320074513,20.662359975916523,0,False,False
5,1.0,2690230210992,331.5512865062425,15.880725203930444,1,False,False
5,1.0,2690230211520,344.2336205782369,15.477435907852012,1,False,False
5,1.0,2690230208688,360.2669857720799,17.26207195722042,1,False,False
5,1.0,2690230210416,373.40611887509584,18.334262077806837,1,False,False
5,1.0,2690230209600,386.8107371563185,16.852320953500584,0,False,False
5,1.0,2690230211088,402.5778235396491,19.570909633220545,1,False,False
5,1.0,2690230208304,413.4785918371824,15.747697131228525,0,False,False
5,1.0,2690230209744,427.93405318413915,18.598668356739367,0,False,False
5,1.0,2690230209120,441.334243203783,17.095177522951207,1,False,False
5,1.0,2690230209552,459.67286162910176,22.03788315222299,0,False,False
5,1.0,2690230210848,469.44923521152595,16.118007216734437,1,False,False
5,1.0,2690230208448,483.0752973747784,15.665965210416156,1,False,False
5,1.0,2690230211376,496.20008622726687,16.40226496591297,1,False,False
5,1.0,2690230208736,509.67920691446307,15.828807568803507,1,False,False
5,1.0,2690230208880,523.8914806785795,17.21243584516471,1,False,False
5,1.0,2690230208976,536.074272952475,17.026707363613856,0,False,False
5,1.0,2690230211184,550.5296277804817,19.52485082458603,1,False,False
5,1.0,2690230209024,564.39249422325,16.68061012213659,0,False,False
5,1.0,2690230210032,577.4500916729836,16.209408951438558,0,False,False
5,1.0,2690230208496,592.577741702918,20.660768116563325,0,False,False
5,1.0,2690230208928,603.4409242412158,15.978793356462047,1,False,False
5,1.0,2690230208544,617.3598545338278,16.146619676090616,1,False,False
5,1.0,2690230208832,636.0120640197496,21.050554245707687,1,False,False
5,1.0,2690230211136,647.6206765763212,16.869017993910553,0,False,False
5,1.0,2690230211040,660.1754421930341,16.248869371518495,0,False,False
5,1.0,2690230211328,677.4639239012175,22.113620212688545,0,False,False
5,1.0,2690230211232,685.481026488031,15.537165144274095,1,False,False
5,1.0,2690230211424,701.4406547179965,17.77871705840154,1,False,False
5,1.0,2690230210272,714.3036767884544,17.747455909477676,1,False,False
5,1.0,2690230208208,725.2456953224035,15.855085509010825,1,False,False
5,1.0,2690230210704,738.4976254631644,16.524002816803424,0,False,False
5,1.0,2690230210560,753.117594672307,20.51200160157549,1,False,False
5,1.0,2690230211280,764.7905317237382,17.000112823821233,0,False,False
5,1.0,2690230211472,779.0664075342291,16.832386689332242,0,False,False
5,1.0,2690230210128,794.6057367235948,21.715386366793954,1,False,False
5,1.0,2690230208784,803.691899133856,15.902407265580619,0,False,False
5,1.0,2690230208352,816.2239085200832,15.370270663623177,0,False,False
5,1.0,2690230210512,832.2275431024699,16.602806421602224,0,False,False
5,1.0,2690230210080,848.0976083379388,17.506667514946976,0,False,False
5,1.0,2690230211568,858.748360786039,15.839141097730968,0,False,False
5,1.0,2690230208256,871.4970293054454,17.49936779383284,0,False,False
5,1.0,2690230210464,883.1027843413812,16.548966805488853,1,False,False
5,1.0,2690230210224,898.7605494723881,21.193427602975795,0,False,False
5,1.0,2690230210320,909.921584464306,16.101271147445214,1,False,False
5,1.0,2690230210800,925.5258022154545,17.9896189722972,1,False,False
5,1.0,2690230208640,935.7165016665136,15.035833796077453,1,False,False
5,1.0,2690230210896,947.457879921614,15.01021325585833,1,False,False
5,1.0,2690230210656,963.008706080611,19.599341813641303,0,False,False
5,1.0,2690230209936,975.4673461274502,16.413992972901838,1,False,False
5,1.0,2690230209696,989.2442408561042,16.27964756498923,1,False,False
5,1.0,2690230210608,1005.5734041342639,20.455313110919178,1,False,False
5,1.0,2690230208400,1017.1479734142321,16.924371712194187,0,False,False
5,1.0,2690230210752,1029.8556535036976,18.093488619462065,0,False,False
5,1.0,2690230208592,1045.2760770730104,23.175010397841458,1,False,False
5,1.0,2690230209984,1055.3947743005842,21.476504231220897,0,False,False
6,1.2,2690230209216,262.9651881362559,25.0,0,True,False
6,1.2,2690230209408,267.84040777088563,15.662198778953448,1,False,False
6,1.2,2690230209360,285.91031340551376,19.686545580200377,0,False,False
6,1.2,2690230209072,294.32961937073173,14.320692565512092,1,False,False
6,1.2,2690230209840,309.59207465320947,15.763449777929358,1,False,False
6,1.2,2690230209792,325.54284258722885,20.409974398620317,0,False,False
6,1.2,2690230210992,334.6474315470286,14.680725203930443,1,False,False
6,1.2,2690230211520,347.2491077598073,14.277435907852011,1,False,False
6,1.2,2690230208688,363.63940016352404,16.062071957220425,1,False,False
6,1.2,2690230210416,377.041112304708,17.871086019568992,1,False,False
6,1.2,2690230209600,390.1267049402752,16.04592780017708,0,False,False
6,1.2,2690230211088,406.4568542038103,19.050741946905433,1,False,False
6,1.2,2690230208304,416.5481312634281,14.547697131228524,0,False,False
6,1.2,2690230209744,431.6368035195952,18.355234261684455,0,False,False
6,1.2,2690230209120,444.70673129154295,16.402117805942456,1,False,False
6,1.2,2690230209552,464.0637453890591,21.789981478313244,0,False,False
6,1.2,2690230210848,472.5928366548728,14.918007216734436,1,False,False
6,1.2,2690230208448,486.12849041686167,14.465965210416154,1,False,False
6,1.2,2690230211376,499.4005392204495,15.20226496591297,1,False,False
6,1.2,2690230208736,512.7649684282237,14.628807568803506,1,False,False
6,1.2,2690230208880,527.2459510552485,16.012435845164713,1,False,False
6,1.2,2690230208976,539.3934792362511,16.40582204355798,0,False,False
6,1.2,2690230211184,554.4122503154391,19.18620209042027,1,False,False
6,1.2,2690230209024,567.6486162476773,15.48061012213659,0,False,False
6,1.2,2690230210032,580.6170465640197,15.200323753271508,0,False,False
6,1.2,2690230208496,596.685534590275,20.291711863028524,0,False,False
6,1.2,2690230208928,606.5566829125082,14.778793356462046,1,False,False
6,1.2,2690230208544,620.5529188874096,15.637349071931109,1,False,False
6,1.2,2690230208832,640.1853847420491,20.49569415892074,1,False,False
6,1.2,2690230211136,650.9144801751033,15.669017993910556,0,False,False
6,1.2,2690230211040,663.3878359827308,15.731381682691637,0,False,False
6,1.2,2690230211328,681.8549366987438,21.647139796795734,0,False,False
6,1.2,2690230211232,688.5084595168859,14.337165144274094,1,False,False
6,1.2,2690230211424,704.9163981296767,16.578717058401544,1,False,False
6,1.2,2690230210272,717.77316797035,16.54745590947768,1,False,False
6,1.2,2690230208208,728.3367124242058,14.655085509010824,1,False,False
6,1.2,2690230210704,741.7063561120588,15.93188321468356,0,False,False
6,1.2,2690230210560,757.2025672425831,20.259874592201,1,False,False
6,1.2,2690230211280,768.1105542885025,15.800112823821236,0,False,False
6,1.2,2690230211472,782.3680677225744,15.881934455823561,0,False,False
6,1.2,2690230210128,798.9377786021709,21.54975236213007,1,False,False
6,1.2,2690230208784,806.7923805869722,14.702407265580618,0,False,False
6,1.2,2690230208352,819.217962652808,14.170270663623176,0,False,False
6,1.2,2690230210512,835.4681043867903,15.402806421602225,0,False,False
6,1.2,2690230210080,851.5189418409282,16.30666751494698,0,False,False
6,1.2,2690230211568,861.8361890055852,14.639141097730967,0,False,False
6,1.2,2690230208256,874.9755468721997,17.195874772883812,0,False,False
6,1.2,2690230210464,886.3654020768539,15.84846044218681,1,False,False
6,1.2,2690230210224,902.9844949429379,20.97801462573579,0,False,False
6,1.2,2690230210320,913.0618386937949,14.901271147445213,1,False,False
6,1.2,2690230210800,929.043726009914,16.789618972297205,1,False,False
6,1.2,2690230208640,938.6436684257291,13.835833796077452,1,False,False
6,1.2,2690230210896,950.4438982823413,14.75930836097671,1,False,False
6,1.2,2690230210656,966.9057215252216,19.426667938023947,0,False,False
6,1.2,2690230209936,978.6701447220306,15.213992972901838,1,False,False
6,1.2,2690230209696,992.4342912073663,15.389322928778567,1,False,False
6,1.2,2690230210608,1009.6502663374732,20.25296369642454,1,False,False
6,1.2,2690230208400,1020.4528477566708,15.72437171219419,0,False,False
6,1.2,2690230210752,1033.4457595762908,17.69450627528125,0,False,False
6,1.2,2690230208592,1049.9110791525786,23.175010397841458,1,False,False
6,1.2,2690230209984,1059.6900751468281,21.476504231220897,0,False,False
7,1.4,2690230209216,267.96518813625596,25.0,0,True,False
7,1.4,2690230209408,270.9218148149411,14.971238756283896,1,False,False
7,1.4,2690230209360,289.82968800630516,19.42522684533419,0,False,False
7,1.4,2690230209072,297.1137578838341,13.12069256551209,1,False,False
7,1.4,2690230209840,312.69366657859837,15.004292251891886,1,False,False
7,1.4,2690230209792,329.60791799167123,20.155662725434595,0,False,False
7,1.4,2690230210992,337.5035765878147,13.480725203930442,1,False,False
7,1.4,2690230211520,350.02501886918384,13.121229771491985,1,False,False
7,1.4,2690230208688,366.7718145549681,14.862071957220424,1,False,False
7,1.4,2690230210416,380.5875962948201,17.4665690208647,1,False,False
7,1.4,2690230209600,393.28442359236567,15.285724638283236,0,False,False
7,1.4,2690230211088,410.23382230373954,18.55828058191143,1,False,False
7,1.4,2690230208304,419.3870408327393,13.596212979787746,0,False,False
7,1.4,2690230209744,435.29404565430906,18.157046137656938,0,False,False
7,1.4,2690230209120,447.9418977245592,15.725541262219018,1,False,False
7,1.4,2690230209552,468.4057299137417,21.551415728197476,0,False,False
7,1.4,2690230210848,475.4964380982197,13.718007216734435,1,False,False
7,1.4,2690230208448,488.9416834589449,13.265965210416153,1,False,False
7,1.4,2690230211376,502.3609922136321,14.00226496591297,1,False,False
7,1.4,2690230208736,515.6107299419845,13.428807568803505,1,False,False
7,1.4,2690230208880,530.363963224931,15.2051636867381,1,False,False
7,1.4,2690230208976,542.6128066767491,15.805595905251407,0,False,False
7,1.4,2690230211184,558.2260375224087,18.83006245222116,1,False,False
7,1.4,2690230209024,570.6647382721046,14.280610122136588,0,False,False
7,1.4,2690230210032,583.6112151222864,14.572622675125604,0,False,False
7,1.4,2690230208496,600.7183569987036,19.904475058204593,0,False,False
7,1.4,2690230208928,609.4324415838006,13.578793356462045,1,False,False
7,1.4,2690230208544,623.6533314959386,15.253461036720678,1,False,False
7,1.4,2690230208832,644.2467228718207,19.925261332447434,1,False,False
7,1.4,2690230211136,653.9682837738854,14.469017993910555,0,False,False
7,1.4,2690230211040,666.5082610497815,15.371671825172573,0,False,False
7,1.4,2690230211328,686.1552519335327,21.217514643375022,0,False,False
7,1.4,2690230211232,691.2980650719737,13.230331666096992,1,False,False
7,1.4,2690230211424,708.1521415413571,15.378717058401545,1,False,False
7,1.4,2690230210272,721.0026591522454,15.34745590947768,1,False,False
7,1.4,2690230208208,731.1877295260078,13.455085509010823,1,False,False
7,1.4,2690230210704,744.8267100023326,15.365343868576828,0,False,False
7,1.4,2690230210560,761.2397409860422,20.045331894891625,1,False,False
7,1.4,2690230211280,771.1905768532667,14.600112823821235,0,False,False
7,1.4,2690230211472,785.4855129102735,15.012306167850063,0,False,False
7,1.4,2690230210128,803.2366464953315,21.383200098698328,1,False,False
7,1.4,2690230208784,809.6528620400883,13.502407265580617,0,False,False
7,1.4,2690230208352,821.9720167855326,12.970270663623175,0,False,False
7,1.4,2690230210512,838.4686656711108,14.202806421602224,0,False,False
7,1.4,2690230210080,854.7002753439176,15.10666751494698,0,False,False
7,1.4,2690230211568,864.6840172251315,13.439141097730966,0,False,False
7,1.4,2690230208256,878.398087358241,16.959483657412157,0,False,False
7,1.4,2690230210464,889.4897828190309,15.172831260317405,1,False,False
7,1.4,2690230210224,907.166932015645,20.7847245681164,0,False,False
7,1.4,2690230210320,915.962092923284,13.701271147445212,1,False,False
7,1.4,2690230210800,932.3216498043735,15.589618972297206,1,False,False
7,1.4,2690230208640,941.3308351849446,12.635833796077451,1,False,False
7,1.4,2690230210896,953.3765809240823,14.461154644749545,1,False,False
7,1.4,2690230210656,970.7721402041022,19.211240854577536,0,False,False
7,1.4,2690230209936,981.632943316611,14.013992972901837,1,False,False
7,1.4,2690230209696,995.4716129283385,14.83812946407679,1,False,False
7,1.4,2690230210608,1013.6896733391682,20.0937750620167,1,False,False
7,1.4,2690230208400,1023.5177220991097,14.524371712194188,0,False,False
7,1.4,2690230210752,1036.9642919238427,17.410726346748135,0,False,False
7,1.4,2690230208592,1054.546081232147,23.175010397841458,1,False,False
7,1.4,2690230209984,1063.985375993072,21.476504231220897,0,False,False
8,1.6,2690230209216,272.965188136256,25.0,0,True,False
8,1.6,2690230209408,273.86851461340143,14.293702715638373,1,False,False
8,1.6,2690230209360,293.6989714978948,19.194941852561797,0,False,False
8,1.6,2690230209072,299.6604369211913,12.03448934399214,1,False,False
8,1.6,2690230209840,315.6453236561952,14.2702639269219,1,False,False
8,1.6,2690230209792,333.6219719206475,19.899005001168543,0,False,False
8,1.6,2690230210992,340.11972162860076,12.28072520393044,1,False,False
8,1.6,2690230211520,352.5833934970921,12.173510080132269,1,False,False
8,1.6,2690230208688,369.6642289464122,13.662071957220423,1,False,False
8,1.6,2690230210416,384.05640332309576,17.10797559095915,1,False,False
8,1.6,2690230209600,396.29434315485025,14.595577010483638,0,False,False
8,1.6,2690230211088,413.9137301179336,18.08565247483457,1,False,False
8,1.6,2690230208304,422.06345157789235,13.015273245826702,0,False,False
8,1.6,2690230209744,438.9141502446225,17.9944896256839,0,False,False
8,1.6,2690230209120,451.0422395552173,15.054135275277375,1,False,False
8,1.6,2690230209552,472.70040258488154,21.317910123057576,0,False,False
8,1.6,2690230210848,478.1600395415666,12.518007216734434,1,False,False
8,1.6,2690230208448,491.51487650102814,12.065965210416152,1,False,False
8,1.6,2690230211376,505.0814452068147,12.802264965912968,1,False,False
8,1.6,2690230208736,518.2164914557452,12.263207069035962,1,False,False
8,1.6,2690230208880,533.4013786058814,15.18509536234143,1,False,False
8,1.6,2690230208976,545.7238545453442,15.206727457930072,0,False,False
8,1.6,2690230211184,561.9672174781074,18.452303924715522,1,False,False
8,1.6,2690230209024,573.4408602965319,13.080610122136587,0,False,False
8,1.6,2690230210032,586.4956755537037,14.157597362352098,0,False,False
8,1.6,2690230208496,604.6723335314064,19.49544705936229,0,False,False
8,1.6,2690230208928,612.0682002550931,12.378793356462044,1,False,False
8,1.6,2690230208544,626.6828577133688,14.950449449420061,1,False,False
8,1.6,2690230208832,648.1932245530755,19.346400401785043,1,False,False
8,1.6,2690230211136,656.7820873726675,13.269017993910554,0,False,False
8,1.6,2690230211040,669.5643396872283,15.11701845945596,0,False,False
8,1.6,2690230211328,690.3715628654458,20.81438802818135,0,False,False
8,1.6,2690230211232,693.8822603146174,12.338934580825423,1,False,False
8,1.6,2690230211424,711.1478849530374,14.178717058401544,1,False,False
8,1.6,2690230210272,723.992150334141,14.14745590947768,1,False,False
8,1.6,2690230208208,733.898127328849,13.743033963847516,1,False,False
8,1.6,2690230210704,747.8488927197353,14.80226601888971,0,False,False
8,1.6,2690230210560,765.2361237704185,19.86113071013857,1,False,False
8,1.6,2690230211280,774.030599418031,13.400112823821233,0,False,False
8,1.6,2690230211472,788.4329300173926,14.19613218805263,0,False,False
8,1.6,2690230210128,807.502088429519,21.214648984041975,1,False,False
8,1.6,2690230208784,812.2733434932044,12.302407265580616,0,False,False
8,1.6,2690230208352,824.4928399694876,11.920661907645266,0,False,False
8,1.6,2690230210512,841.2292269554313,13.002806421602223,0,False,False
8,1.6,2690230210080,857.6416088469069,13.906667514946978,0,False,False
8,1.6,2690230211568,867.2931982557085,12.34296705344372,0,False,False
8,1.6,2690230208256,881.7770417530555,16.775708393807452,0,False,False
8,1.6,2690230210464,892.4800665501167,14.51221074041482,1,False,False
8,1.6,2690230210224,911.311869236467,20.60765561538316,0,False,False
8,1.6,2690230210320,918.6263238031004,12.617527237083875,1,False,False
8,1.6,2690230210800,935.3595735988329,14.389618972297205,1,False,False
8,1.6,2690230208640,943.7780019441601,11.43583379607745,1,False,False
8,1.6,2690230210896,956.2464940160444,14.115924787904264,1,False,False
8,1.6,2690230210656,974.5954699750694,18.950365390548967,0,False,False
8,1.6,2690230209936,984.3557419111913,12.813992972901836,1,False,False
8,1.6,2690230209696,998.4138468322963,14.493897783341348,1,False,False
8,1.6,2690230210608,1017.699681711826,19.96958354917643,1,False,False
8,1.6,2690230208400,1026.3425964415485,13.324371712194187,0,False,False
8,1.6,2690230210752,1040.4320996603572,17.21195523385394,0,False,False
8,1.6,2690230208592,1059.1810833117152,23.175010397841458,1,False,False
8,1.6,2690230209984,1068.280676839316,21.476504231220897,0,False,False
9,1.8,2690230209216,277.9651881362561,25.0,0,True,False
9,1.8,2690230209408,276.68220669141783,13.641556280884124,1,False,False
9,1.8,2690230209360,297.52393360582386,18.989471555265926,0,False,False
9,1.8,2690230209072,302.01056281648056,11.232523923427646,1,False,False
9,1.8,2690230209840,318.4511546422764,13.548476459342293,1,False,False
9,1.8,2690230209792,337.5845692345987,19.64071401459913,0,False,False
9,1.8,2690230210992,342.4958666693868,11.08072520393044,1,False,False
9,1.8,2690230211520,354.96289842340514,11.373798829333278,1,False,False
9,1.8,2690230208688,372.320676300577,12.63305422061544,1,False,False
9,1.8,2690230210416,387.45602221711505,16.785374712816083,1,False,False
9,1.8,2690230209600,399.17184488351074,13.990587913787156,0,False,False
9,1.8,2690230211088,417.5000652570568,17.625841985343158,1,False,False
9,1.8,2690230208304,424.6399858528533,12.656513917826599,0,False,False
9,1.8,2690230209744,442.5037177118191,17.860065459284723,0,False,False
9,1.8,2690230209120,454.0081767471137,14.379165586945366,1,False,False
9,1.8,2690230209552,476.9484975998576,21.085421357996626,0,False,False
9,1.8,2690230210848,480.5836409849135,11.318007216734433,1,False,False
9,1.8,2690230208448,493.84806954311136,10.865965210416151,1,False,False
9,1.8,2690230211376,507.5618981999973,11.602264965912967,1,False,False
9,1.8,2690230208736,520.6104518274806,11.468169236130745,1,False,False
9,1.8,2690230208880,536.4359462973224,15.163841047961885,1,False,False
9,1.8,2690230208976,548.7199784353104,14.596811333803748,0,False,False
9,1.8,2690230211184,565.6312124336208,18.051011503788924,1,False,False
9,1.8,2690230209024,575.9769823209593,11.880610122136586,0,False,False
9,1.8,2690230210032,589.3066504393821,13.87193345717723,0,False,False
9,1.8,2690230208496,608.5428597563587,19.060908191677452,0,False,False
9,1.8,2690230208928,614.4716637868131,11.39391058466969,1,False,False
9,1.8,2690230208544,629.6556995497754,14.70157046215084,1,False,False
9,1.8,2690230208832,652.0238943623285,18.76782301892115,1,False,False
9,1.8,2690230211136,659.3558909714498,12.069017993910553,0,False,False
9,1.8,2690230211040,672.5747230187571,14.935202345170419,0,False,False
9,1.8,2690230211328,694.5085070628164,20.428228011231077,0,False,False
9,1.8,2690230211232,696.2978897945344,11.579504837463,1,False,False
9,1.8,2690230211424,713.9036283647176,12.978717058401543,1,False,False
9,1.8,2690230210272,726.7416415160366,12.947455909477679,1,False,False
9,1.8,2690230208208,736.6652822453349,14.018449063734716,1,False,False
9,1.8,2690230210704,750.7649352852882,14.22761326499967,0,False,False
9,1.8,2690230210560,769.1973824364295,19.701531454976163,1,False,False
9,1.8,2690230211280,776.6306219827952,12.200112823821232,0,False,False
9,1.8,2690230211472,791.2196373090679,13.414236503928263,0,False,False
9,1.8,2690230210128,811.7336263682947,21.04297893037761,1,False,False
9,1.8,2690230208784,814.6538249463205,11.102407265580615,0,False,False
9,1.8,2690230208352,826.8166253789958,11.047069213452668,0,False,False
9,1.8,2690230210512,843.7516378911598,11.883143917432102,0,False,False
9,1.8,2690230210080,860.3429423498964,12.706667514946977,0,False,False
9,1.8,2690230211568,869.7114735918195,11.66489934088503,0,False,False
9,1.8,2690230208256,885.1221624309638,16.633640310298123,0,False,False
9,1.8,2690230210464,895.3396346431438,13.875788820285758,1,False,False
9,1.8,2690230210224,915.4222251584482,20.442140838621533,0,False,False
9,1.8,2690230210320,921.0886555540528,11.73419950495153,1,False,False
9,1.8,2690230210800,938.1574973932924,13.189618972297204,1,False,False
9,1.8,2690230208640,945.9851687033755,10.257338453681777,1,False,False
9,1.8,2690230210896,959.0442193796569,13.723520942509944,1,False,False
9,1.8,2690230210656,978.3648010660055,18.64477646685927,0,False,False
9,1.8,2690230209936,986.8385405057717,11.619206193001519,1,False,False
9,1.8,2690230209696,1001.297154563207,14.286949677373665,1,False,False
9,1.8,2690230210608,1021.686844454398,19.874032714863624,1,False,False
9,1.8,2690230208400,1028.9372491634138,12.38395593992003,0,False,False
9,1.8,2690230210752,1043.8646965828837,17.07750431816473,0,False,False
9,1.8,2690230208592,1063.8160853912834,23.175010397841458,1,False,False
9,1.8,2690230209984,1072.5759776855598,21.476504231220897,0,False,False
10,2.0,2690230209216,282.96518813625613,25.0,0,True,False
10,2.0,2690230209408,279.36861197389675,13.030306755598724,1,False,False
10,2.0,2690230209360,301.3091942314082,18.803927989403174,0,False,False
10,2.0,2690230209072,304.21351165026476,10.611069867849116,1,False,False
10,2.0,2690230209840,321.11292546762735,12.829290544701237,1,False,False
10,2.0,2690230209792,341.4954610881932,19.38199483481127,0,False,False
10,2.0,2690230210992,344.6320117101729,9.880725203930439,1,False,False
10,2.0,2690230211520,357.1912636376684,10.707954680946916,1,False,False
10,2.0,2690230208688,374.79988079760903,11.985137336348377,1,False,False
10,2.0,2690230210416,390.79309344096964,16.490746594616823,1,False,False
10,2.0,2690230209600,401.9340535910456,13.47020296630754,0,False,False
10,2.0,2690230211088,420.99496009409455,17.172516290211792,1,False,False
10,2.0,2690230208304,427.1553057610047,12.44323035365252,0,False,False
10,2.0,2690230209744,446.06795563084484,17.74777237239697,0,False,False
10,2.0,2690230209120,456.8385142763068,13.693751482016756,1,False,False
10,2.0,2690230209552,481.1499768778141,20.850424093742856,0,False,False
10,2.0,2690230210848,482.7672424282604,10.118007216734432,1,False,False
10,2.0,2690230208448,495.94126258519464,9.66596521041615,1,False,False
10,2.0,2690230211376,509.8023511931799,10.402264965912966,1,False,False
10,2.0,2690230208736,522.8677288866053,10.974639694055996,1,False,False
10,2.0,2690230208880,539.4665416578575,15.137434271295591,1,False,False
10,2.0,2690230208976,551.5955085780028,13.968386710235178,0,False,False
10,2.0,2690230211184,569.2140557321677,17.640457164803415,1,False,False
10,2.0,2690230209024,578.2731043453866,10.702160898333156,0,False,False
10,2.0,2690230210032,592.0664946361454,13.668164446499807,0,False,False
10,2.0,2690230208496,612.3245789950857,18.597428566641103,0,False,False
10,2.0,2690230208928,616.7040878542772,10.757896171212392,1,False,False
10,2.0,2690230208544,632.5814376982255,14.48967277382761,1,False,False
10,2.0,2690230208832,655.7390592538517,18.19270854547949,1,False,False
10,2.0,2690230211136,661.6909640063984,10.96963433061646,0,False,False
10,2.0,2690230211040,675.5524390070382,14.80493286539103,0,False,False
10,2.0,2690230211328,698.568936054741,20.05126050705636,0,False,False
10,2.0,2690230211232,698.5677400510604,10.903271411111357,1,False,False
10,2.0,2690230211424,716.419371776398,11.778717058401542,1,False,False
10,2.0,2690230210272,729.251132697932,11.747455909477678,1,False,False
10,2.0,2690230208208,739.4866752502628,14.281158587119737,1,False,False
10,2.0,2690230210704,753.5681253959291,13.632613566605006,0,False,False
10,2.0,2690230210560,773.1281142785525,19.561900890940745,1,False,False
10,2.0,2690230211280,778.9906445475596,11.019531179722971,0,False,False
10,2.0,2690230211472,793.8514952509486,12.652609611341711,0,False,False
10,2.0,2690230210128,815.9305800033823,20.867411134763593,1,False,False
10,2.0,2690230208784,816.7943063994367,9.902407265580614,0,False,False
10,2.0,2690230208352,828.9747471331235,10.304017710507132,0,False,False
10,2.0,2690230210512,846.0642041425009,10.955690990945076,0,False,False
10,2.0,2690230210080,862.8042758528858,11.506667514946976,0,False,False
10,2.0,2690230211568,872.0142607577724,11.258886513681848,0,False,False
10,2.0,2690230208256,888.4411984002148,16.52485593760619,0,False,False
10,2.0,2690230210464,898.0740105662704,13.271415703752321,1,False,False
10,2.0,2690230210224,919.5000514332037,20.28457075451985,0,False,False
10,2.0,2690230210320,923.3834308944369,10.974917257727979,1,False,False
10,2.0,2690230210800,940.7154211877518,11.989618972297203,1,False,False
10,2.0,2690230208640,947.9753155399331,9.420466183575897,1,False,False
10,2.0,2690230210896,961.7604723847259,13.291716545186373,1,False,False
10,2.0,2690230210656,982.0715155763388,18.313874977268753,0,False,False
10,2.0,2690230209936,989.098485886899,10.750590116000733,1,False,False
10,2.0,2690230209696,1004.1459548495658,14.17608537089717,1,False,False
10,2.0,2690230210608,1025.6565372819452,19.802088161245127,1,False,False
10,2.0,2690230208400,1031.3728743132428,11.830735490864742,0,False,False
10,2.0,2690230210752,1047.273893341399,16.992621762676634,0,False,False
10,2.0,2690230208592,1068.4510874708517,23.175010397841458,1,False,False
10,2.0,2690230209984,1076.8712785318037,21.476504231220897,0,False,False
11,2.2,2690230209216,287.9651881362562,25.0,0,True,False
11,2.2,2690230209408,281.93601996758,12.464210517992315,1,False,False
11,2.2,2690230209360,305.0584675573987,18.634440402443477,0,False,False
11,2.2,2690230209072,306.3007516366632,10.1076740120515,1,False,False
11,2.2,2690230209840,323.63063709635986,12.105344030889434,1,False,False
11,2.2,2690230209792,345.3546449891829,19.124074645335007,0,False,False
11,2.2,2690230210992,346.528156750959,8.680725203930438,1,False,False
11,2.2,2690230211520,359.295254626681,10.170839427482857,1,False,False
11,2.2,2690230208688,377.1662109196015,11.564399755286772,1,False,False
11,2.2,2690230210416,394.072749361264,16.217405856371787,1,False,False
11,2.2,2690230209600,404.5975324910228,13.028433315672372,0,False,False
11,2.2,2690230211088,424.3993182784051,16.719882049713263,1,False,False
11,2.2,2690230208304,429.6351944607757,12.330583917433337,0,False,False
11,2.2,2690230209744,449.6109493042573,17.65270483987471,0,False,False
11,2.2,2690230209120,459.53077988140905,12.992418403702297,1,False,False
11,2.2,2690230209552,485.304122421346,20.609778447898698,0,False,False
11,2.2,2690230210848,484.71084387160727,8.91800721673443,1,False,False
11,2.2,2690230208448,497.79940954712083,8.59624080384604,1,False,False
11,2.2,2690230211376,511.8028041863625,9.202264965912965,1,False,False
11,2.2,2690230208736,525.04017831021,10.671582279077034,1,False,False
11,2.2,2690230208880,542.4916657520746,15.103785694880028,1,False,False
11,2.2,2690230208976,554.3453986917401,13.329539164309422,0,False,False
11,2.2,2690230211184,572.7149421152611,17.234346307585376,1,False,False
11,2.2,2690230209024,580.352484241614,9.873035430226151,0,False,False
11,2.2,2690230210032,594.7894173666261,13.516768537874704,0,False,False
11,2.2,2690230208496,616.01207884107,18.11656285877346,0,False,False
11,2.2,2690230208928,618.8251674934655,10.339189180285,1,False,False
11,2.2,2690230208544,635.4666213606378,14.302941217411457,1,False,False
11,2.2,2690230208832,659.3394581860927,17.621278732011383,1,False,False
11,2.2,2690230211136,663.8341422436389,10.285427211910838,0,False,False
11,2.2,2690230211040,678.5067306401605,14.711309325785926,0,False,False
11,2.2,2690230211328,702.5542426617645,19.67710061011245,0,False,False
11,2.2,2690230211232,700.7061968457252,10.279264378223889,1,False,False
11,2.2,2690230211424,718.6951151880783,10.57871705840154,1,False,False
11,2.2,2690230210272,731.5206238798276,10.547455909477677,1,False,False
11,2.2,2690230208208,742.3597569299361,14.531052408868582,1,False,False
11,2.2,2690230210704,756.2525388114568,13.02215788545045,0,False,False
11,2.2,2690230210560,777.0320494801397,19.438449162533477,1,False,False
11,2.2,2690230211280,781.128513234255,10.08995561328946,0,False,False
11,2.2,2690230211472,796.3318107825045,11.900676021613217,0,False,False
11,2.2,2690230210128,820.0921288328468,20.687347675583695,1,False,False
11,2.2,2690230208784,818.6947878525527,8.702407265580613,0,False,False
11,2.2,2690230208352,830.991708259463,9.667454542853452,0,False,False
11,2.2,2690230210512,848.2002102066591,10.15019754151364,0,False,False
11,2.2,2690230210080,865.0256093558752,10.306667514946975,0,False,False
11,2.2,2690230211568,874.248414327893,11.02555193682726,0,False,False
11,2.2,2690230208256,891.7403420575223,16.442735275382496,0,False,False
11,2.2,2690230210464,900.6896975000774,12.699418525612433,1,False,False
11,2.2,2690230210224,923.5467631575285,20.132578324735082,0,False,False
11,2.2,2690230210320,925.5321352767977,10.294554306964491,1,False,False
11,2.2,2690230210800,943.0333449822112,10.789618972297202,1,False,False
11,2.2,2690230208640,949.8196106792346,8.872160417859767,1,False,False
11,2.2,2690230210896,964.3894878966139,12.853411094629317,1,False,False
11,2.2,2690230210656,985.7116065599956,17.975965844437432,0,False,False
11,2.2,2690230209936,991.2084107034007,10.203938427764538,1,False,False
11,2.2,2690230209696,1006.9775467450588,14.1349557655884,1,False,False
11,2.2,2690230210608,1029.613199085038,19.74970507528021,1,False,False
11,2.2,2690230208400,1033.7148949044008,11.509674638698817,0,False,False
11,2.2,2690230210752,1050.6688329175988,16.946451879078044,0,False,False
11,2.2,2690230208592,1073.08608955042,23.175010397841458,1,False,False
11,2.2,2690230209984,1081.1665793780476,21.476504231220897,0,False,False
12,2.4,2690230209216,292.96518813625624,25.0,0,True,False
12,2.4,2690230209408,284.3933137936029,11.942294707282606,1,False,False
12,2.4,2690230209360,308.7747485644056,18.477916677582353,0,False,False
12,2.4,2690230209072,308.2930402083186,9.683233296788927,1,False,False
12,2.4,2690230209840,326.0030341172597,11.377016552168886,1,False,False
12,2.4,2690230209792,349.1623560292672,18.86804643750852,0,False,False
12,2.4,2690230210992,348.1946491283024,7.718702058755783,1,False,False
12,2.4,2690230211520,361.29955461768066,9.745716482455652,1,False,False
12,2.4,2690230208688,379.45908743539513,11.29099037315097,1,False,False
12,2.4,2690230210416,397.298853060996,15.959612753675884,1,False,False
12,2.4,2690230209600,407.1775118632821,12.657776895722478,0,False,False
12,2.4,2690230211088,427.71291480703223,16.262575299625656,1,False,False
12,2.4,2690230208304,432.0977045934052,12.29009686114752,0,False,False
12,2.4,2690230209744,453.13586102602056,17.570784877243106,0,False,False
12,2.4,2690230209120,462.08148474687454,12.270818697281463,1,False,False
12,2.4,2690230209552,489.4096427793337,20.361417736970665,0,False,False
12,2.4,2690230210848,486.41444531495415,7.729202990149474,1,False,False
12,2.4,2690230208448,499.4584953613874,7.734026569801754,1,False,False
12,2.4,2690230211376,513.5742699762044,8.256486889607984,1,False,False
12,2.4,2690230208736,527.1612792672851,10.496953967861298,1,False,False
12,2.4,2690230208880,545.5096551372678,15.062062758503291,1,False,False
12,2.4,2690230208976,556.9692624191849,12.714807757673343,0,False,False
12,2.4,2690230211184,576.1353019844911,16.839772516296655,1,False,False
12,2.4,2690230209024,582.2888043277459,9.351978724491609,0,False,False
12,2.4,2690230210032,597.4845552293178,13.399739114159845,0,False,False
12,2.4,2690230208496,619.6034093346426,17.639156076051126,0,False,False
12,2.4,2690230208928,620.8730293881056,10.06634646867835,1,False,False
12,2.4,2690230208544,638.3156713304306,14.132735942412522,1,False,False
12,2.4,2690230208832,662.8257525088601,17.052138385369876,1,False,False
12,2.4,2690230211136,665.8607583234208,9.87607413802128,0,False,False
12,2.4,2690230211040,681.444152589447,14.6434265586321,0,False,False
12,2.4,2690230211328,706.4646529486764,19.30122378935209,0,False,False
12,2.4,2690230211232,702.7221868124085,9.686346476128408,1,False,False
12,2.4,2690230211424,720.7308585997586,9.37871705840154,1,False,False
12,2.4,2690230210272,733.5501150617231,9.418991948075405,1,False,False
12,2.4,2690230208208,745.281960186709,14.76808574493153,1,False,False
12,2.4,2690230210704,758.815891486199,12.420485039469346,0,False,False
12,2.4,2690230210560,780.912205949663,19.328034141156767,1,False,False
12,2.4,2690230211280,783.0966168411888,9.380034702874758,0,False,False
12,2.4,2690230211472,798.6619472226349,11.150574038434739,0,False,False
12,2.4,2690230210128,824.2173352134961,20.502201784152064,1,False,False
12,2.4,2690230208784,820.3558110571718,7.5665973411088405,0,False,False
12,2.4,2690230208352,832.8872862007322,9.115315520165023,0,False,False
12,2.4,2690230210512,850.1808701078514,9.423397846014947,0,False,False
12,2.4,2690230210080,867.0069428588646,9.106667514946974,0,False,False
12,2.4,2690230211568,876.4443359288538,10.90932563852046,0,False,False
12,2.4,2690230208256,895.0245579677601,16.38201809349947,0,False,False
12,2.4,2690230210464,903.1930013780576,12.156791415262484,1,False,False
12,2.4,2690230210224,927.5633647972165,19.984640307922664,0,False,False
12,2.4,2690230210320,927.5484354429009,9.663920471329208,1,False,False
12,2.4,2690230210800,945.1112687766707,9.5896189722972,1,False,False
12,2.4,2690230208640,951.5672066622471,8.501063527126503,1,False,False
12,2.4,2690230210896,966.931666192235,12.431036721255902,1,False,False
12,2.4,2690230210656,989.2843403211458,17.641833440092224,0,False,False
12,2.4,2690230209936,993.2241842431885,9.866943179693425,1,False,False
12,2.4,2690230209696,1009.8045911886726,14.145713782929358,1,False,False
12,2.4,2690230210608,1033.5605130770707,19.71359425592917,1,False,False
12,2.4,2690230208400,1036.003731727794,11.34096544024649,0,False,False
12,2.4,2690230210752,1054.0566788341682,16.930799996630103,0,False,False
12,2.4,2690230208592,1077.7210916299882,23.175010397841458,1,False,False
12,2.4,2690230209984,1085.4618802242915,21.476504231220897,0,False,False
13,2.6,2690230209216,297.9651881362563,25.0,0,True,False
13,2.6,2690230209408,286.74906859344446,11.461285951134391,1,False,False
13,2.6,2690230209360,312.4604561277333,18.331865643109538,0,False,False
13,2.6,2690230209072,310.2043221678399,9.312812876939635,1,False,False
13,2.6,2690230209840,328.23091840508056,10.672353420269914,1,False,False
13,2.6,2690230209792,352.9190367767218,18.614836167689642,0,False,False
13,2.6,2690230210992,349.6907205751787,7.056838052658694,1,False,False
13,2.6,2690230211520,363.2253833425998,9.415230198492196,1,False,False
13,2.6,2690230208688,381.7045344856952,11.118314795621139,1,False,False
13,2.6,2690230210416,400.4741679729744,15.712301675816521,1,False,False
13,2.6,2690230209600,409.68770830880044,12.350725396370443,0,False,False
13,2.6,2690230211088,430.93447708512593,15.795676986458949,1,False,False
13,2.6,2690230208304,434.55588279441764,12.302554886156283,0,False,False
13,2.6,2690230209744,456.64508485136724,17.49862246719706,0,False,False
13,2.6,2690230209120,464.4865417169545,11.533389710713111,1,False,False
13,2.6,2690230209552,493.46493515421025,20.104676432994633,0,False,False
13,2.6,2690230210848,487.8920130118357,6.7652754810245055,1,False,False
13,2.6,2690230208448,500.95678098355427,7.040913847498986,1,False,False
13,2.6,2690230211376,515.1802232264406,7.633453403230507,1,False,False
13,2.6,2690230208736,529.253919636846,10.412552603800053,1,False,False
13,2.6,2690230208880,548.5188086461409,15.0121055465924,1,False,False
13,2.6,2690230208976,559.4731653984193,12.143598751455233,0,False,False
13,2.6,2690230211184,579.4777204340294,16.460342701399828,1,False,False
13,2.6,2690230209024,584.1352109049445,9.027581859231672,0,False,False
13,2.6,2690230210032,600.1579726492937,13.306057908268379,0,False,False
13,2.6,2690230208496,623.1001247017845,17.176501252437042,0,False,False
13,2.6,2690230208928,622.8736645368216,9.896002243574562,1,False,False
13,2.6,2690230208544,641.1314260272478,13.972404291280107,1,False,False
13,2.6,2690230208832,666.198257157505,16.48299870057234,1,False,False
13,2.6,2690230211136,667.8183186339902,9.643067686534886,0,False,False
13,2.6,2690230211040,684.3692724391165,14.593073567104053,0,False,False
13,2.6,2690230211328,710.2996289240361,18.92103453872321,0,False,False
13,2.6,2690230211232,704.6208427168966,9.109262188144026,1,False,False
13,2.6,2690230211424,722.526602011439,8.178717058401539,1,False,False
13,2.6,2690230210272,735.3860057477688,8.80066577164833,1,False,False
13,2.6,2690230208208,748.2507133070008,14.992278391433759,1,False,False
13,2.6,2690230210704,761.2606534873238,11.841641953548953,0,False,False
13,2.6,2690230210560,784.7710083490975,19.228012614493764,1,False,False
13,2.6,2690230211280,784.9330502575928,8.81208876206425,0,False,False
13,2.6,2690230211472,800.8425601933815,10.414690516710143,0,False,False
13,2.6,2690230210128,828.3051401837228,20.31131440809984,1,False,False
13,2.6,2690230208784,821.8106563849637,6.752964595836563,0,False,False
13,2.6,2690230208352,834.6770778022054,8.629067191578626,0,False,False
13,2.6,2690230210512,852.019872404224,8.746966555529184,0,False,False
13,2.6,2690230210080,868.748276361854,7.906667514946973,0,False,False
13,2.6,2690230211568,878.6229428331161,10.876023910642067,0,False,False
13,2.6,2690230208256,898.2978319450025,16.33848276341527,0,False,False
13,2.6,2690230210464,905.5895145447419,11.639125166290453,1,False,False
13,2.6,2690230210224,931.5505940177268,19.839748578137485,0,False,False
13,2.6,2690230210320,929.4408287540642,9.062802074024047,1,False,False
13,2.6,2690230210800,946.9491925711301,8.3896189722972,1,False,False
13,2.6,2690230208640,953.249100186402,8.247885180800889,1,False,False
13,2.6,2690230210896,969.391107448525,12.036635050455562,1,False,False
13,2.6,2690230210656,992.7909029792532,17.318062391153376,0,False,False
13,2.6,2690230209936,995.183022440558,9.67605276681802,1,False,False
13,2.6,2690230209696,1012.6365626447792,14.195727225759583,1,False,False
13,2.6,2690230210608,1037.5015458906614,19.691053571895967,1,False,False
13,2.6,2690230208400,1038.266417051723,11.278088342150447,0,False,False
13,2.6,2690230210752,1057.4430901524395,16.939349784866135,0,False,False
13,2.6,2690230208592,1082.3560937095565,23.175010397841458,1,False,False
13,2.6,2690230209984,1089.7571810705354,21.476504231220897,0,False,False
14,2.8,2690230209216,302.96518813625636,25.0,0,True,False
14,2.8,2690230209408,289.01117133183425,11.017175091270746,1,False,False
14,2.8,2690230209360,316.1175438363036,18.194265222974153,0,False,False
14,2.8,2690230209072,312.04430043139575,8.981554677539027,1,False,False
14,2.8,2690230209840,330.3205875006374,10.011261615242162,1,False,False
14,2.8,2690230209792,356.6253044046188,18.365216441620163,0,False,False
14,2.8,2690230210992,351.06885015429435,6.595204840707045,1,False,False
14,2.8,2690230211520,365.0906142935838,9.164124118267287,1,False,False
14,2.8,2690230208688,383.9205400853976,11.016718281086337,1,False,False
14,2.8,2690230210416,403.6004797263732,15.470919845331215,1,False,False
14,2.8,2690230209600,412.1403682037056,12.100304315727382,0,False,False
14,2.8,2690230211088,434.06183246504327,15.315957127228238,1,False,False
14,2.8,2690230208304,437.019347237875,12.354378981154337,0,False,False
14,2.8,2690230209744,460.1403774573021,17.433413774827823,0,False,False
14,2.8,2690230209120,466.7443126479017,10.803678953825772,1,False,False
14,2.8,2690230209552,497.4683214660155,19.839637508108897,0,False,False
14,2.8,2690230210848,489.1931725710369,6.02916135794252,1,False,False
14,2.8,2690230208448,502.3263425904323,6.490361130633446,1,False,False
14,2.8,2690230211376,516.6770655853512,7.225306347791229,1,False,False
14,2.8,2690230208736,531.3343220590604,10.393202535633277,1,False,False
14,2.8,2690230208880,551.5174573761873,14.954116090443106,1,False,False
14,2.8,2690230208976,561.8663145283192,11.623748053414428,0,False,False
14,2.8,2690230211184,582.7453601853615,16.097756737980603,1,False,False
14,2.8,2690230209024,585.9263874220984,8.837291593431427,0,False,False
14,2.8,2690230210032,602.813819083165,13.228563882586903,0,False,False
14,2.8,2690230208496,626.5056206823327,16.734416056541548,0,False,False
14,2.8,2690230208928,624.8455139573276,9.79973145221798,1,False,False
14,2.8,2690230208544,643.9154872717615,13.816583257383584,1,False,False
14,2.8,2690230208832,669.4567922205198,15.911115796652208,1,False,False
14,2.8,2690230211136,669.7379378723235,9.530394913577753,0,False,False
14,2.8,2690230211040,687.2851518463539,14.553940295280588,0,False,False
14,2.8,2690230211328,714.0581961369112,18.535027370921554,0,False,False
14,2.8,2690230211232,706.4045985265795,8.541519731666707,1,False,False
14,2.8,2690230211424,724.0918589457215,7.202478508560193,1,False,False
14,2.8,2690230210272,737.1239634948571,8.524255813271258,1,False,False
14,2.8,2690230208208,751.2634526676252,15.203711020959556,1,False,False
14,2.8,2690230210704,763.5916899883416,11.291623463768847,0,False,False
14,2.8,2690230210560,788.6103798329709,19.13612619257637,1,False,False
14,2.8,2690230211280,786.6629060598169,8.34193987622753,0,False,False
14,2.8,2690230211472,802.8783640732679,9.718030479621529,0,False,False
14,2.8,2690230210128,832.3543457453752,20.1139112234148,1,False,False
14,2.8,2690230208784,823.1197645385729,6.172476780485658,0,False,False
14,2.8,2690230208352,836.3731995645227,8.193443132071357,0,False,False
14,2.8,2690230210512,853.7258750970647,8.101118779582231,0,False,False
14,2.8,2690230210080,870.2496098648434,6.748348727675888,0,False,False
14,2.8,2690230211568,880.7991911726543,10.903159258891975,0,False,False
14,2.8,2690230208256,901.5633619618391,16.308710115730133,0,False,False
14,2.8,2690230210464,907.8839051973403,11.141507846722826,1,False,False
14,2.8,2690230210224,935.509011068193,19.69722785364039,0,False,False
14,2.8,2690230210320,931.2141707135288,8.47643844731945,1,False,False
14,2.8,2690230210800,948.5471163655895,7.189618972297199,1,False,False
14,2.8,2690230208640,954.8862789266827,8.077401990562947,1,False,False
14,2.8,2690230210896,971.7738893057357,11.676512838222378,1,False,False
14,2.8,2690230210656,996.2336446218619,17.008738608881483,0,False,False
14,2.8,2690230209936,997.1112503032139,9.59162808698971,1,False,False
14,2.8,2690230209696,1015.4806545740953,14.275737936762678,1,False,False
14,2.8,2690230210608,1041.4388561838532,19.679844027775456,1,False,False
14,2.8,2690230208400,1040.521969926628,11.291590277280848,0,False,False
14,2.8,2690230210752,1060.832559749542,16.967148119866422,0,False,False
14,2.8,2690230208592,1086.9910957891248,23.175010397841458,1,False,False
14,2.8,2690230209984,1094.0524819167792,21.476504231220897,0,False,False
15,3.0,2690230209216,307.9651881362564,25.0,0,True,False
15,3.0,2690230209408,291.1867193851027,10.606007466142453,1,False,False
15,3.0,2690230209360,319.7475868435503,18.063464272353986,0,False,False
15,3.0,2690230209072,313.82012840971123,8.680164376862892,1,False,False
15,3.0,2690230209840,332.28143041655244,9.402127435364047,1,False,False
15,3.0,2690230209792,360.28192181153264,18.119834633584322,0,False,False
15,3.0,2690230210992,352.3648199182736,6.276133919109166,1,False,False
15,3.0,2690230211520,366.9102350986216,8.979597473520194,1,False,False
15,3.0,2690230208688,386.1198711928754,10.966070456423832,1,False,False
15,3.0,2690230210416,406.6786971642404,15.231433168323152,1,False,False
15,3.0,2690230209600,414.54638782268825,11.900220834786964,0,False,False
15,3.0,2690230211088,437.0923330777345,14.822590341612463,1,False,False
15,3.0,2690230208304,439.49526411857835,12.435612685106664,0,False,False
15,3.0,2690230209744,463.6229685103988,17.372839889364663,0,False,False
15,3.0,2690230209120,468.8575559543638,10.097777043144752,1,False,False
15,3.0,2690230209552,501.4181682933602,19.566746608287254,0,False,False
15,3.0,2690230210848,490.3587999303245,5.45747231997613,1,False,False
15,3.0,2690230208448,503.59398661790135,6.057713154200644,1,False,False
15,3.0,2690230211376,518.1031613318227,6.969627121315971,1,False,False
15,3.0,2690230208736,533.4142445012038,10.421451580705437,1,False,False
15,3.0,2690230208880,554.5040046946282,14.888490836052709,1,False,False
15,3.0,2690230208976,564.1591184409273,11.157421862560346,0,False,False
15,3.0,2690230211184,585.9416441607466,15.752654424464941,1,False,False
15,3.0,2690230209024,587.6863227525413,8.742397848459797,0,False,False
15,3.0,2690230210032,605.4549809649305,13.162388556243805,0,False,False
15,3.0,2690230208496,629.8242354538406,16.315794791216,0,False,False
15,3.0,2690230208928,626.8019776821959,9.757799764699296,1,False,False
15,3.0,2690230208544,646.6684469675446,13.660788848371338,1,False,False
15,3.0,2690230208832,672.600653481174,15.334632196601543,1,False,False
15,3.0,2690230211136,671.6411290542526,9.50310571998252,0,False,False
15,3.0,2690230211040,690.1936879170667,14.52108079761405,0,False,False
15,3.0,2690230211328,717.7391240229732,18.142297257430446,0,False,False
15,3.0,2690230211232,708.0763866931269,8.002266370143717,1,False,False
15,3.0,2690230211424,725.4838642062207,6.5313261686868795,1,False,False
15,3.0,2690230210272,738.8214621254001,8.448827185631947,1,False,False
15,3.0,2690230208208,754.317634547111,15.402519313236006,1,False,False
15,3.0,2690230210704,765.8148524655609,10.772437257812962,0,False,False
15,3.0,2690230210560,792.4318127806276,19.05041261342407,1,False,False
15,3.0,2690230211280,788.3037888884729,7.9429663239455754,0,False,False
15,3.0,2690230211472,804.7780828885612,9.071394821586225,0,False,False
15,3.0,2690230210128,836.3635900092646,19.909078274408774,1,False,False
15,3.0,2690230208784,824.3241326961067,5.749637705616477,0,False,False
15,3.0,2690230208352,837.9849029567745,7.796062999903721,0,False,False
15,3.0,2690230210512,855.3045212117088,7.489019015601287,0,False,False
15,3.0,2690230210080,871.5448890011055,6.031899387338491,0,False,False
15,3.0,2690230211568,882.9840516278841,10.975175546653887,0,False,False
15,3.0,2690230208256,904.8237062333195,16.28990883202045,0,False,False
15,3.0,2690230210464,910.0798493778708,10.658940775913287,1,False,False
15,3.0,2690230210224,939.4390573964017,19.55662835123423,0,False,False
15,3.0,2690230210320,932.8706208297123,7.893593246112134,1,False,False
15,3.0,2690230210800,949.905040160049,5.9896189722971975,1,False,False
15,3.0,2690230208640,956.4936411253273,7.967079173141142,1,False,False
15,3.0,2690230210896,974.087106355164,11.35370691647697,1,False,False
15,3.0,2690230210656,999.6156322096756,16.716402151959773,0,False,False
15,3.0,2690230209936,999.0282514452006,9.58723562267037,1,False,False
15,3.0,2690230209696,1018.3423732757841,14.378766498505485,1,False,False
15,3.0,2690230210608,1045.3745806944494,19.67809694398025,1,False,False
15,3.0,2690230208400,1042.7842378835187,11.36167788653111,0,False,False
15,3.0,2690230210752,1064.2286617020854,17.01025503472675,0,False,False
15,3.0,2690230208592,1091.626097868693,23.175010397841458,1,False,False
15,3.0,2690230209984,1098.3477827630231,21.476504231220897,0,False,False
16,3.2,2690230209216,312.9651881362565,25.0,0,True,False
16,3.2,2690230209408,293.28204718184946,10.224168191477041,1,False,False
16,3.2,2690230209360,323.3518508392418,17.93810900150713,0,False,False
16,3.2,2690230209072,315.53733274021164,8.402464556561611,1,False,False
16,3.2,2690230209840,334.1240780386904,8.847683470345913,1,False,False
16,3.2,2690230209792,363.8897745639769,17.87924221492554,0,False,False
16,3.2,2690230210992,353.60447953078625,6.063071013960755,1,False,False
16,3.2,2690230211520,368.6968241533544,8.851028711939968,1,False,False
16,3.2,2690230208688,388.31169253942716,10.951997507260979,1,False,False
16,3.2,2690230210416,409.70895875759027,14.990353356990816,1,False,False
16,3.2,2690230209600,416.915450532994,11.74485678511971,0,False,False
16,3.2,2690230211088,440.0232771310675,14.31623688480014,1,False,False
16,3.2,2690230208304,441.9889841418769,12.538732766870526,0,False,False
16,3.2,2690230209744,467.093651493458,17.314977802010837,0,False,False
16,3.2,2690230209120,470.83169799431647,9.424458324485208,1,False,False
16,3.2,2690230209552,505.31294480708493,19.28662293478273,0,False,False
16,3.2,2690230210848,491.4188481461871,5.00992599843216,1,False,False
16,3.2,2690230208448,504.7818839215041,5.722832524228942,1,False,False
16,3.2,2690230211376,519.4861158553354,6.826744391435926,1,False,False
16,3.2,2690230208736,535.502310175541,10.484713860821156,1,False,False
16,3.2,2690230208880,557.4769489693202,14.815728796941993,1,False,False
16,3.2,2690230208976,566.3622365080743,10.743984966686305,0,False,False
16,3.2,2690230211184,589.0700786960047,15.425083499535514,1,False,False
16,3.2,2690230209024,589.4322425435946,8.717277239491388,0,False,False
16,3.2,2690230210032,608.083477149454,13.104118490988387,0,False,False
16,3.2,2690230208496,633.0607651584268,15.921928147510332,0,False,False
16,3.2,2690230208928,628.7529040917977,9.755865337007402,1,False,False
16,3.2,2690230208544,649.3900501337516,13.501279462527762,1,False,False
16,3.2,2690230208832,675.6289201130148,14.75397475159413,1,False,False
16,3.2,2690230211136,673.5432862127997,9.537908568034211,0,False,False
16,3.2,2690230211040,693.0958594594758,14.490545084455414,0,False,False
16,3.2,2690230211328,721.3410273705213,17.742297924650913,0,False,False
16,3.2,2690230211232,709.6430810158766,7.506478112245297,1,False,False
16,3.2,2690230211424,726.757095168913,6.076759558349762,1,False,False
16,3.2,2690230210272,740.5132211869926,8.501723266386701,1,False,False
16,3.2,2690230208208,757.4107456502679,15.588886506145107,1,False,False
16,3.2,2690230210704,767.9362873117251,10.284122346310662,0,False,False
16,3.2,2690230210560,796.236423108932,18.969135524111053,1,False,False
16,3.2,2690230211280,789.8686711567759,7.597726184126521,0,False,False
16,3.2,2690230211472,806.5520068085777,8.47792906320497,0,False,False
16,3.2,2690230210128,840.3313181025786,19.69574547792711,1,False,False
16,3.2,2690230208784,825.451910006597,5.438308809450285,0,False,False
16,3.2,2690230208352,839.5192359631645,7.429103074710973,0,False,False
16,3.2,2690230210512,856.76469387184,6.940538343952732,0,False,False
16,3.2,2690230210080,872.722661220979,5.66101230585256,0,False,False
16,3.2,2690230211568,885.1857025741883,11.080878884870792,0,False,False
16,3.2,2690230208256,908.0808995408813,16.27978502443665,0,False,False
16,3.2,2690230210464,912.1800281808713,10.186522253246647,1,False,False
16,3.2,2690230210224,943.3410958884726,19.417659689994753,0,False,False
16,3.2,2690230210320,934.4102643701534,7.305436600308681,1,False,False
16,3.2,2690230210800,951.0229639545084,4.7896189722971965,1,False,False
16,3.2,2690230208640,958.082122464213,7.901724972488927,1,False,False
16,3.2,2690230210896,976.3383183898543,11.069343679684533,1,False,False
16,3.2,2690230210656,1002.9403743603825,16.442609111035065,0,False,False
16,3.2,2690230209936,1000.9487064075294,9.64436138769706,1,False,False
16,3.2,2690230209696,1021.2259435090793,14.49942830696534,1,False,False
16,3.2,2690230210608,1049.3105033148486,19.684243282476217,1,False,False
16,3.2,2690230208400,1045.0635416697364,11.474429376643062,0,False,False
16,3.2,2690230210752,1067.6342363690464,17.065499249392026,0,False,False
16,3.2,2690230208592,1096.2610999482613,23.175010397841458,1,False,False
16,3.2,2690230209984,1102.643083609267,21.476504231220897,0,False,False
17,3.4,2690230209216,317.96518813625653,25.0,0,True,False
17,3.4,2690230209408,294.94378462567437,9.869414734513427,1,False,False
17,3.4,2690230209360,326.93134758665025,17.817087364981717,0,False,False
17,3.4,2690230209072,317.2003446406894,8.14419026532358,1,False,False
17,3.4,2690230209840,335.85949255278393,8.347870328475262,1,False,False
17,3.4,2690230209792,367.44985348909483,17.64392024399849,0,False,False
17,3.4,2690230210992,354.8072504077739,5.93131328771157,1,False,False
17,3.4,2690230211520,370.4609604023244,8.769582760991888,1,False,False
17,3.4,2690230208688,390.50256222891795,10.963802565253712,1,False,False
17,3.4,2690230210416,412.6907407712843,14.744716187275205,1,False,False
17,3.4,2690230209600,419.2561579897681,11.629206485877475,0,False,False
17,3.4,2690230211088,442.8521592826094,13.798422384016636,1,False,False
17,3.4,2690230208304,444.5044749857498,12.65791069001344,0,False,False
17,3.4,2690230209744,470.552857753346,17.25822682461822,0,False,False
17,3.4,2690230209120,472.6736104560646,8.788370390435707,1,False,False
17,3.4,2690230209552,509.15125042928383,18.99996869444674,0,False,False
17,3.4,2690230210848,492.39617771530595,4.65919478497672,1,False,False
17,3.4,2690230208448,505.9084693388326,5.4697822002452074,1,False,False
17,3.4,2690230211376,520.8465516108645,6.7697611312904264,1,False,False
17,3.4,2690230208736,537.604858116568,10.57361843742422,1,False,False
17,3.4,2690230208880,560.4348959674039,14.736380284776333,1,False,False
17,3.4,2690230208976,568.4861113465087,10.381438548103738,0,False,False
17,3.4,2690230211184,592.134154794476,15.114760999994715,1,False,False
17,3.4,2690230209024,591.1768230638246,8.744102584820892,0,False,False
17,3.4,2690230210032,610.7007142357503,13.051315808336001,0,False,False
17,3.4,2690230208496,636.2201971081448,15.553217625017457,0,False,False
17,3.4,2690230208928,630.7055288530069,9.783106610947113,1,False,False
17,3.4,2690230208544,652.0793416980243,13.335026574952881,1,False,False
17,3.4,2690230208832,678.5408674326188,14.171019994727063,1,False,False
17,3.4,2690230211136,675.4556592431682,9.618481479515495,0,False,False
17,3.4,2690230211040,695.9919078025557,14.459123873310531,0,False,False
17,3.4,2690230211328,724.8624288806446,17.33472259681325,0,False,False
17,3.4,2690230211232,711.1138787217311,7.060377613526097,1,False,False
17,3.4,2690230211424,727.9507891348858,5.7828608411882945,1,False,False
17,3.4,2690230210272,742.2217920372598,8.640901590582208,1,False,False
17,3.4,2690230208208,760.5403120619544,15.763034820413475,1,False,False
17,3.4,2690230210704,769.9620951538312,9.825744882418087,0,False,False
17,3.4,2690230210560,800.0249914969695,18.8907276273374,1,False,False
17,3.4,2690230211280,791.3674298366236,7.294084590530689,0,False,False
17,3.4,2690230211472,808.210773627481,7.9371612038773565,0,False,False
17,3.4,2690230210128,844.255749996802,19.472672599675068,1,False,False
17,3.4,2690230208784,826.5231994581712,5.208122379550511,0,False,False
17,3.4,2690230208352,840.9819916278022,7.08878120068856,0,False,False
17,3.4,2690230210512,858.120075053273,6.466450771607856,0,False,False
17,3.4,2690230210080,873.8417582819642,5.501973881404727,0,False,False
17,3.4,2690230211568,887.4102922505552,11.21195344064184,0,False,False
17,3.4,2690230208256,911.3365457485385,16.276443678091898,0,False,False
17,3.4,2690230210464,914.1861530923848,9.719520413918849,1,False,False
17,3.4,2690230210224,947.2154396684592,19.28014871557802,0,False,False
17,3.4,2690230210320,935.8315438085767,6.7048702939221165,1,False,False
17,3.4,2690230210800,951.9008877489679,3.5896189722971963,1,False,False
17,3.4,2690230208640,959.6599540878688,7.870704620856642,1,False,False
17,3.4,2690230210896,978.5352259288388,10.82340828452463,1,False,False
17,3.4,2690230210656,1006.211646550236,16.18827324810603,0,False,False
17,3.4,2690230209936,1002.883960873933,9.74953570342622,1,False,False
17,3.4,2690230209696,1024.1345951298206,14.633489350787414,1,False,False
17,3.4,2690230210608,1053.2481111764573,19.69695902442741,1,False,False
17,3.4,2690230208400,1047.3676921854944,11.619690466206979,0,False,False
17,3.4,2690230210752,1071.0515316352166,17.130303319146723,0,False,False
17,3.4,2690230208592,1100.8961020278296,23.175010397841458,1,False,False
17,3.4,2690230209984,1106.938384455511,21.476504231220897,0,False,False
18,3.6,2690230209216,322.9651881362566,25.0,0,True,False
18,3.6,2690230209408,296.63912923731067,9.52581018006519,1,False,False
18,3.6,2690230209360,330.48688027619426,17.69948663283618,0,False,False
18,3.6,2690230209072,318.8128339185373,7.902344828601872,1,False,False
18,3.6,2690230209840,337.4985190651115,7.901271024928891,1,False,False
18,3.6,2690230209792,370.96324201737986,17.41429952572669,0,False,False
18,3.6,2690230210992,355.9881435526868,5.863372158122613,1,False,False
18,3.6,2690230211520,372.211555687335,8.727849796718449,1,False,False
18,3.6,2690230208688,392.69707648628446,10.993241921323035,1,False,False
18,3.6,2690230210416,415.62295959263975,14.492042963240955,1,False,False
18,3.6,2690230209600,421.57614762532086,11.548801108543262,0,False,False
18,3.6,2690230211088,445.57681768175263,13.271191020246027,1,False,False
18,3.6,2690230208304,447.04462547108875,12.78853529489579,0,False,False
18,3.6,2690230209744,474.00071682387295,17.201249457924522,0,False,False
18,3.6,2690230209120,474.3909185739655,8.191812799121697,1,False,False
18,3.6,2690230209552,512.9318282379969,18.707528950077233,0,False,False
18,3.6,2690230210848,493.3087662640325,4.385895289277502,1,False,False
18,3.6,2690230208448,506.98922666431207,5.285979324644283,1,False,False
18,3.6,2690230211376,522.2002830352296,6.779555319834334,1,False,False
18,3.6,2690230208736,539.726512026884,10.681002024743517,1,False,False
18,3.6,2690230208880,563.376564970337,14.65101765830884,1,False,False
18,3.6,2690230208976,570.5407438206,10.067150498659034,0,False,False
18,3.6,2690230211184,595.1372929338004,14.821218281009276,1,False,False
18,3.6,2690230209024,592.9295354852262,8.809980944610826,0,False,False
18,3.6,2690230210032,613.3076602807067,13.002227655231673,0,False,False
18,3.6,2690230208496,639.3075616765387,15.209570039199228,0,False,False
18,3.6,2690230208928,632.6650959555076,9.8310970401497,1,False,False
18,3.6,2690230208544,654.7348054154073,13.159654339349121,1,False,False
18,3.6,2690230208832,681.3362031237928,13.588390674884588,1,False,False
18,3.6,2690230211136,677.386555769945,9.73291128047246,0,False,False
18,3.6,2690230211040,698.8814720643397,14.424169250789829,0,False,False
18,3.6,2690230211328,728.3018025770419,16.91944617929429,0,False,False
18,3.6,2690230211232,712.4988844635346,6.665805576596569,1,False,False
18,3.6,2690230211424,729.0943752493645,5.612168131251378,1,False,False
18,3.6,2690230210272,743.9625085146089,8.84006232080705,1,False,False
18,3.6,2690230208208,763.7039064296763,15.925216111689885,1,False,False
18,3.6,2690230210704,771.8981642779534,9.395910297554755,0,False,False
18,3.6,2690230210560,803.7979939265632,18.81374339987449,1,False,False
18,3.6,2690230211280,792.8077583939101,7.023243664815556,0,False,False
18,3.6,2690230211472,809.7647968090221,7.4469675003969,0,False,False
18,3.6,2690230210128,848.1348455446731,19.23843504441397,1,False,False
18,3.6,2690230208784,827.5527200704829,5.038047618540007,0,False,False
18,3.6,2690230208352,842.3783484128963,6.773120887500911,0,False,False
18,3.6,2690230210512,859.3856540515476,6.06708658916482,0,False,False
18,3.6,2690230210080,874.9392072823234,5.483486942606046,0,False,False
18,3.6,2690230211568,889.6624477772951,11.362056823330773,0,False,False
18,3.6,2690230208256,914.5918922600099,16.278313271240652,0,False,False
18,3.6,2690230210464,916.0990019022765,9.253398307151722,1,False,False
18,3.6,2690230210224,951.0623735264905,19.144011706863,0,False,False
18,3.6,2690230210320,937.1315809474819,6.088924798435193,1,False,False
18,3.6,2690230210800,952.5451527421324,2.636100274743993,1,False,False
18,3.6,2690230208640,961.2334568233914,7.866369282549512,1,False,False
18,3.6,2690230210896,980.6854750746527,10.615188133336673,1,False,False
18,3.6,2690230210656,1009.4333768654549,15.953877556299108,0,False,False
18,3.6,2690230209936,1004.8429099545192,9.892652289759305,1,False,False
18,3.6,2690230209696,1027.0707716420948,14.777568033509882,1,False,False
18,3.6,2690230210608,1057.1886406501787,19.715122375694218,1,False,False
18,3.6,2690230208400,1049.7026519152407,11.789830244593224,0,False,False
18,3.6,2690230210752,1074.4823125894852,17.202555916547293,0,False,False
18,3.6,2690230208592,1105.5311041073978,23.175010397841458,1,False,False
18,3.6,2690230209984,1111.2336853017548,21.476504231220897,0,False,False
19,3.8,2690230209216,327.96518813625664,25.0,0,True,False
19,3.8,2690230209408,298.4443545413531,9.771855212536082,0,False,False
19,3.8,2690230209360,334.01908108493586,17.584560685557236,0,False,False
19,3.8,2690230209072,320.3779350138872,7.674827496543383,1,False,False
19,3.8,2690230209840,339.05166969677845,7.505835905729508,1,False,False
19,3.8,2690230209792,374.43110719649377,17.190775448936392,0,False,False
19,3.8,2690230210992,357.1590111360958,5.846416964299277,1,False,False
19,3.8,2690230211520,373.95611901280694,8.719548167170272,1,False,False
19,3.8,2690230208688,394.8983047146686,11.033768226493471,1,False,False
19,3.8,2690230210416,418.5040661960664,14.230301827731338,1,False,False
19,3.8,2690230209600,423.88219507616725,11.499636113593173,0,False,False
19,3.8,2690230211088,448.1955228634312,12.736907104359743,1,False,False
19,3.8,2690230208304,449.61146595391,12.926893987643181,0,False,False
19,3.8,2690230209744,477.4371057755641,17.142924543841623,0,False,False
19,3.8,2690230209120,475.9916071679032,7.635746473677856,1,False,False
19,3.8,2690230209552,516.6535723078875,18.410077051149308,0,False,False
19,3.8,2690230210848,494.17109114751406,4.175830385725444,1,False,False
19,3.8,2690230208448,508.0373045042219,5.161403376445393,1,False,False
19,3.8,2690230211376,523.5596653409893,6.842024359035823,1,False,False
19,3.8,2690230208736,541.8705749788004,10.80126800693427,1,False,False
19,3.8,2690230208880,566.3007910072487,14.560218066954127,1,False,False
19,3.8,2690230208976,572.5355909081554,9.79822653871554,0,False,False
19,3.8,2690230211184,598.0828118815666,14.543879190193309,1,False,False
19,3.8,2690230209024,594.6975094106758,8.905292234241857,0,False,False
19,3.8,2690230210032,615.9049682923879,12.955600939992618,0,False,False
19,3.8,2690230208496,642.3278498018892,14.890615168381304,0,False,False
19,3.8,2690230208928,634.635284831326,9.89309611147136,1,False,False
19,3.8,2690230208544,657.3544898166427,12.973371532030614,1,False,False
19,3.8,2690230208832,684.0151885516959,13.00908835900601,1,False,False
19,3.8,2690230211136,679.3421119416306,9.872196987427742,0,False,False
19,3.8,2690230211040,701.7636922866893,14.383467046202705,0,False,False
19,3.8,2690230211328,731.6576080719645,16.49649915366106,0,False,False
19,3.8,2690230211232,713.8084042776565,6.322443209785047,1,False,False
19,3.8,2690230211424,730.2106109353955,5.538359689394212,1,False,False
19,3.8,2690230210272,745.7461054905301,9.081769617232172,1,False,False
19,3.8,2690230208208,766.8991532397172,16.07570202105368,1,False,False
19,3.8,2690230210704,773.7500937017487,8.99303346778689,0,False,False
19,3.8,2690230210560,807.555623251006,18.736818550125676,1,False,False
19,3.8,2690230211280,794.1957524221027,6.77864824400806,0,False,False
19,3.8,2690230211472,811.224009588644,7.0045370854562705,0,False,False
19,3.8,2690230210128,851.9662666797295,18.991414909250086,1,False,False
19,3.8,2690230208784,828.5514153159951,4.912951176098353,0,False,False
19,3.8,2690230208352,843.7131552758201,6.4810090463793975,0,False,False
19,3.8,2690230210512,860.5761747780725,5.738968521245093,0,False,False
19,3.8,2690230210080,876.0399915962225,5.563117108158372,0,False,False
19,3.8,2690230211568,891.9456278038289,11.526244631616482,0,False,False
19,3.8,2690230208256,917.8478906118561,16.284087432930377,0,False,False
19,3.8,2690230210464,917.9184889863157,8.784865638916825,1,False,False
19,3.8,2690230210224,954.8821704405516,19.00923543239124,0,False,False
19,3.8,2690230210320,938.3087905041912,5.487600493244826,1,False,False
19,3.8,2690230210800,953.0366784096944,2.1788105292791027,1,False,False
19,3.8,2690230208640,962.8075687937875,7.883112935401691,1,False,False
19,3.8,2690230210896,982.7965373158577,10.443533075938154,1,False,False
19,3.8,2690230210656,1012.6095690046523,15.739606669819644,0,False,False
19,3.8,2690230209936,1006.8325946207289,10.065929601413883,1,False,False
19,3.8,2690230209696,1030.0362858712326,14.928929328379146,1,False,False
19,3.8,2690230210608,1061.1331154148534,19.737779819462595,1,False,False
19,3.8,2690230208400,1052.0729829143327,11.978968558124684,0,False,False
19,3.8,2690230210752,1077.927948008256,17.280516767300004,0,False,False
19,3.8,2690230208592,1110.166106186966,23.175010397841458,1,False,False
19,3.8,2690230209984,1115.5289861479987,21.476504231220897,0,False,False
20,4.0,2690230209216,332.7468154217927,25.0,0,True,True
20,4.0,2690230209408,300.3907854466797,10.308878135416784,0,False,False
20,4.0,2690230209360,337.74681542179263,17.471704518134064,0,False,True
20,4.0,2690230209072,321.89840922217775,7.460201272348729,1,False,False
20,4.0,2690230209840,340.52902499082364,7.159245488306616,1,False,False
20,4.0,2690230209792,377.8546933461384,16.97371808677098,0,False,False
20,4.0,2690230210992,358.32936611464316,5.870760177927452,1,False,False
20,4.0,2690230211520,375.7009656694762,8.739289470759042,1,False,False
20,4.0,2690230208688,397.1080932889307,11.080044122213625,1,False,False
20,4.0,2690230210416,421.33213322368596,13.957875064878769,1,False,False
20,4.0,2690230209600,426.1803026405488,11.478107416252481,0,False,False
20,4.0,2690230211088,450.707033068555,12.198137342442358,1,False,False
20,4.0,2690230208304,452.20633227019135,13.069953829878976,0,False,False
20,4.0,2690230209744,480.8616898965924,17.08231045178794,0,False,False
20,4.0,2690230209120,477.4837960666174,7.120369372592449,1,False,False
20,4.0,2690230209552,520.3155331036967,18.10841246389304,0,False,False
20,4.0,2690230210848,494.99504545240137,4.018346343399291,1,False,False
20,4.0,2690230208448,509.0639844274344,5.087968982104153,1,False,False
20,4.0,2690230211376,524.9344777992409,6.946453870625767,1,False,False
20,4.0,2690230208736,544.0393121069542,10.929964448448153,1,False,False
20,4.0,2690230208880,569.2065246143584,14.464552656809195,1,False,False
20,4.0,2690230208976,574.4795257065745,9.571696842713237,0,False,False
20,4.0,2690230211184,600.9739102527334,14.28209953603566,1,False,False
20,4.0,2690230209024,596.4861125867345,9.02267131014383,0,False,False
20,4.0,2690230210032,618.4930672262858,12.91055835079867,0,False,False
20,4.0,2690230208496,645.2859665019415,14.595823003139017,0,False,False
20,4.0,2690230208928,636.6185138855631,9.96358633882184,1,False,False
20,4.0,2690230208544,659.936120955359,12.774911280508931,1,False,False
20,4.0,2690230208832,686.5786995696182,12.436294760671803,1,False,False
20,4.0,2690230211136,681.326807155299,10.029328262384869,0,False,False
20,4.0,2690230211040,704.6372896242592,14.335145068764078,0,False,False
20,4.0,2690230211328,734.9283208642224,16.066057828097584,0,False,False
20,4.0,2690230211232,715.0525998703619,6.028934850541984,1,False,False
20,4.0,2690230211424,731.3175072234487,5.542215048111128,1,False,False
20,4.0,2690230210272,747.580223567453,9.353914262105151,1,False,False
20,4.0,2690230208208,770.1237321008267,16.21477383038686,1,False,False
20,4.0,2690230210704,775.5231634010291,8.615482606860233,0,False,False
20,4.0,2690230210560,811.2978030276358,18.658635394495295,1,False,False
20,4.0,2690230211280,795.5363099301544,6.555331424207771,0,False,False
20,4.0,2690230211472,812.5977637051957,6.606838074006247,0,False,False
20,4.0,2690230210128,855.7473415131991,18.72986897363223,1,False,False
20,4.0,2690230208784,829.5274859588617,4.8216266022953835,0,False,False
20,4.0,2690230208352,844.9910745287398,6.211819203604157,0,False,False
20,4.0,2690230210512,861.7055802843871,5.477377149233301,0,False,False
20,4.0,2690230210080,877.1617571812235,5.713704819418654,0,False,False
20,4.0,2690230211568,894.26237458738,11.700591366409583,0,False,False
20,4.0,2690230208256,921.105246296751,16.292679261345377,0,False,False
20,4.0,2690230210464,919.6440962574031,8.314069611414235,1,False,False
20,4.0,2690230210224,958.675104715272,18.87586371869159,0,False,False
20,4.0,2690230210320,939.368303242071,4.9285534437560985,1,False,False
20,4.0,2690230210800,953.4571061197086,1.9952086248718894,1,False,False
20,4.0,2690230208640,964.3862104113348,7.916776170744157,1,False,False
20,4.0,2690230210896,984.875633558325,10.307011353464352,1,False,False
20,4.0,2690230210656,1015.744248484929,15.545430282346226,0,False,False
20,4.0,2690230209936,1008.8586178205251,10.263240460373769,1,False,False
20,4.0,2690230209696,1033.032438849468,15.085339150862277,1,False,False
20,4.0,2690230210608,1065.0823782103093,19.764118878405466,1,False,False
20,4.0,2690230208400,1054.4821606026417,12.182476972935463,0,False,False
20,4.0,2690230210752,1081.389479480191,17.36274467358712,0,False,False
20,4.0,2690230208592,1114.8011082665344,23.175010397841458,1,False,False
20,4.0,2690230209984,1119.8242869942426,21.476504231220897,0,False,False
21,4.2,2690230209216,336.71713328119154,20.325925925925926,0,True,True
21,4.2,2690230209408,302.4656784141978,10.825985207049957,0,False,False
21,4.2,2690230209360,341.71713328119154,14.205142873410331,0,False,True
21,4.2,2690230209072,323.37676621845156,7.257536971064799,1,False,False
21,4.2,2690230209840,341.9401936195776,6.859086554123571,1,False,False
21,4.2,2690230209792,381.2353174560834,16.763478314821462,0,False,False
21,4.2,2690230210992,359.5069413873258,5.928908377431984,1,False,False
21,4.2,2690230211520,377.451382980261,8.782395158149917,1,False,False
21,4.2,2690230208688,399.3272841938776,11.12762040735129,1,False,False
21,4.2,2690230210416,424.10493601738375,13.673533759106668,1,False,False
21,4.2,2690230209600,428.47577562385123,11.480957334181642,0,False,False
21,4.2,2690230211088,453.1106292889228,11.657576001006088,1,False,False
21,4.2,2690230208304,454.8299906294183,13.215207610436552,0,False,False
21,4.2,2690230209744,484.27395657475125,17.018616320356646,0,False,False
21,4.2,2690230209120,478.8756120230023,6.64544258993769,1,False,False
21,4.2,2690230209552,523.916922867841,17.803363884128963,0,False,False
21,4.2,2690230210848,495.7905708065418,3.905294222844313,1,False,False
21,4.2,2690230208448,510.0790344864522,5.0590544480572905,1,False,False
21,4.2,2690230211376,526.3325266645272,7.084497341356185,1,False,False
21,4.2,2690230208736,546.2341589063246,11.06349839974364,1,False,False
21,4.2,2690230208880,572.0928299164716,14.364579144339487,1,False,False
21,4.2,2690230208976,576.3808284893627,9.384608067944637,0,False,False
21,4.2,2690230211184,603.813654296946,14.035184403759382,1,False,False
21,4.2,2690230209024,598.2993544011331,9.156357359560795,0,False,False
21,4.2,2690230210032,621.0722309182719,12.8665113828007,0,False,False
21,4.2,2690230208496,648.1867035273635,14.324563404608053,0,False,False
21,4.2,2690230208928,638.6161626255392,10.037962903253742,1,False,False
21,4.2,2690230208544,662.4772038388916,12.563481904112688,1,False,False
21,4.2,2690230208832,689.0282540236071,11.873256346002364,1,False,False
21,4.2,2690230211136,683.3438190561915,10.198694165847064,0,False,False
21,4.2,2690230211040,707.50062999855,14.277606724891598,0,False,False
21,4.2,2690230211328,738.1124613114098,15.628442582980732,0,False,False
21,4.2,2690230211232,716.2413243609966,5.783447471036411,1,False,False
21,4.2,2690230211424,732.4295738357687,5.609253155361357,1,False,False
21,4.2,2690230210272,749.4703274787455,9.647750890786124,1,False,False
21,4.2,2690230208208,773.3753789911752,16.342712273080643,1,False,False
21,4.2,2690230210704,777.222329491175,8.261655332613943,0,False,False
21,4.2,2690230210560,815.0241949824047,18.577897189243533,1,False,False
21,4.2,2690230211280,796.8334186059701,6.349497595779376,0,False,False
21,4.2,2690230211472,813.8948021518665,6.250833711044472,0,False,False
21,4.2,2690230210128,859.4750478811663,18.452051796383174,1,False,False
21,4.2,2690230208784,830.4870875611712,4.755602274224063,0,False,False
21,4.2,2690230208352,846.2166659378167,5.965239305008751,0,False,False
21,4.2,2690230210512,862.786844957181,5.277351012993933,0,False,False
21,4.2,2690230210080,878.3173735189139,5.916923728650785,0,False,False
21,4.2,2690230211568,896.6144992084279,11.881933301019593,0,False,False
21,4.2,2690230208256,924.3644601238801,16.303185151355144,0,False,False
21,4.2,2690230210464,921.2754998213579,7.843221321343687,1,False,False
21,4.2,2690230210224,962.4414626878424,18.74398746081883,0,False,False
21,4.2,2690230210320,940.3194814287623,4.423172658861594,1,False,False
21,4.2,2690230210800,953.8531680956642,1.980324924251657,1,False,False
21,4.2,2690230208640,965.9725451489306,7.964252247720736,1,False,False
21,4.2,2690230210896,986.9296848824122,10.204005948357596,1,False,False
21,4.2,2690230210656,1018.8414234248986,15.371156048445766,0,False,False
21,4.2,2690230209936,1010.9254429222525,10.479664060331945,1,False,False
21,4.2,2690230209696,1036.0601124956838,15.244959051297446,1,False,False
21,4.2,2690230210608,1069.0371175060766,19.793446030729914,1,False,False
21,4.2,2690230208400,1056.9327999983427,12.39664589413545,0,False,False
21,4.2,2690230210752,1084.8676773224036,17.448042160407372,0,False,False
21,4.2,2690230208592,1119.4361103461026,23.175010397841458,1,False,False
21,4.2,2690230209984,1124.1195878404865,21.476504231220897,0,False,False
22,4.4,2690230209216,339.94514874969246,16.525730589849108,0,True,True
22,4.4,2690230209408,304.64966319658004,11.262963285424457,0,False,False
22,4.4,2690230209360,344.94514874969246,11.54930727248532,0,False,True
22,4.4,2690230209072,324.8153576384946,7.066300806577536,1,False,False
22,4.4,2690230209840,343.29429998172344,6.602932671324224,1,False,False
22,4.4,2690230209792,384.57436558177704,16.560390700095265,0,False,False
22,4.4,2690230210992,360.6980834898899,6.014940909473952,1,False,False
22,4.4,2690230211520,379.21176221597153,8.844753578374586,1,False,False
22,4.4,2690230208688,401.5558769275444,11.172718634212753,1,False,False
22,4.4,2690230210416,426.82002904084356,13.376419013511308,1,False,False
22,4.4,2690230209600,430.77328849310567,11.505229567273688,0,False,False
22,4.4,2690230211088,455.406137022774,11.11799181046452,1,False,False
22,4.4,2690230208304,457.4827348667473,13.360563317529454,0,False,False
22,4.4,2690230209744,487.67324387768156,16.95117972319848,0,False,False
22,4.4,2690230209120,480.1751150137843,6.210471209492161,1,False,False
22,4.4,2690230209552,527.4571217665833,17.49579377394812,0,False,False
22,4.4,2690230210848,496.56610851147957,3.8303421441528003,1,False,False
22,4.4,2690230208448,511.09097715046363,5.069153334635314,1,False,False
22,4.4,2690230211376,527.7600703082171,7.24950951019385,1,False,False
22,4.4,2690230208736,548.4558787857278,11.198937831821171,1,False,False
22,4.4,2690230208880,574.9588814531893,14.260836032043722,1,False,False
22,4.4,2690230208976,578.2471929683971,9.234067653356604,0,False,False
22,4.4,2690230211184,606.6049682245567,13.802393318750841,1,False,False
22,4.4,2690230209024,600.1401755402136,9.301763736196696,0,False,False
22,4.4,2690230210032,623.6426313169163,12.823096442990632,0,False,False
22,4.4,2690230208496,651.0347214838397,14.076132985895018,0,False,False
22,4.4,2690230208928,640.628738906297,10.112322011039726,1,False,False
22,4.4,2690230208544,664.9751147190392,12.338727612633583,1,False,False
22,4.4,2690230208832,691.3660192767868,11.323208762530898,1,False,False
22,4.4,2690230211136,685.3952749912643,10.375691182004571,0,False,False
22,4.4,2690230211040,710.3517757835705,14.209482982352693,0,False,False
22,4.4,2690230211328,741.2086235190693,15.184119331046334,0,False,False
22,4.4,2690230211232,717.3840478473887,5.583941690569675,1,False,False
22,4.4,2690230211424,733.5586603277707,5.728279727668071,1,False,False
22,4.4,2690230210272,751.4202933658669,9.956744718381952,1,False,False
22,4.4,2690230208208,776.6518854827837,16.459787645724777,1,False,False
22,4.4,2690230210704,778.8522324625301,7.930017663716042,0,False,False
22,4.4,2690230210560,818.7342019322182,18.493310467062845,1,False,False
22,4.4,2690230211280,798.0903698335622,6.158241823624539,0,False,False
22,4.4,2690230211472,815.1232655766335,5.933574281441604,0,False,False
22,4.4,2690230210128,863.1460185542709,18.156290687681462,1,False,False
22,4.4,2690230208784,831.4348223318445,4.70838781053362,0,False,False
22,4.4,2690230208352,847.3944425730168,5.741176144827335,0,False,False
22,4.4,2690230210512,863.8319564747482,5.134057359880812,0,False,False
22,4.4,2690230210080,879.5164441361017,6.159885531188029,0,False,False
22,4.4,2690230211568,899.0032210754541,12.067689666907693,0,False,False
22,4.4,2690230208256,927.6258628548071,16.314855837568153,0,False,False
22,4.4,2690230210464,922.8128852471189,7.375373758169241,1,False,False
22,4.4,2690230210224,966.1815515937807,18.613736771376303,0,False,False
22,4.4,2690230210320,941.173424737611,3.975971187229652,1,False,False
22,4.4,2690230210800,954.2542971520489,2.076416294336262,1,False,False
22,4.4,2690230208640,967.5691706042644,8.023216449877637,1,False,False
22,4.4,2690230210896,988.9652800152304,10.132776806280223,1,False,False
22,4.4,2690230210656,1021.9050545717394,15.216463558661998,0,False,False
22,4.4,2690230209936,1013.0366128114564,10.711178021065416,1,False,False
22,4.4,2690230209696,1039.119843224563,15.406268517769645,1,False,False
22,4.4,2690230210608,1072.997890034986,19.82516863264696,1,False,False
22,4.4,2690230208400,1059.4268230475982,12.618456476865905,0,False,False
22,4.4,2690230210752,1088.3630862917685,17.53541228894318,0,False,False
22,4.4,2690230208592,1124.071112425671,23.175010397841458,1,False,False
22,4.4,2690230209984,1128.4148886867304,21.476504231220897,0,False,False
23,4.6,2690230209216,342.5696448817121,13.436031033643246,0,True,True
23,4.6,2690230209408,306.9201132132094,11.59776322424134,0,False,False
23,4.6,2690230209360,347.5696448817121,9.39001456465177,0,False,True
23,4.6,2690230209072,326.2164501036128,6.88626807269937,1,False,False
23,4.6,2690230209840,344.59998424131055,6.3883774184418955,1,False,False
23,4.6,2690230209792,387.8732896387766,16.36477384971304,0,False,False
23,4.6,2690230210992,361.90803673001346,6.124088336741112,1,False,False
23,4.6,2690230211520,380.98570411873425,8.922708172374799,1,False,False
23,4.6,2690230208688,403.7931519150634,11.21208248360834,1,False,False
23,4.6,2690230210416,429.47481889699816,13.06602801153072,1,False,False
23,4.6,2690230209600,433.07694256253984,11.548231894057563,0,False,False
23,4.6,2690230211088,457.59393821169505,10.58218506658966,1,False,False
23,4.6,2690230208304,460.16446372800164,13.504263249355796,0,False,False
23,4.6,2690230209744,491.0587650245804,16.87944945106839,0,False,False
23,4.6,2690230209120,481.39025439007366,5.814800539582114,1,False,False
23,4.6,2690230209552,530.9356849220189,17.18660224811536,0,False,False
23,4.6,2690230210848,497.3289289441474,3.7885026738937304,1,False,False
23,4.6,2690230208448,512.1072940837103,5.113617694165888,1,False,False
23,4.6,2690230211376,529.2221269076688,7.436095449389562,1,False,False
23,4.6,2690230208736,550.7046852085665,11.333871401289649,1,False,False
23,4.6,2690230208880,577.8039599519715,14.153837534304488,1,False,False
23,4.6,2690230208976,580.0857398414462,9.11726481230447,0,False,False
23,4.6,2690230211184,609.3506250946316,13.582939411737698,1,False,False
23,4.6,2690230209024,602.0106617166863,9.455185573019142,0,False,False
23,4.6,2690230210032,626.2043800189294,12.780125787737687,0,False,False
23,4.6,2690230208496,653.8345359621508,13.84976397570904,0,False,False
23,4.6,2690230208928,642.6560086312882,10.183315373389858,1,False,False
23,4.6,2690230208544,667.4271860419443,12.100696336623887,1,False,False
23,4.6,2690230208832,693.5948060508354,10.78931952669706,1,False,False
23,4.6,2690230211136,687.4824342391314,10.556456461926892,0,False,False
23,4.6,2690230211040,713.1885288461606,14.129597882881983,0,False,False
23,4.6,2690230211328,744.2155045781889,14.733701329973535,0,False,False
23,4.6,2690230211232,718.4898259379116,5.4282965297609636,1,False,False
23,4.6,2690230211424,734.7145453875605,5.890453452026926,1,False,False
23,4.6,2690230210272,753.4327987709008,10.275862901897082,1,False,False
23,4.6,2690230208208,779.9510960213979,16.566250446986615,1,False,False
23,4.6,2690230210704,780.4172119926753,7.619122626162973,0,False,False
23,4.6,2690230210560,822.4269675151578,18.4035719360668,1,False,False
23,4.6,2690230211280,799.3099226645721,5.979351673489358,0,False,False
23,4.6,2690230211472,816.2907124179702,5.6522293677918345,0,False,False
23,4.6,2690230210128,866.7565591730582,17.841033362535587,1,False,False
23,4.6,2690230208784,832.3740994856107,4.674980091169874,0,False,False
23,4.6,2690230208352,848.5289099112189,5.539689313351972,0,False,False
23,4.6,2690230210512,864.8519516458376,5.042910368564039,0,False,False
23,4.6,2690230210080,880.7662504028591,6.433209801724953,0,False,False
23,4.6,2690230211568,901.4292754215464,12.255735553670126,0,False,False
23,4.6,2690230208256,930.8896444378955,16.327072965613088,0,False,False
23,4.6,2690230210464,924.257075203868,6.913902968348086,1,False,False
23,4.6,2690230210224,969.8957069596754,18.485274443613363,0,False,False
23,4.6,2690230210320,941.9418917259349,3.588320247022253,1,False,False
23,4.6,2690230210800,954.6801267311197,2.248676045297652,1,False,False
23,4.6,2690230208640,969.178261148058,8.091933560987291,1,False,False
23,4.6,2690230210896,990.988653780523,10.091503435884292,1,False,False
23,4.6,2690230210656,1024.9390312933526,15.080926768197488,0,False,False
23,4.6,2690230209936,1015.1949140434012,10.954441801242579,1,False,False
23,4.6,2690230209696,1042.2118814011221,15.568006554366418,1,False,False
23,4.6,2690230210608,1076.965139932191,19.85877999030998,1,False,False
23,4.6,2690230208400,1061.9655853010504,12.845420738373996,0,False,False
23,4.6,2690230210752,1091.8760633003455,17.624024510633106,0,False,False
23,4.6,2690230208592,1128.7061145052392,23.175010397841458,1,False,False
23,4.6,2690230209984,1132.7101895329743,21.476504231220897,0,False,False
24,4.8,2690230209216,344.70345744060455,10.923990861130985,0,True,True
24,4.8,2690230209408,309.25293547381204,11.817154422293493,0,False,False
24,4.8,2690230209360,349.70345744060467,7.634429619379098,0,False,True
24,4.8,2690230209072,327.582282186053,6.717453330632174,1,False,False
24,4.8,2690230209840,345.8654072973866,6.213045921797919,1,False,False
24,4.8,2690230209792,391.133604129748,16.17692882867205,0,False,False
24,4.8,2690230210992,363.14115229194056,6.252437882481411,1,False,False
24,4.8,2690230211520,382.77610375158747,9.01296958705716,1,False,False
24,4.8,2690230208688,406.03776757361663,11.242875952690396,1,False,False
24,4.8,2690230210416,432.0666347763309,12.742202898620004,1,False,False
24,4.8,2690230209600,435.3903166615628,11.607505226707312,0,False,False
24,4.8,2690230211088,459.6749749444893,10.052949078798596,1,False,False
24,4.8,2690230208304,462.8747434596286,13.644823749647005,0,False,False
24,4.8,2690230209744,494.42962969978004,16.80297237049342,0,False,False
24,4.8,2690230209120,482.52884062761984,5.457663757346267,1,False,False
24,4.8,2690230209552,534.3523501167963,16.876729225763004,0,False,False
24,4.8,2690230210848,498.08537649008565,3.775798063403346,1,False,False
24,4.8,2690230208448,513.1345843436462,5.18846812685949,1,False,False
24,4.8,2690230211376,530.7227019758436,7.63979686360051,1,False,False
24,4.8,2690230208736,552.9803386060499,11.466307174889657,1,False,False
24,4.8,2690230208880,580.6274471288204,14.044068753757006,1,False,False
24,4.8,2690230208976,581.9030338073891,9.031480730361118,0,False,False
24,4.8,2690230211184,612.0532373466878,13.375986402616732,1,False,False
24,4.8,2690230209024,603.9122054075955,9.613596391567244,0,False,False
24,4.8,2690230210032,628.7575607052205,12.737548301642766,0,False,False
24,4.8,2690230208496,656.5905047329627,13.644623983060315,0,False,False
24,4.8,2690230208928,644.6970996314411,10.248050305884808,1,False,False
24,4.8,2690230208544,669.830785286256,11.849811763037732,1,False,False
24,4.8,2690230208832,695.7180514464434,10.274638934651705,1,False,False
24,4.8,2690230211136,689.6058228160765,10.737682513106233,0,False,False
24,4.8,2690230211040,716.0084674107223,14.036944263707905,0,False,False
24,4.8,2690230211328,747.1319340907776,14.27794956791569,0,False,False
24,4.8,2690230211232,719.5672876699563,5.314362406872078,1,False,False
24,4.8,2690230211424,735.9053622881056,6.08866206601434,1,False,False
24,4.8,2690230210272,755.5095900407227,10.601123239095028,1,False,False
24,4.8,2690230208208,783.2709033741866,16.662322624923807,1,False,False
24,4.8,2690230210704,781.9213247946669,7.32761769928969,0,False,False
24,4.8,2690230210560,826.1013735128586,18.307358375536065,1,False,False
24,4.8,2690230211280,800.4944319666373,5.811161169497533,0,False,False
24,4.8,2690230211472,817.4041433919278,5.404093763798821,0,False,False
24,4.8,2690230210128,870.3026750464925,17.504888263009022,1,False,False
24,4.8,2690230208784,833.3074085653292,4.651529112901574,0,False,False
24,4.8,2690230208352,849.6245926919179,5.360937470696772,0,False,False
24,4.8,2690230210512,865.856968076832,4.999593614840356,0,False,False
24,4.8,2690230210080,882.0723674130767,6.729862644196511,0,False,False
24,4.8,2690230211568,903.8929979081531,12.444309766623402,0,False,False
24,4.8,2690230208256,934.1558788579227,16.33932993768918,0,False,False
24,4.8,2690230210464,925.6095755273356,6.462267803709221,1,False,False
24,4.8,2690230210224,973.5842987476674,18.358790212450334,0,False,False
24,4.8,2690230210320,942.636796254798,3.2600254774018196,1,False,False
24,4.8,2690230210800,955.1442635421969,2.474759182682351,1,False,False
24,4.8,2690230208640,970.8016757894901,8.169116580239,1,False,False
24,4.8,2690230210896,993.0056732167432,10.078316059289667,1,False,False
24,4.8,2690230210656,1027.9471515575824,14.964029601695595,0,False,False
24,4.8,2690230209936,1017.4025021189319,11.206641504547793,1,False,False
24,4.8,2690230209696,1045.3362400908868,15.72912694399986,1,False,False
24,4.8,2690230210608,1080.9392150637054,19.893846933796947,1,False,False
24,4.8,2690230208400,1064.5499739140682,13.075467242583755,0,False,False
24,4.8,2690230210752,1095.406808783597,17.71318733354466,0,False,False
24,4.8,2690230208592,1133.3411165848074,23.175010397841458,1,False,False
24,4.8,2690230209984,1137.0054903792181,21.476504231220897,0,False,False
25,5.0,2690230209216,346.43832608107897,8.881609162353607,0,True,True
25,5.0,2690230209408,311.6231376781487,11.915438384019058,0,False,False
25,5.0,2690230209360,351.43832608107897,6.207074037207777,0,False,True
25,5.0,2690230209072,328.9151082126786,6.560051728171747,1,False,False
25,5.0,2690230209840,347.0982573662477,6.0745980060472755,1,False,False
25,5.0,2690230209792,394.35688245445937,15.997136179843322,0,False,False
25,5.0,2690230210992,364.40104449765545,6.396722437204454,1,False,False
25,5.0,2690230211520,384.5852190722317,9.112546273187894,1,False,False
25,5.0,2690230208688,408.28783936734897,11.262614339587056,1,False,False
25,5.0,2690230210416,434.5927967641543,12.405120472204215,1,False,False
25,5.0,2690230209600,437.7165119737778,11.680797821730383,0,False,False
25,5.0,2690230211088,461.65074559414927,9.533033477288349,1,False,False
25,5.0,2690230208304,465.6128593912137,13.780989529028034,0,False,False
25,5.0,2690230209744,497.78486296556565,16.72138353068148,0,False,False
25,5.0,2690230209120,483.5985245715322,5.13820276942794,1,False,False
25,5.0,2690230209552,537.7070457832298,16.567154317211525,0,False,False
25,5.0,2690230210848,498.84105416491667,3.7890171648356805,1,False,False
25,5.0,2690230208448,514.1786880463973,5.290252200932356,1,False,False
25,5.0,2690230211376,532.2649597152553,7.856868836949074,1,False,False
25,5.0,2690230208736,555.2822249595272,11.594598014582601,1,False,False
25,5.0,2690230208880,583.4288195402115,13.931980933179595,1,False,False
25,5.0,2690230208976,583.7051023099528,8.974094122030264,0,False,False
25,5.0,2690230211184,614.7152467136558,13.180645750830474,1,False,False
25,5.0,2690230209024,605.8456311978231,9.774503756766489,0,False,False
25,5.0,2690230210032,631.3022542196693,12.695417052769747,0,False,False
25,5.0,2690230208496,659.3068145870224,13.45981206538445,0,False,False
25,5.0,2690230208928,646.7505878736843,10.30402206119302,1,False,False
25,5.0,2690230208544,672.183388349682,11.586846960066069,1,False,False
25,5.0,2690230208832,697.7397924579238,9.782055187451427,1,False,False
25,5.0,2690230211136,691.7653351699695,10.91648647035794,0,False,False
25,5.0,2690230211040,718.8089786199474,13.93066730577973,0,False,False
25,5.0,2690230211328,749.956903615456,13.81777059729294,0,False,False
25,5.0,2690230211232,720.6246314409831,5.23998143011572,1,False,False
25,5.0,2690230211424,737.1379137008586,6.3170912165651405,1,False,False
25,5.0,2690230210272,757.6516709418208,10.9292982638709,1,False,False
25,5.0,2690230208208,786.6092423682054,16.748189440743097,1,False,False
25,5.0,2690230210704,783.3683635791375,7.054246262041121,0,False,False
25,5.0,2690230210560,829.756035323641,18.203319080445933,1,False,False
25,5.0,2690230211280,801.6459498524297,5.65243906121227,0,False,False
25,5.0,2690230211472,818.4700263616941,5.186583948112232,0,False,False
25,5.0,2690230210128,873.7801059912473,17.146665583619146,1,False,False
25,5.0,2690230208784,834.2365333523674,4.635105128553967,0,False,False
25,5.0,2690230208352,850.6860515058992,5.2051311587938525,0,False,False
25,5.0,2690230210512,866.8562976849976,5.000051463261829,0,False,False
25,5.0,2690230210080,883.4390798137968,7.044426310028047,0,False,False
25,5.0,2690230211568,906.3943925362094,12.631946783715762,0,False,False
25,5.0,2690230208256,937.4245453890807,16.351216091445224,0,False,False
25,5.0,2690230210464,926.8725823907581,6.023884779489049,1,False,False
25,5.0,2690230210224,977.2477363879026,18.234495499309567,0,False,False
25,5.0,2690230210320,943.2699472626865,2.9899931091326484,1,False,False
25,5.0,2690230210800,955.6563858313315,2.739615312371253,1,False,False
25,5.0,2690230208640,972.4410402908893,8.25382016635315,1,False,False
25,5.0,2690230210896,995.0218294144926,10.091319822197828,1,False,False
25,5.0,2690230210656,1030.933104747835,14.865177735655884,0,False,False
25,5.0,2690230209936,1019.6609987679705,11.46537700299239,1,False,False
25,5.0,2690230209696,1048.4927355667621,15.88876337232791,1,False,False
25,5.0,2690230210608,1084.920381009977,19.929999398687663,1,False,False
25,5.0,2690230208400,1067.1804850299948,13.306857916799471,0,False,False
25,5.0,2690230210752,1098.9553929688811,17.802326189829895,0,False,False
25,5.0,2690230208592,1137.9761186643757,23.175010397841458,1,False,False
25,5.0,2690230209984,1141.300791225462,21.476504231220897,0,False,False
26,5.2,2690230209216,347.8488385401787,7.221077197480977,0,True,True
26,5.2,2690230209408,314.00569932387054,11.893200778921347,0,False,False
26,5.2,2690230209360,352.8488385401787,5.04658108388093,0,False,True
26,5.2,2690230209072,330.21723090554656,6.414388419735791,1,False,False
26,5.2,2690230209840,348.3057570050359,5.970729443750737,1,False,False
26,5.2,2690230209792,397.5447525551985,15.825652011984404,0,False,False
26,5.2,2690230210992,365.6907089573782,6.554166169506804,1,False,False
26,5.2,2690230211520,386.41472664095056,9.218689537590661,1,False,False
26,5.2,2690230208688,410.5410067402891,11.269118767951337,1,False,False
26,5.2,2690230210416,437.0506820434163,12.055280860609543,1,False,False
26,5.2,2690230209600,440.0581920086832,11.76604365078987,0,False,False
26,5.2,2690230211088,463.5232937014264,9.025108812943788,1,False,False
26,5.2,2690230208304,468.3778591300664,13.911698448151068,0,False,False
26,5.2,2690230209744,501.12342237731553,16.63439885091561,0,False,False
26,5.2,2690230209120,484.60677980424833,4.855475622870334,1,False,False
26,5.2,2690230209552,540.9998988060586,16.258894232238763,0,False,False
26,5.2,2690230210848,499.6009641514103,3.825535299470225,1,False,False
26,5.2,2690230208448,515.2447842161826,5.415937870411112,1,False,False
26,5.2,2690230211376,533.851354155864,8.084118026409886,1,False,False
26,5.2,2690230208736,557.6094207889839,11.717385412342725,1,False,False
26,5.2,2690230208880,586.207641493868,13.81798677870746,1,False,False
26,5.2,2690230208976,585.4974552744662,8.942584945317266,0,False,False
26,5.2,2690230211184,617.3389136537506,12.995975367657012,1,False,False
26,5.2,2690230209024,607.811295146919,9.93584495099752,0,False,False
26,5.2,2690230210032,633.8385575062248,12.653861730966993,0,False,False
26,5.2,2690230208496,661.9874673211422,13.294354312109526,0,False,False
26,5.2,2690230208928,648.8145717910774,10.349069318282819,1,False,False
26,5.2,2690230208544,674.4826476527998,11.312897478705127,1,False,False
26,5.2,2690230208832,699.6646307294969,9.314252749813614,1,False,False
26,5.2,2690230211136,693.9603124323585,11.090316918924211,0,False,False
26,5.2,2690230211040,721.5872882325255,13.81005415525552,0,False,False
26,5.2,2690230211328,752.6895954713387,13.354211127575292,0,False,False
26,5.2,2690230211232,721.6696239509002,5.202995032192868,1,False,False
26,5.2,2690230211424,738.4179093470929,6.570917734248555,1,False,False
26,5.2,2690230210272,759.8594392232262,11.257716529298511,1,False,False
26,5.2,2690230208208,789.9640820414959,16.823991922924908,1,False,False
26,5.2,2690230210704,784.7618761083268,6.79784592422744,0,False,False
26,5.2,2690230210560,833.389296096663,18.09007094816999,1,False,False
26,5.2,2690230211280,802.7663064510759,5.502300552602175,0,False,False
26,5.2,2690230211472,819.4943203379653,4.997233269233794,0,False,False
26,5.2,2690230210128,877.1843695960144,16.76542188778395,1,False,False
26,5.2,2690230208784,835.1627239800781,4.623531167945592,0,False,False
26,5.2,2690230208352,851.7178902908646,5.0724906985429,0,False,False
26,5.2,2690230210512,867.8584378783984,5.040474348656068,0,False,False
26,5.2,2690230210080,884.8696704073582,7.372623223193943,0,False,False
26,5.2,2690230211568,908.933187161457,12.817425601757519,0,False,False
26,5.2,2690230208256,940.6955468676485,16.362403499796986,0,False,False
26,5.2,2690230210464,928.0489682331784,5.602050492234278,1,False,False
26,5.2,2690230210224,980.886472782093,18.11261846030005,0,False,False
26,5.2,2690230210320,943.852890956121,2.776508405907594,1,False,False
26,5.2,2690230210800,956.2234927284476,3.03270205281528,1,False,False
26,5.2,2690230208640,974.0978097141365,8.345358392988182,1,False,False
26,5.2,2690230210896,997.0422338690514,10.128614478740008,1,False,False
26,5.2,2690230210656,1033.9004566857554,14.783708423512694,0,False,False
26,5.2,2690230209936,1021.9715687948673,11.728578869083783,1,False,False
26,5.2,2690230209696,1051.6810213536376,16.046201754794495,1,False,False
26,5.2,2690230210608,1088.9088330791426,19.966921633732483,1,False,False
26,5.2,2690230208400,1069.8572860842871,13.538126530174603,0,False,False
26,5.2,2690230210752,1102.5217780004393,17.890965324043687,0,False,False
26,5.2,2690230208592,1142.611120743944,23.175010397841458,1,False,False
26,5.2,2690230209984,1145.596092071706,21.476504231220897,0,False,False
27,5.4,2690230209216,348.99563741062894,5.871003208855644,0,True,True
27,5.4,2690230209408,316.37643618539323,11.756067627645157,0,False,False
27,5.4,2690230209360,353.99563741062894,4.1030573316057115,0,False,True
27,5.4,2690230209072,331.4910243517816,6.280874391451941,1,False,False
27,5.4,2690230209840,349.49467041789336,5.899174019423815,1,False,False
27,5.4,2690230209792,400.69889173916,15.662703562596137,0,False,False
27,5.4,2690230210992,367.0126126679366,6.722369448287248,1,False,False
27,5.4,2690230211520,388.26576714227457,9.328850083180047,1,False,False
27,5.4,2690230208688,412.794492178832,11.260487907146114,1,False,False
27,5.4,2690230210416,439.4377886847317,11.69349367674256,1,False,False
27,5.4,2690230209600,442.4176184822268,11.861344134996791,0,False,False
27,5.4,2690230211088,465.2951898826691,8.531732880880904,1,False,False
27,5.4,2690230208304,471.1685892543673,14.036053902269002,0,False,False
27,5.4,2690230209744,504.44421377899755,16.541809840117818,0,False,False
27,5.4,2690230209120,485.56088604796264,4.608458570665962,1,False,False
27,5.4,2690230209552,544.2312416393374,15.95299768595055,0,False,False
27,5.4,2690230210848,500.369615493792,3.8831785818506015,1,False,False
27,5.4,2690230208448,516.337469131648,5.562832303662991,1,False,False
27,5.4,2690230211376,535.4837310085437,8.318783700542498,1,False,False
27,5.4,2690230208736,559.9607478339752,11.833556185728371,1,False,False
27,5.4,2690230208880,588.9635570354455,13.702455948954992,1,False,False
27,5.4,2690230208976,587.2851055444744,8.934537363663043,0,False,False
27,5.4,2690230211184,619.9263066720521,12.820980652207796,1,False,False
27,5.4,2690230209024,609.8091652778714,10.095910220497348,0,False,False
27,5.4,2690230210032,636.3665972947247,12.613064801526322,0,False,False
27,5.4,2690230208496,664.6362649101472,13.147200750633,0,False,False
27,5.4,2690230208928,650.8867389077723,10.381346420637708,1,False,False
27,5.4,2690230208544,676.7264547437923,11.029352383225863,1,False,False
27,5.4,2690230208832,701.4976892142803,8.873674342690613,1,False,False
27,5.4,2690230211136,696.1896039310741,11.256887166710545,0,False,False
27,5.4,2690230211040,724.3404885781282,13.674528275554954,0,False,False
27,5.4,2690230211328,755.3294102233788,12.888449011762338,0,False,False
27,5.4,2690230211232,722.709600380285,5.201248616869893,1,False,False
27,5.4,2690230211424,739.7501483136219,6.846085899341978,1,False,False
27,5.4,2690230210272,762.1327880021266,11.584126465140583,1,False,False
27,5.4,2690230208208,793.3334163223943,16.889819873380606,1,False,False
27,5.4,2690230210704,786.1051838194321,6.557345333861934,0,False,False
27,5.4,2690230210560,836.9992200783721,17.96619660107263,1,False,False
27,5.4,2690230211280,803.8571742166523,5.360135717123702,0,False,False
27,5.4,2690230211472,820.482498632343,4.833689298138951,0,False,False
27,5.4,2690230210128,880.5108136776774,16.360508628409143,1,False,False
27,5.4,2690230208784,836.0868386579205,4.6152581176205,0,False,False
27,5.4,2690230208352,852.724755745419,4.963209266983949,0,False,False
27,5.4,2690230210512,868.8711398651922,5.117285891665339,0,False,False
27,5.4,2690230210080,886.3666250761205,7.710996631910086,0,False,False
27,5.4,2690230211568,911.5088796385435,12.999730583159435,0,False,False
27,5.4,2690230208256,943.9687254701321,16.372635847899943,0,False,False
27,5.4,2690230210464,929.1422537461633,5.19988404408958,1,False,False
27,5.4,2690230210224,984.5010073316664,17.99339924561366,0,False,False
27,5.4,2690230210320,944.3967962538488,2.6173616789684857,1,False,False
27,5.4,2690230210800,956.8506866493426,3.346383263835971,1,False,False
27,5.4,2690230208640,975.7733157700883,8.443240084910798,1,False,False
27,5.4,2690230210896,999.0716185388379,10.188310804464674,1,False,False
27,5.4,2690230210656,1036.852636551102,14.71889946938061,0,False,False
27,5.4,2690230209936,1024.3349818383454,11.994446695558535,1,False,False
27,5.4,2690230209696,1054.9006171169522,16.20085789365545,1,False,False
27,5.4,2690230210608,1092.9047066542917,20.004344737368868,1,False,False
27,5.4,2690230208400,1072.5802669015072,13.76803247306164,0,False,False
27,5.4,2690230210752,1106.105836662917,17.978712827382612,0,False,False
27,5.4,2690230208592,1147.2461228235122,23.175010397841458,1,False,False
27,5.4,2690230209984,1149.8913929179498,21.476504231220897,0,False,False
28,5.6,2690230209216,349.9280273663373,4.773343053362929,0,True,True
28,5.6,2690230209408,318.7127512895656,11.513437736959911,0,False,False
28,5.6,2690230209360,354.9280273663373,3.335937575681799,0,False,True
28,5.6,2690230209072,332.738948513381,6.1599677619107185,1,False,False
28,5.6,2690230209840,350.6713112745747,5.857707099259208,1,False,False
28,5.6,2690230209792,403.82102059711656,15.508484589519796,0,False,False
28,5.6,2690230210992,368.3687630929898,6.89922167057394,1,False,False
28,5.6,2690230211520,390.1389828628241,9.44064385978046,1,False,False
28,5.6,2690230208688,415.04515551963914,11.235082352601804,1,False,False
28,5.6,2690230210416,441.751796436853,11.320860510532953,1,False,False
28,5.6,2690230209600,444.79668373480536,11.96495261479797,0,False,False
28,5.6,2690230211088,466.96950715927636,8.055319595616545,1,False,False
28,5.6,2690230208304,473.9837268809421,14.15330279903286,0,False,False
28,5.6,2690230209744,507.7461061536341,16.443479887748275,0,False,False
28,5.6,2690230209120,486.46791288909924,4.396047544771129,1,False,False
28,5.6,2690230209552,547.4016182422023,15.650537904296176,0,False,False
28,5.6,2690230210848,501.15110695023156,3.960120419995461,1,False,False
28,5.6,2690230208448,517.4608197603152,5.728519269605376,1,False,False
28,5.6,2690230211376,537.163407911481,8.55844933873538,1,False,False
28,5.6,2690230208736,562.3348197210854,11.942208175334343,1,False,False
28,5.6,2690230208880,591.6962810524369,13.585710856316991,1,False,False
28,5.6,2690230208976,589.0725898865646,8.947642236429958,0,False,False
28,5.6,2690230211184,622.4792920239682,12.6546181850575,1,False,False
28,5.6,2690230209024,611.838888097748,10.253285242511037,0,False,False
28,5.6,2690230210032,638.8865392255891,12.57324065862214,0,False,False
28,5.6,2690230208496,667.2567941993763,13.017224462393868,0,False,False
28,5.6,2690230208928,652.964427773981,10.399307639193495,1,False,False
28,5.6,2690230208544,678.9129969162616,10.737862230093846,1,False,False
28,5.6,2690230208832,703.2445615194534,8.462487469015334,1,False,False
28,5.6,2690230211136,698.4516167154792,11.414127542382897,0,False,False
28,5.6,2690230211040,727.0655656408362,13.523647452258123,0,False,False
28,5.6,2690230211328,757.8759921176741,12.42178052805419,0,False,False
28,5.6,2690230211232,723.7514655338965,5.232597219871009,1,False,False
28,5.6,2690230211424,741.138660727535,7.139140732007817,1,False,False
28,5.6,2690230210272,764.4711829186434,11.906601489739304,1,False,False
28,5.6,2690230208208,796.7152533449485,16.94570539000925,1,False,False
28,5.6,2690230210704,787.4013997671051,6.3317603110187015,0,False,False
28,5.6,2690230210560,840.5835858149197,17.83024612541412,1,False,False
28,5.6,2690230211280,804.9201187953031,5.225550288319925,0,False,False
28,5.6,2690230211472,821.4395716883646,4.693714331783378,0,False,False
28,5.6,2690230210128,883.7546786487942,15.931623385639973,1,False,False
28,5.6,2690230208784,837.0094624330607,4.6092674598290735,0,False,False
28,5.6,2690230208352,853.7113297303599,4.877421676408733,0,False,False
28,5.6,2690230210512,869.9014545903136,5.227132954555763,0,False,False
28,5.6,2690230210080,887.9317811357922,8.056691155979909,0,False,False
28,5.6,2690230211568,914.1207767509766,13.178020929107523,0,False,False
28,5.6,2690230208256,947.2438763828194,16.381718969103687,0,False,False
28,5.6,2690230210464,930.1565690757376,4.820279202613898,1,False,False
28,5.6,2690230210224,988.09188802976,17.877085435443625,0,False,False
28,5.6,2690230210320,944.9123613636426,2.5099281063580787,1,False,False
28,5.6,2690230210800,957.5416832228657,3.6749626293018096,1,False,False
28,5.6,2690230208640,977.4688021642656,8.547117288009748,1,False,False
28,5.6,2690230210896,1001.1143390044635,10.268544379999193,1,False,False
28,5.6,2690230210656,1039.792925573985,14.669977949461554,0,False,False
28,5.6,2690230209936,1026.7516629054553,12.2614029940793,1,False,False
28,5.6,2690230209696,1058.1509333656466,16.352259130179423,1,False,False
28,5.6,2690230210608,1096.9080861241107,20.042040289311533,1,False,False
28,5.6,2690230208400,1075.3490823308625,13.995525475378333,0,False,False
28,5.6,2690230210752,1109.707368286137,18.065248161905448,0,False,False
28,5.6,2690230208592,1151.8811249030805,23.175010397841458,1,False,False
28,5.6,2690230209984,1154.1866937641937,21.476504231220897,0,False,False
29,5.8,2690230209216,350.6860949332894,3.880904692867519,0,True,True
29,5.8,2690230209408,320.9942125399993,11.177242600049873,0,False,False
29,5.8,2690230209360,355.6860949332894,2.7122408022728464,0,False,True
29,5.8,2690230209072,333.9635563343246,6.052140061868106,1,False,False
29,5.8,2690230209840,351.84155133162216,5.84415039960004,1,False,False
29,5.8,2690230209792,406.91289600513153,15.363150895592508,0,False,False
29,5.8,2690230210992,369.7607612493225,7.082834292919837,1,False,False
29,5.8,2690230211520,392.0345488737898,9.551825630402252,1,False,False
29,5.8,2690230208688,417.2895457950037,11.191518263438336,1,False,False
29,5.8,2690230210416,443.9906237312751,10.93875304580222,1,False,False
29,5.8,2690230209600,447.19694019919484,12.075261062284138,0,False,False
29,5.8,2690230211088,468.54979027734186,7.598111267067656,1,False,False
29,5.8,2690230208304,476.82180712428027,14.262817706646077,0,False,False
29,5.8,2690230209744,511.02794581572783,16.339341728961926,0,False,False
29,5.8,2690230209120,487.3347039019636,4.217061571234756,1,False,False
29,5.8,2690230209552,550.5117883653571,15.352602927514587,0,False,False
29,5.8,2690230210848,501.94919083417716,4.054801806365578,1,False,False
29,5.8,2690230208448,518.61844564194,5.910810185322028,1,False,False
29,5.8,2690230211376,538.8912385801593,8.800976463230311,1,False,False
29,5.8,2690230208736,564.7300822248701,12.042622257123513,1,False,False
29,5.8,2690230208880,594.405589568191,13.46802294696873,1,False,False
29,5.8,2690230208976,590.8639904648533,8.979699093482765,0,False,False
29,5.8,2690230211184,624.9995243385694,12.495802124370025,1,False,False
29,5.8,2690230209024,613.8998445815836,10.406807088535581,0,False,False
29,5.8,2690230210032,641.3985929810884,12.534617342442205,0,False,False
29,5.8,2690230208496,669.8524115858482,12.903223193614414,0,False,False
29,5.8,2690230208928,655.0446873602024,10.401699816356599,1,False,False
29,5.8,2690230208544,681.0408071927683,10.440303555488914,1,False,False
29,5.8,2690230208832,704.9112549092798,8.082556434375263,1,False,False
29,5.8,2690230211136,700.7443565333936,11.560151642089604,0,False,False
29,5.8,2690230211040,729.7594259389767,13.357104540889836,0,False,False
29,5.8,2690230211328,760.3292517315261,11.955604092039554,0,False,False
29,5.8,2690230211232,724.8016962499339,5.29491318796202,1,False,False
29,5.8,2690230211424,742.5868189710604,7.447101516127697,1,False,False
29,5.8,2690230210272,766.8737223197495,12.223472827005489,1,False,False
29,5.8,2690230208208,800.1076035020317,16.991616884863667,1,False,False
29,5.8,2690230210704,788.6534457782105,6.120189736008332,0,False,False
29,5.8,2690230210560,844.1398799791142,17.68074312636045,1,False,False
29,5.8,2690230211280,805.9566387230956,5.098316047721011,0,False,False
29,5.8,2690230211472,822.3701102157178,4.575188798074103,0,False,False
29,5.8,2690230210128,886.9111702051432,15.47886160272069,1,False,False
29,5.8,2690230208784,837.9310078038624,4.604991805292175,0,False,False
29,5.8,2690230208352,854.6823158326873,4.815179346194661,0,False,False
29,5.8,2690230210512,870.9557768246711,5.366877477514343,0,False,False
29,5.8,2690230210080,889.5664365702356,8.407299029394363,0,False,False
29,5.8,2690230211568,916.7680274824901,13.35160641639663,0,False,False
29,5.8,2690230208256,950.520759671757,16.389512716154112,0,False,False
29,5.8,2690230210464,931.0966059163992,4.465863169088884,1,False,False
29,5.8,2690230210224,991.6597126520489,17.763927653828198,0,False,False
29,5.8,2690230210320,945.4097357802254,2.451244637207963,1,False,False
29,5.8,2690230210800,958.2991548445781,4.014077774616235,1,False,False
29,5.8,2690230208640,979.1854503482778,8.656743865760482,1,False,False
29,5.8,2690230210896,1003.174380228577,10.367487095147863,1,False,False
29,5.8,2690230210656,1042.7244474703714,14.636128946390503,0,False,False
29,5.8,2690230209936,1029.2217345016652,12.528058574489096,1,False,False
29,5.8,2690230209696,1061.4312926999276,16.50002903232087,1,False,False
29,5.8,2690230210608,1100.9190126029266,20.079814891687477,1,False,False
29,5.8,2690230208400,1078.1631883893176,14.21971821944901,0,False,False
29,5.8,2690230210752,1113.3261122939825,18.150311677720996,0,False,False
29,5.8,2690230208592,1156.5161269826488,23.175010397841458,1,False,False
29,5.8,2690230209984,1158.4819946104376,21.476504231220897,0,False,False
30,6.0,2690230209216,351.3024319417981,3.15531925251214,0,True,True
30,6.0,2690230209408,323.2029332358848,10.760823120192063,0,False,False
30,6.0,2690230209360,356.3024319417981,2.2051522256108713,0,False,True
30,6.0,2690230209072,335.1674944207007,5.957847226531015,1,False,False
30,6.0,2690230209840,353.01083005181806,5.856377252244987,1,False,False
30,6.0,2690230209792,409.9763032537029,15.226816242353106,0,False,False
30,6.0,2690230210992,371.18984245774755,7.271488761473731,1,False,False
30,6.0,2690230211520,393.9521993778523,9.660269084114208,1,False,False
30,6.0,2690230208688,419.52395227950234,11.128667567314798,1,False,False
30,6.0,2690230210416,446.15248000091253,10.54878652423044,1,False,False
30,6.0,2690230209600,449.6196273396072,12.190788646593495,0,False,False
30,6.0,2690230211088,470.04001974539574,7.162154937698779,1,False,False
30,6.0,2690230208304,479.6812472081933,14.364082157705454,0,False,False
30,6.0,2690230209744,514.2885701565626,16.229395734014282,0,False,False
30,6.0,2690230209120,488.1678616475816,4.070249173502304,1,False,False
30,6.0,2690230209552,553.5627297654714,15.060283993313814,0,False,False
30,6.0,2690230210848,502.76732218099704,4.165869519691313,1,False,False
30,6.0,2690230208448,519.8135317023485,6.107705324306964,1,False,False
30,6.0,2690230211376,540.6676648918449,9.044454921550763,1,False,False
30,6.0,2690230208736,567.14484825029,12.13423879550308,1,False,False
30,6.0,2690230208880,597.0913093327273,13.34960962534706,1,False,False
30,6.0,2690230208976,592.6629566717024,9.028617468331898,0,False,False
30,6.0,2690230211184,627.4884386947663,12.343413157727676,1,False,False
30,6.0,2690230209024,615.9911980317822,10.555529691989424,0,False,False
30,6.0,2690230210032,643.9030139161796,12.497420551783623,0,False,False
30,6.0,2690230208496,672.4262281846909,12.803923359076009,0,False,False
30,6.0,2690230208928,657.1243353829047,10.387560459908865,1,False,False
30,6.0,2690230208544,683.1088069725413,10.13873992561297,1,False,False
30,6.0,2690230208832,706.5041281234179,7.735420702664003,1,False,False
30,6.0,2690230211136,703.0654627947397,11.693232978670293,0,False,False
30,6.0,2690230211040,732.4189236950372,13.17473015185474,0,False,False
30,6.0,2690230211328,762.6893851443562,11.491400742713083,0,False,False
30,6.0,2690230211232,725.8663454625714,5.386095433718572,1,False,False
30,6.0,2690230211424,744.0974256739362,7.7673643925023015,1,False,False
30,6.0,2690230210272,769.3391853690965,12.533281172016883,1,False,False
30,6.0,2690230208208,803.5084663351513,17.02745360292935,1,False,False
30,6.0,2690230210704,789.8640687821849,5.921811382900658,0,False,False
30,6.0,2690230210560,847.6652927353938,17.516195859499366,1,False,False
30,6.0,2690230211280,806.9681957420588,4.978328998757388,0,False,False
30,6.0,2690230211472,823.2782691600522,4.476116777461225,0,False,False
30,6.0,2690230210128,889.9755422420546,15.00276579656096,1,False,False
30,6.0,2690230208784,838.8518002689323,4.602246704159708,0,False,False
30,6.0,2690230208352,855.6424213529472,4.776431738513533,0,False,False
30,6.0,2690230210512,872.0398876617619,5.533588619356049,0,False,False
30,6.0,2690230210080,891.2714317230602,8.76075074284718,0,False,False
30,6.0,2690230211568,919.4496517625653,13.51992772431088,0,False,False
30,6.0,2690230208256,953.7991106024638,16.39592391552163,0,False,False
30,6.0,2690230210464,931.9675617620197,4.138961385905445,1,False,False
30,6.0,2690230210224,995.2051290832736,17.654175383012344,0,False,False
30,6.0,2690230210320,945.8984582271735,2.4380958605512535,1,False,False
30,6.0,2690230210800,959.1249689015597,4.360308393817055,1,False,False
30,6.0,2690230208640,980.9243975522766,8.771942134129036,1,False,False
30,6.0,2690230210896,1005.2553644769596,10.483356605372439,1,False,False
30,6.0,2690230210656,1045.6501606293077,14.616504349870349,0,False,False
30,6.0,2690230209936,1031.745052442396,12.793186449956302,1,False,False
30,6.0,2690230209696,1064.7409481613297,16.643874422991036,1,False,False
30,6.0,2690230210608,1104.9374906116825,20.117505471176933,1,False,False
30,6.0,2690230208400,1081.0218733366225,14.439864690907292,0,False,False
30,6.0,2690230210752,1116.9617597691458,18.233695742661514,0,False,False
30,6.0,2690230208592,1161.151129062217,23.175010397841458,1,False,False
30,6.0,2690230209984,1162.7772954566815,21.476504231220897,0,False,False
31,6.2,2690230209216,351.8035367570123,2.565391415968389,0,True,True
31,6.2,2690230209408,325.3237637752107,10.277998900466596,0,False,False
31,6.2,2690230209360,356.80353675701224,1.7928704317262905,0,False,True
31,6.2,2690230209072,336.3534982247151,5.8775051386739205,1,False,False
31,6.2,2690230209840,354.1841652700685,5.892317611460983,1,False,False
31,6.2,2690230209792,413.0130473967147,15.09954886049572,0,False,False
31,6.2,2690230210992,372.5365109593317,7.463595626913173,1,False,False
31,6.2,2690230211520,395.89125046873284,9.763952636706009,1,False,False
31,6.2,2690230208688,421.74445589695523,11.04566249643503,1,False,False
31,6.2,2690230210416,448.2359123859939,10.152788703058546,1,False,False
31,6.2,2690230209600,452.0656964107717,12.310171841688582,0,False,False
31,6.2,2690230211088,471.4445714324757,6.749283167758133,1,False,False
31,6.2,2690230208304,482.5603678092275,14.456678381857346,0,False,False
31,6.2,2690230209744,517.526821085833,16.113708708178486,0,False,False
31,6.2,2690230209120,488.97373416114823,3.9542978287590214,1,False,False
31,6.2,2690230209552,556.5556379862533,14.774662358464866,0,False,False
31,6.2,2690230210848,503.6086965204031,4.292128009840888,1,False,False
31,6.2,2690230208448,521.048873850438,6.317362679154703,1,False,False
31,6.2,2690230211376,542.4927599007264,9.287165511166211,1,False,False
31,6.2,2690230208736,569.5773283310335,12.21663723830417,1,False,False
31,6.2,2690230208880,599.7533068495133,13.230631974525696,1,False,False
31,6.2,2690230208976,594.4727271780511,9.092417493246904,0,False,False
31,6.2,2690230211184,629.9472446449545,12.196309741114064,1,False,False
31,6.2,2690230209024,618.1119355117629,10.698696002776044,0,False,False
31,6.2,2690230210032,646.400101635456,12.461859778957992,0,False,False
31,6.2,2690230208496,674.9810959397556,12.717986106556266,0,False,False
31,6.2,2690230208928,659.2000164829145,10.356218848622266,1,False,False
31,6.2,2690230208544,685.1163406823823,9.8353800340835,1,False,False
31,6.2,2690230208832,708.0298253243437,7.4222802469427185,1,False,False
31,6.2,2690230211136,705.4122394217175,11.811789507564503,0,False,False
31,6.2,2690230211040,735.0408886329348,12.97649653166884,0,False,False
31,6.2,2690230211328,764.9568890166929,11.030711925528133,0,False,False
31,6.2,2690230211232,726.951048170559,5.504079277992436,1,False,False
31,6.2,2690230211424,745.6727837480288,8.097626410562736,1,False,False
31,6.2,2690230210272,771.8660714226562,12.834741268152886,1,False,False
31,6.2,2690230208208,806.915816363202,17.053040682568994,1,False,False
31,6.2,2690230210704,791.0358563101471,5.735877762374725,0,False,False
31,6.2,2690230210560,851.1567157089588,17.33511419041554,1,False,False
31,6.2,2690230211280,807.9562372045169,4.865574126496099,0,False,False
31,6.2,2690230211472,824.1678128696608,4.394632704273938,0,False,False
31,6.2,2690230210128,892.943189258798,14.504368589651442,1,False,False
31,6.2,2690230208784,839.7721507590394,4.601169541616306,0,False,False
31,6.2,2690230208352,856.5963360118824,4.761014238100634,0,False,False
31,6.2,2690230210512,873.1589954025724,5.724534120470407,0,False,False
31,6.2,2690230210080,893.0472113298616,9.115236449306073,0,False,False
31,6.2,2690230211568,922.1645655185382,13.68254015619096,0,False,False
31,6.2,2690230208256,957.0786486121428,16.400900207465014,0,False,False
31,6.2,2690230210464,932.7750775253438,3.8415684983830376,1,False,False
31,6.2,2690230210224,998.7288348216949,17.548073011742897,0,False,False
31,6.2,2690230210320,946.3874122887482,2.4671061844794693,1,False,False
31,6.2,2690230210800,960.0203573205624,4.710916218145348,1,False,False
31,6.2,2690230208640,982.6867485994637,8.892576039911056,1,False,False
31,6.2,2690230210896,1007.3605610048824,10.614423942552524,1,False,False
31,6.2,2690230210656,1048.5728520616062,14.610231651489988,0,False,False
31,6.2,2690230209936,1034.321236896704,13.05570209407833,1,False,False
31,6.2,2690230209696,1068.0790991171111,16.783574242962786,1,False,False
31,6.2,2690230210608,1108.963493863676,20.154975222216937,1,False,False
31,6.2,2690230208400,1083.9242847193743,14.655342722798743,0,False,False
31,6.2,2690230210752,1120.6139633355265,18.315237190223304,0,False,False
31,6.2,2690230208592,1165.7861311417853,23.175010397841458,1,False,False
31,6.2,2690230209984,1167.0725963029254,21.476504231220897,0,False,False
32,6.4,2690230209216,352.210953531219,2.085758235679188,0,True,True
32,6.4,2690230209408,327.3443246290686,9.74236596118872,0,False,False
32,6.4,2690230209360,357.210953531219,1.4576700636020565,0,False,True
32,6.4,2690230209072,337.524378602435,5.811176767637699,1,False,False
32,6.4,2690230209840,355.3650714751178,5.91804734652396,1,False,False
32,6.4,2690230209792,416.0249439508725,14.981368716192092,0,False,False
32,6.4,2690230210992,373.4641370659592,7.6525022620158385,1,False,False
32,6.4,2690230211520,397.8506203957135,9.860950281673778,1,False,False
32,6.4,2690230208688,423.946981721191,10.941902518828133,1,False,False
32,6.4,2690230210416,450.23984595598444,9.752764836215698,1,False,False
32,6.4,2690230209600,454.5358333279864,12.432155824901534,0,False,False
32,6.4,2690230211088,472.76817262772795,6.361099388252331,1,False,False
32,6.4,2690230208304,485.457412080216,14.540276944574016,0,False,False
32,6.4,2690230209744,520.7415582523836,15.992412918718895,0,False,False
32,6.4,2690230209120,489.75840350933515,3.8678459377617624,1,False,False
32,6.4,2690230209552,559.4919234214781,14.496794987193377,0,False,False
32,6.4,2690230210848,504.47627877023376,4.4325018541062216,1,False,False
32,6.4,2690230208448,522.3269087606238,6.5380726818150485,1,False,False
32,6.4,2690230211376,544.3662640395378,9.527551960669635,1,False,False
32,6.4,2690230208736,572.025657207902,12.289517968197998,1,False,False
32,6.4,2690230208880,602.3914770062895,13.111193401261124,1,False,False
32,6.4,2690230208976,596.2961520520877,9.169229725163374,0,False,False
32,6.4,2690230211184,632.37692262164,12.053341284779227,1,False,False
32,6.4,2690230209024,620.2609040476981,10.835714827013344,0,False,False
32,6.4,2690230210032,648.8901959318788,12.428116441840453,0,False,False
32,6.4,2690230208496,677.5195950616571,12.644014993020711,0,False,False
32,6.4,2690230208928,661.2682607160966,10.307298082083436,1,False,False
32,6.4,2690230208544,687.0632018912507,9.532533679952518,1,False,False
32,6.4,2690230208832,709.4952076069139,7.143988360415088,1,False,False
32,6.4,2690230211136,707.7816830302099,11.91437419627007,0,False,False
32,6.4,2690230211040,737.6221545948545,12.762521943082815,0,False,False
32,6.4,2690230211328,767.1325710793491,10.575115241047476,0,False,False
32,6.4,2690230211232,728.0610293588427,5.646845846842965,1,False,False
32,6.4,2690230211424,747.3147523748171,8.435825734634662,1,False,False
32,6.4,2690230210272,774.4526329591289,13.126715327082868,1,False,False
32,6.4,2690230208208,810.3275879635312,17.06812484421099,1,False,False
32,6.4,2690230210704,792.1712511645326,5.561711975745277,0,False,False
32,6.4,2690230210560,854.6107437704532,17.13603303580329,1,False,False
32,6.4,2690230211280,808.9222118238937,4.760095923470885,0,False,False
32,6.4,2690230211472,825.0421416340097,4.329008356565377,0,False,False
32,6.4,2690230210128,895.8097467488213,13.98522551031894,1,False,False
32,6.4,2690230208784,840.6924161790073,4.60216298131484,0,False,False
32,6.4,2690230208352,857.5487086481039,4.768642154209172,0,False,False
32,6.4,2690230210512,874.317774629301,5.9371703448208635,0,False,False
32,6.4,2690230210080,894.8938723927416,9.469149177550548,0,False,False
32,6.4,2690230211568,924.9116026518304,13.83909989743466,0,False,False
32,6.4,2690230208256,960.3590851006402,16.40442461657523,0,False,False
32,6.4,2690230210464,933.5251697728105,3.5753257301194665,1,False,False
32,6.4,2690230210224,1002.2315757107285,17.44585615463037,0,False,False
32,6.4,2690230210320,946.8848005092249,2.534830656968281,1,False,False
32,6.4,2690230210800,960.98604023933,5.063668792514428,1,False,False
32,6.4,2690230208640,984.4735827328177,9.018529773306822,1,False,False
32,6.4,2690230210896,1009.4928971532522,10.759019488189699,1,False,False
32,6.4,2690230210656,1051.4951331003097,14.616422597254118,0,False,False
32,6.4,2690230209936,1036.949699818126,13.314648420167762,1,False,False
32,6.4,2690230209696,1071.4449050195278,16.918969878201857,1,False,False
32,6.4,2690230210608,1112.9969702764683,20.192110093607845,1,False,False
32,6.4,2690230208400,1086.8694531430554,14.865639617382271,0,False,False
32,6.4,2690230210752,1124.2823456057906,18.39481085597528,0,False,False
32,6.4,2690230208592,1170.4211332213536,23.175010397841458,1,False,False
32,6.4,2690230209984,1171.3678971491693,21.476504231220897,0,False,False
33,6.6,2690230209216,352.5421984581593,1.695798695912205,0,True,True
33,6.6,2690230209408,329.2549203704557,9.16681805376093,0,False,False
33,6.6,2690230209360,357.5421984581593,1.1851397494886053,0,False,True
33,6.6,2690230209072,338.68281885858187,5.7564711774210755,1,False,False
33,6.6,2690230209840,356.5479029912294,5.908964116087515,1,False,False
33,6.6,2690230209792,419.01380910489155,14.872245644018015,0,False,False
33,6.6,2690230210992,374.812545170379,7.9358448516364435,0,False,False
33,6.6,2690230211520,399.82884830901895,9.949427006019024,1,False,False
33,6.6,2690230208688,426.12735293225575,10.817061946666975,1,False,False
33,6.6,2690230210416,452.1636167045628,9.350859525594082,1,False,False
33,6.6,2690230209600,457.0304798919216,12.555586959310615,0,False,False
33,6.6,2690230211088,474.01585547182225,5.998967736364503,1,False,False
33,6.6,2690230208304,488.3705627082184,14.614627914313001,0,False,False
33,6.6,2690230209744,523.9316720720316,15.865705093570632,0,False,False
33,6.6,2690230209120,490.5276768659931,3.809496452288932,1,False,False
33,6.6,2690230209552,562.3732054650236,14.227699593060715,0,False,False
33,6.6,2690230210848,505.37282520044465,4.5860064465736,1,False,False
33,6.6,2690230208448,523.6497389199142,6.768237490852503,1,False,False
33,6.6,2690230211376,546.2876162216089,9.764200047145119,1,False,False
33,6.6,2690230208736,574.4879168957273,12.352685824702638,1,False,False
33,6.6,2690230208880,605.0057315020612,12.991339307520317,1,False,False
33,6.6,2690230208976,598.1357147934998,9.257294235801972,0,False,False
33,6.6,2690230211184,634.7782230916183,11.913362908599511,1,False,False
33,6.6,2690230209024,622.4368424333531,10.966140930278572,0,False,False
33,6.6,2690230210032,651.3736704794857,12.39633390642471,0,False,False
33,6.6,2690230208496,680.0440230834608,12.580564790874668,0,False,False
33,6.6,2690230208928,663.3255424237401,10.24071631930186,1,False,False
33,6.6,2690230208544,688.9496505341125,9.232566712732707,1,False,False
33,6.6,2690230208832,710.907283582144,6.901052176597309,1,False,False
33,6.6,2690230211136,710.1705095548974,11.999670281605963,0,False,False
33,6.6,2690230211040,740.1595890327904,12.533074882262916,0,False,False
33,6.6,2690230211328,769.217555676194,10.12619893157648,0,False,False
33,6.6,2690230211232,729.2011137246982,5.812430191777236,1,False,False
33,6.6,2690230211424,749.0247919068868,8.780094236161576,1,False,False
33,6.6,2690230210272,777.0969036296626,13.408192453006832,1,False,False
33,6.6,2690230208208,813.7416594394721,17.072370847651374,1,False,False
33,6.6,2690230210704,793.2725652597295,5.398703557960906,0,False,False
33,6.6,2690230210560,858.0236819661687,16.917542731246762,1,False,False
33,6.6,2690230211280,809.867579883249,4.661974089927201,0,False,False
33,6.6,2690230211472,825.9043195990151,4.277659376672646,0,False,False
33,6.6,2690230210128,898.5711972532285,13.447433451091761,1,False,False
33,6.6,2690230208784,841.613048864731,4.605841613536097,0,False,False
33,6.6,2690230208352,858.5041230951906,4.7989102486704045,0,False,False
33,6.6,2690230210512,875.5204031921671,6.169130913126312,0,False,False
33,6.6,2690230210080,896.8112018230564,9.82104383242303,0,False,False
33,6.6,2690230211568,927.6895344014138,13.98935219233622,0,False,False
33,6.6,2690230208256,963.6401301776481,16.406510730200534,0,False,False
33,6.6,2690230210464,934.2241588813516,3.3415050748270203,1,False,False
33,6.6,2690230210224,1005.7141439544173,17.347748278696322,0,False,False
33,6.6,2690230210320,947.3981361597391,2.6378368749709726,1,False,False
33,6.6,2690230210800,962.0223184152754,5.416717966567659,1,False,False
33,6.6,2690230208640,986.2859564808166,9.149690959081948,1,False,False
33,6.6,2690230210896,1011.6549705416645,10.91553753127229,1,False,False
33,6.6,2690230210656,1054.4194368139736,14.634181539155342,0,False,False
33,6.6,2690230209936,1039.6296696194645,13.56918424085328,1,False,False
33,6.6,2690230209696,1074.8374973135024,17.049956679410432,1,False,False
33,6.6,2690230210608,1117.0378463130778,20.228815738364748,1,False,False
33,6.6,2690230208400,1089.8563133298396,15.070340036868553,0,False,False
33,6.6,2690230210752,1127.9665063990763,18.472324021141326,0,False,False
33,6.6,2690230208592,1175.0561353009218,23.175010397841458,1,False,False
33,6.6,2690230209984,1175.6631979954132,21.476504231220897,0,False,False
34,6.8,2690230209216,352.8115128520923,1.3787471471357304,0,True,True
34,6.8,2690230209408,331.0483744510766,8.563259018272184,0,False,False
34,6.8,2690230209360,357.8115128520923,0.9635625103990322,0,False,True
34,6.8,2690230209072,339.83098379940213,5.7119369702941,1,False,False
34,6.8,2690230209840,357.7310920555881,5.943059426082417,1,False,False
34,6.8,2690230209792,421.9814496166792,14.772098410073468,0,False,False
34,6.8,2690230210992,376.3718633096563,8.443905137194902,0,False,False
34,6.8,2690230211520,401.82411237199705,10.027638381330686,1,False,False
34,6.8,2690230208688,428.28134625854995,10.671096687553394,1,False,False
34,6.8,2690230210416,454.00699676082354,8.949316520377545,1,False,False
34,6.8,2690230209600,459.549853572985,12.67940618727697,0,False,False
34,6.8,2690230211088,475.1929086441504,5.664007168624031,1,False,False
34,6.8,2690230208304,491.29795729290373,14.679553282674032,0,False,False
34,6.8,2690230209744,527.0960965412676,15.73384516514263,0,False,False
34,6.8,2690230209120,491.287080374249,3.7778312046874643,1,False,False
34,6.8,2690230209552,565.2013036533478,13.96833956224109,0,False,False
34,6.8,2690230210848,506.30089998781045,4.751725132227675,1,False,False
34,6.8,2690230208448,525.0191537865875,7.006353916845013,1,False,False
34,6.8,2690230211376,548.255981151398,9.995822159939676,1,False,False
34,6.8,2690230208736,576.962156545654,12.406034928261848,1,False,False
34,6.8,2690230208880,607.5959872808489,12.871057861821775,1,False,False
34,6.8,2690230208976,599.9935541408373,9.354959047109256,0,False,False
34,6.8,2690230211184,637.1516687455575,11.77525137461045,1,False,False
34,6.8,2690230209024,624.638409218692,11.089657403418691,0,False,False
34,6.8,2690230210032,653.8509246512275,12.366609294609262,0,False,False
34,6.8,2690230208496,682.5563857289592,12.526150969269457,0,False,False
34,6.8,2690230208928,665.3683392186213,10.156685744569247,1,False,False
34,6.8,2690230208544,690.7764211192277,8.937856175870877,1,False,False
34,6.8,2690230208832,712.2731405807046,6.693640890684119,1,False,False
34,6.8,2690230211136,712.5751801833372,12.066490191454626,0,False,False
34,6.8,2690230211040,742.6501232999937,12.288577509164172,0,False,False
34,6.8,2690230211328,771.2132841629377,9.685535935417743,0,False,False
34,6.8,2690230211232,730.3757369126143,5.998927594407826,1,False,False
34,6.8,2690230211424,750.8039999662782,9.12871974766332,1,False,False
34,6.8,2690230210272,779.7967224838975,13.678272066500812,1,False,False
34,6.8,2690230208208,817.1558364405095,17.06535891853938,1,False,False
34,6.8,2690230210704,794.3419926295676,5.246304285056427,0,False,False
34,6.8,2690230210560,861.3915589924356,16.67832643698876,1,False,False
34,6.8,2690230211280,810.793818904127,4.5713039435740646,0,False,False
34,6.8,2690230211472,826.757103922913,4.239150723409198,0,False,False
34,6.8,2690230210128,901.22397895207,12.893631075506878,1,False,False
34,6.8,2690230208784,842.534635552814,4.612981311365623,0,False,False
34,6.8,2690230208352,859.4670742918737,4.851296975803503,0,False,False
34,6.8,2690230210512,876.7705968387122,6.4182141461795075,0,False,False
34,6.8,2690230210080,898.7987067113012,10.169607836939946,0,False,False
34,6.8,2690230211568,930.4970864464943,14.133120995604912,0,False,False
34,6.8,2690230208256,966.921498480922,16.407198387625563,0,False,False
34,6.8,2690230210464,934.8785945187334,3.14100092820354,1,False,False
34,6.8,2690230210224,1009.1773754803971,17.253957669199607,0,False,False
34,6.8,2690230210320,947.9342505032674,2.772772815084174,1,False,False
34,6.8,2690230210800,963.1291439803434,5.768514919607463,1,False,False
34,6.8,2690230208640,988.1249034300662,9.285937739857815,1,False,False
34,6.8,2690230210896,1013.849062090593,11.082439640790398,1,False,False
34,6.8,2690230210656,1057.3480170621349,14.662613332688478,0,False,False
34,6.8,2690230209936,1042.3602137200933,13.818575249745486,1,False,False
34,6.8,2690230209696,1078.2559897168148,17.176476472408,1,False,False
34,6.8,2690230210608,1121.0860307404962,20.265014860508206,1,False,False
34,6.8,2690230208400,1092.8837228740606,15.269115576756205,0,False,False
34,6.8,2690230210752,1131.6660289001723,18.547711618874544,0,False,False
34,6.8,2690230208592,1179.69113738049,23.175010397841458,1,False,False
34,6.8,2690230209984,1179.958498841657,21.476504231220897,0,False,False
35,7.0,2690230209216,353.03047542896695,1.120972495330502,0,True,True
35,7.0,2690230209408,332.7198184506438,7.942461555138462,0,False,False
35,7.0,2690230209360,358.030475428967,0.7834120084547983,0,False,True
35,7.0,2690230209072,340.9710034502189,5.679299665203857,1,False,False
35,7.0,2690230209840,358.9249443911537,6.033119454032976,1,False,False
35,7.0,2690230209792,424.9296525864564,14.680794724360817,0,False,False
35,7.0,2690230210992,378.0633684716181,8.950592522362319,0,False,False
35,7.0,2690230211520,403.8342480520611,10.093933990078485,1,False,False
35,7.0,2690230208688,430.40474864063776,10.504248788545967,1,False,False
35,7.0,2690230210416,455.7702114858259,8.550437675268515,1,False,False
35,7.0,2690230209600,462.0939660274085,12.802643189412128,0,False,False
35,7.0,2690230211088,476.3048281451845,5.357089607892704,1,False,False
35,7.0,2690230208304,494.23770228150573,14.734940433531891,0,False,False
35,7.0,2690230209744,530.2338217723527,15.59715456400129,0,False,False
35,7.0,2690230209120,492.04185587362446,3.771425037326762,1,False,False
35,7.0,2690230209552,567.9782258130348,13.719609304709206,0,False,False
35,7.0,2690230210848,507.26288755274567,4.9287913992967445,1,False,False
35,7.0,2690230208448,526.4366477401895,7.2509993153991985,1,False,False
35,7.0,2690230211376,550.270273840436,10.221245995443581,1,False,False
35,7.0,2690230208736,579.44640934711,12.449534594126188,1,False,False
35,7.0,2690230208880,610.1621551955819,12.75028191560217,1,False,False
35,7.0,2690230208976,601.8714855279065,9.460678019709656,0,False,False
35,7.0,2690230211184,639.4975599320745,11.637921801725422,1,False,False
35,7.0,2690230209024,626.8642072847508,11.206059599645402,0,False,False
35,7.0,2690230210032,656.322373811615,12.338986964728178,0,False,False
35,7.0,2690230208496,685.0583897014291,12.47925946149793,0,False,False
35,7.0,2690230208928,667.3931905501472,10.055708097612449,1,False,False
35,7.0,2690230208544,692.5447220432117,8.65074691356602,1,False,False
35,7.0,2690230208832,713.5998780001441,6.521601364218944,1,False,False
35,7.0,2690230211136,714.9919272762978,12.113777339490772,0,False,False
35,7.0,2690230211040,745.0907835457568,12.029607715191204,0,False,False
35,7.0,2690230211328,773.1215101315848,9.254658347494184,0,False,False
35,7.0,2690230211232,731.5889578742434,6.204497807568648,1,False,False
35,7.0,2690230211424,752.6531405297472,9.480115977556316,1,False,False
35,7.0,2690230210272,782.5497550702363,13.936149906426394,1,False,False
35,7.0,2690230208208,820.5678349455911,17.046583408571127,1,False,False
35,7.0,2690230210704,795.3816215932118,5.104023930891078,0,False,False
35,7.0,2690230210560,864.7101486061672,16.41720423095064,1,False,False
35,7.0,2690230211280,811.70242569012,4.488181134280252,0,False,False
35,7.0,2690230211472,827.6029749271097,4.212200608550559,0,False,False
35,7.0,2690230210128,903.7650929797987,12.326978386773037,1,False,False
35,7.0,2690230208784,843.4579264026697,4.624471368203244,0,False,False
35,7.0,2690230208352,860.4419455053363,4.9251724761826585,0,False,False
35,7.0,2690230210512,878.0716412717426,6.682369703806239,0,False,False
35,7.0,2690230210080,900.8556393430289,10.513640491398949,0,False,False
35,7.0,2690230211568,933.3329540205435,14.270299780112358,0,False,False
35,7.0,2690230208256,970.2029141622556,16.40654980286282,0,False,False
35,7.0,2690230210464,935.4951799863774,2.9743299372150234,1,False,False
35,7.0,2690230210224,1012.6221467200569,17.16467476102725,0,False,False
35,7.0,2690230210320,948.4993125484644,2.936418294732639,1,False,False
35,7.0,2690230210800,964.3061759958712,6.117750032576479,1,False,False
35,7.0,2690230208640,989.991431643788,9.427129180813287,1,False,False
35,7.0,2690230210896,1016.0771496508726,11.258257079095001,1,False,False
35,7.0,2690230210656,1060.2829490930185,14.700830649572667,0,False,False
35,7.0,2690230209936,1045.140259417774,14.06218678025645,1,False,False
35,7.0,2690230209696,1081.6994870603298,17.298510909111293,1,False,False
35,7.0,2690230210608,1125.1414178810928,20.300644903537837,1,False,False
35,7.0,2690230208400,1095.9504790015862,15.461715598603554,0,False,False
35,7.0,2690230210752,1135.3804849045903,18.62093208689791,0,False,False
35,7.0,2690230208592,1184.3261394600584,23.175010397841458,1,False,False
35,7.0,2690230209984,1184.253799687901,21.476504231220897,0,False,False
36,7.2,2690230209216,353.20850011369123,0.9113921562035252,0,True,True
36,7.2,2690230209408,334.2664612541651,7.31402775586986,0,False,False
36,7.2,2690230209360,358.20850011369123,0.6369429781333235,0,False,True
36,7.2,2690230209072,342.10554115645607,5.667101841939298,1,False,False
36,7.2,2690230209840,360.16636863398156,6.553638208452629,1,False,False
36,7.2,2690230209792,427.86017529480597,14.598152181051534,0,False,False
36,7.2,2690230210992,379.869561317817,9.45236496511549,0,False,False
36,7.2,2690230211520,405.69192595053755,10.146764357060837,1,False,False
36,7.2,2690230208688,432.4934145956359,10.317047626803042,1,False,False
36,7.2,2690230210416,457.4539483693465,8.15654230960872,1,False,False
36,7.2,2690230209600,464.66264048959005,12.924411185103743,0,False,False
36,7.2,2690230211088,477.3572679650362,5.078841895282152,1,False,False
36,7.2,2690230208304,497.18788565920727,14.780736505855014,0,False,False
36,7.2,2690230209744,533.3439061485554,15.456013902105873,0,False,False
36,7.2,2690230209120,492.79696039927296,3.7888589788409988,1,False,False
36,7.2,2690230209552,570.7061533352166,13.482320571757887,0,False,False
36,7.2,2690230210848,508.2610016136756,5.116375044856777,1,False,False
36,7.2,2690230208448,527.903435381664,7.500819961404074,1,False,False
36,7.2,2690230211376,552.3291820817878,10.43940633762645,1,False,False
36,7.2,2690230208736,581.9387066792682,12.483216233809786,1,False,False
36,7.2,2690230208880,612.7041291327507,12.628892083139995,1,False,False
36,7.2,2690230208976,603.7710220874329,9.57300830940835,0,False,False
36,7.2,2690230211184,641.8159834665116,11.500344769807766,1,False,False
36,7.2,2690230209024,629.112805285351,11.315240181444691,0,False,False
36,7.2,2690230210032,658.7884384107142,12.313453542423693,0,False,False
36,7.2,2690230208496,687.5514374286552,12.43835641819064,0,False,False
36,7.2,2690230208928,669.3967550999978,9.938565917420952,1,False,False
36,7.2,2690230208544,694.2562263878582,8.373510834196532,1,False,False
36,7.2,2690230208832,714.8945442332744,6.384480444258284,1,False,False
36,7.2,2690230211136,717.4167808048953,12.14061016098922,0,False,False
36,7.2,2690230211040,747.4787219057471,11.756899315381846,0,False,False
36,7.2,2690230211328,774.9442895961606,8.835033088434894,0,False,False
36,7.2,2690230211232,732.8444719372484,6.427367228003157,1,False,False
36,7.2,2690230211424,754.5726674273016,9.832798592863286,1,False,False
36,7.2,2690230210272,785.3535118539247,14.181105609324415,1,False,False
36,7.2,2690230208208,823.9752640773056,17.01545301805715,1,False,False
36,7.2,2690230210704,796.3934460689793,4.97142597272262,0,False,False
36,7.2,2690230210560,867.9750002564891,16.133182962710276,1,False,False
36,7.2,2690230211280,812.5949155803481,4.412690277693125,0,False,False
36,7.2,2690230211472,828.4441669160445,4.195682601916361,0,False,False
36,7.2,2690230210128,906.1922051817743,11.751114087586448,1,False,False
36,7.2,2690230208784,844.3838546515387,4.6412698336092175,0,False,False
36,7.2,2690230208352,861.4329873507263,5.0198093045239425,0,False,False
36,7.2,2690230210512,879.4264215044809,6.959684865295163,0,False,False
36,7.2,2690230210080,902.9810185531834,10.852038928212854,0,False,False
36,7.2,2690230211568,936.1958152516321,14.400843273684556,0,False,False
36,7.2,2690230208256,973.4841151236405,16.40464605968403,0,False,False
36,7.2,2690230210464,936.0806971178522,2.84163975841438,1,False,False
36,7.2,2690230210224,1016.0493708804144,17.08006985519941,0,False,False
36,7.2,2690230210320,949.0988579967901,3.1257201921513005,1,False,False
36,7.2,2690230210800,965.5528252169399,6.463309896694934,1,False,False
36,7.2,2690230208640,991.8865193568477,9.573098507316926,1,False,False
36,7.2,2690230210896,1018.3409220629926,11.441592466620074,1,False,False
36,7.2,2690230210656,1063.226131559383,14.747960605905178,0,False,False
36,7.2,2690230209936,1047.968613399612,14.29947776209786,1,False,False
36,7.2,2690230209696,1085.167092848357,17.416075545637423,1,False,False
36,7.2,2690230210608,1129.2038904220274,20.335656034213017,1,False,False
36,7.2,2690230208400,1099.0553335632878,15.647959019714543,0,False,False
36,7.2,2690230210752,1139.1094392722146,18.691963771890734,0,False,False
36,7.2,2690230208592,1188.9611415396266,23.175010397841458,1,False,False
36,7.2,2690230209984,1188.5491005341448,21.476504231220897,0,False,False
37,7.4,2690230209216,353.35324077587893,0.7409955782585107,0,True,True
37,7.4,2690230209408,335.68735546594695,6.686413461269543,0,False,False
37,7.4,2690230209360,358.35324077587893,0.5178582317030637,0,False,True
37,7.4,2690230209072,343.2399348072307,5.689314492367573,1,False,False
37,7.4,2690230209840,361.5112124402969,7.0613062363341665,1,False,False
37,7.4,2690230209792,430.7747352879406,14.523940070272536,0,False,False
37,7.4,2690230210992,381.7832621492248,9.792390849054915,0,False,False
37,7.4,2690230211520,407.34986635863567,10.170582945413273,1,False,False
37,7.4,2690230208688,434.5433235470044,10.11030683494039,1,False,False
37,7.4,2690230210416,459.05935788710696,7.7699281445667845,1,False,False
37,7.4,2690230209600,467.255528161716,13.043902269060666,0,False,False
37,7.4,2690230211088,478.3559913857245,4.829651351849176,1,False,False
37,7.4,2690230208304,500.1465885651103,14.816943527187643,0,False,False
37,7.4,2690230209744,536.4254879687262,15.310859923909634,0,False,False
37,7.4,2690230209120,493.55706822249647,3.828731910091305,1,False,False
37,7.4,2690230209552,573.3874238043426,13.257190241605722,0,False,False
37,7.4,2690230210848,509.29729169370864,5.313671460490139,1,False,False
37,7.4,2690230208448,529.4204646545293,7.754521548656227,1,False,False
37,7.4,2690230211376,554.4311874413024,10.649339079829952,1,False,False
37,7.4,2690230208736,584.4370897067945,12.50716121661723,1,False,False
37,7.4,2690230208880,615.2217758304656,12.506720978747637,1,False,False
37,7.4,2690230208976,605.6933951229481,9.690607499385589,0,False,False
37,7.4,2690230211184,644.1068248662167,11.36156342232092,1,False,False
37,7.4,2690230209024,631.3827561560579,11.417174986344902,0,False,False
37,7.4,2690230210032,661.2495321809217,12.28993437066666,0,False,False
37,7.4,2690230208496,690.0366237464159,12.401897743809652,0,False,False
37,7.4,2690230208928,671.375866111063,9.806308973638087,1,False,False
37,7.4,2690230208544,695.9130548018853,8.10830986455707,1,False,False
37,7.4,2690230208832,716.1640784573979,6.281552972684509,1,False,False
37,7.4,2690230211136,719.8455957164367,12.146207863519765,0,False,False
37,7.4,2690230211040,749.8112475826767,11.471339933554452,0,False,False
37,7.4,2690230211328,776.6839664311722,8.428039507804945,0,False,False
37,7.4,2690230211232,734.1456241787661,6.665829173879865,1,False,False
37,7.4,2690230211424,756.5627434075747,10.185366336491436,1,False,False
37,7.4,2690230210272,788.2053642186114,14.412491179418787,1,False,False
37,7.4,2690230208208,827.3756090844664,16.971292969260737,1,False,False
37,7.4,2690230210704,797.3793760266129,4.848123261293367,0,False,False
37,7.4,2690230210560,871.1814799943317,15.825510288142189,1,False,False
37,7.4,2690230211280,813.4728196707298,4.344897116301115,0,False,False
37,7.4,2690230211472,829.2826992845721,4.188625699042205,0,False,False
37,7.4,2690230210128,908.503737868617,11.170091125235565,1,False,False
37,7.4,2690230208784,845.313547579326,4.6643626236970235,0,False,False
37,7.4,2690230208352,862.4442990860657,5.134394888863414,0,False,False
37,7.4,2690230210512,880.8374484708396,7.248370888281344,0,False,False
37,7.4,2690230210080,905.1736486258148,11.183789076193364,0,False,False
37,7.4,2690230211568,939.0843429033106,14.524759963826392,0,False,False
37,7.4,2690230208256,976.7648565746327,16.401583930024,0,False,False
37,7.4,2690230210464,936.6419335421982,2.7427270106973136,1,False,False
37,7.4,2690230210224,1019.4599937856651,17.000291232945386,0,False,False
37,7.4,2690230210320,949.7378242332837,3.337813170700327,1,False,False
37,7.4,2690230210800,966.8682911169012,6.804246247831196,1,False,False
37,7.4,2690230208640,993.8111094846449,9.72364874854064,1,False,False
37,7.4,2690230210896,1020.6417935092484,11.631120883135074,1,False,False
37,7.4,2690230210656,1066.1792898106823,14.803150639613413,0,False,False
37,7.4,2690230209936,1050.8439801001064,14.529995428180511,1,False,False
37,7.4,2690230209696,1088.6579156784292,17.529214560311082,1,False,False
37,7.4,2690230210608,1133.2733218390308,20.370009382458264,1,False,False
37,7.4,2690230208400,1102.197006438647,15.827726846678054,0,False,False
37,7.4,2690230210752,1142.8524536944726,18.7608018078674,0,False,False
37,7.4,2690230208592,1193.596143619195,23.175010397841458,1,False,False
37,7.4,2690230209984,1192.8444013803887,21.476504231220897,0,False,False
38,7.6,2690230209216,353.47092029500277,0.6024568494048455,0,True,True
38,7.6,2690230209408,336.9831715738988,6.066987577453138,0,False,False
38,7.6,2690230209360,358.47092029500277,0.4210379223090983,0,False,True
38,7.6,2690230209072,344.3810363947586,5.745274276112809,1,False,False
38,7.6,2690230209840,362.9565564073987,7.555434689389631,1,False,False
38,7.6,2690230209792,433.67500087920706,14.457881976526865,0,False,False
38,7.6,2690230210992,383.73752282352757,9.810094723675476,0,False,False
38,7.6,2690230211520,409.2591513458952,10.20958588627968,0,False,False
38,7.6,2690230208688,436.5506362194241,9.885116314192608,1,False,False
38,7.6,2690230210416,460.5880467054987,7.392834849417574,1,False,False
38,7.6,2690230209600,469.8721237016683,13.160383194188919,0,False,False
38,7.6,2690230211088,479.3068236272865,4.609674773127467,1,False,False
38,7.6,2690230208304,503.11189598085235,14.84361421523643,0,False,False
38,7.6,2690230209744,539.4777964288197,15.162181645408392,0,False,False
38,7.6,2690230209120,494.3265751040497,3.8896703677940137,1,False,False
38,7.6,2690230209552,576.0245113052163,13.04483001041914,0,False,False
38,7.6,2690230210848,510.3736476564724,5.519893366649474,1,False,False
38,7.6,2690230208448,530.9884281934255,8.010861550357259,1,False,False
38,7.6,2690230211376,556.5745851658945,10.850176798351455,1,False,False
38,7.6,2690230208736,586.9396186127028,12.521489711431984,1,False,False
38,7.6,2690230208880,617.7149256197478,12.383558581899164,1,False,False
38,7.6,2690230208976,607.6395739903645,9.812230498657328,0,False,False
38,7.6,2690230211184,646.3697839859908,11.220710176356793,1,False,False
38,7.6,2690230209024,633.6726128415402,11.511909545801204,0,False,False
38,7.6,2690230210032,663.7060497112907,12.268291242357007,0,False,False
38,7.6,2690230208496,692.5147344686403,12.368338310376908,0,False,False
38,7.6,2690230208928,673.3275836691325,9.660235686832454,1,False,False
38,7.6,2690230208544,697.5177512636255,7.857163409498984,1,False,False
38,7.6,2690230208832,717.4152583375054,6.211854152420682,1,False,False
38,7.6,2690230211136,722.2740805404587,12.129937430525962,0,False,False
38,7.6,2690230211040,752.0858573321791,11.173966248740404,0,False,False
38,7.6,2690230211328,778.3431534926183,8.034949539610574,0,False,False
38,7.6,2690230211232,735.49542274234,6.918242554117181,1,False,False
38,7.6,2690230211424,758.6232557152573,10.536486301036865,1,False,False
38,7.6,2690230210272,791.10255819663,14.629719903132111,1,False,False
38,7.6,2690230208208,830.7662149118272,16.913349568486634,1,False,False
38,7.6,2690230210704,798.3412470727313,4.733773686142166,0,False,False
38,7.6,2690230210560,874.3248223554921,15.493730626882002,1,False,False
38,7.6,2690230211280,814.3376806816157,4.284843799970122,0,False,False
38,7.6,2690230211472,830.1204074965076,4.1902122370595505,0,False,False
38,7.6,2690230210128,910.6989473293081,10.58829268660636,1,False,False
38,7.6,2690230208784,846.2483295782089,4.694726996446211,0,False,False
38,7.6,2690230208352,863.4798124658615,5.268044801396442,0,False,False
38,7.6,2690230210512,882.3068829333554,7.546749835671775,0,False,False
38,7.6,2690230210080,907.4321366549578,11.507960407958572,0,False,False
38,7.6,2690230211568,941.9972146614543,14.642105256724673,0,False,False
38,7.6,2690230208256,980.044913972878,16.39747297684847,0,False,False
38,7.6,2690230210464,937.1856141363648,2.6770640331914497,1,False,False
38,7.6,2690230210224,1022.8549893683822,16.92546367272766,0,False,False
38,7.6,2690230210320,950.4205886263669,3.570028483361042,1,False,False
38,7.6,2690230210800,968.2515932981154,7.1397532266565,1,False,False
38,7.6,2690230208640,995.7661034012003,9.87855040899035,1,False,False
38,7.6,2690230210896,1022.9809180567838,11.825590558853229,1,False,False
38,7.6,2690230210656,1069.1439803086942,14.865573603394495,0,False,False
38,7.6,2690230209936,1053.7649790323221,14.753370433072737,1,False,False
38,7.6,2690230209696,1092.1710746436734,17.63799604295172,1,False,False
38,7.6,2690230210608,1137.3495784834734,20.403675504081953,1,False,False
38,7.6,2690230208400,1105.3741974876448,16.00095530587284,0,False,False
38,7.6,2690230210752,1146.6090898653515,18.82745540401307,0,False,False
38,7.6,2690230208592,1198.2311456987632,23.175010397841458,1,False,False
38,7.6,2690230209984,1197.1397022266326,21.476504231220897,0,False,False
39,7.8,2690230209216,353.5665981025511,0.489819731782784,0,True,True
39,7.8,2690230209408,338.15598529827247,5.462106185193841,0,False,False
39,7.8,2690230209360,358.5665981025511,0.3423194248344195,0,False,True
39,7.8,2690230209072,345.5355207552749,5.833803800976058,1,False,False
39,7.8,2690230209840,364.5001705666304,8.04179386943038,1,False,False
39,7.8,2690230209792,436.5625822173301,14.399659057472924,0,False,False
39,7.8,2690230210992,385.6979394336044,9.834334295893127,0,False,False
39,7.8,2690230211520,411.2534750092248,10.34901524507929,0,False,False
39,7.8,2690230208688,438.5117490880424,9.642828977136853,1,False,False
39,7.8,2690230210416,462.0420638140197,7.0274110223985415,1,False,False
39,7.8,2690230209600,472.511779893242,13.273191525128883,0,False,False
39,7.8,2690230211088,480.21560651176924,4.418850658663613,1,False,False
39,7.8,2690230208304,506.08190661933594,14.860848357234428,0,False,False
39,7.8,2690230209744,542.5001617748833,15.010515644883752,0,False,False
39,7.8,2690230209120,495.10960437424006,3.970336321443201,1,False,False
39,7.8,2690230209552,578.6200048140915,12.84573833732344,0,False,False
39,7.8,2690230210848,511.4918027238403,5.7342644692817375,1,False,False
39,7.8,2690230208448,532.6077732579904,8.268643238432038,1,False,False
39,7.8,2690230211376,558.7575032799177,11.041145313729967,1,False,False
39,7.8,2690230208736,589.4443796672515,12.526350556161514,1,False,False
39,7.8,2690230208880,620.183364311552,12.259158679257473,1,False,False
39,7.8,2690230208976,609.6102853473952,9.936726275295793,0,False,False
39,7.8,2690230211184,648.6043939489588,11.07702264593175,1,False,False
39,7.8,2690230209024,635.9809413657837,11.599546181308384,0,False,False
39,7.8,2690230210032,666.1583536467432,12.248321278136594,0,False,False
39,7.8,2690230208496,694.9862467772425,12.336140829868524,0,False,False
39,7.8,2690230208928,675.2492429384312,9.50186965547203,1,False,False
39,7.8,2690230208544,699.0732526672283,7.621920883065209,1,False,False
39,7.8,2690230208832,718.6546544140452,6.174214725488126,1,False,False
39,7.8,2690230211136,724.6978274565853,12.091321447396975,0,False,False
39,7.8,2690230211040,754.3002648099864,10.865956388128552,0,False,False
39,7.8,2690230211328,779.9247099666464,7.656910899450155,0,False,False
39,7.8,2690230211232,736.8965517992157,7.183029275325956,1,False,False
39,7.8,2690230211424,760.7538289631557,10.884882661448021,1,False,False
39,7.8,2690230210272,794.0422259972992,14.832255451527239,1,False,False
39,7.8,2690230208208,834.1442708657245,16.840797627360573,1,False,False
39,7.8,2690230210704,799.2808291712022,4.628075879257741,0,False,False
39,7.8,2690230210560,877.4001934178167,15.137740154643309,1,False,False
39,7.8,2690230211280,815.1910480675148,4.232546859754119,0,False,False
39,7.8,2690230211472,830.9589735005297,4.199773623757118,0,False,False
39,7.8,2690230210128,912.7779834339777,10.010332590016084,1,False,False
39,7.8,2690230208784,847.1897182351823,4.733299889960069,0,False,False
39,7.8,2690230208352,864.5432782609922,5.419816052716514,0,False,False
39,7.8,2690230210512,883.8365568050856,7.853242195991645,0,False,False
39,7.8,2690230210080,909.7549090549226,11.823703489897921,0,False,False
39,7.8,2690230211568,944.9331220921816,14.752975210507135,0,False,False
39,7.8,2690230208256,983.324085402518,16.392432910531433,0,False,False
39,7.8,2690230210464,937.7183383609625,2.6438332723515967,1,False,False
39,7.8,2690230210224,1026.2353548909578,16.855687368753852,0,False,False
39,7.8,2690230210320,951.1510079395013,3.81989365703984,1,False,False
39,7.8,2690230210800,969.7015987722322,7.469150429440306,1,False,False
39,7.8,2690230208640,997.752354368994,10.037540831048458,1,False,False
39,7.8,2690230210896,1025.3592043179112,12.023823273680655,1,False,False
39,7.8,2690230210656,1072.121596008973,14.93443206787185,0,False,False
39,7.8,2690230209936,1056.7301611567214,14.969312134812778,1,False,False
39,7.8,2690230209696,1095.7057038281682,17.742507799861926,1,False,False
39,7.8,2690230210608,1141.4325213753245,20.436633037825768,1,False,False
39,7.8,2690230208400,1108.5855971631552,16.167629472560577,0,False,False
39,7.8,2690230210752,1150.3789121344075,18.8919454878928,0,False,False
39,7.8,2690230208592,1202.8661477783314,23.175010397841458,1,False,False
39,7.8,2690230209984,1201.4350030728765,21.476504231220897,0,False,False
40,8.0,2690230209216,353.64438770371044,0.3982415834109509,0,True,True
40,8.0,2690230209408,339.2090800776919,4.877188451121868,0,False,False
40,8.0,2690230209360,358.64438770371044,0.27831837088759914,0,False,True
40,8.0,2690230209072,346.7098075443946,5.953406862980782,1,False,False
40,8.0,2690230209840,366.14057464598307,8.542396416287845,1,False,False
40,8.0,2690230209792,439.43902304959954,14.348913882713171,0,False,False
40,8.0,2690230210992,387.66555591137995,9.873131750284402,0,False,False
40,8.0,2690230211520,413.306010861084,10.517359414011535,0,False,False
40,8.0,2690230208688,440.423345819635,9.3850421611636,1,False,False
40,8.0,2690230210416,463.4238803151281,6.675685193402838,1,False,False
40,8.0,2690230209600,475.1737215684215,13.381732099346122,0,False,False
40,8.0,2690230211088,481.0881557757302,4.256914411049282,1,False,False
40,8.0,2690230208304,509.05474212348366,14.868789683517527,0,False,False
40,8.0,2690230209744,545.492024457716,14.856440512976175,0,False,False
40,8.0,2690230209120,495.9100144318478,4.0694329142700205,1,False,False
40,8.0,2690230209552,581.1765851424069,12.660294884720837,0,False,False
40,8.0,2690230210848,512.6533353311303,5.956014628878044,1,False,False
40,8.0,2690230208448,534.2787105726046,8.52671120040202,1,False,False
40,8.0,2690230211376,560.9779210351874,11.221560782079361,1,False,False
40,8.0,2690230208736,591.9494903422852,12.521912214177924,1,False,False
40,8.0,2690230208880,622.6268264404088,12.133246311575041,1,False,False
40,8.0,2690230208976,611.6060317411185,10.06303446957605,0,False,False
40,8.0,2690230211184,650.8100431890575,10.92985838107042,1,False,False
40,8.0,2690230209024,638.3063313589382,11.680231663779331,0,False,False
40,8.0,2690230210032,668.6067617322311,12.229756816171417,0,False,False
40,8.0,2690230208496,697.4513313660581,12.303784440150661,0,False,False
40,8.0,2690230208928,677.1384973955048,9.332931697514669,1,False,False
40,8.0,2690230208544,700.5828532714754,7.40423963031635,1,False,False
40,8.0,2690230208832,719.8885916294207,6.1672973378129585,1,False,False
40,8.0,2690230211136,727.112343960494,12.030046326036256,0,False,False
40,8.0,2690230211040,756.4524282020656,10.54861938185942,0,False,False
40,8.0,2690230211328,781.4317155795889,7.294933672611385,0,False,False
40,8.0,2690230211232,738.3513839256905,7.458670748860108,1,False,False
40,8.0,2690230211424,762.953835950997,11.229328294810092,1,False,False
40,8.0,2690230210272,797.0213953618363,15.019601066172013,1,False,False
40,8.0,2690230208208,837.5067969794459,16.75275122089591,1,False,False
40,8.0,2690230210704,800.199834509461,4.53076500904394,0,False,False
40,8.0,2690230210560,880.4027646195597,14.757837439965073,1,False,False
40,8.0,2690230211280,816.0344728783947,4.187997435181829,0,False,False
40,8.0,2690230211472,831.7999551475274,4.216783917147934,0,False,False
40,8.0,2690230210128,914.741928536625,9.440945241905128,1,False,False
40,8.0,2690230208784,848.1394144252868,4.780951459665619,0,False,False
40,8.0,2690230208352,865.6382554051459,5.5887197805765805,0,False,False
40,8.0,2690230210512,885.42799206233,8.16635555507225,0,False,False
40,8.0,2690230210080,912.1402277244671,12.13024952627055,0,False,False
40,8.0,2690230211568,947.8907783816354,14.857500786090396,0,False,False
40,8.0,2690230208256,986.6021934394579,16.38659117414628,0,False,False
40,8.0,2690230210464,938.2465248887769,2.6419674173247754,1,False,False
40,8.0,2690230210224,1029.602105977147,16.791037243065524,0,False,False
40,8.0,2690230210320,951.9324572106395,4.085125690136178,1,False,False
40,8.0,2690230210800,971.2170461384827,7.791869936973682,1,False,False
40,8.0,2690230208640,999.7706609382082,10.200324947922528,1,False,False
40,8.0,2690230210896,1027.7773301753805,12.224714547592699,1,False,False
40,8.0,2690230210656,1075.11337255108,15.008961853190156,0,False,False
40,8.0,2690230209936,1059.7380243078317,15.177603868328458,1,False,False
40,8.0,2690230209696,1099.2609559952134,17.84285362800764,1,False,False
40,8.0,2690230210608,1145.5220077391814,20.468867532263598,1,False,False
40,8.0,2690230208400,1111.829895878903,16.327777335160558,0,False,False
40,8.0,2690230210752,1154.161489709682,18.954302658292708,0,False,False
40,8.0,2690230208592,1207.5011498578997,23.175010397841458,1,False,False
40,8.0,2690230209984,1205.7303039191204,21.476504231220897,0,False,False
41,8.2,2690230209216,353.7076335305494,0.32378515700137755,0,True,True
41,8.2,2690230209408,340.14676445776377,4.316786797666995,0,False,False
41,8.2,2690230209360,358.7076335305494,0.22628314361942875,0,False,True
41,8.2,2690230209072,347.9100727966031,6.1040366838022715,1,False,False
41,8.2,2690230209840,367.8848427971771,9.076820226811513,1,False,False
41,8.2,2690230209792,442.30579328356663,14.305254705236171,0,False,False
41,8.2,2690230210992,389.64259814611455,9.925214460348267,0,False,False
41,8.2,2690230211520,415.40697876865767,10.700929697039605,0,False,False
41,8.2,2690230208688,442.2824446512669,9.11357394754141,1,False,False
41,8.2,2690230210416,464.7363637023517,6.339541193040834,1,False,False
41,8.2,2690230209600,477.8570588396138,13.485473743959394,0,False,False
41,8.2,2690230211088,481.930221602157,4.123416133118879,1,False,False
41,8.2,2690230208304,512.0285556684851,14.867623155168813,0,False,False
41,8.2,2690230209744,548.4529431237831,14.700570511915178,0,False,False
41,8.2,2690230209120,496.7314072603857,4.185708275451749,1,False,False
41,8.2,2690230209552,583.6970009422191,12.488757577004641,0,False,False
41,8.2,2690230210848,513.8596700999689,6.184376226360894,1,False,False
41,8.2,2690230208448,536.0012223621318,8.783948216910453,1,False,False
41,8.2,2690230211376,563.2336867951079,11.390826953139097,1,False,False
41,8.2,2690230208736,594.4531026924863,12.508354877978274,1,False,False
41,8.2,2690230208880,625.0449900597732,12.005526132504219,1,False,False
41,8.2,2690230208976,613.6271095115275,10.190181910417948,0,False,False
41,8.2,2690230211184,652.9860003417411,10.778708024905836,1,False,False
41,8.2,2690230209024,640.6474041547249,11.754145462083715,0,False,False
41,8.2,2690230210032,671.0515338957804,12.212266189510544,0,False,False
41,8.2,2690230208496,699.9098562883042,12.269773115651923,0,False,False
41,8.2,2690230208928,678.9933562048533,9.15530806359306,1,False,False
41,8.2,2690230208544,702.0501650988764,7.205568337565704,1,False,False
41,8.2,2690230208832,721.1231181244146,6.189632527368678,1,False,False
41,8.2,2690230211136,729.5130861789131,11.945970492087998,0,False,False
41,8.2,2690230211040,758.5405755515492,10.223381732564665,0,False,False
41,8.2,2690230211328,782.8674423634435,6.949880499869279,0,False,False
41,8.2,2690230211232,739.8619917402062,7.743703847573416,1,False,False
41,8.2,2690230211424,765.2224069750008,11.5686388017716,1,False,False
41,8.2,2690230210272,800.0369967611931,15.191288847560996,1,False,False
41,8.2,2690230208208,840.8506327764104,16.648278232675587,1,False,False
41,8.2,2690230210704,801.0999245325801,4.441608721420617,0,False,False
41,8.2,2690230210560,883.3277962246398,14.35476604118687,1,False,False
41,8.2,2690230211280,816.869502793597,4.151163310240374,0,False,False
41,8.2,2690230211472,832.6448141855617,4.240851361609054,0,False,False
41,8.2,2690230210128,916.5928139704708,8.884870905837195,1,False,False
41,8.2,2690230208784,849.0992874675529,4.838463952213885,0,False,False
41,8.2,2690230208352,866.768102613537,5.7737328727756365,0,False,False
41,8.2,2690230210512,887.0824174723022,8.4846745135496,0,False,False
41,8.2,2690230210080,914.586206216565,12.426911215121162,0,False,False
41,8.2,2690230211568,950.8689249582295,14.955842574707757,0,False,False
41,8.2,2690230208256,989.8790865479068,16.380080738148713,0,False,False
41,8.2,2690230210464,938.7763645239776,2.6701929391827073,1,False,False
41,8.2,2690230210224,1032.9562715315913,16.731562637323602,0,False,False
41,8.2,2690230210320,952.7678669593116,4.3636200267405645,1,False,False
41,8.2,2690230210800,972.7965673621393,8.107446013528142,1,False,False
41,8.2,2690230208640,1001.8217605751441,10.36657715938141,1,False,False
41,8.2,2690230210896,1030.2357575346116,12.42723367196275,1,False,False
41,8.2,2690230210656,1078.1203951054647,15.088434825328815,0,False,False
41,8.2,2690230209936,1062.7870276690483,15.37809810309715,1,False,False
41,8.2,2690230209696,1102.8360055595926,17.93915001814913,1,False,False
41,8.2,2690230210608,1149.6178923158823,20.500370421408846,1,False,False
41,8.2,2690230208400,1115.1057922171312,16.481464255841615,0,False,False
41,8.2,2690230210752,1157.9563984697634,19.014565408677406,0,False,False
41,8.2,2690230208592,1212.136151937468,23.175010397841458,1,False,False
41,8.2,2690230209984,1210.0256047653643,21.476504231220897,0,False,False
42,8.4,2690230209216,353.7590547302074,0.26324932468497186,0,True,True
42,8.4,2690230209408,340.9742029356187,3.7846477869406985,0,False,False
42,8.4,2690230209360,358.7590547302075,0.18397657661976669,0,False,True
42,8.4,2690230209072,349.1424848374847,6.284476338476319,1,False,False
42,8.4,2690230209840,369.73523853566536,9.599463517674833,1,False,False
42,8.4,2690230209792,445.16428242521584,14.268260037581138,0,False,False
42,8.4,2690230210992,391.29458263460293,9.984942078056502,0,False,False
42,8.4,2690230211520,417.5521685644686,10.890944954418622,0,False,False
42,8.4,2690230208688,444.08644071749063,8.830434891136987,1,False,False
42,8.4,2690230210416,465.9827475111579,6.020698011314477,1,False,False
42,8.4,2690230209600,480.56079969006396,13.583946206575694,0,False,False
42,8.4,2690230211088,482.7474528603089,4.017740528953443,1,False,False
42,8.4,2690230208304,515.0015400451006,14.857572587283109,0,False,False
42,8.4,2690230209744,551.382601289574,14.543548532285387,0,False,False
42,8.4,2690230209120,497.5771375874249,4.317957589182045,1,False,False
42,8.4,2690230209552,586.184044298938,12.331262279998851,0,False,False
42,8.4,2690230210848,515.1120781512142,6.4185814863047135,1,False,False
42,8.4,2690230208448,537.7750698473511,9.039273374842585,1,False,False
42,8.4,2690230211376,565.5225353665495,11.548432317911388,1,False,False
42,8.4,2690230208736,596.9534052366855,12.48586377344553,1,False,False
42,8.4,2690230208880,627.4374732641617,11.875691564910491,1,False,False
42,8.4,2690230208976,615.6736259922986,10.31727904007283,0,False,False
42,8.4,2690230211184,655.1314416402838,10.623206498187953,1,False,False
42,8.4,2690230209024,643.0028185792424,11.82148862926543,0,False,False
42,8.4,2690230210032,673.4928595402927,12.195455279661324,0,False,False
42,8.4,2690230208496,702.3613924820195,12.232644051622596,0,False,False
42,8.4,2690230208928,680.8122150250341,8.971015674984887,1,False,False
42,8.4,2690230208544,703.4790753794618,7.027135846227687,1,False,False
42,8.4,2690230208832,722.3639811339283,6.239652960035988,1,False,False
42,8.4,2690230211136,731.8954937959893,11.839132076235623,0,False,False
42,8.4,2690230211040,760.5632272161128,9.89177129026943,0,False,False
42,8.4,2690230211328,784.2353247029139,6.622460429869813,0,False,False
42,8.4,2690230211232,741.4301587118781,8.036716630072796,1,False,False
42,8.4,2690230211424,767.5584380793414,11.901668501897875,1,False,False
42,8.4,2690230210272,803.0858684639913,15.346869266385578,1,False,False
42,8.4,2690230208208,844.1724292152835,16.52641906642532,1,False,False
42,8.4,2690230210704,801.9827161783701,4.3604032856228665,0,False,False
42,8.4,2690230210560,886.1707285781938,13.929745366520583,1,False,False
42,8.4,2690230211280,817.6976776606665,4.121992318962062,0,False,False
42,8.4,2690230211472,833.4949424342834,4.27170805284937,0,False,False
42,8.4,2690230210128,918.3336135810301,8.346741929948791,1,False,False
42,8.4,2690230208784,850.0713564094531,4.90651584785358,0,False,False
42,8.4,2690230208352,867.9359722385465,5.973808225904124,0,False,False
42,8.4,2690230210512,888.8007833948915,8.806851988108928,0,False,False
42,8.4,2690230210080,917.0908261359107,12.7130843326713,0,False,False
42,8.4,2690230211568,953.8663370905327,15.048185971412682,0,False,False
42,8.4,2690230208256,993.1546400489862,16.373038088954573,0,False,False
42,8.4,2690230210464,939.3137819267278,2.7270745486165358,1,False,False
42,8.4,2690230210224,1036.298888622048,16.677287364995326,0,False,False
42,8.4,2690230210320,953.6597580047718,4.65343712963071,1,False,False
42,8.4,2690230210800,974.438707619549,8.415506530405334,1,False,False
42,8.4,2690230208640,1003.9063237281264,10.535944093071494,1,False,False
42,8.4,2690230210896,1032.734747072851,12.630423602446552,1,False,False
42,8.4,2690230210656,1081.1436057330668,15.172161006255225,0,False,False
42,8.4,2690230209936,1065.8756052681094,15.570711431166576,1,False,False
42,8.4,2690230209696,1106.4300509271702,18.031523251021476,1,False,False
42,8.4,2690230210608,1153.7200284781861,20.531138130697084,1,False,False
42,8.4,2690230208400,1118.412000053558,16.628787805090656,0,False,False
42,8.4,2690230210752,1161.763222436806,19.072778587726475,0,False,False
42,8.4,2690230208592,1216.7711540170362,23.175010397841458,1,False,False
42,8.4,2690230209984,1214.3209056116082,21.476504231220897,0,False,False
43,8.6,2690230209216,353.80086207001835,0.21403145094387044,0,True,True
43,8.6,2690230209408,341.69725831906305,3.283763102155796,0,False,False
43,8.6,2690230209360,358.8008620700184,0.14957977073915255,0,False,True
43,8.6,2690230209072,350.4126514017829,6.483293780733899,1,False,False
43,8.6,2690230209840,371.64225252038557,9.40282863907609,1,False,False
43,8.6,2690230209792,448.0157939462477,14.23748340972386,0,False,False
43,8.6,2690230210992,393.06201507786193,10.018873562529366,0,False,False
43,8.6,2690230211520,419.73915581874564,11.082270090301526,0,False,False
43,8.6,2690230208688,445.83314245418916,8.537795896127014,1,False,False
43,8.6,2690230210416,467.16659723902853,5.7206940894052645,1,False,False
43,8.6,2690230209600,483.2838619629408,13.67673726728148,0,False,False
43,8.6,2690230211088,483.5453654351905,3.939128300490379,1,False,False
43,8.6,2690230208304,517.971935285977,14.838898530576827,0,False,False
43,8.6,2690230209744,554.2808125665681,14.386038468851144,0,False,False
43,8.6,2690230209120,498.4503223532854,4.46502365123915,1,False,False
43,8.6,2690230209552,588.6405264296269,12.18782498860447,0,False,False
43,8.6,2690230210848,516.4116769366995,6.657860579009117,1,False,False
43,8.6,2690230208448,539.5998004390431,9.29164129338571,1,False,False
43,8.6,2690230211376,567.8421047431002,11.69394694871932,1,False,False
43,8.6,2690230208736,599.4486235823177,12.454623706086325,1,False,False
43,8.6,2690230208880,629.8038325887993,11.743434618012268,1,False,False
43,8.6,2690230208976,617.7455159899914,10.443516238014684,0,False,False
43,8.6,2690230211184,657.2454803980048,10.46314183968356,1,False,False
43,8.6,2690230209024,645.3712745625168,11.882473384460576,0,False,False
43,8.6,2690230210032,675.9308451927532,12.178869751487268,0,False,False
43,8.6,2690230208496,704.8052209792238,12.190976189362516,0,False,False
43,8.6,2690230208928,682.593879714574,8.78216537508249,1,False,False
43,8.6,2690230208544,704.8737021067493,6.8699451446330615,1,False,False
43,8.6,2690230208832,723.6166095538649,6.3157248166227165,1,False,False
43,8.6,2690230211136,734.2550264599203,11.709755625333628,0,False,False
43,8.6,2690230211040,762.5192149364041,9.555398752989912,0,False,False
43,8.6,2690230211328,785.5389283951934,6.313226379121092,0,False,False
43,8.6,2690230211232,743.0573891129906,8.336344107692375,1,False,False
43,8.6,2690230211424,769.9605986178593,12.22730801336206,1,False,False
43,8.6,2690230210272,806.1647595315591,15.48590110067633,1,False,False
43,8.6,2690230208208,847.4686446696232,16.386209780062757,1,False,False
43,8.6,2690230210704,802.8497873581484,4.286969999045943,0,False,False
43,8.6,2690230210560,888.9272785726006,13.484486421605219,1,False,False
43,8.6,2690230211280,818.520525784536,4.1004166983927535,0,False,False
43,8.6,2690230211472,834.3516857793338,4.309197966459043,0,False,False
43,8.6,2690230210128,919.9682148334849,7.830974908006821,1,False,False
43,8.6,2690230208784,851.0577684788892,4.9856710116754135,0,False,False
43,8.6,2690230208352,869.1448060772433,6.187883486575376,0,False,False
43,8.6,2690230210512,890.58377494185,9.131601985028054,0,False,False
43,8.6,2690230210080,919.6519538754188,12.988249547475652,0,False,False
43,8.6,2690230211568,956.8818285482843,15.134736770076469,0,False,False
43,8.6,2690230208256,996.4287566993202,16.365601399074013,0,False,False
43,8.6,2690230210464,939.8644061681674,2.8110582607782386,1,False,False
43,8.6,2690230210224,1039.6309973948687,16.628210099852204,0,False,False
43,8.6,2690230210320,954.610273513785,4.952788043299284,1,False,False
43,8.6,2690230210800,976.141943506087,8.715765437069381,1,False,False
43,8.6,2690230208640,1006.024948493667,10.708048042317367,1,False,False
43,8.6,2690230210896,1035.2743729576496,12.833400709975852,1,False,False
43,8.6,2690230210656,1084.1838111241352,15.259490055245731,0,False,False
43,8.6,2690230209936,1069.0021784580417,15.75541937496224,1,False,False
43,8.6,2690230209696,1110.042316278209,18.1201068537159,1,False,False
43,8.6,2690230210608,1157.8282691754966,20.561171297388142,1,False,False
43,8.6,2690230208400,1121.7472546735075,16.769872958331707,0,False,False
43,8.6,2690230210752,1165.5815549559259,19.12899206792347,0,False,False
43,8.6,2690230208592,1221.4061560966045,23.175010397841458,1,False,False
43,8.6,2690230209984,1218.616206457852,21.476504231220897,0,False,False
44,8.8,2690230209216,353.83485298570463,0.17401549670814237,0,True,True
44,8.8,2690230209408,342.322343691891,2.816412155681116,0,False,False
44,8.8,2690230209360,358.83485298570463,0.1216138936024399,0,False,True
44,8.8,2690230209072,351.72243331413256,6.679230338512504,1,False,False
44,8.8,2690230209840,373.5107151729631,9.236027887607955,1,False,False
44,8.8,2690230209792,450.861540609074,14.21245819500344,0,False,False
44,8.8,2690230210992,394.9896856435105,10.304359008801168,1,False,False
44,8.8,2690230211520,421.96623777859264,11.271859835926234,0,False,False
44,8.8,2690230208688,447.5208013669049,8.237953150064275,1,False,False
44,8.8,2690230210416,468.2917734106104,5.440875861327247,1,False,False
44,8.8,2690230209600,486.0250847835404,13.763490006581193,0,False,False
44,8.8,2690230211088,484.32931490073435,3.886698351310728,1,False,False
44,8.8,2690230208304,520.9380358815645,14.811896335571214,0,False,False
44,8.8,2690230209744,557.1475243301429,14.228717163281502,0,False,False
44,8.8,2690230209120,499.3538502030817,4.625796162029197,1,False,False
44,8.8,2690230209552,591.0692539756235,12.058346308765708,0,False,False
44,8.8,2690230210848,517.7594297362631,6.9014403712896595,1,False,False
44,8.8,2690230208448,541.47475484495,9.540042335916107,1,False,False
44,8.8,2690230211376,570.1899521889261,11.827018908670404,1,False,False
44,8.8,2690230208736,601.9370200433993,12.414814875354647,1,False,False
44,8.8,2690230208880,632.1435634086406,11.608456205583652,1,False,False
44,8.8,2690230208976,619.8425575204112,10.56816002585488,0,False,False
44,8.8,2690230211184,659.3271980845005,10.298461365784934,1,False,False
44,8.8,2690230209024,647.7515147158533,11.937313448460658,0,False,False
44,8.8,2690230210032,678.365502641757,12.161997893585076,0,False,False
44,8.8,2690230208496,707.2403418382739,12.143399049475626,0,False,False
44,8.8,2690230208928,684.3375826104841,8.590924254604378,1,False,False
44,8.8,2690230208544,706.2383487207675,6.734772207096685,1,False,False
44,8.8,2690230208832,724.8861025530663,6.416175560808218,1,False,False
44,8.8,2690230211136,736.5872014404173,11.558257329151362,0,False,False
44,8.8,2690230211040,764.4076970680595,9.21593722681962,0,False,False
44,8.8,2690230211328,786.7819194340517,6.022576026484916,0,False,False
44,8.8,2690230211232,744.744917139902,8.641264281816003,1,False,False
44,8.8,2690230211424,772.4273384183161,12.544483053190291,1,False,False
44,8.8,2690230210272,809.2703308423619,15.607942068912747,1,False,False
44,8.8,2690230208208,850.7355458346826,16.226709717434968,1,False,False
44,8.8,2690230210704,803.7026817382796,4.221151898697001,0,False,False
44,8.8,2690230210560,891.5935381090836,13.021189750016335,1,False,False
44,8.8,2690230211280,819.3395611297451,4.086357994160471,0,False,False
44,8.8,2690230211472,835.2163656780665,4.353263640847366,0,False,False
44,8.8,2690230210128,921.5013689614037,7.341672734064629,1,False,False
44,8.8,2690230208784,852.0607756795625,5.076372433167782,0,False,False
44,8.8,2690230208352,870.3973328235505,6.414888243147167,0,False,False
44,8.8,2690230210512,892.4318237914824,9.457693891153538,0,False,False
44,8.8,2690230210080,922.2673577085151,13.251974044185266,0,False,False
44,8.8,2690230211568,959.9142554094007,15.215717158845347,0,False,False
44,8.8,2690230208256,999.701366915228,16.35790886889823,0,False,False
44,8.8,2690230210464,940.4335497033014,2.9205111702625453,1,False,False
44,8.8,2690230210224,1042.9536360891598,16.584305072574594,0,False,False
44,8.8,2690230210320,955.6212081486728,5.260019959212608,1,False,False
44,8.8,2690230210800,977.9046997823696,9.008015806766915,1,False,False
44,8.8,2690230208640,1008.1781560056087,10.882490897171087,1,False,False
44,8.8,2690230210896,1037.8545375050628,13.035354368258346,1,False,False
44,8.8,2690230210656,1087.2416905945693,15.349812183041472,0,False,False
44,8.8,2690230209936,1072.1651673486447,15.932251037970785,1,False,False
44,8.8,2690230209696,1113.672052864374,18.205039385644447,1,False,False
44,8.8,2690230210608,1161.9424677295592,20.59047409145631,1,False,False
44,8.8,2690230208400,1125.1103179511592,16.904867648510287,0,False,False
44,8.8,2690230210752,1169.4109996208506,19.1832595969251,0,False,False
44,8.8,2690230208592,1226.0411581761728,23.175010397841458,1,False,False
44,8.8,2690230209984,1222.911507304096,21.476504231220897,0,False,False
45,9.0,2690230209216,353.8624888590804,0.14148104384211635,0,True,True
45,9.0,2690230209408,342.85628249297713,2.384199341889294,0,False,False
45,9.0,2690230209360,358.8624888590804,0.09887659971706521,0,False,True
45,9.0,2690230209072,353.0711239829486,6.8710028153739735,1,False,False
45,9.0,2690230209840,375.3507420060051,9.14467680568013,1,False,False
45,9.0,2690230209792,453.7026407561846,14.192702402928715,0,False,False
45,9.0,2690230210992,397.036398808532,10.692172124676947,1,False,False
45,9.0,2690230211520,424.23201445539877,11.457828957856886,0,False,False
45,9.0,2690230208688,449.1481346425976,7.933291143710364,1,False,False
45,9.0,2690230210416,469.36239262157005,5.182390289863466,1,False,False
45,9.0,2690230209600,488.78323944445555,13.843900210446941,0,False,False
45,9.0,2690230211088,485.1044736502595,3.859470079168815,1,False,False
45,9.0,2690230208304,523.8981976172131,14.776894325980146,0,False,False
45,9.0,2690230209744,559.9828197566814,14.07226608016164,0,False,False
45,9.0,2690230209120,500.29039076606585,4.799210003845172,1,False,False
45,9.0,2690230209552,593.4730063296702,11.94261793794811,0,False,False
45,9.0,2690230210848,519.1561449431493,7.148543733418394,1,False,False
45,9.0,2690230208448,543.3990742778591,9.783503671612788,1,False,False
45,9.0,2690230211376,572.5635695724849,11.9473701753057,1,False,False
45,9.0,2690230208736,604.4168925065057,12.366609965965369,1,False,False
45,9.0,2690230208880,634.4561024251059,11.470476781964788,1,False,False
45,9.0,2690230208976,621.9643867768652,10.690549130742548,0,False,False
45,9.0,2690230211184,661.37567643989,10.129274865712079,1,False,False
45,9.0,2690230209024,650.1423240292773,11.986215184248959,0,False,False
45,9.0,2690230210032,680.7967376804602,12.144274009030832,0,False,False
45,9.0,2690230208496,709.665484871328,12.088602021802224,0,False,False
45,9.0,2690230208928,686.0429912657111,8.399478119577054,1,False,False
45,9.0,2690230208544,707.5774588612746,6.622169269917934,1,False,False
45,9.0,2690230208832,726.1772234724224,6.539317648329135,1,False,False
45,9.0,2690230211136,738.8876322060686,11.385248252907436,0,False,False
45,9.0,2690230211040,766.2281696229845,8.87510036911124,0,False,False
45,9.0,2690230211328,787.968033188379,5.7507558712040545,0,False,False
45,9.0,2690230211232,746.4937152690624,8.950194630247596,1,False,False
45,9.0,2690230211424,774.9568947700909,12.852154113962946,1,False,False
45,9.0,2690230210272,812.3991543058839,15.712540482397399,1,False,False
45,9.0,2690230208208,853.9692144539357,16.04703347383624,1,False,False
45,9.0,2690230210704,804.5429128864904,4.162810817020313,0,False,False
45,9.0,2690230210560,894.1660708647719,12.542523899738608,1,False,False
45,9.0,2690230211280,820.1562815217325,4.079732160468336,0,False,False
45,9.0,2690230211472,836.0902979293321,4.403931851400291,0,False,False
45,9.0,2690230210128,922.9386223424002,6.882539421512081,1,False,False
45,9.0,2690230208784,853.0827104127517,5.178940012456966,0,False,False
45,9.0,2690230208352,871.6960668581598,6.653749731484272,0,False,False
45,9.0,2690230210512,894.3451189632771,9.783948288258,0,False,False
45,9.0,2690230210080,924.9347251751308,13.503912613994029,0,False,False
45,9.0,2690230211568,962.9625190917596,15.291362096614298,0,False,False
45,9.0,2690230208256,1002.9724286762878,16.35009723206048,0,False,False
45,9.0,2690230210464,941.0261950052661,3.0537565865853176,1,False,False
45,9.0,2690230210224,1046.267836209192,16.545523043884533,0,False,False
45,9.0,2690230210320,956.694034366858,5.573602483506992,1,False,False
45,9.0,2690230210800,979.7253647505478,9.292123141432407,1,False,False
45,9.0,2690230208640,1010.3663866349176,11.058858409053444,1,False,False
45,9.0,2690230210896,1040.474985742773,13.235546344184266,1,False,False
45,9.0,2690230210656,1090.3178042305467,15.442558561797107,0,False,False
45,9.0,2690230209936,1075.3630011599682,16.10128364597999,1,False,False
45,9.0,2690230209696,1117.3185398833941,18.28646252520831,1,False,False
45,9.0,2690230210608,1166.0624785003913,20.619053624772665,1,False,False
45,9.0,2690230208400,1128.499982662853,17.03393867106783,0,False,False
45,9.0,2690230210752,1173.2511709808605,19.235637809595588,0,False,False
45,9.0,2690230208592,1230.676160255741,23.175010397841458,1,False,False
45,9.0,2690230209984,1227.2068081503398,21.476504231220897,0,False,False
46,9.2,2690230209216,353.88495784768565,0.11502932868230141,0,True,True
46,9.2,2690230209408,343.30617588644026,1.9880897779872007,0,False,False
46,9.2,2690230209360,358.88495784768565,0.08039033766625983,0,False,True
46,9.2,2690230209072,354.45791027779427,7.059014326919394,1,False,False
46,9.2,2690230209840,377.0286708275064,9.118348827869157,1,False,False
46,9.2,2690230209792,456.54011555126345,14.177723352249505,0,False,False
46,9.2,2690230210992,399.178847675139,11.053600239202318,1,False,False
46,9.2,2690230211520,426.53519290462896,11.63895365957653,0,False,False
46,9.2,2690230208688,450.7143402935362,7.6262448536947005,1,False,False
46,9.2,2690230210416,470.38278734134326,4.9461811151759,1,False,False
46,9.2,2690230209600,491.5570397801519,13.917713898733599,0,False,False
46,9.2,2690230211088,485.87581245500456,3.85638506488859,1,False,False
46,9.2,2690230208304,526.85084404858,14.734252011578189,0,False,False
46,9.2,2690230209744,562.7869181872262,13.917362893019895,0,False,False
46,9.2,2690230209120,501.2624035349562,4.9842427357968,1,False,False
46,9.2,2690230209552,595.8545143743173,11.84033078971756,0,False,False
46,9.2,2690230210848,520.6024752443748,7.398389338000058,1,False,False
46,9.2,2690230208448,545.3717079251005,10.021091039389876,1,False,False
46,9.2,2690230211376,574.9603978524405,12.054792083600665,1,False,False
46,9.2,2690230208736,606.8865727997949,12.310172506810316,1,False,False
46,9.2,2690230208880,636.7408322906755,11.329247089571997,1,False,False
46,9.2,2690230208976,624.1105123004776,10.810090384723335,0,False,False
46,9.2,2690230211184,663.3900300188826,9.955854620655279,1,False,False
46,9.2,2690230209024,652.5425278529482,12.029369583249938,0,False,False
46,9.2,2690230210032,683.2243395624689,12.125082322883824,0,False,False
46,9.2,2690230208496,712.0791222664565,12.025344225380165,0,False,False
46,9.2,2690230208928,687.7102097432166,8.209995122600974,1,False,False
46,9.2,2690230208544,708.8955720477894,6.532472069593072,1,False,False
46,9.2,2690230208832,727.4943981860046,6.683468037928375,1,False,False
46,9.2,2690230211136,741.1520674894499,11.191535082667615,0,False,False
46,9.2,2690230211040,767.9804728748005,8.534619698886459,0,False,False
46,9.2,2690230211328,789.101044585551,5.497868103669776,0,False,False
46,9.2,2690230211232,748.3045019473633,9.26188917325103,1,False,False
46,9.2,2690230211424,777.5472993886308,13.14931669170551,1,False,False
46,9.2,2690230210272,815.5477104935482,15.799228280475251,1,False,False
46,9.2,2690230208208,857.1655607063972,15.846386740506356,1,False,False
46,9.2,2690230210704,805.3719678537369,4.111824807762486,0,False,False
46,9.2,2690230210560,896.6420034257437,12.051584062749455,1,False,False
46,9.2,2690230211280,820.97216786444,4.080454540233359,0,False,False
46,9.2,2690230211472,836.9748085298229,4.461298645104422,0,False,False
46,9.2,2690230210128,924.2862317947845,6.456809626510616,1,False,False
46,9.2,2690230208784,854.1259608943905,5.293571774240607,0,False,False
46,9.2,2690230208352,873.0433080870685,6.903397188683113,0,False,False
46,9.2,2690230210512,896.3236168556405,10.109234260087238,0,False,False
46,9.2,2690230210080,927.6516806359107,13.743807946774062,0,False,False
46,9.2,2690230211568,966.0255686846926,15.361916051505945,0,False,False
46,9.2,2690230208256,1006.2419271405179,16.342300417605376,0,False,False
46,9.2,2690230210464,941.6469878731217,3.209103755253285,1,False,False
46,9.2,2690230210224,1049.5746179081123,16.511792520043606,0,False,False
46,9.2,2690230210320,957.8299260458956,5.892115062041965,1,False,False
46,9.2,2690230210800,981.6023042981426,9.568018744046439,1,False,False
46,9.2,2690230208640,1012.5899970573221,11.23672465061435,1,False,False
46,9.2,2690230210896,1043.1353198361146,13.433309951578753,1,False,False
46,9.2,2690230210656,1093.4126010847583,15.537201292801775,0,False,False
46,9.2,2690230209936,1078.5941274799702,16.26263704278586,1,False,False
46,9.2,2690230209696,1120.9810849896694,18.364519429762,1,False,False
46,9.2,2690230210608,1170.18815743937,20.646919437878484,1,False,False
46,9.2,2690230208400,1131.915076004712,17.15726793791417,0,False,False
46,9.2,2690230210752,1177.1016950598205,19.286185381273977,0,False,False
46,9.2,2690230208592,1235.3111623353093,23.175010397841458,1,False,False
46,9.2,2690230209984,1231.5021089965837,21.476504231220897,0,False,False
47,9.4,2690230209216,353.90322596760655,0.0935231045642178,0,True,True
47,9.4,2690230209408,343.6792773870797,1.6284474787266845,0,False,False
47,9.4,2690230209360,358.90322596760655,0.06536032194258282,0,False,True
47,9.4,2690230209072,355.88091281782386,7.212474064422615,1,False,False
47,9.4,2690230209840,378.38484752929713,9.09695259902507,1,False,False
47,9.4,2690230209792,459.37488714313236,14.167022153176806,0,False,False
47,9.4,2690230210992,401.40150289318586,11.384369416754007,1,False,False
47,9.4,2690230211520,428.87449417160923,11.81440757833291,0,False,False
47,9.4,2690230208688,452.219104737421,7.319262151240807,1,False,False
47,9.4,2690230210416,471.3574651986545,4.73298853950269,1,False,False
47,9.4,2690230209600,494.3451520549141,13.984724967037751,0,False,False
47,9.4,2690230211088,486.6480862875359,3.8763275426682284,1,False,False
47,9.4,2690230208304,529.7944726188434,14.68435827587021,0,False,False
47,9.4,2690230209744,565.5601738116409,13.764673159332672,0,False,False
47,9.4,2690230209120,502.27214620324975,5.179911517966255,1,False,False
47,9.4,2690230209552,598.2164409348571,11.751084374294,0,False,False
47,9.4,2690230210848,522.0989167912771,7.650191907028592,1,False,False
47,9.4,2690230208448,547.3914208094933,10.251911055245364,1,False,False
47,9.4,2690230211376,577.3778406227483,12.149140345257033,1,False,False
47,9.4,2690230208736,609.3444248169984,12.245656469197677,1,False,False
47,9.4,2690230208880,638.9970883787579,11.184558790249087,1,False,False
47,9.4,2690230208976,626.2803283184237,10.92625444125435,0,False,False
47,9.4,2690230211184,665.3694385198643,9.778632124629047,1,False,False
47,9.4,2690230209024,654.9509883337666,12.066945125586116,0,False,False
47,9.4,2690230210032,685.6479712728882,12.10376139416909,0,False,False
47,9.4,2690230208496,714.4794832234405,11.952465001233168,0,False,False
47,9.4,2690230208928,689.3397727626635,8.024591481042707,1,False,False
47,9.4,2690230208544,710.1972810442811,6.465810512592691,1,False,False
47,9.4,2690230208832,728.8417170885582,6.846963612004248,1,False,False
47,9.4,2690230211136,743.3764303118375,10.978117936641844,0,False,False
47,9.4,2690230211040,769.6647934025458,8.196221686685256,0,False,False
47,9.4,2690230211328,790.18473983549,5.263879877575214,0,False,False
47,9.4,2690230211232,750.177748739054,9.57513620381878,1,False,False
47,9.4,2690230211424,780.1963854463253,13.435001762042207,1,False,False
47,9.4,2690230210272,818.7123849890054,15.86751583968877,1,False,False
47,9.4,2690230208208,860.3203439833904,15.624105245483495,1,False,False
47,9.4,2690230210704,806.1913102666448,4.068085953934599,0,False,False
47,9.4,2690230210560,899.019106873777,11.551832024531924,1,False,False
47,9.4,2690230211280,821.7886843318242,4.088444460191721,0,False,False
47,9.4,2690230211472,837.8712465146448,4.525514120851337,0,False,False
47,9.4,2690230210128,925.5510668296521,6.067194169094838,1,False,False
47,9.4,2690230208784,855.1929470096286,5.420347855927551,0,False,False
47,9.4,2690230208352,874.4411425698859,7.162765036426322,0,False,False
47,9.4,2690230210512,898.3670508413871,10.43246812603157,0,False,False
47,9.4,2690230210080,930.415802821378,13.971489938429208,0,False,False
47,9.4,2690230211568,969.1024026513137,15.427630082124589,0,False,False
47,9.4,2690230208256,1009.5098740021373,16.3346483630812,0,False,False
47,9.4,2690230210464,942.3002363062886,3.384871909981185,1,False,False
47,9.4,2690230210224,1052.874985629062,16.483021174790924,0,False,False
47,9.4,2690230210320,959.0297796857285,6.2142358311524974,1,False,False
47,9.4,2690230210800,983.5338746152812,9.835693062639013,1,False,False
47,9.4,2690230208640,1014.8492582196197,11.415656551472164,1,False,False
47,9.4,2690230210896,1045.8350133269862,13.628048928358814,1,False,False
47,9.4,2690230210656,1096.5264273398077,15.633252991390728,0,False,False
47,9.4,2690230209936,1081.8570204220152,16.416468213035365,1,False,False
47,9.4,2690230209696,1124.6590244937352,18.43935334281875,1,False,False
47,9.4,2690230210608,1174.3193625443505,20.674083054943427,1,False,False
47,9.4,2690230208400,1135.3544623840974,17.275049075666434,0,False,False
47,9.4,2690230210752,1180.9622097143797,19.334962305143137,0,False,False
47,9.4,2690230208592,1239.9461644148776,23.175010397841458,1,False,False
47,9.4,2690230209984,1235.7974098428276,21.476504231220897,0,False,False
48,9.6,2690230209216,353.9180786256992,0.07603774782939664,0,True,True
48,9.6,2690230209408,343.98287546315476,1.3050792822239843,0,False,False
48,9.6,2690230209360,358.9180786256993,0.053140362491984366,0,False,True
48,9.6,2690230209072,357.331507801704,7.333712307275269,1,False,False
48,9.6,2690230209840,380.0645580323973,9.252559579350223,0,False,False
48,9.6,2690230209792,462.2077777104211,14.160097943166647,0,False,False
48,9.6,2690230210992,403.6932098447856,11.680625141023686,1,False,False
48,9.6,2690230211520,431.2486131344161,11.983619457572608,0,False,False
48,9.6,2690230208688,453.66260292655267,7.01476742973121,1,False,False
48,9.6,2690230210416,472.2910684194882,4.543352088875002,1,False,False
48,9.6,2690230209600,497.1462043863334,14.04477293468878,0,False,False
48,9.6,2690230211088,487.4258241311258,3.918143152996148,1,False,False
48,9.6,2690230208304,532.7276604086983,14.627629480350512,0,False,False
48,9.6,2690230209744,568.3030727027771,13.614842258141147,0,False,False
48,9.6,2690230209120,503.321682359162,5.3852696509981,1,False,False
48,9.6,2690230209552,600.5613631714483,11.674397037478457,0,False,False
48,9.6,2690230210848,523.6458084477223,7.903162877071702,1,False,False
48,9.6,2690230208448,549.456802139306,10.475113894487215,1,False,False
48,9.6,2690230211376,579.8132766382224,12.230329743320118,1,False,False
48,9.6,2690230208736,611.7888426413589,12.17320705687279,1,False,False
48,9.6,2690230208880,641.2241676594591,11.036254734764826,1,False,False
48,9.6,2690230208976,628.4731272125872,11.03857129671806,0,False,False
48,9.6,2690230211184,667.3131782364762,9.598191488182477,1,False,False
48,9.6,2690230209024,657.3665994832032,12.09908153001193,0,False,False
48,9.6,2690230210032,688.0671607156709,12.079609040279818,0,False,False
48,9.6,2690230208496,716.8645707307991,11.86889503717816,0,False,False
48,9.6,2690230208928,690.9326331719448,7.845300072037473,1,False,False
48,9.6,2690230208544,711.4871915568514,6.422122196983172,1,False,False
48,9.6,2690230208832,730.222939908536,7.028172799417757,1,False,False
48,9.6,2690230211136,745.5568563547527,10.746184874494796,0,False,False
48,9.6,2690230211040,771.2816615693271,7.86160523143421,0,False,False
48,9.6,2690230211328,791.2228901460251,5.048634531616225,0,False,False
48,9.6,2690230211232,752.1136870654328,9.888756723253984,1,False,False
48,9.6,2690230211424,782.9017947007126,13.708276230927469,1,False,False
48,9.6,2690230210272,821.8894638394887,15.916888962020929,1,False,False
48,9.6,2690230208208,863.4292016041154,15.379695666532273,1,False,False
48,9.6,2690230210704,807.0023830070068,4.031498555651891,0,False,False
48,9.6,2690230210560,901.2958652434397,11.047020066934026,1,False,False
48,9.6,2690230211280,822.6072794412798,4.103629227973529,0,False,False
48,9.6,2690230211472,838.7809937569648,4.596767338589716,0,False,False
48,9.6,2690230210128,926.7405021231635,5.715842469213329,1,False,False
48,9.6,2690230208784,856.2860971161039,5.559236620544743,0,False,False
48,9.6,2690230208352,875.891443717555,7.430795104265399,0,False,False
48,9.6,2690230210512,900.4749407000984,10.752613500581074,0,False,False
48,9.6,2690230210080,933.2246421707064,14.186873904497618,0,False,False
48,9.6,2690230211568,972.1920699689325,15.48875924185405,0,False,False
48,9.6,2690230208256,1012.7763066217249,16.32726597319219,0,False,False
48,9.6,2690230210464,942.9899138174236,3.5794088190188473,1,False,False
48,9.6,2690230210224,1056.169924042535,16.45909744086992,0,False,False
48,9.6,2690230210320,960.2942334837066,6.538732023853631,1,False,False
48,9.6,2690230210800,985.5184335772268,10.095188983415397,1,False,False
48,9.6,2690230208640,1017.1443542127626,11.595218407395487,1,False,False
48,9.6,2690230210896,1048.5734251278584,13.819236001628058,1,False,False
48,9.6,2690230210656,1099.6595343660003,15.730266044892188,0,False,False
48,9.6,2690230209936,1085.1501876926493,16.562965907215922,1,False,False
48,9.6,2690230209696,1128.3517232983552,18.511106423768982,1,False,False
48,9.6,2690230210608,1178.455954229886,20.70055759862787,1,False,False
48,9.6,2690230208400,1138.817045553319,17.387484361191817,0,False,False
48,9.6,2690230210752,1184.8323648551172,19.38202927855988,0,False,False
48,9.6,2690230208592,1244.5811664944458,23.175010397841458,1,False,False
48,9.6,2690230209984,1240.0927106890715,21.476504231220897,0,False,False
49,9.8,2690230209216,353.93015438682704,0.06182150519818204,0,True,True
49,9.8,2690230209408,344.1855332428857,1.0184534157646157,0,False,False
49,9.8,2690230209360,358.93015438682704,0.043205082867557074,0,False,True
49,9.8,2690230209072,358.8072458380224,7.4758123002566,1,False,False
49,9.8,2690230209840,381.88972957611867,9.728462258640793,0,False,False
49,9.8,2690230209792,465.0395093347467,14.156451835507474,0,False,False
49,9.8,2690230210992,406.04436333107066,11.939001643039932,1,False,False
49,9.8,2690230211520,433.65620595518055,12.14619358698343,0,False,False
49,9.8,2690230208688,455.0454913302482,6.715127327565132,1,False,False
49,9.8,2690230210416,473.1883340363993,4.377616405342178,1,False,False
49,9.8,2690230209600,499.9587957251614,14.09774079304471,0,False,False
49,9.8,2690230211088,488.2133224054562,3.9806556176177903,1,False,False
49,9.8,2690230208304,535.6490694989653,14.56450743494127,0,False,False
49,9.8,2690230209744,571.0162282641725,13.46848775193279,0,False,False
49,9.8,2690230209120,504.4128884703497,5.599402891498164,1,False,False
49,9.8,2690230209552,602.8917570560881,11.60971667258143,0,False,False
49,9.8,2690230210848,525.2433311980429,8.156511460483063,1,False,False
49,9.8,2690230208448,551.5662742106296,10.689896174393231,1,False,False
49,9.8,2690230211376,582.2640712639741,12.298328632846099,1,False,False
49,9.8,2690230208736,614.2182489036919,12.092962620726086,1,False,False
49,9.8,2690230208880,643.4213395917834,10.884238611890584,1,False,False
49,9.8,2690230208976,630.6881110792693,11.146625613487338,0,False,False
49,9.8,2690230211184,669.2206519727755,9.41525961812868,1,False,False
49,9.8,2690230209024,659.7882810547164,12.125884397657583,0,False,False
49,9.8,2690230210032,690.4812929212378,12.051887799877193,0,False,False
49,9.8,2690230208496,719.232180606627,11.773668050085744,0,False,False
49,9.8,2690230208928,692.4901433635125,7.674042536327284,1,False,False
49,9.8,2690230208544,712.7698847939979,6.401168166999382,1,False,False
49,9.8,2690230208832,731.6415026133503,7.225503814613224,1,False,False
49,9.8,2690230211136,747.6897309990264,10.497102849620417,0,False,False
49,9.8,2690230211040,772.8319445522321,7.532420097197134,0,False,False
49,9.8,2690230211328,792.2192277881443,4.851864288743523,0,False,False
49,9.8,2690230211232,754.112314678988,10.201603582576032,1,False,False
49,9.8,2690230211424,785.6609846986095,13.968243124742955,1,False,False
49,9.8,2690230210272,825.0751285711327,15.946808446476483,1,False,False
49,9.8,2690230208208,866.4876857723099,15.112877065858632,1,False,False
49,9.8,2690230210704,807.8066105534273,4.001977681530645,0,False,False
49,9.8,2690230210560,903.4715278877593,10.541102801157162,1,False,False
49,9.8,2690230211280,823.4293878779348,4.125947371396656,0,False,False
49,9.8,2690230211472,839.7054717771343,4.675271720422206,0,False,False
49,9.8,2690230210128,927.8623036405625,5.404322574172983,1,False,False
49,9.8,2690230208784,857.4078261792464,5.71010228093674,0,False,False
49,9.8,2690230208352,877.3958738822791,7.706438116373733,0,False,False
49,9.8,2690230210512,902.6466021440068,11.068682543583835,0,False,False
49,9.8,2690230210080,936.075737737958,14.389957664971343,0,False,False
49,9.8,2690230211568,975.2936707708147,15.545560285933922,0,False,False
49,9.8,2690230208256,1016.0412869575465,16.320272218877562,0,False,False
49,9.8,2690230210464,943.7196661096882,3.79110428503213,1,False,False
49,9.8,2690230210224,1059.4603943114307,16.439892234189188,0,False,False
49,9.8,2690230210320,961.6236845966295,6.864451959976097,1,False,False
49,9.8,2690230210800,987.5543507834451,10.346595104210348,1,False,False
49,9.8,2690230208640,1019.4753820403713,11.774976275458034,1,False,False
49,9.8,2690230210896,1051.3498132065172,14.006411113642297,1,False,False
49,9.8,2690230210656,1102.8120866116358,15.827831595312892,0,False,False
49,9.8,2690230209936,1088.472176594963,16.70234544090422,1,False,False
49,9.8,2690230209696,1132.0585746141696,18.57991877673242,1,False,False
49,9.8,2690230210608,1182.597795624026,20.72635745755185,1,False,False
49,9.8,2690230208400,1142.3017701524636,17.494781984853617,0,False,False
49,9.8,2690230210752,1188.711822551513,19.42744718494082,0,False,False
49,9.8,2690230208592,1249.216168574014,23.175010397841458,1,False,False
49,9.8,2690230209984,1244.3880115353154,21.476504231220897,0,False,False
50,10.0,2690230209216,353.9399724278744,0.05026317341149971,0,True,True
50,10.0,2690230209408,344.31962186446225,0.7740915671166616,0,False,False
50,10.0,2690230209360,358.9399724278743,0.035127332559578256,0,False,True
50,10.0,2690230209072,360.31349796032947,7.648366918818585,1,False,False
50,10.0,2690230209840,383.83808698754774,10.197569890872186,0,False,False
50,10.0,2690230209792,467.87070464296124,14.155590553526531,0,False,False
50,10.0,2690230210992,408.4458890257834,12.156583412482478,1,False,False
50,10.0,2690230211520,436.09589141459446,12.301862882635325,0,False,False
50,10.0,2690230208688,456.36889424045887,6.422619274201319,1,False,False
50,10.0,2690230210416,474.0540554387417,4.235939718333115,1,False,False
50,10.0,2690230209600,502.78150441123233,14.143552948747523,0,False,False
50,10.0,2690230211088,489.01464157648866,4.06268111938512,1,False,False
50,10.0,2690230208304,538.5574519161471,14.495457193172824,0,False,False
50,10.0,2690230209744,573.7003751860348,13.326192316960777,0,False,False
50,10.0,2690230209120,505.5474601239874,5.821425679211896,1,False,False
50,10.0,2690230209552,605.209984004789,11.556431550003314,0,False,False
50,10.0,2690230210848,526.8915077926334,8.409446083652355,1,False,False
50,10.0,2690230208448,553.7181018905453,10.895503862287201,1,False,False
50,10.0,2690230211376,584.7275868198157,12.353153399352525,1,False,False
50,10.0,2690230208736,616.6310935940102,12.005057611285267,1,False,False
50,10.0,2690230208880,645.5878588905864,10.728483712709991,1,False,False
50,10.0,2690230208976,632.9244023405414,11.250051851018267,0,False,False
50,10.0,2690230211184,671.091416789323,9.230693380543388,1,False,False
50,10.0,2690230209024,662.2149714092848,12.147420744162938,0,False,False
50,10.0,2690230210032,692.8896033846179,12.019830975414186,0,False,False
50,10.0,2690230208496,721.5799229056345,11.665932870836823,0,False,False
50,10.0,2690230208928,694.0140313706617,7.512605353753397,1,False,False
50,10.0,2690230208544,714.0498832934283,6.402550258209272,1,False,False
50,10.0,2690230208832,733.1005257615002,7.437409993094429,1,False,False
50,10.0,2690230211136,749.7717243102041,10.232404992579049,0,False,False
50,10.0,2690230211040,774.3168351507304,7.210246822960804,0,False,False
50,10.0,2690230211328,793.1774247750227,4.673203960647199,0,False,False
50,10.0,2690230211232,756.173402011224,10.512561292869801,1,False,False
50,10.0,2690230211424,788.471235990811,14.214041333433695,1,False,False
50,10.0,2690230210272,828.2654513110737,15.95671263001694,1,False,False
50,10.0,2690230208208,869.491308766751,14.823621118235632,1,False,False
50,10.0,2690230210704,808.6054010560474,3.979448054187609,0,False,False
50,10.0,2690230210560,905.5461436573268,10.038141875782825,1,False,False
50,10.0,2690230211280,824.2564329103421,4.1553510126934174,0,False,False
50,10.0,2690230211472,840.6461456820994,4.7612512702088186,0,False,False
50,10.0,2690230210128,928.9245119610662,5.133619153687774,1,False,False
50,10.0,2690230208784,858.5605155039507,5.8727134818486935,0,False,False
50,10.0,2690230208352,878.9558862073914,7.988654666629742,0,False,False
50,10.0,2690230210512,904.8811566648529,11.379738233547055,0,False,False
50,10.0,2690230210080,938.9666334412543,14.580817532763179,0,False,False
50,10.0,2690230211568,978.4063565484742,15.598289660642893,0,False,False
50,10.0,2690230208256,1019.3049003257946,16.313779371682315,0,False,False
50,10.0,2690230210464,944.4928201499022,4.018399238649965,1,False,False
50,10.0,2690230210224,1062.7473307078897,16.42526077434171,0,False,False
50,10.0,2690230210320,963.0183049045265,7.190318575469731,1,False,False
50,10.0,2690230210800,989.6400162533696,10.590039056136284,1,False,False
50,10.0,2690230208640,1021.842352254739,11.954502180974977,1,False,False
50,10.0,2690230210896,1054.1633478924805,14.189179292841414,1,False,False
50,10.0,2690230210656,1105.984169273974,15.925578294088542,0,False,False
50,10.0,2690230209936,1091.8215790068684,16.83484373347128,1,False,False
50,10.0,2690230209696,1135.77899949324,18.645927656556058,1,False,False
50,10.0,2690230210608,1186.7447528017794,20.751497999933978,1,False,False
50,10.0,2690230208400,1145.8076227261029,17.597153629171657,0,False,False
50,10.0,2690230210752,1192.600257039039,19.471276659321223,0,False,False
50,10.0,2690230208592,1253.8511706535824,23.175010397841458,1,False,False
50,10.0,2690230209984,1248.6833123815593,21.476504231220897,0,False,False
51,10.2,2690230209216,353.947954858877,0.04086582158256451,0,True,True
51,10.2,2690230209408,344.41602738320535,0.5679859636714475,0,False,False
51,10.2,2690230209360,358.947954858877,0.028559822383254142,0,False,True
51,10.2,2690230209072,361.8774512065966,8.160972273637011,1,False,False
51,10.2,2690230209840,385.8931363722856,10.657374339342997,0,False,False
51,10.2,2690230209792,470.7018881544122,14.157029735198332,0,False,False
51,10.2,2690230210992,410.8887809646887,12.330902022782565,1,False,False
51,10.2,2690230211520,438.5662586445298,12.450459211447663,0,False,False
51,10.2,2690230208688,457.6343840052129,6.139403421461482,1,False,False
51,10.2,2690230210416,474.89304578163313,4.118304716490801,1,False,False
51,10.2,2690230209600,505.6128963240782,14.182173256224909,0,False,False
51,10.2,2690230211088,489.83360548408336,4.163040304091833,1,False,False
51,10.2,2690230208304,541.4516541236245,14.420964640589448,0,False,False
51,10.2,2690230209744,576.3563620317128,13.188497364478753,0,False,False
51,10.2,2690230209120,506.7269175124624,6.050477390065291,1,False,False
51,10.2,2690230209552,607.51827966696,11.513880952231665,0,False,False
51,10.2,2690230210848,528.5902027053223,8.66117618242039,1,False,False
51,10.2,2690230208448,555.910402674758,11.091235039967318,1,False,False
51,10.2,2690230211376,587.2011918219231,12.39486303731692,1,False,False
51,10.2,2690230208736,619.0258535274373,11.90962646209918,1,False,False
51,10.2,2690230208880,647.7229799737895,10.569040548918826,1,False,False
51,10.2,2690230208976,635.181053369813,11.348529221798039,0,False,False
51,10.2,2690230211184,672.925208996395,9.045464063277286,1,False,False
51,10.2,2690230209024,664.6456195459878,12.163715407776758,0,False,False
51,10.2,2690230210032,695.2911726533739,11.982649307336407,0,False,False
51,10.2,2690230208496,723.9052457583441,11.544965695160982,0,False,False
51,10.2,2690230208928,695.5063724601373,7.362620184092719,1,False,False
51,10.2,2690230208544,715.3316202904447,6.425729389181661,1,False,False
51,10.2,2690230208832,734.6028237542029,7.662392724077026,1,False,False
51,10.2,2690230211136,751.7998232375645,9.953774280101722,0,False,False
51,10.2,2690230211040,775.7378366984373,6.896578540668255,0,False,False
51,10.2,2690230211328,794.1010743251999,4.51220520326087,0,False,False
51,10.2,2690230211232,758.2964985237193,10.82054643389504,1,False,False
51,10.2,2690230211424,791.3296592585493,14.444844779657478,1,False,False
51,10.2,2690230210272,831.456390634094,15.946023245098331,1,False,False
51,10.2,2690230208208,872.4355959980022,14.512189204671554,1,False,False
51,10.2,2690230210704,809.4001482085964,3.963843228918822,0,False,False
51,10.2,2690230210560,907.5205758251105,9.542208953535178,1,False,False
51,10.2,2690230211280,825.0898292200233,4.191807320429931,0,False,False
51,10.2,2690230211472,841.6045254180575,4.854927888156117,0,False,False
51,10.2,2690230210128,929.9353263970959,4.9041493126066715,1,False,False
51,10.2,2690230208784,859.7464942211609,6.046752362597193,0,False,False
51,10.2,2690230208352,880.5727266494816,8.276415899191619,0,False,False
51,10.2,2690230210512,907.1775418935514,11.684897466130302,0,False,False
51,10.2,2690230210080,941.8948934408704,14.759603296466155,0,False,False
51,10.2,2690230211568,981.5293299695267,15.647201753731547,0,False,False
51,10.2,2690230208256,1022.5672540164478,16.30789236810743,0,False,False
51,10.2,2690230210464,945.3123948039278,4.259791149284904,1,False,False
51,10.2,2690230210224,1066.031637598836,16.415044466603522,0,False,False
51,10.2,2690230210320,964.4780555781749,7.5153243934947405,1,False,False
51,10.2,2690230210800,991.7738477942607,10.825680963116573,1,False,False
51,10.2,2690230208640,1024.2451904183615,12.133378073895349,1,False,False
51,10.2,2690230210896,1057.0131247337106,14.367208167145154,1,False,False
51,10.2,2690230210656,1109.175795708214,16.0231708718423,0,False,False
51,10.2,2690230209936,1095.1970353860386,16.960714641712997,1,False,False
51,10.2,2690230209696,1139.5124462145259,18.70926683140656,1,False,False
51,10.2,2690230210608,1190.89669496408,20.7759953277201,1,False,False
51,10.2,2690230208400,1149.3336322760092,17.69481234812069,0,False,False
51,10.2,2690230210752,1196.4973546443844,19.513577727047224,0,False,False
51,10.2,2690230208592,1258.4861727331506,23.175010397841458,1,False,False
51,10.2,2690230209984,1252.9786132278032,21.476504231220897,0,False,False
52,10.4,2690230209216,353.95444487092766,0.03322542649557245,0,True,True
52,10.4,2690230209408,344.48322035149374,0.39511236358118995,0,False,False
52,10.4,2690230209360,358.9544448709277,0.023220193368784996,0,False,True
52,10.4,2690230209072,363.5434216111786,8.665697702868663,1,False,False
52,10.4,2690230209840,388.04656557523975,11.105570262972297,0,False,False
52,10.4,2690230209792,473.5334882668234,14.160296903103767,0,False,False
52,10.4,2690230210992,413.3638988384703,12.459967532462722,1,False,False
52,10.4,2690230211520,441.06587724988174,12.59189306123772,0,False,False
52,10.4,2690230208688,458.84395589563496,5.867498353898923,1,False,False
52,10.4,2690230210416,475.71010371284996,4.024531494455257,1,False,False
52,10.4,2690230209600,508.4515326456527,14.213603132683588,0,False,False
52,10.4,2690230211088,490.67380291237885,4.280567936502419,1,False,False
52,10.4,2690230208304,544.3306210155848,14.34153385546863,0,False,False
52,10.4,2690230209744,578.9851425997422,13.055897450768335,0,False,False
52,10.4,2690230209120,507.9526101764628,6.285718710247668,1,False,False
52,10.4,2690230209552,609.8187448148828,11.481365353317285,0,False,False
52,10.4,2690230210848,530.3391224724402,8.910914330724353,1,False,False
52,10.4,2690230208448,558.1411572803233,11.276442368583117,1,False,False
52,10.4,2690230211376,589.6822691566891,12.423554011692552,1,False,False
52,10.4,2690230208736,621.4010326424266,11.806808277138705,1,False,False
52,10.4,2690230208880,649.8259728438538,10.406043077323936,1,False,False
52,10.4,2690230208976,637.4570550982381,11.441776499067124,0,False,False
52,10.4,2690230211184,674.7219658804454,8.860639551123418,1,False,False
52,10.4,2690230209024,667.0791764717601,12.174748316820578,0,False,False
52,10.4,2690230210032,697.6849222954636,11.93953833776265,0,False,False
52,10.4,2690230208496,726.2054616557068,11.410182184943395,0,False,False
52,10.4,2690230208928,696.9695570853189,7.2255486069548835,1,False,False
52,10.4,2690230208544,716.6194127753078,6.470044179589331,1,False,False
52,10.4,2690230208832,736.1509145388951,7.899002468547526,1,False,False
52,10.4,2690230211136,753.7713603167015,9.663023822115155,0,False,False
52,10.4,2690230211040,777.0967444843506,6.592805047983134,0,False,False
52,10.4,2690230211328,794.9936751914926,4.368350903232965,0,False,False
52,10.4,2690230211232,760.4809391757879,11.12450856064007,1,False,False
52,10.4,2690230211424,794.2332022319407,14.65986095549714,1,False,False
52,10.4,2690230210272,834.6437888172057,15.91415487785539,1,False,False
52,10.4,2690230208208,875.3161461701618,14.179164347959695,1,False,False
52,10.4,2690230210704,810.1922329731804,3.955105015403904,0,False,False
52,10.4,2690230210560,909.3964977671318,9.057292203806584,1,False,False
52,10.4,2690230211280,825.9309859590163,4.235299028094779,0,False,False
52,10.4,2690230211472,842.5821645707417,4.956509997137443,0,False,False
52,10.4,2690230210128,930.902993421189,4.715795258761037,1,False,False
52,10.4,2690230208784,860.9680225980242,6.231823707657216,0,False,False
52,10.4,2690230208352,882.2474361276481,8.568704097263963,0,False,False
52,10.4,2690230210512,909.5345226231422,11.983334754341303,0,False,False
52,10.4,2690230210080,944.8581164536706,14.926532334788293,0,False,False
52,10.4,2690230211568,984.6618443619681,15.692547385321491,0,False,False
52,10.4,2690230208256,1025.8284757903766,16.302708298325307,0,False,False
52,10.4,2690230210464,946.1811123469429,4.513836487160935,1,False,False
52,10.4,2690230210224,1069.314186810297,16.409072812558513,0,False,False
52,10.4,2690230210320,966.00270073018,7.838527802401238,1,False,False
52,10.4,2690230210800,993.9542970752746,11.053707138195438,1,False,False
52,10.4,2690230208640,1026.683739337292,12.311199483061293,1,False,False
52,10.4,2690230210896,1059.8981768325991,14.540225130346425,1,False,False
52,10.4,2690230210656,1112.3869145401295,16.12030856185434,0,False,False
52,10.4,2690230209936,1098.597237863607,17.08022463245383,1,False,False
52,10.4,2690230209696,1143.2583895513194,18.770066082875438,1,False,False
52,10.4,2690230210608,1195.0534945700156,20.799866066187292,1,False,False
52,10.4,2690230208400,1152.8788704089134,17.787970730166176,0,False,False
52,10.4,2690230210752,1200.4028136428012,19.554409506252036,0,False,False
52,10.4,2690230208592,1263.121174812719,23.175010397841458,1,False,False
52,10.4,2690230209984,1257.273914074047,21.476504231220897,0,False,False
53,10.6,2690230209216,353.9597214910958,0.027013502312252087,0,True,True
53,10.6,2690230209408,344.5276151937984,0.2509320278213524,0,False,False
53,10.6,2690230209360,358.95972149109576,0.018878877215984007,0,False,True
53,10.6,2690230209072,365.3097340655255,9.161022934594259,1,False,False
53,10.6,2690230209840,390.29262498522843,11.540307744908155,0,False,False
53,10.6,2690230209792,476.3658398139731,14.164934102994854,0,False,False
53,10.6,2690230210992,415.86190957593755,12.54231704643467,1,False,False
53,10.6,2690230211520,443.5933077403012,12.726138482797637,0,False,False
53,10.6,2690230208688,459.9999983803019,5.6087608142985665,1,False,False
53,10.6,2690230210416,476.509981807994,3.95429219182036,1,False,False
53,10.6,2690230209600,511.2959772511382,14.237879747313029,0,False,False
53,10.6,2690230211088,491.53859094080445,4.414120333276019,1,False,False
53,10.6,2690230208304,547.1933993673176,14.257684231932897,0,False,False
53,10.6,2690230209744,581.5877662243947,12.928835547593936,0,False,False
53,10.6,2690230209120,509.22572103516734,6.526328210624798,1,False,False
53,10.6,2690230209552,612.1133382276203,11.458155936751833,0,False,False
53,10.6,2690230210848,532.137816478313,9.157878672100008,1,False,False
53,10.6,2690230208448,560.408220704172,11.450535118503137,1,False,False
53,10.6,2690230211376,592.1682232538741,12.43935555729678,1,False,False
53,10.6,2690230208736,623.7551632826061,11.696752175722342,1,False,False
53,10.6,2690230208880,651.8961401094298,10.239713307443347,1,False,False
53,10.6,2690230208976,639.7513445745981,11.529546712515774,0,False,False
53,10.6,2690230211184,676.4818437381332,8.677364705440944,1,False,False
53,10.6,2690230209024,669.5145860809971,12.180452598611032,0,False,False
53,10.6,2690230210032,700.0696123888107,11.889686520976351,0,False,False
53,10.6,2690230208496,728.4777761245128,11.261149035284173,0,False,False
53,10.6,2690230208928,698.406256081076,7.10267124983242,1,False,False
53,10.6,2690230208544,717.917438265956,6.534729325082965,1,False,False
53,10.6,2690230208832,737.7470294125399,8.145838315968644,1,False,False
53,10.6,2690230211136,755.6840382239849,9.362074175397122,0,False,False
53,10.6,2690230211040,778.3956241528105,6.300199389846065,0,False,False
53,10.6,2690230211328,795.8586188561937,4.241069322291469,0,False,False
53,10.6,2690230211232,762.7258511003218,11.423431482809958,1,False,False
53,10.6,2690230211424,797.1786562739211,14.858328843961502,1,False,False
53,10.6,2690230210272,837.8233712367042,15.860528219030595,1,False,False
53,10.6,2690230208208,878.1286973814334,13.825475991582127,1,False,False
53,10.6,2690230210704,810.9830252027065,3.9531830857043433,0,False,False
53,10.6,2690230210560,911.1763704186644,8.587210844598605,1,False,False
53,10.6,2690230211280,826.7813098502063,4.285824049542272,0,False,False
53,10.6,2690230211472,843.5806569867797,5.066182632513685,0,False,False
53,10.6,2690230210128,931.8357026553035,4.567951843417411,1,False,False
53,10.6,2690230208784,862.2272771675216,6.427463879120012,0,False,False
53,10.6,2690230208352,883.9808527940398,8.864513363142937,0,False,False
53,10.6,2690230210512,911.9507025994162,12.274286287732872,0,False,False
53,10.6,2690230210080,947.8539488412323,15.081883033892685,0,False,False
53,10.6,2690230211568,987.8032029115993,15.734572518827328,0,False,False
53,10.6,2690230208256,1029.088712282177,16.298316013266273,0,False,False
53,10.6,2690230210464,947.1014103060097,4.779150931315564,1,False,False
53,10.6,2690230210224,1072.5958153741647,16.407165319046246,0,False,False
53,10.6,2690230210320,967.5918204005716,8.159050479399246,1,False,False
53,10.6,2690230210800,996.1798544616955,11.274324114357027,1,False,False
53,10.6,2690230208640,1029.157762002974,12.487578826614316,1,False,False
53,10.6,2690230210896,1062.8174865932597,14.708014185682366,1,False,False
53,10.6,2690230210656,1115.617416455472,16.21672341193426,0,False,False
53,10.6,2690230209936,1102.0209324967325,17.19364882604116,1,False,False
53,10.6,2690230209696,1147.0163299469466,18.828450826002083,1,False,False
53,10.6,2690230210608,1199.215027429107,20.82312718459631,1,False,False
53,10.6,2690230208400,1156.4424511348316,17.876839326467966,0,False,False
53,10.6,2690230210752,1204.316344059763,19.593829965824785,0,False,False
53,10.6,2690230208592,1267.7561768922872,23.175010397841458,1,False,False
53,10.6,2690230209984,1261.569214920291,21.476504231220897,0,False,False
54,10.8,2690230209216,353.9640115787228,0.021962977879946586,0,True,True
54,10.8,2690230209408,344.554049457694,0.13145326945367541,0,False,False
54,10.8,2690230209360,358.9640115787228,0.015349226394269663,0,False,True
54,10.8,2690230209072,367.1743992739635,9.645274756107023,1,False,False
54,10.8,2690230209840,392.6267133031557,11.960073286460982,0,False,False
54,10.8,2690230209792,479.1991871294582,14.170500220716873,0,False,False
54,10.8,2690230210992,418.37331315578336,12.5770662908658,1,False,False
54,10.8,2690230211520,446.14711124881603,12.85322119002801,0,False,False
54,10.8,2690230208688,461.1052596183866,5.3648695428525155,1,False,False
54,10.8,2690230210416,477.2973580239132,3.9071268864154525,1,False,False
54,10.8,2690230209600,514.1448037420297,14.255074274604253,0,False,False
54,10.8,2690230211088,492.4310996428175,4.562580759983675,1,False,False
54,10.8,2690230208304,550.0391406942701,14.16994736659354,0,False,False
54,10.8,2690230209744,584.1653671902066,12.807699217990983,0,False,False
54,10.8,2690230209120,510.54726974818874,6.7714991876326,1,False,False
54,10.8,2690230209552,614.4038714261412,11.443503300130631,0,False,False
54,10.8,2690230210848,533.9856782453206,9.401295615661084,1,False,False
54,10.8,2690230208448,562.7093336527636,11.612980655889647,1,False,False
54,10.8,2690230211376,594.6564863561891,12.442425555255513,1,False,False
54,10.8,2690230208736,626.086808583012,11.579623129774928,1,False,False
54,10.8,2690230208880,653.9328348107172,10.070364105204224,1,False,False
54,10.8,2690230208976,642.0628114590968,11.611621776224922,0,False,False
54,10.8,2690230211184,678.2052318946669,8.496840495777372,1,False,False
54,10.8,2690230209024,671.9507757121659,12.180713513341994,0,False,False
54,10.8,2690230210032,702.4438406854288,11.83228413038256,0,False,False
54,10.8,2690230208496,730.7193186581566,11.09759456854612,0,False,False
54,10.8,2690230208928,699.8193839705218,6.9950811674510165,1,False,False
54,10.8,2690230208544,719.2297152131341,6.618933233049904,1,False,False
54,10.8,2690230208832,739.3931226602461,8.401546484676562,1,False,False
54,10.8,2690230211136,757.535949623928,9.052928251919349,0,False,False
54,10.8,2690230211040,779.6367875961618,6.0199071126659,0,False,False
54,10.8,2690230211328,796.6991795221188,4.129747682387999,0,False,False
54,10.8,2690230211232,765.0301605530428,11.716334773378449,1,False,False
54,10.8,2690230211424,800.1626625118984,15.039516322238251,1,False,False
54,10.8,2690230210272,840.9907486728367,15.784587175000627,1,False,False
54,10.8,2690230208208,880.8691976060187,13.452415778654464,1,False,False
54,10.8,2690230210704,811.7738851942084,3.958034708147567,0,False,False
54,10.8,2690230210560,912.8634033609993,8.135541122789672,1,False,False
54,10.8,2690230211280,827.6422081536978,4.34339425673811,0,False,False
54,10.8,2690230211472,844.6016315155181,5.18409908145264,0,False,False
54,10.8,2690230210128,932.7414932102596,4.459585958188672,1,False,False
54,10.8,2690230208784,863.5263376179159,6.633149308419028,0,False,False
54,10.8,2690230208352,885.7736144549498,9.162850548923915,0,False,False
54,10.8,2690230210512,914.4245371342021,12.557054097039444,0,False,False
54,10.8,2690230210080,950.8800963448158,15.225987699369531,0,False,False
54,10.8,2690230211568,990.9527576152691,15.773517172043261,0,False,False
54,10.8,2690230208256,1032.3481273319826,16.294795843664854,0,False,False
54,10.8,2690230210464,948.0754532270385,5.054407949840434,1,False,False
54,10.8,2690230210224,1075.8773236551917,16.40913337808802,0,False,False
54,10.8,2690230210320,969.2448230943372,8.476075781102491,1,False,False
54,10.8,2690230210800,998.4490526823222,11.487753098374656,1,False,False
54,10.8,2690230208640,1031.6669451714783,12.662148346054202,1,False,False
54,10.8,2690230210896,1065.7699968178013,14.870412502642699,1,False,False
54,10.8,2690230210656,1118.8671406459405,16.312178515646096,0,False,False
54,10.8,2690230209936,1105.466920755706,17.30126743062358,1,False,False
54,10.8,2690230209696,1150.7857926216186,18.884541833103047,1,False,False
54,10.8,2690230210608,1203.3811727595835,20.84579584398465,1,False,False
54,10.8,2690230208400,1160.0235303676934,17.96162532450597,0,False,False
54,10.8,2690230210752,1208.2376674275258,19.63189573152395,0,False,False
54,10.8,2690230208592,1272.3911789718554,23.175010397841458,1,False,False
54,10.8,2690230209984,1265.8645157665349,21.476504231220897,0,False,False
55,11.0,2690230209216,353.96749957885567,0.017856714460021756,0,True,True
55,11.0,2690230209408,344.56618963071577,0.03322158029344175,0,False,False
55,11.0,2690230209360,358.96749957885567,0.01247948954840769,0,False,True
55,11.0,2690230209072,369.1350829963851,10.116625852369955,1,False,False
55,11.0,2690230209840,395.0447675184524,12.36358619203082,0,False,False
55,11.0,2690230209792,482.0336875531262,14.176572992051966,0,False,False
55,11.0,2690230210992,420.88851825566303,12.563954738419666,1,False,False
55,11.0,2690230211520,448.72585808295736,12.973208711568006,0,False,False
55,11.0,2690230208688,462.1628109948893,5.137313216552696,1,False,False
55,11.0,2690230210416,478.0768103897996,3.882460263685825,1,False,False
55,11.0,2690230209600,516.9966021335507,14.265290199779951,0,False,False
55,11.0,2690230211088,493.3542377399104,4.724863019580053,1,False,False
55,11.0,2690230208304,552.867103473209,14.078863720665662,0,False,False
55,11.0,2690230209744,586.7191534431776,12.692817716101732,0,False,False
55,11.0,2690230209120,511.9181154664018,7.020436825978894,1,False,False
55,11.0,2690230209552,616.6920050895927,11.436645245955734,0,False,False
55,11.0,2690230210848,535.8819472784044,9.640402749418865,1,False,False
55,11.0,2690230208448,565.0421342286543,11.76330531043219,1,False,False
55,11.0,2690230211376,597.1445240089104,12.432947103849688,1,False,False
55,11.0,2690230208736,628.3945660472612,11.455608111202814,1,False,False
55,11.0,2690230208880,655.9354786776432,9.898400052528578,1,False,False
55,11.0,2690230208976,644.3903034408238,11.687807099736812,0,False,False
55,11.0,2690230211184,679.8927624951219,8.320302461031071,1,False,False
55,11.0,2690230209024,674.3866465454925,12.175368200225824,0,False,False
55,11.0,2690230210032,704.8060436119506,11.766532995852774,0,False,False
55,11.0,2690230208496,732.9271756770041,10.91941788340078,0,False,False
55,11.0,2690230208928,701.2120612191477,6.903681229306227,1,False,False
55,11.0,2690230208544,720.5600868616831,6.7217345145630265,1,False,False
55,11.0,2690230208832,741.0908808421457,8.664818116673803,1,False,False
55,11.0,2690230211136,759.3255918732262,8.737644518621323,0,False,False
55,11.0,2690230211040,780.8227668811593,5.75293827113536,0,False,False
55,11.0,2690230211328,797.51850676965,4.0337449353702794,0,False,False
55,11.0,2690230211232,767.3926001707038,12.002275350232324,1,False,False
55,11.0,2690230211424,803.1817174241044,15.202717223761205,1,False,False
55,11.0,2690230210272,844.141423290552,15.685819745931635,1,False,False
55,11.0,2690230208208,883.5338776483968,13.061642775233334,1,False,False
55,11.0,2690230210704,812.5661651941638,3.9696245459845074,0,False,False
55,11.0,2690230210560,914.4615019822066,7.705555759458884,1,False,False
55,11.0,2690230211280,828.5150913375875,4.4080335138847895,0,False,False
55,11.0,2690230211472,845.6467451836661,5.310374095239958,0,False,False
55,11.0,2690230210128,933.6281725007622,4.38930395980523,1,False,False
55,11.0,2690230208784,864.8671753430608,6.848304401199691,0,False,False
55,11.0,2690230208352,887.6261612018341,9.462736570122845,0,False,False
55,11.0,2690230210512,916.9543465453705,12.83101006978205,0,False,False
55,11.0,2690230210080,953.9343343793752,15.35922516219738,0,False,False
55,11.0,2690230211568,994.1099080286829,15.80961450933244,0,False,False
55,11.0,2690230208256,1035.6069002681975,16.29221942423461,0,False,False
55,11.0,2690230210464,949.105144078116,5.338336296187639,1,False,False
55,11.0,2690230210224,1079.1594738507652,16.41478209369272,0,False,False
55,11.0,2690230210320,970.9609580517545,8.788847911645748,1,False,False
55,11.0,2690230210800,1000.7604694197682,11.694224921223908,1,False,False
55,11.0,2690230208640,1034.2109035031708,12.834562640207665,1,False,False
55,11.0,2690230210896,1068.7546210971727,15.027306733095005,1,False,False
55,11.0,2690230210656,1122.1358808974694,16.40646619037196,0,False,False
55,11.0,2690230209936,1108.9340603244907,17.403362575821955,1,False,False
55,11.0,2690230209696,1154.5663266302013,18.938455046756285,1,False,False
55,11.0,2690230210608,1207.551813217842,20.86788926865142,1,False,False
55,11.0,2690230208400,1163.6213051759999,18.04253144669484,0,False,False
55,11.0,2690230210752,1212.1665165057805,19.66866193372932,0,False,False
55,11.0,2690230208592,1277.0261810514237,23.175010397841458,1,False,False
55,11.0,2690230209984,1270.1598166127787,21.476504231220897,0,False,False
56,11.2,2690230209216,353.97033545214896,0.014518170215792504,0,True,True
56,11.2,2690230209408,344.56685110655275,-0.046727201356356315,0,False,False
56,11.2,2690230209360,358.9703354521489,0.01014628720617206,0,False,True
56,11.2,2690230209072,371.1890754691935,10.573099800638106,1,False,False
56,11.2,2690230209840,397.54293788970165,12.749742109120172,0,False,False
56,11.2,2690230209792,484.86941531991295,14.182750723350642,0,False,False
56,11.2,2690230210992,423.3979472243648,12.503378414320329,1,False,False
56,11.2,2690230211520,451.3281349543649,13.086202006421896,0,False,False
56,11.2,2690230208688,463.1760085124656,4.927382389392815,1,False,False
56,11.2,2690230210416,478.85279505825537,3.8796185678012143,1,False,False
56,11.2,2690230209600,519.8499852059226,14.26866166251321,0,False,False
56,11.2,2690230211088,494.3106988654762,4.899913479074219,1,False,False
56,11.2,2690230208304,555.6766546819125,13.98497907970404,0,False,False
56,11.2,2690230209744,589.2503947834017,12.58446000498936,0,False,False
56,11.2,2690230209120,513.3389590392254,7.272355729442219,1,False,False
56,11.2,2690230209552,618.9792469656346,11.436813603275633,0,False,False
56,11.2,2690230210848,537.8257115038942,9.874451915119591,1,False,False
56,11.2,2690230208448,567.4041697470544,11.901094585299544,1,False,False
56,11.2,2690230211376,599.629839914875,12.411125874528516,1,False,False
56,11.2,2690230208736,630.6770723647697,11.324922352751383,1,False,False
56,11.2,2690230208880,657.9035804255288,9.724316278487548,1,False,False
56,11.2,2690230208976,646.7326305791787,11.757926238210056,0,False,False
56,11.2,2690230211184,681.5453159735163,8.148999081177529,1,False,False
56,11.2,2690230209024,676.8210640036175,12.164206228917267,0,False,False
56,11.2,2690230210032,707.1544992737012,11.691657080971924,0,False,False
56,11.2,2690230208496,735.0984251972852,10.72669607908131,0,False,False
56,11.2,2690230208928,702.5875762171162,6.82918518523097,1,False,False
56,11.2,2690230208544,721.9122083174489,6.8421570287689075,1,False,False
56,11.2,2690230208832,742.8417316078991,8.934386662004668,1,False,False
56,11.2,2690230211136,761.0518762910438,8.418309271855179,0,False,False
56,11.2,2690230211040,781.9562867610074,5.500162192445577,0,False,False
56,11.2,2690230211328,798.319620702821,3.95240352276711,0,False,False
56,11.2,2690230211232,769.8117165421666,12.280348970435023,1,False,False
56,11.2,2690230211424,806.2321778282192,15.347248312473605,1,False,False
56,11.2,2690230210272,847.2707990336522,15.563782382164813,1,False,False
56,11.2,2690230208208,886.119324375831,12.655176998930195,1,False,False
56,11.2,2690230210704,813.3612108647751,3.987924461882604,0,False,False
56,11.2,2690230210560,915.975203469386,7.300177548645406,1,False,False
56,11.2,2690230211280,829.401375311859,4.479775083584198,0,False,False
56,11.2,2690230211472,846.7176751159616,5.445078642190403,0,False,False
56,11.2,2690230210128,934.5032488618923,4.355422892007954,1,False,False
56,11.2,2690230208784,866.2516435300139,7.072308776281821,0,False,False
56,11.2,2690230208352,889.538738336114,9.763208204319433,0,False,False
56,11.2,2690230210512,919.5383303772247,13.095599572430105,0,False,False
56,11.2,2690230210080,957.0145168385699,15.482013274122345,0,False,False
56,11.2,2690230211568,997.2740998437772,15.843090096822186,0,False,False
56,11.2,2690230208256,1038.8652241617037,16.290649615748027,0,False,False
56,11.2,2690230210464,950.1921351042153,5.629716879670788,1,False,False
56,11.2,2690230210224,1082.4429888514014,16.423912034859796,0,False,False
56,11.2,2690230210320,972.7393273941549,9.09667167486653,1,False,False
56,11.2,2690230210800,1003.1127289269464,11.893975539983039,1,False,False
56,11.2,2690230208640,1036.7891841816427,13.004500783749085,1,False,False
56,11.2,2690230210896,1071.7702534519258,15.178629140390182,1,False,False
56,11.2,2690230210656,1125.4233913118667,16.49940612650594,0,False,False
56,11.2,2690230209936,1112.4212652946137,17.500215544306577,1,False,False
56,11.2,2690230209696,1158.357503887828,18.99030146870798,1,False,False
56,11.2,2690230210608,1211.7268349036235,20.88942463829174,1,False,False
56,11.2,2690230208400,1167.2350128271326,18.11975505332442,0,False,False
56,11.2,2690230210752,1216.1026349743267,19.704182091079154,0,False,False
56,11.2,2690230208592,1281.661183130992,23.175010397841458,1,False,False
56,11.2,2690230209984,1274.4551174590226,21.476504231220897,0,False,False
57,11.4,2690230209216,353.9726411221686,0.011803810095447299,0,True,True
57,11.4,2690230209408,344.55823942082884,-0.11092868532707267,0,False,False
57,11.4,2690230209360,358.9726411221686,0.00824930728703293,0,False,True
57,11.4,2690230209072,373.33326224212715,11.012582388298302,1,False,False
57,11.4,2690230209840,400.11741333890757,13.117589325410247,0,False,False
57,11.4,2690230209792,487.7063657745461,14.188653742810374,0,False,False
57,11.4,2690230210992,425.89215754786557,12.396407046602866,1,False,False
57,11.4,2690230211520,453.952550887846,13.192328223472833,0,False,False
57,11.4,2690230208688,464.1484528299484,4.736165270326338,1,False,False
57,11.4,2690230210416,479.6296277401613,3.897846352947706,1,False,False
57,11.4,2690230209600,522.7035945261442,14.265351823548356,0,False,False
57,11.4,2690230211088,495.30296814287766,5.086711784174293,1,False,False
57,11.4,2690230208304,558.4672706188852,13.888840842410549,0,False,False
57,11.4,2690230209744,591.7604107211249,12.482833663704396,0,False,False
57,11.4,2690230209120,514.8103447546536,7.5264778582375875,1,False,False
57,11.4,2690230209552,621.2669510793695,11.443240063338212,0,False,False
57,11.4,2690230210848,539.8159103308241,10.10271238097496,1,False,False
57,11.4,2690230208448,569.7929085502111,12.025992708784342,1,False,False
57,11.4,2690230211376,602.1099803164121,12.377188313899287,1,False,False
57,11.4,2690230208736,632.9330094770136,11.18781551496127,1,False,False
57,11.4,2690230208880,659.8367536801442,9.548695240258528,1,False,False
57,11.4,2690230208976,649.0885685809977,11.821815641180542,0,False,False
57,11.4,2690230211184,683.1640222195356,7.984170618762168,1,False,False
57,11.4,2690230209024,679.2528483161695,12.146970956305847,0,False,False
57,11.4,2690230210032,709.4873326292653,11.606913876347061,0,False,False
57,11.4,2690230208496,737.2301727924197,10.519689095752993,0,False,False
57,11.4,2690230208928,703.949347699609,6.772122009982956,1,False,False
57,11.4,2690230208544,723.2895365153968,6.9791832786984,1,False,False
57,11.4,2690230208832,744.6468519736277,9.209025094390334,1,False,False
57,11.4,2690230211136,762.7141318650017,8.097008806808912,0,False,False
57,11.4,2690230211040,783.0402363213419,5.262304936706423,0,False,False
57,11.4,2690230211328,799.1054093726096,3.8850599906357313,0,False,False
57,11.4,2690230211232,772.2858780643118,12.549691480356946,1,False,False
57,11.4,2690230211424,809.310265275216,15.472446490838491,1,False,False
57,11.4,2690230210272,850.3741970971427,15.418127302774112,1,False,False
57,11.4,2690230208208,888.622551841194,12.235380649316692,1,False,False
57,11.4,2690230210704,814.1603627086866,4.012913274121145,0,False,False
57,11.4,2690230210560,917.4096044492284,6.921946693274086,1,False,False
57,11.4,2690230211280,830.3024831083154,4.558658535090103,0,False,False
57,11.4,2690230211472,847.8161095053182,5.588236121952487,0,False,False
57,11.4,2690230210128,935.3738784454707,4.356041363038921,1,False,False
57,11.4,2690230208784,867.6814686485062,7.304503816047779,0,False,False
57,11.4,2690230208352,891.5113996898872,10.0633204441237,0,False,False
57,11.4,2690230210512,922.1745823073138,13.350344455977579,0,False,False
57,11.4,2690230210080,960.118583401049,15.594801474322528,0,False,False
57,11.4,2690230211568,1000.4448233271102,15.874161303597466,0,False,False
57,11.4,2690230208256,1042.1233040706197,16.290140517455498,0,False,False
57,11.4,2690230210464,951.3378380343498,5.927379385969687,1,False,False
57,11.4,2690230210224,1085.728551446003,16.436320897570717,0,False,False
57,11.4,2690230210320,974.5788982490731,9.39891261865425,1,False,False
57,11.4,2690230210800,1005.5045027826457,12.087242125847764,1,False,False
57,11.4,2690230208640,1039.4012719282116,13.171668022979729,1,False,False
57,11.4,2690230210896,1074.8157771893423,15.324353600001007,1,False,False
57,11.4,2690230210656,1128.7293916574943,16.590843529124612,0,False,False
57,11.4,2690230209936,1115.9275058314315,17.59210439116935,1,False,False
57,11.4,2690230209696,1162.1589181777301,19.04018711283153,1,False,False
57,11.4,2690230210608,1215.9061273448522,20.910418998098343,1,False,False
57,11.4,2690230208400,1170.8639296648062,18.193487429338948,0,False,False
57,11.4,2690230210752,1220.0457771046001,19.738508024912168,0,False,False
57,11.4,2690230208592,1286.2961852105602,23.175010397841458,1,False,False
57,11.4,2690230209984,1278.7504183052665,21.476504231220897,0,False,False
58,11.6,2690230209216,353.9745157172899,0.009596934785750338,0,True,True
58,11.6,2690230209408,344.5421263884468,-0.16155400383468424,0,False,False
58,11.6,2690230209360,358.9745157172899,0.006706992354257291,0,False,True
58,11.6,2690230209072,375.56409771868033,11.431410366027723,1,False,False
58,11.6,2690230209840,402.76433532458515,13.466323570945304,0,False,False
58,11.6,2690230209792,490.54445985962093,14.193925603152316,0,False,False
58,11.6,2690230210992,428.1092482150516,12.245196915116285,1,False,False
58,11.6,2690230211520,456.5977418881332,13.291734421884458,0,False,False
58,11.6,2690230208688,465.08394870167575,4.564547127897556,1,False,False
58,11.6,2690230210416,480.4114684532309,3.936322594590328,1,False,False
58,11.6,2690230209600,525.5561061437694,14.255551237671007,0,False,False
58,11.6,2690230211088,496.3333288315785,5.2842705028705685,1,False,False
58,11.6,2690230208304,561.2385369714366,13.790994178062274,0,False,False
58,11.6,2690230209744,594.2505581711083,12.388084634913533,0,False,False
58,11.6,2690230209120,516.3326616955394,7.7820309042635225,1,False,False
58,11.6,2690230209552,623.5563180442168,11.455161043610572,0,False,False
58,11.6,2690230210848,541.8513383497362,10.324474042512696,1,False,False
58,11.6,2690230208448,572.2057516899016,12.137701565074941,1,False,False
58,11.6,2690230211376,604.5825380758042,12.331380720442999,1,False,False
58,11.6,2690230208736,635.1611118598763,11.044577545867947,1,False,False
58,11.6,2690230208880,661.7347341240798,9.372201498229375,1,False,False
58,11.6,2690230208976,651.4568610371973,11.879319561670368,0,False,False
58,11.6,2690230211184,684.7502575719974,7.8270289451829695,1,False,False
58,11.6,2690230209024,681.6807654097346,12.123361696459895,0,False,False
58,11.6,2690230210032,711.8025229950541,11.511606543048718,0,False,False
58,11.6,2690230208496,739.3195883417884,10.298841762216446,0,False,False
58,11.6,2690230208928,705.300888231634,6.732843076278592,1,False,False
58,11.6,2690230208544,724.6953227509351,7.13176605492752,1,False,False
58,11.6,2690230208832,746.5071760410233,9.487543150079851,1,False,False
58,11.6,2690230211136,764.3121034261756,7.775802287784129,0,False,False
58,11.6,2690230211040,784.0776402922877,5.039949335105948,0,False,False
58,11.6,2690230211328,799.8786282423093,3.8310543786105358,0,False,False
58,11.6,2690230211232,774.8132830240752,12.809479677152899,1,False,False
58,11.6,2690230211424,812.4120699196081,15.577666618769305,1,False,False
58,11.6,2690230210272,853.4468770230349,15.248632012132905,1,False,False
58,11.6,2690230208208,891.0410678285335,11.804927070975545,1,False,False
58,11.6,2690230210704,814.9649574392172,4.04457641741631,0,False,False
58,11.6,2690230210560,918.7702829552195,6.573000721958009,1,False,False
58,11.6,2690230211280,831.2198459160705,4.64472629206889,0,False,False
58,11.6,2690230211472,848.9437379174873,5.739819925716086,0,False,False
58,11.6,2690230210128,936.2468260764399,4.389106475436567,1,False,False
58,11.6,2690230208784,869.1582432054753,7.544198550925206,0,False,False
58,11.6,2690230208352,893.5440114562341,10.362149438726243,0,False,False
58,11.6,2690230210512,924.861105603056,13.594845253619372,0,False,False
58,11.6,2690230210080,963.2445653633479,15.698063588329825,0,False,False
58,11.6,2690230211568,1003.6216116473928,15.90303683305467,0,False,False
58,11.6,2690230208256,1045.3813552931597,16.290737562003276,0,False,False
58,11.6,2690230210464,952.5434336122611,6.230198948042524,1,False,False
58,11.6,2690230210224,1089.0168038527079,16.451805061992683,0,False,False
58,11.6,2690230210320,976.4785149207535,9.694997386728122,1,False,False
58,11.6,2690230210800,1007.9345099046745,12.274259752552933,1,False,False
58,11.6,2690230208640,1042.046594327365,13.335797049300853,1,False,False
58,11.6,2690230210896,1077.8900729552709,15.464491532395371,1,False,False
58,11.6,2690230210656,1132.0535723487658,16.680647270762204,0,False,False
58,11.6,2690230209936,1119.4518073892798,17.679301933961145,1,False,False
58,11.6,2690230209696,1165.9701841533713,19.088213011560782,1,False,False
58,11.6,2690230210608,1220.0895834655653,20.93088918446723,1,False,False
58,11.6,2690230208400,1174.5073698550934,18.263913234989758,0,False,False
58,11.6,2690230210752,1223.9957074159029,19.771689800035936,0,False,False
58,11.6,2690230208592,1290.9311872901285,23.175010397841458,1,False,False
58,11.6,2690230209984,1283.0457191515104,21.476504231220897,0,False,False
59,11.8,2690230209216,353.9760398325529,0.0078026634228441265,0,True,True
59,11.8,2690230209408,344.5199753358937,-0.20046955811347483,0,False,False
59,11.8,2690230209360,358.9760398325529,0.005453033191135409,0,False,True
59,11.8,2690230209072,377.8765474315526,11.817020724550328,1,False,False
59,11.8,2690230209840,405.4598983402628,13.20780364917609,0,False,False
59,11.8,2690230209792,493.3835488287178,14.19823405644178,0,False,False
59,11.8,2690230210992,430.35953298187,12.05065191051802,1,False,False
59,11.8,2690230211520,459.2623744786823,13.384582138827971,0,False,False
59,11.8,2690230208688,465.98646452678275,4.413213070373567,1,False,False
59,11.8,2690230210416,481.20230943012325,3.9941757854648037,1,False,False
59,11.8,2690230209600,528.4062359608126,14.239476215818922,0,False,False
59,11.8,2690230211088,497.40386884236943,5.491633922359093,1,False,False
59,11.8,2690230208304,563.990148108839,13.691978098749324,0,False,False
59,11.8,2690230209744,596.7222191492664,12.300297747546646,0,False,False
59,11.8,2690230209120,517.9061448014334,8.038247128539592,1,False,False
59,11.8,2690230209552,625.8483962826608,11.471821618573918,0,False,False
59,11.8,2690230210848,543.9306496697316,10.53905057797561,1,False,False
59,11.8,2690230208448,574.6400443582179,12.235979076838115,1,False,False
59,11.8,2690230211376,607.0451566294296,12.27396919168435,1,False,False
59,11.8,2690230208736,637.3601749463534,10.89554401995829,1,False,False
59,11.8,2690230208880,663.5973954696661,9.195574595734804,1,False,False
59,11.8,2690230208976,653.836220655184,11.930285188500228,0,False,False
59,11.8,2690230211184,686.3056378672294,7.678738804478235,1,False,False
59,11.8,2690230209024,684.1035182867661,12.093036719026461,0,False,False
59,11.8,2690230210032,714.0979140229596,11.405096690268083,0,False,False
59,11.8,2690230208496,741.3639429850464,10.06478272089509,0,False,False
59,11.8,2690230208928,706.6457692910183,6.711531671018975,1,False,False
59,11.8,2690230208544,726.1326074217079,7.298838310252377,1,False,False
59,11.8,2690230208832,748.4234021737005,9.768784736719358,1,False,False
59,11.8,2690230211136,765.8459444840776,7.456696062602668,0,False,False
59,11.8,2690230211040,785.0716305316155,4.833537437682935,0,False,False
59,11.8,2690230211328,800.6419014469286,3.7897383494533257,0,False,False
59,11.8,2690230211232,777.3919678202549,13.058931657682255,1,False,False
59,11.8,2690230211424,815.5335540155855,15.662280359489055,1,False,False
59,11.8,2690230210272,856.4840637951148,15.055229998229347,1,False,False
59,11.8,2690230208208,893.3729334059242,11.366758178446016,1,False,False
59,11.8,2690230210704,815.7763292743457,4.082905470144407,0,False,False
59,11.8,2690230210560,920.0632171399212,6.255065484762191,1,False,False
59,11.8,2690230211280,832.154903409749,4.73801995806037,0,False,False
59,11.8,2690230211472,850.1022411903294,5.899752201594835,0,False,False
59,11.8,2690230210128,937.1284390821327,4.452474055901521,1,False,False
59,11.8,2690230208784,870.6834196348626,7.790674935232151,0,False,False
59,11.8,2690230208352,895.6362566472242,10.658796021655345,0,False,False
59,11.8,2690230210512,927.5958289558971,13.828782420054461,0,False,False
59,11.8,2690230210080,966.3905900552678,15.792290994378629,0,False,False
59,11.8,2690230211568,1006.8040391172016,15.929916369788927,0,False,False
59,11.8,2690230208256,1048.6396016445626,16.292477684816152,0,False,False
59,11.8,2690230210464,953.8098804772012,6.537093100719738,1,False,False
59,11.8,2690230210224,1092.308347553626,16.470161034424123,0,False,False
59,11.8,2690230210320,978.4369111357915,9.984414105532045,1,False,False
59,11.8,2690230210800,1010.4015159405986,12.455258680433241,1,False,False
59,11.8,2690230208640,1044.7245273790925,13.496648858147214,1,False,False
59,11.8,2690230210896,1080.9920259711573,15.59908782838995,1,False,False
59,11.8,2690230210656,1135.395599057792,16.768708071403648,0,False,False
59,11.8,2690230209936,1122.9932495482074,17.762074090866324,1,False,False
59,11.8,2690230209696,1169.7909363449398,19.13447526643347,1,False,False
59,11.8,2690230210608,1224.2770995399176,20.95085176422673,1,False,False
59,11.8,2690230208400,1178.1646840325047,18.33121010119845,0,False,False
59,11.8,2690230210752,1227.9522003213374,19.803775687881,0,False,False
59,11.8,2690230208592,1295.5661893696968,23.175010397841458,1,False,False
59,11.8,2690230209984,1287.3410199977543,21.476504231220897,0,False,False
60,12.0,2690230209216,353.9772789947104,0.0063438543503064534,0,True,True
60,12.0,2690230209408,344.4930278846476,-0.2292894835065715,0,False,False
60,12.0,2690230209360,358.97727899471045,0.004433517948585351,0,False,True
60,12.0,2690230209072,380.2642862463978,12.177761758063498,1,False,False
60,12.0,2690230209840,408.0675020150216,12.722081199821943,0,False,False
60,12.0,2690230209792,496.2234191403396,14.201271821086067,0,False,False
60,12.0,2690230210992,432.6717808965687,12.007199184025815,0,False,False
60,12.0,2690230211520,461.94514824123456,13.471042725248735,0,False,False
60,12.0,2690230208688,466.86009266481733,4.282653911480918,1,False,False
60,12.0,2690230210416,482.0059659621643,4.070497721970939,1,False,False
60,12.0,2690230209600,531.252744772454,14.217367159061972,0,False,False
60,12.0,2690230211088,498.5164869662517,5.7078762027858625,1,False,False
60,12.0,2690230208304,566.7219055868792,13.592321497588228,0,False,False
60,12.0,2690230209744,599.1767886214884,12.219497935445286,0,False,False
60,12.0,2690230209120,519.530875729661,8.294362677845058,1,False,False
60,12.0,2690230209552,628.1440839737415,11.49247857325907,0,False,False
60,12.0,2690230210848,546.0523628797004,10.745782483824959,1,False,False
60,12.0,2690230208448,577.0930869634724,12.320637142770876,1,False,False
60,12.0,2690230211376,609.4955339876813,12.205240404592873,1,False,False
60,12.0,2690230208736,639.5290645715221,10.74110074951297,1,False,False
60,12.0,2690230208880,665.4247638900192,9.019620216443485,1,False,False
60,12.0,2690230208976,656.2253295358825,11.974558064954744,0,False,False
60,12.0,2690230211184,687.8320078562032,7.540400891875668,1,False,False
60,12.0,2690230209024,686.5197390604932,12.05561709782318,0,False,False
60,12.0,2690230210032,716.3712262673315,11.286817614971186,0,False,False
60,12.0,2690230208496,743.3606456406482,9.818320003730486,0,False,False
60,12.0,2690230208928,707.9875883848297,6.708214351681819,1,False,False
60,12.0,2690230208544,727.6042166288162,7.4793213211314615,1,False,False
60,12.0,2690230208832,750.3959996724501,10.05162561858432,1,False,False
60,12.0,2690230211136,767.3162050549241,7.141620061785046,0,False,False
60,12.0,2690230211040,786.0254181474356,4.643375159543188,0,False,False
60,12.0,2690230211328,801.3977245945669,3.760482064549941,0,False,False
60,12.0,2690230211232,780.0198152157362,13.297306559368034,1,False,False
60,12.0,2690230211424,818.6705552732692,15.725676486468723,1,False,False
60,12.0,2690230210272,859.4809810889317,14.838041363495085,1,False,False
60,12.0,2690230208208,895.6168132636242,10.924031782111435,1,False,False
60,12.0,2690230210704,816.5958111256963,4.127897519811762,0,False,False
60,12.0,2690230210560,921.294702845301,5.969455710949413,1,False,False
60,12.0,2690230211280,833.1091033349198,4.83857655270703,0,False,False
60,12.0,2690230211472,851.2932811585163,6.067903669942737,0,False,False
60,12.0,2690230210128,938.0246326219635,4.5439604203660275,1,False,False
60,12.0,2690230208784,872.2583052061101,8.043192596263625,0,False,False
60,12.0,2690230208352,897.7876402947733,10.952389785067368,0,False,False
60,12.0,2690230210512,930.3766224937257,14.051916509459152,0,False,False
60,12.0,2690230210080,969.5548839187738,15.877986263974412,0,False,False
60,12.0,2690230211568,1009.9917193710663,15.954990328605838,0,False,False
60,12.0,2690230208256,1051.8982737724405,16.29538955980437,0,False,False
60,12.0,2690230210464,955.1379234639905,6.847019193371906,1,False,False
60,12.0,2690230210224,1095.6037434098778,16.491186766620803,0,False,False
60,12.0,2690230210320,980.4527223603067,10.266712651224564,1,False,False
60,12.0,2690230210800,1012.9043321539933,12.630462214530597,1,False,False
60,12.0,2690230208640,1047.4344011960786,13.654013207981517,1,False,False
60,12.0,2690230210896,1084.1205324586556,15.728216824453972,1,False,False
60,12.0,2690230210656,1138.755116964572,16.854936719479202,0,False,False
60,12.0,2690230209936,1126.5509645402049,17.8406785406336,1,False,False
60,12.0,2690230209696,1173.6208281784557,19.17906513450947,1,False,False
60,12.0,2690230210608,1228.468575134834,20.970322985560145,1,False,False
60,12.0,2690230208400,1181.835257873837,18.395548351486166,0,False,False
60,12.0,2690230210752,1231.9150397676788,19.83481214858057,0,False,False
60,12.0,2690230208592,1300.201191449265,23.175010397841458,1,False,False
60,12.0,2690230209984,1291.6363208439982,21.476504231220897,0,False,False
61,12.2,2690230209216,353.9782864794395,0.005157788544367677,0,True,True
61,12.2,2690230209408,344.46236241508666,-0.24941994728025912,0,False,False
61,12.2,2690230209360,358.97828647943936,0.0036046142965683566,0,False,True
61,12.2,2690230209072,382.72301207968405,12.521795546593275,1,False,False
61,12.2,2690230209840,410.5852107761691,12.34401647780149,0,False,False
61,12.2,2690230209792,499.06379749237976,14.202757159796189,0,False,False
61,12.2,2690230210992,435.0339958394317,12.072924311763042,0,False,False
61,12.2,2690230211520,464.6447974877693,13.551293386527218,0,False,False
61,12.2,2690230208688,467.7090111133649,4.1731747907116015,1,False,False
61,12.2,2690230210416,482.82606990168875,4.164355774766092,1,False,False
61,12.2,2690230209600,534.0944429717921,14.18948684775686,0,False,False
61,12.2,2690230211088,499.6728987007362,5.932099068619244,1,False,False
61,12.2,2690230208304,569.4337158605867,13.492539207248203,0,False,False
61,12.2,2690230209744,601.6156626380332,12.145652063036078,0,False,False
61,12.2,2690230209120,521.2067836122076,8.549617389626034,1,False,False
61,12.2,2690230209552,630.4441315562254,11.516402647448178,0,False,False
61,12.2,2690230210848,548.2148666048939,10.944039918372285,1,False,False
61,12.2,2690230208448,579.562145770396,12.391539257272774,1,False,False
61,12.2,2690230211376,611.9314269431559,12.125503160046467,1,False,False
61,12.2,2690230208736,641.6667272811328,10.581687475459834,1,False,False
61,12.2,2690230208880,667.2170305782208,8.84519984791492,1,False,False
61,12.2,2690230208976,658.6228385568527,12.011977856728548,0,False,False
61,12.2,2690230211184,689.3314273742352,7.413037040907245,1,False,False
61,12.2,2690230209024,688.92798181756,12.010691435698552,0,False,False
61,12.2,2690230210032,718.620072419088,11.156287771140798,0,False,False
61,12.2,2690230208496,745.3072784099386,9.56043315557808,0,False,False
61,12.2,2690230208928,709.3299385335588,6.722773639121095,1,False,False
61,12.2,2690230208544,729.1127603016064,7.672131248572523,1,False,False
61,12.2,2690230208832,752.4252150098579,10.334971448527721,1,False,False
61,12.2,2690230211136,768.7238149362091,6.832406792170917,0,False,False
61,12.2,2690230211040,786.9422666840782,4.469638877443905,0,False,False
61,12.2,2690230211328,802.1484688609775,3.7426798417055345,0,False,False
61,12.2,2690230211232,782.6945624939336,13.523903632620158,1,False,False
61,12.2,2690230211424,821.8187903961294,15.767263079643737,1,False,False
61,12.2,2690230210272,862.4328905700719,14.597401952223386,1,False,False
61,12.2,2690230208208,897.7720149482759,10.480060906566434,1,False,False
61,12.2,2690230210704,817.4247356488511,4.1795543493650325,0,False,False
61,12.2,2690230210560,922.4712718513832,5.717083801626313,1,False,False
61,12.2,2690230211280,834.0839003412984,4.946424781710817,0,False,False
61,12.2,2690230211472,852.5184904029891,6.2440943285962796,0,False,False
61,12.2,2690230210128,938.9408847574995,4.661384868590849,1,False,False
61,12.2,2690230208784,873.884057852335,8.300993154111161,0,False,False
61,12.2,2690230208352,899.997495499099,11.242093624213197,0,False,False
61,12.2,2690230210512,933.201313755061,14.264087240448736,0,False,False
61,12.2,2690230210080,972.7357743508704,15.955657354596662,0,False,False
61,12.2,2690230211568,1013.1843034995275,15.978439693444585,0,False,False
61,12.2,2690230208256,1055.1576075232636,16.299493893238534,0,False,False
61,12.2,2690230210464,956.5281014228716,7.158972383613094,1,False,False
61,12.2,2690230210224,1098.9035120320714,16.514682848002174,0,False,False
61,12.2,2690230210320,982.5244981554226,10.541504663284417,1,False,False
61,12.2,2690230210800,1015.4418139188316,12.80008510118769,1,False,False
61,12.2,2690230208640,1050.1755057670705,13.8077087001672,1,False,False
61,12.2,2690230210896,1087.2745052654077,15.85197838072611,1,False,False
61,12.2,2690230210656,1142.1317546547339,16.93926234548348,0,False,False
61,12.2,2690230209936,1130.124135527391,17.9153636754349,1,False,False
61,12.2,2690230209696,1177.4595310141713,19.22206914346915,1,False,False
61,12.2,2690230210608,1232.6639130435447,20.989318739013882,1,False,False
61,12.2,2690230208400,1185.518510623959,18.457090833498945,0,False,False
61,12.2,2690230210752,1235.8840188727663,19.86484382894426,0,False,False
61,12.2,2690230208592,1304.8361935288333,23.175010397841458,1,False,False
61,12.2,2690230209984,1295.931621690242,21.476504231220897,0,False,False
62,12.4,2690230209216,353.97910560183834,0.0041934731157762676,0,True,True
62,12.4,2690230209408,344.4289321305828,-0.262095497034013,0,False,False
62,12.4,2690230209360,358.97910560183834,0.00293068492734328,0,False,True
62,12.4,2690230209072,385.25047014294984,12.878625855146941,1,False,False
62,12.4,2690230209840,412.87385065386303,12.05408079668854,0,False,False
62,12.4,2690230209792,501.9043559604829,14.202434285668648,0,False,False
62,12.4,2690230210992,437.4326322763206,12.157108259186034,0,False,False
62,12.4,2690230211520,467.3600921932287,13.625513871888584,0,False,False
62,12.4,2690230208688,468.53744707426915,4.084906173479134,1,False,False
62,12.4,2690230210416,483.66606551065746,4.2748035245052955,1,False,False
62,12.4,2690230209600,536.9301949086258,14.156118670413047,0,False,False
62,12.4,2690230211088,500.8746415919586,6.1634291958893295,1,False,False
62,12.4,2690230208304,572.1255872129054,13.39312813442129,0,False,False
62,12.4,2690230209744,604.0402268686101,12.078671262602102,0,False,False
62,12.4,2690230209120,522.933645806218,8.803255085414191,1,False,False
62,12.4,2690230209552,632.7491446305289,11.542880045861793,0,False,False
62,12.4,2690230210848,550.4164256159502,11.133225287588164,1,False,False
62,12.4,2690230208448,582.0444630504336,12.448597955661484,1,False,False
62,12.4,2690230211376,614.3506556337401,12.035090592127771,1,False,False
62,12.4,2690230208736,643.7722013079297,10.417800466504104,1,False,False
62,12.4,2690230208880,668.9745621535502,8.67321922540161,1,False,False
62,12.4,2690230208976,661.0273659355252,12.042374531628326,0,False,False
62,12.4,2690230211184,690.8061547000677,7.297577726295069,1,False,False
62,12.4,2690230209024,691.3267164854774,11.957821492917125,0,False,False
62,12.4,2690230210032,720.8419752342179,11.01312417541977,0,False,False
62,12.4,2690230208496,747.2016301763625,9.292261936598344,0,False,False
62,12.4,2690230208928,710.6763803574731,6.754961559096308,1,False,False
62,12.4,2690230208544,730.6606315356823,7.87618425247471,1,False,False
62,12.4,2690230208832,754.5110776966399,10.61775618510188,1,False,False
62,12.4,2690230211136,770.070062972936,6.530773288843486,0,False,False
62,12.4,2690230211040,787.8254667430626,4.31238369813185,0,False,False
62,12.4,2690230211328,802.8963861374561,3.7357546546572102,0,False,False
62,12.4,2690230211232,785.4138093838002,13.738060624847058,1,False,False
62,12.4,2690230211424,824.9738592044756,15.786472006327744,1,False,False
62,12.4,2690230210272,865.3351368377927,14.33388942584765,1,False,False
62,12.4,2690230208208,899.838515559322,10.038247711901096,1,False,False
62,12.4,2690230210704,818.2644361185605,4.2378814377741545,0,False,False
62,12.4,2690230210560,923.5996123749248,5.498475781505642,1,False,False
62,12.4,2690230211280,835.0807540779538,5.061581449449815,0,False,False
62,12.4,2690230211472,853.7794621926218,6.42809489156379,0,False,False
62,12.4,2690230210128,939.8822393986928,4.802602915331037,1,False,False
62,12.4,2690230208784,875.5616828392814,8.563304217399036,0,False,False
62,12.4,2690230208352,902.2649904119063,11.52710864124038,0,False,False
62,12.4,2690230210512,936.0677034016638,14.465211448160037,0,False,False
62,12.4,2690230210080,975.931690424627,16.025812404769482,0,False,False
62,12.4,2690230211568,1016.3814781563887,16.000435935151245,0,False,False
62,12.4,2690230208256,1058.4178423710823,16.30480376771065,0,False,False
62,12.4,2690230210464,957.9807546811851,7.471984289905896,1,False,False
62,12.4,2690230210224,1102.2081343806267,16.540453568812918,0,False,False
62,12.4,2690230210320,984.650714512752,10.808463196206022,1,False,False
62,12.4,2690230210800,1018.0128589267516,12.964332416769569,1,False,False
62,12.4,2690230208640,1052.9470967122693,13.957582506011354,1,False,False
62,12.4,2690230210896,1090.4528787157403,15.970494108320722,1,False,False
62,12.4,2690230210656,1145.5251276760212,17.02163075783944,0,False,False
62,12.4,2690230209936,1133.711994688742,17.986367816603217,1,False,False
62,12.4,2690230209696,1181.3067332095748,19.263569229147993,1,False,False
62,12.4,2690230210608,1236.8630192119151,21.00785452717975,1,False,False
62,12.4,2690230208400,1189.2138935943835,18.515992844435022,0,False,False
62,12.4,2690230210752,1239.8589395634071,19.893913573676244,0,False,False
62,12.4,2690230208592,1309.4711956084016,23.175010397841458,1,False,False
62,12.4,2690230209984,1300.226922536486,21.476504231220897,0,False,False
63,12.6,2690230209216,353.9797715786865,0.0034094489569452082,0,True,True
63,12.6,2690230209408,344.3935887794003,-0.26840821684117777,0,False,False
63,12.6,2690230209360,358.9797715786865,0.002382755389816285,0,False,True
63,12.6,2690230209072,387.84963208460755,12.992395252025279,1,False,False
63,12.6,2690230209840,415.01505153547714,11.769027542109084,0,False,False
63,12.6,2690230209792,504.7447172069696,14.20007361165985,0,False,False
63,12.6,2690230210992,439.85963135488896,12.251434615845259,0,False,False
63,12.6,2690230211520,470.08983831081355,13.693883759060265,0,False,False
63,12.6,2690230208688,469.34964285718314,4.017816813512369,1,False,False
63,12.6,2690230210416,484.52920732484836,4.4008897232816375,1,False,False
63,12.6,2690230209600,539.7589228892684,14.117564778672126,0,False,False
63,12.6,2690230211088,502.12308004121877,6.40101543226508,1,False,False
63,12.6,2690230208304,574.7976259181888,13.294563525284376,0,False,False
63,12.6,2690230209744,606.451845633923,12.018413684655886,0,False,False
63,12.6,2690230209120,524.7110887353294,9.054524343192009,1,False,False
63,12.6,2690230209552,635.0595871178359,11.571213293526831,0,False,False
63,12.6,2690230210848,552.6551874348824,11.31277551670238,1,False,False
63,12.6,2690230208448,584.5372667172769,12.49177223619234,1,False,False
63,12.6,2690230211376,616.7511085855019,11.934362915700476,1,False,False
63,12.6,2690230208736,645.8446279873973,10.2499938843945,1,False,False
63,12.6,2690230208880,670.6979086909183,8.50461586342464,1,False,False
63,12.6,2690230208976,663.4374950590451,12.065565013055885,0,False,False
63,12.6,2690230211184,692.2586275768352,7.194852004234598,1,False,False
63,12.6,2690230209024,693.7143238872873,11.896548743251673,0,False,False
63,12.6,2690230210032,723.0343881213932,10.857055398726724,0,False,False
63,12.6,2690230208496,749.0417277248806,9.01509177348851,0,False,False
63,12.6,2690230208928,712.0304169039222,6.804413576759056,1,False,False
63,12.6,2690230208544,732.2500068665934,8.090400340399743,1,False,False
63,12.6,2690230208832,756.6534058578069,10.898940905161712,1,False,False
63,12.6,2690230211136,771.3565729237448,6.238306242036418,0,False,False
63,12.6,2690230211040,788.678312353665,4.171553096513057,0,False,False
63,12.6,2690230211328,803.6436150052349,3.73916154977654,0,False,False
63,12.6,2690230211232,788.1750256166517,13.939151499988176,1,False,False
63,12.6,2690230211424,828.1312498253503,15.782766020734366,1,False,False
63,12.6,2690230210272,868.1831972987334,14.048344721918433,1,False,False
63,12.6,2690230208208,901.8169750203974,9.602014944325655,1,False,False
63,12.6,2690230210704,819.1162470918148,4.302886778713452,0,False,False
63,12.6,2690230210560,924.6864931890556,5.313793526924356,1,False,False
63,12.6,2690230211280,836.1011265854625,5.184048106398778,0,False,False
63,12.6,2690230211472,855.0777407548298,6.6196288147985465,0,False,False
63,12.6,2690230210128,940.8533153070899,4.965530870508607,1,False,False
63,12.6,2690230208784,877.2920302173328,8.829343160958791,0,False,False
63,12.6,2690230208352,904.5891362171632,11.80667926702647,0,False,False
63,12.6,2690230210512,938.973580449585,14.655279972737372,0,False,False
63,12.6,2690230210080,979.1411626108446,16.088955156523696,0,False,False
63,12.6,2690230211568,1019.5829636542575,16.021140998132104,0,False,False
63,12.6,2690230208256,1061.6792199179652,16.311325028260047,0,False,False
63,12.6,2690230210464,959.4960322817384,7.7851223410502435,1,False,False
63,12.6,2690230210224,1105.5180525701328,16.56830785458267,0,False,False
63,12.6,2690230210320,986.8297860916709,11.067321928072035,1,False,False
63,12.6,2690230210800,1020.6164052021214,13.123398894580317,1,False,False
63,12.6,2690230208640,1055.748400962183,14.103509771885681,1,False,False
63,12.6,2690230210896,1093.6546127188728,16.083903785304372,1,False,False
63,12.6,2690230210656,1148.9348417665158,17.10200284877601,0,False,False
63,12.6,2690230209936,1137.313821165925,18.053918663008922,1,False,False
63,12.6,2690230209696,1185.1621392111101,19.30364289012637,1,False,False
63,12.6,2690230210608,1241.0658026592303,21.025945441814027,1,False,False
63,12.6,2690230208400,1192.920888652431,18.572402136010055,0,False,False
63,12.6,2690230210752,1243.8396122162862,19.922062447528198,0,False,False
63,12.6,2690230208592,1314.1061976879698,23.175010397841458,1,False,False
63,12.6,2690230209984,1304.5222233827299,21.476504231220897,0,False,False
64,12.8,2690230209216,353.9803130425299,0.002772008277883749,0,True,True
64,12.8,2690230209408,344.3570966038082,-0.26933066876410344,0,False,False
64,12.8,2690230209360,358.9803130425299,0.0019372683821202625,0,False,True
64,12.8,2690230209072,390.42453151561847,12.64726503084567,1,False,False
64,12.8,2690230209840,417.2373475191294,11.688590598982664,1,False,False
64,12.8,2690230209792,507.58445972991836,14.195471856700497,0,False,False
64,12.8,2690230210992,442.3112187365345,12.350674315149238,0,False,False
64,12.8,2690230211520,472.83287758322757,13.756580281516177,0,False,False
64,12.8,2690230208688,470.149824483091,3.971728223463377,1,False,False
64,12.8,2690230210416,485.41855969974205,4.541665609972222,1,False,False
64,12.8,2690230209600,542.5796108018324,14.074144157253318,0,False,False
64,12.8,2690230211088,503.41940955062495,6.6440259676382505,1,False,False
64,12.8,2690230208304,577.4500316702781,13.197295414616201,0,False,False
64,12.8,2690230209744,608.8518515097086,11.964687562990148,0,False,False
64,12.8,2690230209120,526.5385889164367,9.302679728394851,1,False,False
64,12.8,2690230209552,637.3757845508096,11.600721516867875,0,False,False
64,12.8,2690230210848,554.929189372074,11.482163964062915,1,False,False
64,12.8,2690230208448,587.0377794531039,12.521065109364239,1,False,False
64,12.8,2690230211376,619.1307483333468,11.823710561976185,1,False,False
64,12.8,2690230208736,647.8832633584987,10.078879809039325,1,False,False
64,12.8,2690230208880,672.3878092127046,8.340346002740818,1,False,False
64,12.8,2690230208976,665.8517716796008,12.081350369004662,0,False,False
64,12.8,2690230211184,693.6914423862479,7.105579930446287,1,False,False
64,12.8,2690230209024,696.0890921702012,11.826401873577346,0,False,False
64,12.8,2690230210032,725.1947182799034,10.687933744481205,0,False,False
64,12.8,2690230208496,750.8258637496562,8.730336262314559,0,False,False
64,12.8,2690230208928,713.3954712660823,6.8706625140950734,1,False,False
64,12.8,2690230208544,733.8828472389856,8.313706146240431,1,False,False
64,12.8,2690230208832,758.8518115971382,11.177512997619564,1,False,False
64,12.8,2690230211136,772.5852765691615,5.956450378859278,0,False,False
64,12.8,2690230211040,789.5040793460819,4.0469896068647415,0,False,False
64,12.8,2690230211328,804.3921873254175,3.7523900655579543,0,False,False
64,12.8,2690230211232,790.9755579858604,14.126583562984615,1,False,False
64,12.8,2690230211424,831.2863454903027,15.755648724874039,1,False,False
64,12.8,2690230210272,870.9727359473238,13.741887429468063,1,False,False
64,12.8,2690230208208,903.7087356320962,9.174737910071544,1,False,False
64,12.8,2690230210704,819.9815048231484,4.374579530637925,0,False,False
64,12.8,2690230210560,925.7386925647855,5.162862453978127,1,False,False
64,12.8,2690230211280,837.1464790371641,5.313808005118279,0,False,False
64,12.8,2690230211472,856.4148119835273,6.8183747775859604,0,False,False
64,12.8,2690230210128,941.8583194882914,5.148162768821343,1,False,False
64,12.8,2690230208784,879.0757930198214,9.098320786445052,0,False,False
64,12.8,2690230208352,906.9687961423269,12.080098435201892,0,False,False
64,12.8,2690230210512,941.9167368115333,14.8343535771076,0,False,False
64,12.8,2690230210080,982.3628216263486,16.145581008382464,0,False,False
64,12.8,2690230211568,1022.788512061537,16.040707346935218,0,False,False
64,12.8,2690230208256,1064.941982474074,16.31905670298361,0,False,False
64,12.8,2690230210464,961.0738991378996,8.097489824928463,1,False,False
64,12.8,2690230210224,1108.8336708521229,16.59806007417929,0,False,False
64,12.8,2690230210320,989.0600782658213,11.31787387325247,1,False,False
64,12.8,2690230210800,1023.2514290086905,13.277468631538971,1,False,False
64,12.8,2690230208640,1058.5786222978102,14.245392736997657,1,False,False
64,12.8,2690230210896,1096.8786961746007,16.192361992975897,1,False,False
64,12.8,2690230210656,1152.3604957690332,17.180353076282387,0,False,False
64,12.8,2690230209936,1140.928938912773,18.11823294247121,1,False,False
64,12.8,2690230209696,1189.025468677709,19.34236335476988,1,False,False
64,12.8,2690230210608,1245.2721753948367,21.04360614730996,1,False,False
64,12.8,2690230208400,1196.639006716002,18.626458985940737,0,False,False
64,12.8,2690230210752,1247.8258553039295,19.949329766379147,0,False,False
64,12.8,2690230208592,1318.741199767538,23.175010397841458,1,False,False
64,12.8,2690230209984,1308.8175242289738,21.476504231220897,0,False,False
65,13.0,2690230209216,353.9807532726887,0.0022537453968927428,0,True,True
65,13.0,2690230209408,344.3201399233335,-0.2657336431708605,0,False,False
65,13.0,2690230209360,358.9807532726887,0.0015750709453445928,0,False,True
65,13.0,2690230209072,392.93445601014605,12.3725204228022,1,False,False
65,13.0,2690230209840,419.53510497294104,11.903430101041693,1,False,False
65,13.0,2690230209792,510.4231231245073,14.188452019623478,0,False,False
65,13.0,2690230210992,444.7854697567205,12.451797502036015,0,False,False
65,13.0,2690230211520,475.5880869538376,13.813776646015722,0,False,False
65,13.0,2690230208688,470.94217325783086,3.9463301761515908,1,False,False
65,13.0,2690230210416,486.33699771364394,4.6961906611582735,1,False,False
65,13.0,2690230209600,545.3913073493861,14.026190600675474,0,False,False
65,13.0,2690230211088,504.76466040488725,6.891645555805141,1,False,False
65,13.0,2690230208304,580.0830923152039,13.101745307188516,0,False,False
65,13.0,2690230209744,611.2415355597793,11.917254498866042,0,False,False
65,13.0,2690230209120,528.4154742616734,9.546983451765643,1,False,False
65,13.0,2690230209552,639.6979273864051,11.630740230757954,0,False,False
65,13.0,2690230210848,557.2363659206242,11.64090194936779,1,False,False
65,13.0,2690230208448,589.5432273605998,12.536521415905924,1,False,False
65,13.0,2690230211376,621.4876176859794,11.703557532483702,1,False,False
65,13.0,2690230208736,649.8874896764021,9.905126858609286,1,False,False
65,13.0,2690230208880,674.0451945483492,8.181371306733615,1,False,False
65,13.0,2690230208976,668.2687005864491,12.08951359821732,0,False,False
65,13.0,2690230211184,695.1073319703135,7.030367421857933,1,False,False
65,13.0,2690230209024,698.4492147972587,11.746905228127883,0,False,False
65,13.0,2690230210032,727.3203521966425,10.50574617858347,0,False,False
65,13.0,2690230208496,752.5526211868239,8.439517144665354,0,False,False
65,13.0,2690230208928,714.7748669652764,6.953152097049598,1,False,False
65,13.0,2690230208544,735.560899470508,8.545036838460812,1,False,False
65,13.0,2690230208832,761.1057062241155,11.452485702833647,1,False,False
65,13.0,2690230211136,773.7583847119739,5.686500061887504,0,False,False
65,13.0,2690230211040,790.306005916331,3.938446245037495,0,False,False
65,13.0,2690230211328,805.144035251026,3.774965745857451,0,False,False
65,13.0,2690230211232,793.8126367973823,14.299794103691276,1,False,False
65,13.0,2690230211424,834.4344335234641,15.704677513092518,1,False,False
65,13.0,2690230210272,873.6996597485239,13.415923825632797,1,False,False
65,13.0,2690230208208,905.5158082023524,8.759679777250078,1,False,False
65,13.0,2690230210704,820.8615473997799,4.4529685197090565,0,False,False
65,13.0,2690230210560,926.762933069371,5.045203783856429,1,False,False
65,13.0,2690230211280,838.2182678951716,5.450823419721714,0,False,False
65,13.0,2690230211472,857.7920946677078,7.023969505994478,0,False,False
65,13.0,2690230210128,942.9010635216216,5.348580844616606,1,False,False
65,13.0,2690230208784,880.9135061904705,9.369444956930092,0,False,False
65,13.0,2690230208352,909.4026954984677,12.346712625720427,0,False,False
65,13.0,2690230210512,944.8949809645299,15.002558022682004,0,False,False
65,13.0,2690230210080,985.5953965342519,16.196173683882197,0,False,False
65,13.0,2690230211568,1025.997905312306,16.059278064747502,0,False,False
65,13.0,2690230208256,1068.2063717237747,16.327991450762678,0,False,False
65,13.0,2690230210464,962.7141432437435,8.4082266069048,1,False,False
65,13.0,2690230210224,1112.1553567512258,16.629530725389703,0,False,False
65,13.0,2690230210320,991.3399188776215,11.55996957480734,1,False,False
65,13.0,2690230210800,1025.9169427197742,13.426715114447438,1,False,False
65,13.0,2690230208640,1061.4369466971382,14.383159601034254,1,False,False
65,13.0,2690230210896,1100.1241497222074,16.29603499619812,1,False,False
65,13.0,2690230210656,1155.8016842472216,17.25666802663985,0,False,False
65,13.0,2690230209936,1144.5567144870954,18.17951623787569,1,False,False
65,13.0,2690230209696,1192.8964556383512,19.37979975681044,1,False,False
65,13.0,2690230210608,1249.4820523318572,21.06085086957636,1,False,False
65,13.0,2690230208400,1200.367786266469,18.678296324254077,0,False,False
65,13.0,2690230210752,1251.8174950473854,19.975753135502362,0,False,False
65,13.0,2690230208592,1323.3762018471064,23.175010397841458,1,False,False
65,13.0,2690230209984,1313.1128250752176,21.476504231220897,0,False,False
66,13.2,2690230209216,353.9811111961127,0.001832378479725537,0,True,True
66,13.2,2690230209408,344.2833268578035,-0.25839969474472535,0,False,False
66,13.2,2690230209360,358.9811111961127,0.0012805910145260925,0,False,True
66,13.2,2690230209072,395.3945186869178,12.169561815478078,1,False,False
66,13.2,2690230209840,421.90123614414483,12.080475941083831,1,False,False
66,13.2,2690230209792,513.2602133308175,14.178863230034954,0,False,False
66,13.2,2690230210992,447.2812929896264,12.553016068540366,0,False,False
66,13.2,2690230211520,478.3543776718287,13.865640788712133,0,False,False
66,13.2,2690230208688,471.7308004894779,3.9411967535091277,1,False,False
66,13.2,2690230210416,487.28720912272513,4.8635368982014695,1,False,False
66,13.2,2690230209600,548.1931288719646,13.974050591931553,0,False,False
66,13.2,2690230211088,506.15970080539876,7.143072872949017,1,False,False
66,13.2,2690230208304,582.6971779379343,13.008303134551424,0,False,False
66,13.2,2690230209744,613.6221382357824,11.875832874093819,0,False,False
66,13.2,2690230209120,530.3409257382466,9.786707410440375,1,False,False
66,13.2,2690230209552,642.0260742472647,11.660620710543759,0,False,False
66,13.2,2690230210848,559.5745564299647,11.788539886118585,1,False,False
66,13.2,2690230208448,592.0508482031107,12.538226038154491,1,False,False
66,13.2,2690230211376,623.8198466667749,11.574364787828761,1,False,False
66,13.2,2690230208736,651.8568265542001,9.729457385104046,1,False,False
66,13.2,2690230208880,675.6711875335981,8.028645634576092,1,False,False
66,13.2,2690230208976,670.6867418781819,12.08981807520344,0,False,False
66,13.2,2690230211184,696.5091425835537,6.969703461677024,1,False,False
66,13.2,2690230209024,700.7927902899487,11.657588176990373,0,False,False
66,13.2,2690230210032,729.4086832224714,10.310623559313278,0,False,False
66,13.2,2690230208496,754.2208934003702,8.144242276443624,0,False,False
66,13.2,2690230208928,716.1718110025399,7.051249843148827,1,False,False
66,13.2,2690230208544,737.2856980495508,8.783337353653126,1,False,False
66,13.2,2690230208832,763.4143054091346,11.722897944493193,1,False,False
66,13.2,2690230211136,774.8783567055337,5.429593972965789,0,False,False
66,13.2,2690230211040,791.0872755078036,3.845598344663272,0,False,False
66,13.2,2690230211328,805.9009984860875,3.806450839605248,0,False,False
66,13.2,2690230211232,796.683381624887,14.45824671751911,1,False,False
66,13.2,2690230211424,837.570717117316,15.629479474354662,1,False,False
66,13.2,2690230210272,876.3601760872397,13.072146635837315,1,False,False
66,13.2,2690230208208,907.2408455870006,8.35993259830763,1,False,False
66,13.2,2690230210704,821.7577145689381,4.538060623576708,0,False,False
66,13.2,2690230210560,927.7658230703177,4.960070345032769,1,False,False
66,13.2,2690230211280,839.3179405565335,5.595033365394984,0,False,False
66,13.2,2690230211472,859.2109323024896,7.236010844189882,0,False,False
66,13.2,2690230210128,943.9849816190207,5.564960793187147,1,False,False
66,13.2,2690230208784,882.8055462401325,9.641924282433818,0,False,False
66,13.2,2690230208352,911.8894327105545,12.605926587772856,0,False,False
66,13.2,2690230210512,947.9061505844553,15.160078457972306,0,False,False
66,13.2,2690230210080,988.8377122175311,16.241202486413993,0,False,False
66,13.2,2690230211568,1029.2109533389848,16.07698699665114,0,False,False
66,13.2,2690230208256,1071.4726274827365,16.338116029114488,0,False,False
66,13.2,2690230210464,964.4163830696986,8.716510459640071,1,False,False
66,13.2,2690230210224,1115.4834423305335,16.662547003298435,0,False,False
66,13.2,2690230210320,993.6676095965131,11.793514779097253,1,False,False
66,13.2,2690230210800,1028.611992711899,13.571301506328595,1,False,False
66,13.2,2690230208640,1064.3225474405015,14.516763180512177,1,False,False
66,13.2,2690230210896,1103.3900278826034,16.39509788385998,1,False,False
66,13.2,2690230210656,1159.2579998197114,17.330945060612127,0,False,False
66,13.2,2690230209936,1148.1965548179674,18.237962961406435,1,False,False
66,13.2,2690230209696,1196.7748476851398,19.416017316175083,1,False,False
66,13.2,2690230210608,1253.6953511989936,21.077693389495366,1,False,False
66,13.2,2690230208400,1204.1067918899303,18.728039904013404,0,False,False
66,13.2,2690230210752,1255.8143650769598,20.001368493516356,0,False,False
66,13.2,2690230208592,1328.0112039266746,23.175010397841458,1,False,False
66,13.2,2690230209984,1317.4081259214615,21.476504231220897,0,False,False
67,13.4,2690230209216,353.9814022011128,0.0014897915698864812,0,True,True
67,13.4,2690230209408,344.24719099720556,-0.24803334885923176,0,False,False
67,13.4,2690230209360,358.9814022011128,0.0010411679241065478,0,False,True
67,13.4,2690230209072,397.81774629088363,12.01915216033971,1,False,False
67,13.4,2690230209840,424.31369529410773,12.217881118159564,1,False,False
67,13.4,2690230209792,516.0952078439927,14.166580483309167,0,False,False
67,13.4,2690230210992,449.7979599455675,12.653207530021206,0,False,False
67,13.4,2690230211520,481.1306941754182,13.912334519158682,0,False,False
67,13.4,2690230208688,472.51972542758955,3.955802476119615,1,False,False
67,13.4,2690230210416,488.27169708866023,5.042791896451507,1,False,False
67,13.4,2690230209600,550.984261737688,13.91808108194678,0,False,False
67,13.4,2690230211088,507.6052394889941,7.39751808569604,1,False,False
67,13.4,2690230208304,585.2927343607829,12.917324523630436,0,False,False
67,13.4,2690230209744,615.9948409638043,11.840101310025835,0,False,False
67,13.4,2690230209120,532.3139794592535,10.021135556958962,1,False,False
67,13.4,2690230209552,644.3601550138773,11.689729026515744,0,False,False
67,13.4,2690230210848,561.9415129798975,11.924668027089206,1,False,False
67,13.4,2690230208448,594.5578993187584,12.52630260629658,1,False,False
67,13.4,2690230211376,626.1256601248161,11.436633479667648,1,False,False
67,13.4,2690230208736,653.7909414498596,9.552643273105327,1,False,False
67,13.4,2690230208880,677.2671005857021,7.883102200060557,1,False,False
67,13.4,2690230208976,673.1043069711193,12.082006715796348,0,False,False
67,13.4,2690230211184,697.8998104347008,6.923959490999859,1,False,False
67,13.4,2690230209024,703.1178239038376,11.557995359545995,0,False,False
67,13.4,2690230210032,731.4571408579413,10.102847721318374,0,False,False
67,13.4,2690230208496,755.8298998581483,7.846182179137894,0,False,False
67,13.4,2690230208928,717.5893794317468,7.1642590679501135,1,False,False
67,13.4,2690230208544,739.0585671444361,9.027563141019762,1,False,False
67,13.4,2690230208832,765.7766343212077,11.987814387095485,1,False,False
67,13.4,2690230211136,775.947869114523,5.186712682305846,0,False,False
67,13.4,2690230211040,791.8510020718603,3.7680555057898517,0,False,False
67,13.4,2690230211328,806.664831635208,3.8464442788930358,0,False,False
67,13.4,2690230211232,799.5848063173645,14.601427498827903,1,False,False
67,13.4,2690230211424,840.6903304771884,15.529770053967463,1,False,False
67,13.4,2690230210272,878.9508495869037,12.71252598040239,1,False,False
67,13.4,2690230208208,908.8871049155867,7.978365881001177,1,False,False
67,13.4,2690230210704,822.6713472356744,4.6298590687893295,0,False,False
67,13.4,2690230210560,928.753805573601,4.906484693765837,1,False,False
67,13.4,2690230211280,840.4469305711042,5.746351737563414,0,False,False
67,13.4,2690230211472,860.6725855269301,7.454060998825995,0,False,False
67,13.4,2690230210128,945.1131494507302,5.7955730013481315,1,False,False
67,13.4,2690230208784,884.7521316472587,9.914971915932126,0,False,False
67,13.4,2690230208352,914.4274912611556,12.857207554500318,0,False,False
67,13.4,2690230210512,950.9481240213175,15.307153291336645,0,False,False
67,13.4,2690230210080,992.0886863406625,16.281120100700786,0,False,False
67,13.4,2690230211568,1032.4274922362972,16.093958931256964,0,False,False
67,13.4,2690230208256,1074.7409865495983,16.34941177560452,0,False,False
67,13.4,2690230210464,966.1800752607583,9.021558920814126,1,False,False
67,13.4,2690230210224,1118.8182255631527,16.696943257785374,0,False,False
67,13.4,2690230210320,996.0414367788387,12.018467619482335,1,False,False
67,13.4,2690230210800,1031.3356573300719,13.71138113589159,1,False,False
67,13.4,2690230208640,1067.2345899351665,14.64617939325661,1,False,False
67,13.4,2690230210896,1106.6754206464102,16.489731978376362,1,False,False
67,13.4,2690230210656,1162.729035229181,17.403191045096015,0,False,False
67,13.4,2690230209936,1151.8479049764508,18.293756452347658,1,False,False
67,13.4,2690230209696,1200.6604052027405,19.451077522314343,1,False,False
67,13.4,2690230210608,1257.9119924512916,21.094147040238514,1,False,False
67,13.4,2690230208400,1207.8556128550904,18.775808507274178,0,False,False
67,13.4,2690230210752,1259.8163061020518,20.026210160726603,0,False,False
67,13.4,2690230208592,1332.646206006243,23.175010397841458,1,False,False
67,13.4,2690230209984,1321.7034267677054,21.476504231220897,0,False,False
68,13.6,2690230209216,353.9816387989558,0.0012112557237832606,0,True,True
68,13.6,2690230209408,344.21219228320035,-0.23526875140725814,0,False,False
68,13.6,2690230209360,358.98163879895594,0.0008465080840735902,0,False,True
68,13.6,2690230209072,400.2136117701899,11.906899826878623,1,False,False
68,13.6,2690230209840,426.7576591001198,12.314531834413694,1,False,False
68,13.6,2690230209792,518.9275608639648,14.151504265086913,0,False,False
68,13.6,2690230210992,452.3348793485957,12.751609054269114,0,False,False
68,13.6,2690230211520,483.91601282728817,13.954013003162736,0,False,False
68,13.6,2690230208688,473.3128564110667,3.989538083271413,1,False,False
68,13.6,2690230210416,489.29278342981013,5.233060656331336,1,False,False
68,13.6,2690230209600,553.7639642832675,13.85864717246699,0,False,False
68,13.6,2690230211088,509.10182787755474,7.654200690194176,1,False,False
68,13.6,2690230208304,587.8702761178757,12.829128405935421,0,False,False
68,13.6,2690230209744,618.3607584219175,11.809702098259372,0,False,False
68,13.6,2690230209120,534.3335292668038,10.249566530006511,1,False,False
68,13.6,2690230209552,646.6999737050821,11.717444816875238,0,False,False
68,13.6,2690230210848,564.3349083792361,12.048916850764092,1,False,False
68,13.6,2690230208448,597.0616653128075,12.500912772398532,1,False,False
68,13.6,2690230211376,628.4033859718527,11.290907833084711,1,False,False
68,13.6,2690230208736,655.689659223333,9.375500416354212,1,False,False
68,13.6,2690230208880,678.8344307508879,7.745641396648833,1,False,False
68,13.6,2690230208976,675.5197544920319,12.065801924487246,0,False,False
68,13.6,2690230211184,699.2823382422384,6.893390783679911,1,False,False
68,13.6,2690230209024,705.4222314070912,11.447697717575783,0,False,False
68,13.6,2690230210032,733.4632212909421,9.882856000147887,0,False,False
68,13.6,2690230208496,757.3791970561559,7.547045803378212,0,False,False
68,13.6,2690230208928,719.0305052667843,7.291429855792208,1,False,False
68,13.6,2690230208544,740.8806227378878,9.276680588643364,1,False,False
68,13.6,2690230208832,768.1915327882862,12.24632564258911,1,False,False
68,13.6,2690230211136,776.969784069445,4.9586788582845465,0,False,False
68,13.6,2690230211040,792.6002177110789,3.7053733792734307,0,False,False
68,13.6,2690230211328,807.4372115053133,3.894581024790428,0,False,False
68,13.6,2690230211232,802.5138232485937,14.728841336194666,1,False,False
68,13.6,2690230211424,843.7883578633505,15.405374085293946,1,False,False
68,13.6,2690230210272,881.4686565219406,12.339291422926825,1,False,False
68,13.6,2690230208208,910.4584001015004,7.617583908651266,1,False,False
68,13.6,2690230210704,823.6037866162364,4.728361677515303,0,False,False
68,13.6,2690230210560,929.733114771224,4.883278205808091,1,False,False
68,13.6,2690230211280,841.6066525155625,5.904665875313207,0,False,False
68,13.6,2690230211472,862.1782252192029,7.677649900095175,0,False,False
68,13.6,2690230210128,946.2883030045397,6.038780809873547,1,False,False
68,13.6,2690230208784,886.7533240271441,10.187809499411312,0,False,False
68,13.6,2690230208352,917.0152524340132,13.100088775148464,0,False,False
68,13.6,2690230210512,954.0188305238763,15.444067725273479,0,False,False
68,13.6,2690230210080,995.34732590561,16.31636089419025,0,False,False
68,13.6,2690230211568,1035.6473824638194,16.110309815026035,0,False,False
68,13.6,2690230208256,1078.0116816545033,16.361855096726636,0,False,False
68,13.6,2690230210464,968.0045227361223,9.322631573664898,1,False,False
68,13.6,2690230210224,1122.1599717882275,16.732561347253245,0,False,False
68,13.6,2690230210320,998.4596817340719,12.234835356860367,1,False,False
68,13.6,2690230210800,1034.0870449617082,13.847098137240659,1,False,False
68,13.6,2690230208640,1070.1722362273877,14.771405610048316,1,False,False
68,13.6,2690230210896,1109.979454562052,16.58012251666677,1,False,False
68,13.6,2690230210656,1166.2143851634912,17.473421170894426,0,False,False
68,13.6,2690230209936,1155.5102459729383,18.347069176137204,1,False,False
68,13.6,2690230209696,1204.5529006345366,19.485038317759958,1,False,False
68,13.6,2690230210608,1262.1318991805902,21.110224707813895,1,False,False
68,13.6,2690230208400,1211.6138617342526,18.82171417822958,0,False,False
68,13.6,2690230210752,1263.8231655908905,20.050310890749287,0,False,False
68,13.6,2690230208592,1337.2812080858112,23.175010397841458,1,False,False
68,13.6,2690230209984,1325.9987276139493,21.476504231220897,0,False,False
69,13.8,2690230209216,353.9818311617652,0.000984795764758894,0,True,True
69,13.8,2690230209408,344.1787179469961,-0.22067541907001664,0,False,False
69,13.8,2690230209360,358.9818311617652,0.0006882424245030908,0,False,True
69,13.8,2690230209072,402.5890254022273,11.822744747561773,1,False,False
69,13.8,2690230209840,429.22157291568504,12.370183604336528,1,False,False
69,13.8,2690230209792,521.7567083629177,14.133560069049777,0,False,False
69,13.8,2690230210992,454.89148937344197,12.847660874825014,0,False,False
69,13.8,2690230211520,486.70934056678277,13.99082453759021,0,False,False
69,13.8,2690230208688,474.11397512881643,4.041725588842084,1,False,False
69,13.8,2690230210416,490.35261217926393,5.433466500504909,1,False,False
69,13.8,2690230209600,556.5315682849584,13.79611970886266,0,False,False
69,13.8,2690230211088,510.6498618162305,7.912347673535828,1,False,False
69,13.8,2690230208304,590.4303789752979,12.743994987958459,0,False,False
69,13.8,2690230209744,620.720931498566,11.784244538689936,0,False,False
69,13.8,2690230209120,536.3983298548817,10.471316471320232,1,False,False
69,13.8,2690230209552,649.0452110996279,11.743159874274708,0,False,False
69,13.8,2690230210848,566.7523442200703,12.160957135030277,1,False,False
69,13.8,2690230208448,599.5594656450438,12.462256092697345,1,False,False
69,13.8,2690230211376,630.6514639626616,11.137777492549944,1,False,False
69,13.8,2690230208736,657.5529705066981,9.198881991079478,1,False,False
69,13.8,2690230208880,680.3748523742296,7.6171195332775525,1,False,False
69,13.8,2690230208976,677.9313862155713,12.040906383425622,0,False,False
69,13.8,2690230211184,700.6597721849531,6.8781395653884045,1,False,False
69,13.8,2690230209024,707.7038451119848,11.326304190442032,0,False,False
69,13.8,2690230210032,735.4245186497244,9.651242843875686,0,False,False
69,13.8,2690230208496,758.8686845761791,7.248556142894898,0,False,False
69,13.8,2690230208928,720.4979685086632,7.431968903727434,1,False,False
69,13.8,2690230208544,742.7527748336082,9.529667284301592,1,False,False
69,13.8,2690230208832,770.6576605046571,12.497548544930517,1,False,False
69,13.8,2690230211136,777.9471178252461,4.746159848192423,0,False,False
69,13.8,2690230211040,793.3378626555142,3.6570650430626186,0,False,False
69,13.8,2690230211328,808.2197442388781,3.9505308666456562,0,False,False
69,13.8,2690230211232,805.4672468455335,14.840008564749581,1,False,False
69,13.8,2690230211424,846.8598569682957,15.256248600146193,1,False,False
69,13.8,2690230210272,883.9110350631651,11.954905504062987,1,False,False
69,13.8,2690230208208,911.9590464346428,7.279892409957686,1,False,False
69,13.8,2690230210704,824.5563730393138,4.833559100351175,0,False,False
69,13.8,2690230210560,930.7097404001681,4.889129763093728,1,False,False
69,13.8,2690230211280,842.7984966080666,6.069835541112867,0,False,False
69,13.8,2690230211472,863.7289262695805,7.906278639512493,0,False,False
69,13.8,2690230210128,947.5128569481482,6.293036720838975,1,False,False
69,13.8,2690230208784,888.8090301014776,10.459671277798519,0,False,False
69,13.8,2690230208352,919.6510087104932,13.33417221352387,0,False,False
69,13.8,2690230210512,957.1162591576677,15.571147126662764,0,False,False
69,13.8,2690230210080,998.6127234988053,16.347339667606303,0,False,False
69,13.8,2690230211568,1038.8705070933056,16.126146994208362,0,False,False
69,13.8,2690230208256,1081.2849405056113,16.375417958660503,0,False,False
69,13.8,2690230210464,969.8888832668912,9.619032627867986,1,False,False
69,13.8,2690230210224,1125.5089152311837,16.76925089624761,0,False,False
69,13.8,2690230210320,1000.9206303128486,12.442670741464845,1,False,False
69,13.8,2690230210800,1036.8652922459992,13.978588192049033,1,False,False
69,13.8,2690230208640,1073.1346491779072,14.89245891121333,1,False,False
69,13.8,2690230210896,1113.3012933780144,16.66645659942783,1,False,False
69,13.8,2690230210656,1169.713647846108,17.541657856270906,0,False,False
69,13.8,2690230209936,1159.183092600005,18.398063004655917,1,False,False
69,13.8,2690230209696,1208.452117785409,19.517954280058557,1,False,False
69,13.8,2690230210608,1266.35499702627,21.125938834299685,1,False,False
69,13.8,2690230208400,1215.381173072385,18.865862476569266,0,False,False
69,13.8,2690230210752,1267.8347974607673,20.07370192447093,0,False,False
69,13.8,2690230208592,1341.9162101653794,23.175010397841458,1,False,False
69,13.8,2690230209984,1330.2940284601932,21.476504231220897,0,False,False
70,14.0,2690230209216,353.9819875598537,0.000800675430666194,0,True,True
70,14.0,2690230209408,344.14708402514884,-0.20476263470531564,0,False,False
70,14.0,2690230209360,358.9819875598537,0.0005595665815811798,0,False,True
70,14.0,2690230209072,404.9490838613282,11.759293515611771,1,False,False
70,14.0,2690230209840,431.69557622485695,12.385395662323372,1,False,False
70,14.0,2690230209792,524.5820730493265,14.11269781036229,0,False,False
70,14.0,2690230210992,457.46720831408334,12.94092664705547,0,False,False
70,14.0,2690230211520,489.50971353423864,14.022910572811599,0,False,False
70,14.0,2690230208688,474.926723826901,4.1116323071217,1,False,False
70,14.0,2690230210416,491.4531532658147,5.64315115883651,1,False,False
70,14.0,2690230209600,559.286479942572,13.730872793060025,0,False,False
70,14.0,2690230211088,512.2495829676775,8.171192039484861,1,False,False
70,14.0,2690230208304,592.9736720700871,12.66216409482484,0,False,False
70,14.0,2690230209744,623.076320909515,11.763308131050843,0,False,False
70,14.0,2690230209120,538.5070004637528,10.685721946102298,1,False,False
70,14.0,2690230209552,651.3954270664867,11.766276620671055,0,False,False
70,14.0,2690230210848,569.1913589290642,12.260499780875936,1,False,False
70,14.0,2690230208448,602.0486622347153,12.41057052372105,1,False,False
70,14.0,2690230211376,632.8684548997139,10.977879158064002,1,False,False
70,14.0,2690230208736,659.3810386566971,9.02367068449125,1,False,False
70,14.0,2690230208880,681.8902075882553,7.498338684069865,1,False,False
70,14.0,2690230208976,680.3374432185972,12.007004740103358,0,False,False
70,14.0,2690230211184,702.0351795790227,6.878239612896224,1,False,False
70,14.0,2690230209024,709.9604222808941,11.193473897659466,0,False,False
70,14.0,2690230210032,737.3387563694835,9.408758245532976,0,False,False
70,14.0,2690230208496,760.2986062884997,6.952426315056999,0,False,False
70,14.0,2690230208928,721.9943880641413,7.585048204575079,1,False,False
70,14.0,2690230208544,744.6757297110031,9.7855122430404,1,False,False
70,14.0,2690230208832,773.1735022935518,12.740626411584971,1,False,False
70,14.0,2690230211136,778.8830099796324,4.54967234935468,0,False,False
70,14.0,2690230211040,794.0667774760543,3.622611765001671,0,False,False
70,14.0,2690230211328,809.0139721748441,4.013996756455083,0,False,False
70,14.0,2690230211232,808.4417964850483,14.934462248504122,1,False,False
70,14.0,2690230211424,849.8998869350127,15.082506624785415,1,False,False
70,14.0,2690230210272,886.2759297022726,11.56202959140921,1,False,False
70,14.0,2690230208208,913.3937991394347,6.96727467314898,1,False,False
70,14.0,2690230210704,825.530444394805,4.9454330714020855,0,False,False
70,14.0,2690230210560,931.6893997437443,4.922602748221133,1,False,False
70,14.0,2690230211280,844.0238231457415,6.2416922989729136,0,False,False
70,14.0,2690230211472,865.3256620446567,8.139422958537049,0,False,False
70,14.0,2690230210128,948.7889221363863,6.556877307156741,1,False,False
70,14.0,2690230208784,890.9190045017888,10.729808375956306,0,False,False
70,14.0,2690230208352,922.3329776436963,13.55913029357716,0,False,False
70,14.0,2690230210512,960.2384663947292,15.688750396468983,0,False,False
70,14.0,2690230210080,1001.8840533154729,16.374450802369303,0,False,False
70,14.0,2690230211568,1042.0967701060033,16.141569479874487,0,False,False
70,14.0,2690230208256,1084.5609849336254,16.390068374839746,0,False,False
70,14.0,2690230210464,971.8321785830235,9.910113665706607,1,False,False
70,14.0,2690230210224,1128.8652605695029,16.806869464974522,0,False,False
70,14.0,2690230210320,1003.4225817460089,12.642068072412256,1,False,False
70,14.0,2690230210800,1039.6695624363203,14.10597933217611,1,False,False
70,14.0,2690230208640,1076.120996284309,15.009374283895614,1,False,False
70,14.0,2690230210896,1116.640138292462,16.748921400799215,1,False,False
70,14.0,2690230210656,1173.226426412894,17.60792973507539,0,False,False
70,14.0,2690230209936,1162.8659913357967,18.446889560029547,1,False,False
70,14.0,2690230209696,1212.3578511607166,19.549876800589413,1,False,False
70,14.0,2690230210608,1270.5812140867993,21.14130142329197,1,False,False
70,14.0,2690230208400,1219.1572021078869,18.908352745049747,0,False,False
70,14.0,2690230210752,1271.8510617791712,20.09641304554052,0,False,False
70,14.0,2690230208592,1346.5512122449477,23.175010397841458,1,False,False
70,14.0,2690230209984,1334.589329306437,21.476504231220897,0,False,False
71,14.2,2690230209216,353.98211471729223,0.000650978779777196,0,True,True
71,14.2,2690230209408,344.11753773011276,-0.18798292853619825,0,False,False
71,14.2,2690230209360,358.98211471729223,0.00045494835551370587,0,False,True
71,14.2,2690230209072,406.9177686325812,11.694480105860741,1,False,False
71,14.2,2690230209840,434.17081517947787,12.361452446053223,1,False,False
71,14.2,2690230209792,527.4030692077998,14.08889113605012,0,False,False
71,14.2,2690230210992,460.0614143020106,13.031052451016222,0,False,False
71,14.2,2690230211520,492.31619571415695,14.05040594138539,0,False,False
71,14.2,2690230208688,475.7545952396884,4.1984836187798065,1,False,False
71,14.2,2690230210416,492.59620616585767,5.861274195568132,1,False,False
71,14.2,2690230209600,562.0281803614332,13.663281230291723,0,False,False
71,14.2,2690230211088,513.9010799375045,8.429971731474293,1,False,False
71,14.2,2690230208304,595.5008297430885,12.583833890768588,0,False,False
71,14.2,2690230209744,625.4278014410247,11.746445576859166,0,False,False
71,14.2,2690230209120,540.6580291608699,10.892142880179199,1,False,False
71,14.2,2690230209552,653.7500625865827,11.786206545625307,0,False,False
71,14.2,2690230210848,571.6494357707035,12.347295462501283,1,False,False
71,14.2,2690230208448,604.5266672043131,12.34613350193684,1,False,False
71,14.2,2690230211376,635.0530501096489,10.81189735886636,1,False,False
71,14.2,2690230208736,661.1742050930269,8.850770069655226,1,False,False
71,14.2,2690230208880,683.3824948543205,7.390037810588644,1,False,False
71,14.2,2690230208976,682.7361024346974,11.963766245631094,0,False,False
71,14.2,2690230211184,703.4116275592836,6.893622055622801,1,False,False
71,14.2,2690230209024,712.1896559900345,11.048928584595455,0,False,False
71,14.2,2690230210032,739.203818024515,9.156302841072977,0,False,False
71,14.2,2690230208496,761.6695468317129,6.66033667557751,0,False,False
71,14.2,2690230208928,723.522215324015,7.749812583954987,1,False,False
71,14.2,2690230208544,746.649992229077,10.043216211410801,1,False,False
71,14.2,2690230208832,775.7373734172144,12.974729216709166,1,False,False
71,14.2,2690230211136,779.7806937503185,4.369588888337335,0,False,False
71,14.2,2690230211040,794.7896974006362,3.6014729884675103,0,False,False
71,14.2,2690230211328,809.82138034945,4.084712755462023,0,False,False
71,14.2,2690230211232,811.4340989036607,15.011746373753363,1,False,False
71,14.2,2690230211424,852.9035411505706,14.884440980498377,1,False,False
71,14.2,2690230210272,888.561828394895,11.163483268033492,1,False,False
71,14.2,2690230208208,914.7677877728595,6.681376823459593,1,False,False
71,14.2,2690230210704,826.5273342368768,5.063954719757047,0,False,False
71,14.2,2690230210560,932.6775168605826,4.9821792553003785,1,False,False
71,14.2,2690230211280,845.2839568431019,6.420039265974295,0,False,False
71,14.2,2690230211472,866.9692995518508,8.3765367733527,0,False,False
71,14.2,2690230210128,950.118322046461,6.828917433996783,1,False,False
71,14.2,2690230208784,893.082853437908,10.997493211316975,0,False,False
71,14.2,2690230208352,925.0593160136768,13.774706611626652,0,False,False
71,14.2,2690230210512,963.3835823849746,15.79726348537845,0,False,False
71,14.2,2690230210080,1005.1605670371983,16.398067753063106,0,False,False
71,14.2,2690230211568,1045.3260947443023,16.156668231998463,0,False,False
71,14.2,2690230208256,1087.8400301333756,16.405770885800564,0,False,False
71,14.2,2690230210464,973.8333040332004,10.195276411313403,1,False,False
71,14.2,2690230210224,1132.2291845269517,16.845282638880832,0,False,False
71,14.2,2690230210320,1005.963856679711,12.833159038855191,1,False,False
71,14.2,2690230210800,1042.4990439252847,14.229392766770784,1,False,False
71,14.2,2690230208640,1079.1304531406079,15.122202793084375,1,False,False
71,14.2,2690230210896,1119.9952278615708,16.827702626731917,1,False,False
71,14.2,2690230210656,1176.7523300920705,17.672270727489906,0,False,False
71,14.2,2690230209936,1166.5585183195928,18.493690606440893,1,False,False
71,14.2,2690230209696,1216.269905340769,19.580854259085857,1,False,False
71,14.2,2690230210608,1274.8104808324981,21.15632404715856,1,False,False
71,14.2,2690230208400,1222.9416235475455,18.949278386160437,0,False,False
71,14.2,2690230210752,1275.8718244760905,20.118472636715683,0,False,False
71,14.2,2690230208592,1351.186214324516,23.175010397841458,1,False,False
71,14.2,2690230209984,1338.884630152681,21.476504231220897,0,False,False
72,14.4,2690230209216,353.9822181009992,0.0005292698582840373,0,True,True
72,14.4,2690230209408,344.09026077167044,-0.1707349923638098,0,False,False
72,14.4,2690230209360,358.9822181009992,0.000369889862971736,0,False,True
72,14.4,2690230209072,409.1029537670095,11.617890749057226,0,False,False
72,14.4,2690230209840,436.6391607839942,12.300294104358956,1,False,False
72,14.4,2690230209792,530.2191073941559,14.062136632734067,0,False,False
72,14.4,2690230210992,462.67343932586203,13.117745023723527,0,False,False
72,14.4,2690230211520,495.1278776358575,14.073439254672548,0,False,False
72,14.4,2690230208688,476.6009249817365,4.301474324431078,1,False,False
72,14.4,2690230210416,493.7834034044323,6.087011922909227,1,False,False
72,14.4,2690230209600,564.7562255201282,13.593717926474355,0,False,False
72,14.4,2690230211088,515.6042892121144,8.687928976861041,1,False,False
72,14.4,2690230208304,598.0125631408459,12.509159971821555,0,False,False
72,14.4,2690230209744,627.7761567790213,11.733185559462706,0,False,False
72,14.4,2690230209120,542.8497777057883,11.089965426657372,1,False,False
72,14.4,2690230209552,656.1084414636854,11.80236868430002,0,False,False
72,14.4,2690230210848,574.1240107734197,12.421134190264828,1,False,False
72,14.4,2690230208448,606.9909508750338,12.269263541261072,1,False,False
72,14.4,2690230211376,637.204081010278,10.640564239692395,1,False,False
72,14.4,2690230208736,662.9329928657496,8.6810953426247,1,False,False
72,14.4,2690230208880,684.8538558194632,7.292885269622733,1,False,False
72,14.4,2690230208976,685.1254738020821,11.910848387390661,0,False,False
72,14.4,2690230211184,704.7921629863507,6.924122098185654,1,False,False
72,14.4,2690230209024,714.3891884860608,10.892465058036993,0,False,False
72,14.4,2690230210032,741.0177769552898,8.894919646625725,0,False,False
72,14.4,2690230208496,762.9824236108345,6.37391346512577,0,False,False
72,14.4,2690230208928,725.0837291750004,7.925386145991683,1,False,False
72,14.4,2690230208544,748.675868200942,10.301792134698763,1,False,False
72,14.4,2690230208832,778.3474249122909,13.199053612009063,1,False,False
72,14.4,2690230211136,780.6434676541428,4.206145829007526,0,False,False
72,14.4,2690230211040,795.5092485691786,3.5930954195330793,0,False,False
72,14.4,2690230211328,810.6434025643315,4.162441665645935,0,False,False
72,14.4,2690230211232,814.440690321236,15.071415231989707,1,False,False
72,14.4,2690230211424,855.8659847420396,14.662546949752244,1,False,False
72,14.4,2690230210272,890.7677912281424,10.762198790002337,1,False,False
72,14.4,2690230208208,916.0864482628239,6.423501735980116,1,False,False
72,14.4,2690230210704,827.5483695547066,5.189082968218454,0,False,False
72,14.4,2690230210560,933.6792084254073,5.066290695572469,1,False,False
72,14.4,2690230211280,846.5801811441552,6.604651207473091,0,False,False
72,14.4,2690230211472,868.6605953108985,8.617055729387754,0,False,False
72,14.4,2690230210128,951.5026080372838,7.107844270022289,1,False,False
72,14.4,2690230208784,895.3000392556055,11.26202399315415,0,False,False
72,14.4,2690230208352,927.8281340539378,13.980715577583553,0,False,False
72,14.4,2690230210512,966.5498159470842,15.897093180509437,0,False,False
72,14.4,2690230210080,1008.4415896283883,16.41854283511659,0,False,False
72,14.4,2690230211568,1048.5584219212792,16.17152645897523,0,False,False
72,14.4,2690230208256,1091.1222840006506,16.422487027319637,0,False,False
72,14.4,2690230210464,975.8910387926152,10.473975379464928,1,False,False
72,14.4,2690230210224,1135.600837480819,16.884364046466118,0,False,False
72,14.4,2690230210320,1008.5428043687128,13.01610842944425,1,False,False
72,14.4,2690230210800,1045.3529489352554,14.348943703992049,1,False,False
72,14.4,2690230208640,1082.162206530872,15.23100975631001,1,False,False
72,14.4,2690230210896,1123.365837615371,16.902983207472914,1,False,False
72,14.4,2690230210656,1180.2909752037049,17.7347191908245,0,False,False
72,14.4,2690230209936,1170.260277408224,18.538598476553457,1,False,False
72,14.4,2690230209696,1220.188094389867,19.610932192946755,1,False,False
72,14.4,2690230210608,1279.042730019854,21.17101785574664,1,False,False
72,14.4,2690230208400,1226.7341303972048,18.988727143566425,0,False,False
72,14.4,2690230210752,1279.896957067608,20.13990773649388,0,False,False
72,14.4,2690230208592,1355.8212164040842,23.175010397841458,1,False,False
72,14.4,2690230209984,1343.1799309989249,21.476504231220897,0,False,False
73,14.6,2690230209216,353.982302155782,0.00043031599737226617,0,True,True
73,14.6,2690230209408,344.0653735970918,-0.15336629195365392,0,False,False
73,14.6,2690230209360,358.982302155782,0.0003007341582205759,0,False,True
73,14.6,2690230209072,411.38401558844123,12.01690190083172,0,False,False
73,14.6,2690230209840,439.09312334124417,12.204449847592446,1,False,False
73,14.6,2690230209792,533.0295989651967,14.032452931579806,0,False,False
73,14.6,2690230210992,465.3025701243919,13.200759534788833,0,False,False
73,14.6,2690230211520,497.94387516280887,14.092133432253291,0,False,False
73,14.6,2690230208688,477.46888611160153,4.419778506290265,1,False,False
73,14.6,2690230210416,495.01621381170236,6.3195559335021105,1,False,False
73,14.6,2690230209600,567.4702457154264,13.52255125566252,0,False,False
73,14.6,2690230211088,517.3589959943154,8.9443100671849,1,False,False
73,14.6,2690230208304,600.5096116602632,12.438254818494906,0,False,False
73,14.6,2690230209744,630.1220748782775,11.723035280418634,0,False,False
73,14.6,2690230209120,545.0804869793262,11.27860467838081,1,False,False
73,14.6,2690230209552,658.4697717375785,11.814188213153777,0,False,False
73,14.6,2690230210848,576.6124805672492,12.481844878623331,1,False,False
73,14.6,2690230208448,609.4390501113655,12.180322249352027,1,False,False
73,14.6,2690230211376,639.3205285639946,10.464658268109915,1,False,False
73,14.6,2690230208736,664.6581083395432,8.515563653311967,1,False,False
73,14.6,2690230208880,686.3065607710347,7.207472774431024,1,False,False
73,14.6,2690230208976,687.5035982060604,11.847901547917566,0,False,False
73,14.6,2690230211184,706.1797937453201,6.969486389437774,1,False,False
73,14.6,2690230209024,716.5566270129149,10.723967293596104,0,False,False
73,14.6,2690230210032,742.7789240237365,8.625782547848779,0,False,False
73,14.6,2690230208496,764.2384746489545,6.094709401018202,0,False,False
73,14.6,2690230208928,726.681032232236,8.110877712904102,1,False,False
73,14.6,2690230208544,750.7534668760312,10.56026584905463,1,False,False
73,14.6,2690230208832,781.0016489166329,13.412822747958419,1,False,False
73,14.6,2690230211136,781.4746688754542,4.059452635088908,0,False,False
73,14.6,2690230211040,796.2279460415868,3.596921135176971,0,False,False
73,14.6,2690230211328,811.4814269634788,4.246972414263753,0,False,False
73,14.6,2690230211232,817.4580185343951,15.113034256108273,1,False,False
73,14.6,2690230211424,858.7824964657705,14.417542558652972,1,False,False
73,14.6,2690230210272,892.8934697398255,10.361172346186509,1,False,False
73,14.6,2690230208208,917.3554542705458,6.194610909045583,1,False,False
73,14.6,2690230210704,828.5948682302069,5.320763045987996,0,False,False
73,14.6,2690230210560,934.6992754214073,5.17334427856322,1,False,False
73,14.6,2690230211280,847.9137325748063,6.795274944013095,0,False,False
73,14.6,2690230211472,870.4001919381468,8.860400784463659,0,False,False
73,14.6,2690230210128,952.9430734167031,7.392411453333073,1,False,False
73,14.6,2690230208784,897.5698858964403,11.522729239995483,0,False,False
73,14.6,2690230208352,930.6375095347826,14.177040991665661,0,False,False
73,14.6,2690230210512,969.7354583402482,15.98866126455321,0,False,False
73,14.6,2690230210080,1011.7265151074979,16.43620726094436,0,False,False
73,14.6,2690230211568,1051.7937086910033,16.18621992932923,0,False,False
73,14.6,2690230208256,1094.4079465616906,16.440175783384323,0,False,False
73,14.6,2690230210464,978.004056585235,10.7457202652057,1,False,False
73,14.6,2690230210224,1138.9803450683519,16.923995313369087,0,False,False
73,14.6,2690230210320,1011.1578090072228,13.191109795544921,1,False,False
73,14.6,2690230210800,1048.2305123715569,14.464742143363601,1,False,False
73,14.6,2690230208640,1085.215457159426,15.335872948423336,1,False,False
73,14.6,2690230210896,1126.7512794268466,16.97494220751873,1,False,False
73,14.6,2690230210656,1183.8419859945398,17.795317147290856,0,False,False
73,14.6,2690230209936,1173.970898319473,18.58173652110373,1,False,False
73,14.6,2690230209696,1224.1122412988225,19.640153460651515,1,False,False
73,14.6,2690230210608,1283.2778966076594,21.185393586241222,1,False,False
73,14.6,2690230208400,1230.534432848846,19.026781384720227,0,False,False
73,14.6,2690230210752,1283.9263363908196,20.160744095554634,0,False,False
73,14.6,2690230208592,1360.4562184836525,23.175010397841458,1,False,False
73,14.6,2690230209984,1347.4752318451688,21.476504231220897,0,False,False
74,14.8,2690230209216,353.98237049543354,0.00034986284349318474,0,True,True
74,14.8,2690230209408,344.0429404321107,-0.13617557204410402,0,False,False
74,14.8,2690230209360,358.98237049543354,0.0002445080089354845,0,False,True
74,14.8,2690230209072,413.7797260790673,12.403341709141142,0,False,False
74,14.8,2690230209840,441.5258593917816,12.076967806638034,1,False,False
74,14.8,2690230209792,535.8339604225988,13.999879710057352,0,False,False
74,14.8,2690230210992,467.94805222072534,13.279892110891328,0,False,False
74,14.8,2690230211520,500.7633283950165,14.10660633217713,0,False,False
74,14.8,2690230208688,478.36148556732076,4.552557883183668,1,False,False
74,14.8,2690230210416,496.2959454668473,6.558111372060485,1,False,False
74,14.8,2690230209600,570.169944479803,13.450142419111328,0,False,False
74,14.8,2690230211088,519.1648350243877,9.198365579503632,1,False,False
74,14.8,2690230208304,602.9927343068616,12.371187589418081,0,False,False
74,14.8,2690230209744,632.4661438219499,11.715482740574496,0,False,False
74,14.8,2690230209120,547.348282940924,11.457507150298786,1,False,False
74,14.8,2690230209552,660.8331468283551,11.821095243531735,0,False,False
74,14.8,2690230210848,579.1122101402605,12.52929501223341,1,False,False
74,14.8,2690230208448,611.8685770903553,12.079716633548454,1,False,False
74,14.8,2690230211376,641.4015323976615,10.285001809637619,1,False,False
74,14.8,2690230208736,666.3504409293655,8.355084267788282,1,False,False
74,14.8,2690230208880,687.7429929820686,7.134310834258138,1,False,False
74,14.8,2690230208976,689.8684464226532,11.77457470539995,0,False,False
74,14.8,2690230211184,707.5774715478086,7.029380779292726,1,False,False
74,14.8,2690230209024,718.6895620201103,10.543417860428896,0,False,False
74,14.8,2690230210032,744.4857928619465,8.350181793656361,0,False,False
74,14.8,2690230208496,765.4392427042325,5.824186534805728,0,False,False
74,14.8,2690230208928,728.3160480980451,8.305385365271384,1,False,False
74,14.8,2690230208544,752.882703577839,10.817677035577885,1,False,False
74,14.8,2690230208832,783.6978839455281,13.615285869791602,1,False,False
74,14.8,2690230211136,782.2776485566515,3.929502118149275,0,False,False
74,14.8,2690230211040,796.9481933596495,3.6123946695386304,0,False,False
74,14.8,2690230211328,812.3368010739746,4.3381172551111495,0,False,False
74,14.8,2690230211232,820.4824452865612,15.136182545887843,1,False,False
74,14.8,2690230211424,861.6485144271189,14.150385181405666,1,False,False
74,14.8,2690230210272,894.9391163707168,9.963413939774389,1,False,False
74,14.8,2690230208208,918.5806494192456,5.995333534308439,1,False,False
74,14.8,2690230210704,829.6681362070586,5.4589251372817555,0,False,False
74,14.8,2690230210560,935.7421998402217,5.301745144996099,1,False,False
74,14.8,2690230211280,849.2857951957493,6.991630037719512,0,False,False
74,14.8,2690230211472,872.1886154494523,9.105981821976032,0,False,False
74,14.8,2690230210128,954.4407663668778,7.681433682558623,1,False,False
74,14.8,2690230208784,899.8915852580046,11.778972230316121,0,False,False
74,14.8,2690230208352,933.485501493285,14.36363360557907,0,False,False
74,14.8,2690230210512,972.9388858967282,16.07239912415801,0,False,False
74,14.8,2690230210080,1015.0148023397912,16.451371381581563,0,False,False
74,14.8,2690230211568,1055.0319267818459,16.200817292699845,0,False,False
74,14.8,2690230208256,1097.6972094921093,16.458794021060193,0,False,False
74,14.8,2690230210464,980.1709368599697,11.01007794638791,1,False,False
74,14.8,2690230210224,1142.3678097801662,16.964065960538257,0,False,False
74,14.8,2690230210320,1013.8072951935436,13.358381148894477,1,False,False
74,14.8,2690230210800,1051.1309908312041,14.576893620292799,1,False,False
74,14.8,2690230208640,1088.28942202522,15.436880859175906,1,False,False
74,14.8,2690230210896,1130.150900676596,17.043753935076865,1,False,False
74,14.8,2690230210656,1187.404995323329,17.854109585285002,0,False,False
74,14.8,2690230209936,1177.6900348664276,18.62321957200937,1,False,False
74,14.8,2690230209696,1228.0421774597385,19.668558398784096,1,False,False
74,14.8,2690230210608,1287.5159176751852,21.199461573914498,1,False,False
74,14.8,2690230208400,1234.342257224113,19.063518381664732,0,False,False
74,14.8,2690230210752,1287.9598443500047,20.181006232621854,0,False,False
74,14.8,2690230208592,1365.0912205632208,23.175010397841458,1,False,False
74,14.8,2690230209984,1351.7705326914127,21.476504231220897,0,False,False
75,15.0,2690230209216,353.98242605810134,0.0002844514496430516,0,True,True
75,15.0,2690230209408,344.0229749530048,-0.11941538859487107,0,False,False
75,15.0,2690230209360,358.9824260581014,0.0001987940671167317,0,False,True
75,15.0,2690230209072,416.26879125435136,12.774823536096239,0,False,False
75,15.0,2690230209840,443.9312175742297,11.921338411675006,1,False,False
75,15.0,2690230209792,538.6316175502577,13.964476590129554,0,False,False
75,15.0,2690230210992,470.60909523402944,13.354974747793447,0,False,False
75,15.0,2690230211520,503.5854007026625,14.116971453141629,0,False,False
75,15.0,2690230208688,479.2815621741453,4.698968698185607,1,False,False
75,15.0,2690230210416,497.6237482845999,6.801895054590178,1,False,False
75,15.0,2690230209600,572.8550969713988,13.376842818936217,0,False,False
75,15.0,2690230211088,521.0212914746365,9.449351033702914,1,False,False
75,15.0,2690230208304,605.4627010332433,12.307984231065545,0,False,False
75,15.0,2690230209744,634.8088481201394,11.709998763876126,0,False,False
75,15.0,2690230209120,549.651183063716,11.626152967819163,1,False,False
75,15.0,2690230209552,663.1975464568876,11.822523895740074,0,False,False
75,15.0,2690230210848,581.6205405394242,12.56339049944012,1,False,False
75,15.0,2690230208448,614.2772285435273,11.967901541957575,1,False,False
75,15.0,2690230211376,643.4463993610974,10.10245755849406,1,False,False
75,15.0,2690230208736,668.0110608695728,8.200548796741332,1,False,False
75,15.0,2690230208880,689.1656322425937,7.073825656861162,1,False,False
75,15.0,2690230208976,692.2179192716089,11.690522169581559,0,False,False
75,15.0,2690230211184,708.9880762988101,7.103398228114829,1,False,False
75,15.0,2690230209024,720.7855875909235,10.350908284588465,0,False,False
75,15.0,2690230210032,746.1371820388408,8.069506876301848,0,False,False
75,15.0,2690230208496,766.586556121935,5.563701603018262,0,False,False
75,15.0,2690230208928,729.9905194749635,8.50800020314781,1,False,False
75,15.0,2690230208544,755.0633025507576,11.073080448625355,1,False,False
75,15.0,2690230208832,786.4338200719272,13.805717688750937,1,False,False
75,15.0,2690230211136,783.0557491903126,3.816181407666056,0,False,False
75,15.0,2690230211040,797.6722834573109,3.638969068091394,0,False,False
75,15.0,2690230211328,813.2108362778656,4.435708845649028,0,False,False
75,15.0,2690230211232,823.5102492661653,15.14045727688689,1,False,False
75,15.0,2690230211424,864.4596848099081,13.862283207900097,1,False,False
75,15.0,2690230210272,896.9055838946838,9.5718976791583,1,False,False
75,15.0,2690230208208,919.7679817738839,5.825981928667113,1,False,False
75,15.0,2690230210704,830.7694643994488,5.603483182861119,0,False,False
75,15.0,2690230210560,936.812145518757,5.449914186278329,1,False,False
75,15.0,2690230211280,850.6974952096521,7.193409727322218,0,False,False
75,15.0,2690230211472,874.0262732878012,9.35320129548258,0,False,False
75,15.0,2690230210128,955.9965018267147,7.973781925816212,1,False,False
75,15.0,2690230208784,902.2642044348922,12.030155289389564,0,False,False
75,15.0,2690230208352,936.370163412058,14.540507755338929,0,False,False
75,15.0,2690230210512,976.1585616089601,16.14874286047619,0,False,False
75,15.0,2690230210080,1018.3059708900864,16.46432509503968,0,False,False
75,15.0,2690230211568,1058.2730611944642,16.215380407479685,0,False,False
75,15.0,2690230208256,1100.9902557214511,16.478296904824294,0,False,False
75,15.0,2690230210464,982.3901763356156,11.266673987597564,1,False,False
75,15.0,2690230210224,1145.7633125299556,17.004473253979103,0,False,False
75,15.0,2690230210320,1016.4897325404029,13.518160766832132,1,False,False
75,15.0,2690230210800,1054.0536617566147,14.685499889307515,1,False,False
75,15.0,2690230208640,1091.3833364522463,15.534131022557244,1,False,False
75,15.0,2690230210896,1133.564083251725,17.109587232411553,1,False,False
75,15.0,2690230210656,1190.9796452111407,17.911143830413305,0,False,False
75,15.0,2690230209936,1181.4173632849268,18.663154410956093,1,False,False
75,15.0,2690230209696,1231.9777421717536,19.696184972332638,1,False,False
75,15.0,2690230210608,1291.75673234255,21.213231763543877,1,False,False
75,15.0,2690230208400,1238.157344973745,19.099010587603118,0,False,False
75,15.0,2690230210752,1291.9973676739146,20.200717489426836,0,False,False
75,15.0,2690230208592,1369.726222642789,23.175010397841458,1,False,False
75,15.0,2690230209984,1356.0658335376565,21.476504231220897,0,False,False
76,15.2,2690230209216,353.9824712326082,0.00023126956379867662,0,True,True
76,15.2,2690230209408,344.00544639471457,-0.10329475316131126,0,False,False
76,15.2,2690230209360,358.9824712326082,0.00016162693930912942,0,False,True
76,15.2,2690230209072,418.83947894943947,13.129068965375199,0,False,False
76,15.2,2690230209840,446.3037953868537,11.741410885986312,1,False,False
76,15.2,2690230209792,541.4220093243551,13.9263219327957,0,False,False
76,15.2,2690230210992,473.2848785473197,13.425871452594443,0,False,False
76,15.2,2690230211520,506.40927790360814,14.123338682606661,0,False,False
76,15.2,2690230208688,480.2317859359412,4.858167220316206,1,False,False
76,15.2,2690230210416,499.00061622058615,7.050133532403423,1,False,False
76,15.2,2690230209600,575.5255478409147,13.302991470149156,0,False,False
76,15.2,2690230211088,522.927702003736,9.696527970072998,1,False,False
76,15.2,2690230208304,607.9202841190686,12.248627873982715,0,False,False
76,15.2,2690230209744,637.1505653963696,11.706038771063662,0,False,False
76,15.2,2690230209120,551.9871031850414,11.784057712970462,1,False,False
76,15.2,2690230209552,665.5618374031972,11.81791173842294,0,False,False
76,15.2,2690230210848,584.1347965589272,12.5840757934763,1,False,False
76,15.2,2690230208448,616.662795487122,11.845382065788122,1,False,False
76,15.2,2690230211376,645.4546112966699,9.917923854038426,1,False,False
76,15.2,2690230208736,669.6412150448423,8.052821713428399,1,False,False
76,15.2,2690230208880,690.5770378665645,7.026357462583264,1,False,False
76,15.2,2690230208976,694.5498491841271,11.595411319764555,0,False,False
76,15.2,2690230211184,710.414402044691,7.191066662884189,1,False,False
76,15.2,2690230209024,722.8423238524153,10.146647964222351,0,False,False
76,15.2,2690230210032,747.7321736534327,7.78522728995057,0,False,False
76,15.2,2690230208496,767.682506930615,5.3144940091101125,0,False,False
76,15.2,2690230208928,731.7060069855833,8.717809454377507,1,False,False
76,15.2,2690230208544,757.2948000704175,11.325547406493342,1,False,False
76,15.2,2690230208832,789.2070039672594,13.983417558486423,1,False,False
76,15.2,2690230211136,783.8122842401241,3.719283386878396,0,False,False
76,15.2,2690230211040,798.4024007136985,3.676110927163635,0,False,False
76,15.2,2690230211328,814.1048116940468,4.539597254541905,0,False,False
76,15.2,2690230211232,826.5376301198207,15.125480130509413,1,False,False
76,15.2,2690230211424,867.211912550178,13.554701641721422,1,False,False
76,15.2,2690230210272,898.7943150212228,9.1895141262793,1,False,False
76,15.2,2690230208208,920.9234417847149,5.6865724151048305,1,False,False
76,15.2,2690230210704,831.9001253719675,5.75433384651439,0,False,False
76,15.2,2690230210560,937.9129622634943,5.616301789464288,1,False,False
76,15.2,2690230211280,852.1498957704338,7.40028208355595,0,False,False
76,15.2,2690230211472,875.9134530819209,9.601457903839348,0,False,False
76,15.2,2690230210128,957.610872464394,8.26837937661415,1,False,False
76,15.2,2690230208784,904.6866938007254,12.275723807828427,0,False,False
76,15.2,2690230208352,939.2895556686603,14.70773718460574,0,False,False
76,15.2,2690230210512,979.3930357739936,16.218128932660406,0,False,False
76,15.2,2690230210080,1021.5995969664691,16.475338386955716,0,False,False
76,15.2,2690230211568,1061.5171088656334,16.22996467273938,0,False,False
76,15.2,2690230208256,1104.2872591191422,16.498638288412618,0,False,False
76,15.2,2690230210464,984.6602008084812,11.51519355510122,1,False,False
76,15.2,2690230210224,1149.1669141912935,17.045122013186575,0,False,False
76,15.2,2690230210320,1019.203639456874,13.670703168658884,1,False,False
76,15.2,2690230210800,1056.9978227213855,14.790659537023924,1,False,False
76,15.2,2690230208640,1094.4964557914257,15.627728433135555,1,False,False
76,15.2,2690230210896,1136.990242413891,17.172604928334998,1,False,False
76,15.2,2690230210656,1194.5655872703055,17.966468982287367,0,False,False
76,15.2,2690230209936,1185.1525806547384,18.701640236866584,1,False,False
76,15.2,2690230209696,1235.9187821763833,19.723068918065287,1,False,False
76,15.2,2690230210608,1296.00028169341,21.22671372130944,1,False,False
76,15.2,2690230208400,1241.9794517319403,19.133325907294566,0,False,False
76,15.2,2690230210752,1296.0387976839806,20.2199000845148,0,False,False
76,15.2,2690230208592,1374.3612247223573,23.175010397841458,1,False,False
76,15.2,2690230209984,1360.3611343839004,21.476504231220897,0,False,False
77,15.4,2690230209216,353.98250796115536,0.00018803072090772403,0,True,True
77,15.4,2690230209408,343.99028589454434,-0.08798193376686235,0,False,False
77,15.4,2690230209360,358.98250796115536,0.0001314086878412596,0,False,True
77,15.4,2690230209072,421.48397319239615,13.46452286063002,0,False,False
77,15.4,2690230209840,448.63899211343835,11.541304016342494,1,False,False
77,15.4,2690230209792,544.2045915754476,13.885511529486669,0,False,False
77,15.4,2690230210992,475.9745568844847,13.49247505249018,0,False,False
77,15.4,2690230211520,509.23416759235585,14.125815067570706,0,False,False
77,15.4,2690230208688,481.2146583401638,5.029313972221436,1,False,False
77,15.4,2690230210416,500.4273890903645,7.302061187802197,1,False,False
77,15.4,2690230209600,578.1812085847132,13.228912474957667,0,False,False
77,15.4,2690230211088,524.8832560533109,9.939165420599723,1,False,False
77,15.4,2690230208304,610.3662496476815,12.193059482410906,0,False,False
77,15.4,2690230209744,639.4915634128863,11.703044319053037,0,False,False
77,15.4,2690230209120,554.353864701704,11.930773899043672,1,False,False
77,15.4,2690230209552,667.9247741815257,11.806699679698788,0,False,False
77,15.4,2690230210848,586.6522944741533,12.59133434804323,1,False,False
77,15.4,2690230208448,619.023173420617,11.712715716682908,1,False,False
77,15.4,2690230211376,647.4258318012918,9.73232895420765,1,False,False
77,15.4,2690230208736,671.2423209547633,7.912731365780569,1,False,False
77,15.4,2690230208880,691.9798314516119,6.992160126822995,1,False,False
77,15.4,2690230208976,696.8620033818371,11.488931278994304,0,False,False
77,15.4,2690230211184,711.8591444796747,7.291856607828639,1,False,False
77,15.4,2690230209024,724.8574410522812,9.930971260664265,0,False,False
77,15.4,2690230210032,749.2701479677039,7.498871742342503,0,False,False
77,15.4,2690230208496,768.7294267136102,5.077676493799918,0,False,False
77,15.4,2690230208928,733.4638885771177,8.933899056513273,1,False,False
77,15.4,2690230208544,759.5765478680215,11.574167509921155,1,False,False
77,15.4,2690230208832,792.0148437674831,14.147708518032767,1,False,False
77,15.4,2690230211136,784.5505200671618,3.638518347910801,0,False,False
77,15.4,2690230211040,799.1406239483192,3.7233044582675943,0,False,False
77,15.4,2690230211328,815.0199774596335,4.649646949439058,0,False,False
77,15.4,2690230211232,829.5607138903173,15.09090581222696,1,False,False
77,15.4,2690230211424,869.9014126755122,13.229360715750335,1,False,False
77,15.4,2690230210272,900.6073226805278,8.819026123999475,1,False,False
77,15.4,2690230208208,922.0530047189399,5.576850649083357,1,False,False
77,15.4,2690230210704,833.061369824213,5.911355653860357,0,False,False
77,15.4,2690230210560,939.048192471207,5.799397890281061,1,False,False
77,15.4,2690230211280,853.6439920369979,7.6118913600980695,0,False,False
77,15.4,2690230211472,877.8503221417392,9.850150291989314,0,False,False
77,15.4,2690230210128,959.2842588951964,8.564198233453201,1,False,False
77,15.4,2690230208784,907.157895870478,12.515169885504005,0,False,False
77,15.4,2690230208352,942.2417571029628,14.865450201100648,0,False,False
77,15.4,2690230210512,982.6409458028712,16.28099034549178,0,False,False
77,15.4,2690230210080,1024.895309479362,16.48466197341602,0,False,False
77,15.4,2690230211568,1064.7640773986375,16.244619362302366,0,False,False
77,15.4,2690230208256,1107.5883842572302,16.519771082682173,0,False,False
77,15.4,2690230210464,986.9793771001436,11.755381677273745,1,False,False
77,15.4,2690230210224,1152.5786570937155,17.08592438494066,0,False,False
77,15.4,2690230210320,1021.9475861397948,13.816275315839205,1,False,False
77,15.4,2690230210800,1059.9627908336881,14.892468519717621,1,False,False
77,15.4,2690230208640,1097.628056812191,15.71778406109062,1,False,False
77,15.4,2690230210896,1140.4288255677013,17.232963434435604,1,False,False
77,15.4,2690230210656,1198.1624830249011,18.020135412984512,0,False,False
77,15.4,2690230209936,1188.8954034138712,18.738769126924158,1,False,False
77,15.4,2690230209696,1239.865151221072,19.749243880893758,1,False,False
77,15.4,2690230210608,1300.2465087000485,21.23991664701025,1,False,False
77,15.4,2690230208400,1245.8083464243043,19.166527959752933,0,False,False
77,15.4,2690230210752,1300.0840300731945,20.23857516569114,0,False,False
77,15.4,2690230208592,1378.9962268019256,23.175010397841458,1,False,False
77,15.4,2690230209984,1364.6564352301443,21.476504231220897,0,False,False
78,15.6,2690230209216,353.9825378228246,0.00015287594019875402,0,True,True
78,15.6,2690230209408,343.97739288003686,-0.0736074244482561,0,False,False
78,15.6,2690230209360,358.9825378228246,0.00010684013020338262,0,False,True
78,15.6,2690230209072,424.1963116051058,13.780211087217618,0,False,False
78,15.6,2690230209840,450.9330501909919,11.32531323299635,1,False,False
78,15.6,2690230209792,546.9788403820171,13.842157191616888,0,False,False
78,15.6,2690230210992,478.6772655877894,13.554704397881336,0,False,False
78,15.6,2690230211520,512.0592986235836,14.124505587242616,0,False,False
78,15.6,2690230208688,482.2325134301614,5.211576815578956,1,False,False
78,15.6,2690230210416,501.904754013793,7.556918438819212,1,False,False
78,15.6,2690230209600,580.8220543981479,13.154912582646453,0,False,False
78,15.6,2690230211088,526.8869974631674,10.176541736661086,1,False,False
78,15.6,2690230208304,612.8013491277316,12.141178721955013,0,False,False
78,15.6,2690230209744,641.8319973893972,11.700444429987172,0,False,False
78,15.6,2690230209120,556.749202034797,12.0658920653912,1,False,False
78,15.6,2690230209552,670.284999728266,11.78833239703697,0,False,False
78,15.6,2690230210848,589.170349891747,12.58518945594879,1,False,False
78,15.6,2690230208448,621.3563729358234,11.570514188447325,1,False,False
78,15.6,2690230211376,649.3599117789905,9.546624375509351,1,False,False
78,15.6,2690230208736,672.8159589233361,7.781061662752733,1,False,False
78,15.6,2690230208880,693.3766796503232,6.971402041083362,1,False,False
78,15.6,2690230208976,699.152088847953,11.370802420774227,0,False,False
78,15.6,2690230211184,713.3248899560613,7.405188452793758,1,False,False
78,15.6,2690230209024,726.8286849141175,9.704342420953644,0,False,False
78,15.6,2690230210032,750.7507938108298,7.212006443263437,0,False,False
78,15.6,2690230208496,769.7298607936292,4.854228480788119,0,False,False
78,15.6,2690230208928,735.2653594136098,9.155355833744885,1,False,False
78,15.6,2690230208544,761.907716910856,11.818050533448641,1,False,False
78,15.6,2690230208832,794.8546137434553,14.297936294982545,1,False,False
78,15.6,2690230211136,785.2736601896207,3.573525633409194,0,False,False
78,15.6,2690230211040,799.8889301669203,3.7800546333803577,0,False,False
78,15.6,2690230211328,815.957557409942,4.765733809974873,0,False,False
78,15.6,2690230211232,832.5755602972611,15.036432640827156,1,False,False
78,15.6,2690230211424,872.524760867952,12.888226919724291,1,False,False
78,15.6,2690230210272,902.347161767212,8.463029239952103,1,False,False
78,15.6,2690230208208,923.162578397911,5.496320297230732,1,False,False
78,15.6,2690230210704,834.2544229148397,6.0744083066745125,0,False,False
78,15.6,2690230210560,940.2210795380718,5.997738803169589,1,False,False
78,15.6,2690230211280,855.1807065090704,7.827859519043456,0,False,False
78,15.6,2690230211472,879.8369276952217,10.098680767110656,0,False,False
78,15.6,2690230210128,961.0168393121739,8.860257336309576,1,False,False
78,15.6,2690230208784,909.6765548612427,12.748035498462587,0,False,False
78,15.6,2690230208352,945.224875579431,15.013824323539032,0,False,False
78,15.6,2690230210512,985.9010153036365,16.33775337571179,0,False,False
78,15.6,2690230210080,1028.192786234594,16.492528019970095,0,False,False
78,15.6,2690230211568,1068.0139838605155,16.259387959039817,0,False,False
78,15.6,2690230208256,1110.8937862450405,16.541647598408883,0,False,False
78,15.6,2690230210464,989.3460250114555,11.987042812096098,1,False,False
78,15.6,2690230210224,1155.9985664715794,17.12679958867857,0,False,False
78,15.6,2690230210320,1024.7201968223765,13.955153077347893,1,False,False
78,15.6,2690230210800,1062.9479022420323,14.991020623624149,1,False,False
78,15.6,2690230208640,1100.777438804117,15.80441347430078,1,False,False
78,15.6,2690230210896,1143.8793109570088,17.290812467313216,1,False,False
78,15.6,2690230210656,1201.7700041348212,18.072194323011146,0,False,False
78,15.6,2690230209936,1192.6455659644353,18.774626486931236,1,False,False
78,15.6,2690230209696,1243.8167096495476,19.774741543226277,1,False,False
78,15.6,2690230210608,1304.495358150925,21.252849386464,1,False,False
78,15.6,2690230208400,1249.6438104277597,19.198676332085494,0,False,False
78,15.6,2690230210752,1304.1329646953786,20.25676286094945,0,False,False
78,15.6,2690230208592,1383.6312288814938,23.175010397841458,1,False,False
78,15.6,2690230209984,1368.9517360763882,21.476504231220897,0,False,False
79,15.8,2690230209216,353.9825621014676,0.00012429380145344624,0,True,True
79,15.8,2690230209408,343.96664132850265,-0.06026707089206935,0,False,False
79,15.8,2690230209360,358.9825621014676,8.686498289720945e-05,0,False,True
79,15.8,2690230209072,426.97143872596354,14.07556592362014,0,False,False
79,15.8,2690230209840,453.1830811142098,11.09781648538769,1,False,False
79,15.8,2690230209792,549.7442551752557,13.796385240613047,0,False,False
79,15.8,2690230210992,481.392125506552,13.612501830184959,0,False,False
79,15.8,2690230211520,514.8839207493648,14.119513909129664,0,False,False
79,15.8,2690230208688,483.287519425754,5.404133036683079,1,False,False
79,15.8,2690230210416,503.4332465112344,7.813950121620381,1,False,False
79,15.8,2690230209600,583.448120547732,13.081278857154626,0,False,False
79,15.8,2690230211088,528.9378264734302,10.407946725593138,1,False,False
79,15.8,2690230208304,615.226311300982,12.092845008944852,0,False,False
79,15.8,2690230209744,644.1719075751928,11.697656741748867,0,False,False
79,15.8,2690230209120,559.1707702887132,12.189041506083283,1,False,False
79,15.8,2690230209552,672.6410462162509,11.762259391657969,0,False,False
79,15.8,2690230210848,591.6862857945158,12.565705497743908,1,False,False
79,15.8,2690230208448,623.6605306408863,11.419444516835926,1,False,False
79,15.8,2690230211376,651.256893606439,9.361777442545185,1,False,False
79,15.8,2690230208736,674.3638626987604,7.658544586128392,1,False,False
79,15.8,2690230208880,694.7702771883086,6.964168061529934,1,False,False
79,15.8,2690230208976,701.41775924805,11.240786562723018,0,False,False
79,15.8,2690230211184,714.8141059184759,7.530439258442724,1,False,False
79,15.8,2690230209024,728.753902816993,9.467358039618016,0,False,False
79,15.8,2690230210032,752.1741146126509,6.92621310683453,0,False,False
79,15.8,2690230208496,770.6865412614911,4.644992025850327,0,False,False
79,15.8,2690230208928,737.1114321824355,9.38126938118757,1,False,False
79,15.8,2690230208544,764.2873015689655,12.056328417499826,1,False,False
79,15.8,2690230208832,797.7234587755372,14.433468393753524,1,False,False
79,15.8,2690230211136,785.984831858705,3.5238850504499313,0,False,False
79,15.8,2690230211040,800.6491988785925,3.845889479129766,0,False,False
79,15.8,2690230211328,816.9187511648606,4.887742205977329,0,False,False
79,15.8,2690230211232,835.5781722685483,14.961815096188689,1,False,False
79,15.8,2690230211424,875.0789417116995,12.533496212156159,1,False,False
79,15.8,2690230210272,904.0168933258501,8.12391765619452,1,False,False
79,15.8,2690230208208,924.2579568337335,5.444273908740668,1,False,False
79,15.8,2690230210704,835.4804804601785,6.24333217241332,0,False,False
79,15.8,2690230210560,941.4345774461061,6.209911335047326,1,False,False
79,15.8,2690230211280,856.7608846788542,8.04778791382705,0,False,False
79,15.8,2690230211472,881.8731978686534,10.346459013551016,0,False,False
79,15.8,2690230210128,962.8085987012954,9.155620656261544,1,False,False
79,15.8,2690230208784,912.241326849675,12.973915096071522,0,False,False
79,15.8,2690230208352,948.2370574533003,15.153080582529906,0,False,False
79,15.8,2690230210512,989.1720525446278,16.38883481819819,0,False,False
79,15.8,2690230210080,1031.491750274179,16.499150914713987,0,False,False
79,15.8,2690230211568,1071.2668536460915,16.27430848764338,0,False,False
79,15.8,2690230208256,1114.2036106306796,16.564219863329892,0,False,False
79,15.8,2690230210464,991.7584291431089,12.210039711243377,1,False,False
79,15.8,2690230210224,1159.4266518604045,17.16767363917269,0,False,False
79,15.8,2690230210320,1027.5201513351922,14.087617990103688,1,False,False
79,15.8,2690230210800,1065.9525117279634,15.086407848760578,1,False,False
79,15.8,2690230208640,1103.9439244103976,15.887735572808248,1,False,False
79,15.8,2690230210896,1147.3412063131798,17.346294880030694,1,False,False
79,15.8,2690230210656,1205.3878325346545,18.122697350607318,0,False,False
79,15.8,2690230209936,1196.4028193676877,18.809291487738612,1,False,False
79,15.8,2690230209696,1247.7733240175846,19.799591747384692,1,False,False
79,15.8,2690230210608,1308.7467765807119,21.26552044397628,1,False,False
79,15.8,2690230208400,1253.4856367805908,19.229826823615998,0,False,False
79,15.8,2690230210752,1308.1855053645352,20.274482327762644,0,False,False
79,15.8,2690230208592,1388.266230961062,23.175010397841458,1,False,False
79,15.8,2690230209984,1373.247036922632,21.476504231220897,0,False,False
80,16.0,2690230209216,353.98258184090355,0.0001010554640557797,0,True,True
80,16.0,2690230209408,343.9578857506908,-0.04802532143544014,0,False,False
80,16.0,2690230209360,358.98258184090344,7.062444831702007e-05,0,False,True
80,16.0,2690230209072,429.8047457473382,14.350312988665804,0,False,False
80,16.0,2690230209840,455.3870741686657,10.863181595939725,1,False,False
80,16.0,2690230209792,552.5003615353916,13.748334901921636,0,False,False
80,16.0,2690230210992,484.11824746758106,13.665830853758647,0,False,False
80,16.0,2690230211520,517.7073044056366,14.11094311213571,0,False,False
80,16.0,2690230208688,484.38168070183775,5.606170578035529,1,False,False
80,16.0,2690230210416,505.01325129127275,8.072404110855889,1,False,False
80,16.0,2690230209600,586.0594982850714,13.008276472669893,0,False,False
80,16.0,2690230211088,531.0345021717045,10.632684039423141,1,False,False
80,16.0,2690230208304,617.6418341702239,12.047878705385855,0,False,False
80,16.0,2690230209744,646.5112170414495,11.694088519229895,0,False,False
80,16.0,2690230209120,561.6161530331589,12.299890667897143,1,False,False
80,16.0,2690230209552,674.9913361258585,11.727936749641273,0,False,False
80,16.0,2690230210848,594.1974408637021,12.532989602596368,1,False,False
80,16.0,2690230208448,625.9339202669954,11.260229464234325,1,False,False
80,16.0,2690230211376,653.1170137643427,9.178763217069497,1,False,False
80,16.0,2690230208736,675.887908617055,7.5458536473435895,1,False,False
80,16.0,2690230208880,696.1633303369616,6.970462398410977,1,False,False
80,16.0,2690230208976,703.6566239258408,11.098697656944914,0,False,False
80,16.0,2690230211184,716.3291326645897,7.666949031805213,1,False,False
80,16.0,2690230209024,730.6310702912766,9.220746839146369,0,False,False
80,16.0,2690230210032,753.5404300507442,6.643067282995872,0,False,False
80,16.0,2690230208496,771.6023593623092,4.450670248772049,0,False,False
80,16.0,2690230208928,739.0029377634493,9.61073375666298,1,False,False
80,16.0,2690230208544,766.7141241826214,12.28815727615384,1,False,False
80,16.0,2690230208832,800.6183986592945,14.553693422556146,1,False,False
80,16.0,2690230211136,786.6870748920267,3.489127865862593,0,False,False
80,16.0,2690230211040,801.423216818849,3.920361595410205,0,False,False
80,16.0,2690230211328,817.9047356370601,5.015562175787307,0,False,False
80,16.0,2690230211232,838.5645081015588,14.866878109686688,1,False,False
80,16.0,2690230211424,877.5613930690431,12.167569611614672,1,False,False
80,16.0,2690230210272,905.620042307052,7.803856034217119,1,False,False
80,16.0,2690230208208,925.3447801250679,5.4198248007281435,1,False,False
80,16.0,2690230210704,836.7407050422981,6.417947945828481,0,False,False
80,16.0,2690230210560,942.6913610176978,6.434554689806954,1,False,False
80,16.0,2690230211280,858.385291029044,8.271259116178934,0,False,False
80,16.0,2690230211472,883.9589434086691,10.592905783298585,0,False,False
80,16.0,2690230210128,964.6593378097668,9.449396602675575,1,False,False
80,16.0,2690230208784,914.8507904067084,13.192457550461624,0,False,False
80,16.0,2690230208352,951.2764958822701,15.283477636630485,0,False,False
80,16.0,2690230210512,992.4529484002153,16.434639722839275,0,False,False
80,16.0,2690230210080,1034.7919663743244,16.504728076859333,0,False,False
80,16.0,2690230211568,1074.5227194083727,16.289413844304853,0,False,False
80,16.0,2690230208256,1117.5179933642123,16.587439913090968,0,False,False
80,16.0,2690230210464,994.2148504427961,12.4242915974971,1,False,False
80,16.0,2690230210224,1162.8629084365082,17.2084790517506,0,False,False
80,16.0,2690230210320,1030.346186039994,14.213954333617059,1,False,False
80,16.0,2690230210800,1068.975992370561,15.17872071917213,1,False,False
80,16.0,2690230208640,1107.126860215867,15.967871438278722,1,False,False
80,16.0,2690230210896,1150.8140474761117,17.39954658711203,1,False,False
80,16.0,2690230210656,1209.015660497769,18.171696230282997,0,False,False
80,16.0,2690230209936,1200.166930125303,18.84283748529853,1,False,False
80,16.0,2690230209696,1251.7348667327944,19.823822611218414,1,False,False
80,16.0,2690230210608,1313.0007122028192,21.27793799478456,1,False,False
80,16.0,2690230208400,1257.33362944063,19.260031679696468,0,False,False
80,16.0,2690230210752,1312.241559663939,20.29175180065188,0,False,False
80,16.0,2690230208592,1392.9012330406304,23.175010397841458,1,False,False
80,16.0,2690230209984,1377.542337768876,21.476504231220897,0,False,False
81,16.2,2690230209216,353.982597889796,8.216183507231393e-05,0,True,True
81,16.2,2690230209408,343.950966779256,-0.036918560378253015,0,False,False
81,16.2,2690230209360,358.982597889796,5.742029220204535e-05,0,False,True
81,16.2,2690230209072,432.69185277861084,14.604405103315917,0,False,False
81,16.2,2690230209840,457.5438876591015,10.625677790891542,1,False,False
81,16.2,2690230209792,555.2467136606556,13.698156607802622,0,False,False
81,16.2,2690230210992,486.8547363280355,13.714673984235727,0,False,False
81,16.2,2690230211520,520.5287406403199,14.098896362136943,0,False,False
81,16.2,2690230208688,485.5168399638597,5.8168885595796445,1,False,False
81,16.2,2690230210416,506.6450027811272,8.331530230116673,1,False,False
81,16.2,2690230209600,588.6563303294059,12.936146655261135,0,False,False
81,16.2,2690230211088,533.1756454315132,10.850073751550767,1,False,False
81,16.2,2690230208304,620.0485772740715,12.00606242482293,0,False,False
81,16.2,2690230209744,648.8497296688657,11.689137572908717,0,False,False
81,16.2,2690230209120,564.082870145472,12.398147273345973,1,False,False
81,16.2,2690230209552,677.3341837194322,11.684829685188218,0,False,False
81,16.2,2690230210848,596.7011781598478,12.487193696907102,1,False,False
81,16.2,2690230208448,628.1749637923148,11.093646978014139,1,False,False
81,16.2,2690230211376,654.9407038229937,8.998555996105111,1,False,False
81,16.2,2690230208736,677.3901035247837,7.443598375965829,1,False,False
81,16.2,2690230208880,697.5585410187643,6.99021228992129,1,False,False
81,16.2,2690230208976,705.8662590582611,10.944412741628822,0,False,False
81,16.2,2690230211184,717.8721763236172,7.814026437399725,1,False,False
81,16.2,2690230209024,732.4583172842072,8.965366636248602,0,False,False
81,16.2,2690230210032,754.8503734154364,6.364117581063138,0,False,False
81,16.2,2690230208496,772.4803377255344,4.27182808789652,0,False,False
81,16.2,2690230208928,740.9405262282053,9.842849065506242,1,False,False
81,16.2,2690230208544,769.1868400276132,12.512719327845083,1,False,False
81,16.2,2690230208832,803.5363323015819,14.658020837124317,1,False,False
81,16.2,2690230211136,787.3833326694785,3.468747219738495,0,False,False
81,16.2,2690230211040,802.2126829288326,4.003048978002445,0,False,False
81,16.2,2690230211328,818.916665984121,5.149086734467241,0,False,False
81,16.2,2690230211232,841.5304965826501,14.751532774217585,1,False,False
81,16.2,2690230211424,879.9700450959375,11.793021795635097,1,False,False
81,16.2,2690230210272,907.1605501103219,7.504757619003554,1,False,False
81,16.2,2690230208208,926.4285007381053,5.4219388224253375,1,False,False
81,16.2,2690230210704,838.0362220606081,6.598056477564542,0,False,False
81,16.2,2690230210560,943.9938364289782,6.670360644733568,1,False,False
81,16.2,2690230211280,860.0546054052837,8.497838876877344,0,False,False
81,16.2,2690230211472,886.0938601392488,10.837456532159598,0,False,False
81,16.2,2690230210128,966.5686820271933,9.74073808457398,1,False,False
81,16.2,2690230208784,917.5034575757743,13.403367399555709,0,False,False
81,16.2,2690230208352,954.3414379570565,15.405305855341359,0,False,False
81,16.2,2690230210512,995.7426738747745,16.475559585620733,0,False,False
81,16.2,2690230210080,1038.093237706702,16.50944078538199,0,False,False
81,16.2,2690230211568,1077.7816200546058,16.30473212189036,0,False,False
81,16.2,2690230208256,1120.8370608172847,16.611260056075892,0,False,False
81,16.2,2690230210464,996.7135373440711,12.629771697293403,1,False,False
81,16.2,2690230210224,1166.3073182967735,17.24915453480062,0,False,False
81,16.2,2690230210320,1033.1970941999525,14.334446528091334,1,False,False
81,16.2,2690230210800,1072.017735268308,15.268048524113809,1,False,False
81,16.2,2690230208640,1110.325617112604,16.044943298713605,1,False,False
81,16.2,2690230210896,1154.2973970057276,17.45069656865361,1,False,False
81,16.2,2690230210656,1212.6531906351756,18.21924249657138,0,False,False
81,16.2,2690230209936,1203.9376790434671,18.875332422586336,1,False,False
81,16.2,2690230209696,1255.7012157170923,19.847460637093075,1,False,False
81,16.2,2690230210608,1317.2571148444088,21.290109897398377,1,False,False
81,16.2,2690230208400,1261.1876025894974,19.289339814830832,0,False,False
81,16.2,2690230210752,1316.3010387646266,20.30858863697624,0,False,False
81,16.2,2690230208592,1397.5362351201986,23.175010397841458,1,False,False
81,16.2,2690230209984,1381.8376386151199,21.476504231220897,0,False,False
82,16.4,2690230209216,353.98261093814006,6.680061494471983e-05,0,True,True
82,16.4,2690230209408,343.9457162717287,-0.026958473288239478,0,False,False
82,16.4,2690230209360,358.98261093814006,4.668482423775184e-05,0,False,True
82,16.4,2690230209072,435.62851473998666,14.837982213691767,0,False,False
82,16.4,2690230209840,459.65322324391025,10.389393974257194,1,False,False
82,16.4,2690230209792,557.9828964910362,13.646010215096664,0,False,False
82,16.4,2690230210992,489.60069462647004,13.759030760667237,0,False,False
82,16.4,2690230211520,523.3475411727115,14.083477527197667,0,False,False
82,16.4,2690230208688,486.6946804873711,6.035497227079345,1,False,False
82,16.4,2690230210416,508.3285854608386,8.590579496415684,1,False,False
82,16.4,2690230209600,591.2388059490268,12.865104785855046,0,False,False
82,16.4,2690230211088,535.3597423750224,11.05945505188542,1,False,False
82,16.4,2690230208304,622.4471542286356,11.96714241697866,0,False,False
82,16.4,2690230209744,651.1871283155609,11.682193138333583,0,False,False
82,16.4,2690230209120,566.5683856628968,12.483558241905655,1,False,False
82,16.4,2690230209552,679.6677970799569,11.632415930859095,0,False,False
82,16.4,2690230210848,599.1948942367295,12.428516888483111,1,False,False
82,16.4,2690230208448,630.3822423892898,10.920528601416153,1,False,False
82,16.4,2690230211376,656.7285897090899,8.822120580000846,1,False,False
82,16.4,2690230208736,678.8725716712781,7.352319893566924,1,False,False
82,16.4,2690230208880,698.9585916913455,7.023272300077807,1,False,False
82,16.4,2690230208976,708.0442210041385,10.777882875176655,0,False,False
82,16.4,2690230211184,719.4453029388714,7.970953937155224,1,False,False
82,16.4,2690230209024,734.2339536285753,8.702198460027423,0,False,False
82,16.4,2690230210032,756.1048849048616,6.090866271472972,0,False,False
82,16.4,2690230208496,773.32360289096,4.108895184346252,0,False,False
82,16.4,2690230208928,742.9246681527239,10.076723007642157,1,False,False
82,16.4,2690230208544,771.7039426566232,12.729224654502042,1,False,False
82,16.4,2690230208832,806.4740419032488,14.745881297812822,1,False,False
82,16.4,2690230211136,788.0764451659124,3.462207824590325,0,False,False
82,16.4,2690230211040,803.0192134568383,4.093555226009518,0,False,False
82,16.4,2690230211328,819.9556760322823,5.288209336597682,0,False,False
82,16.4,2690230211232,844.4720553218297,14.615793045178547,1,False,False
82,16.4,2690230211424,882.303352562076,11.412563741317811,1,False,False
82,16.4,2690230210272,908.642723167437,7.228268628501055,1,False,False
82,16.4,2690230208208,927.5143560780343,5.449464972756046,1,False,False
82,16.4,2690230210704,839.3681157599909,6.783438763413681,0,False,False
82,16.4,2690230210560,945.3441516664058,6.916072438023171,1,False,False
82,16.4,2690230211280,861.7694197892768,8.727078212547475,0,False,False
82,16.4,2690230211472,888.277532140509,11.079564965796392,0,False,False
82,16.4,2690230210128,968.5360903249147,10.028843238555101,1,False,False
82,16.4,2690230208784,920.1977850504782,13.606405347448677,0,False,False
82,16.4,2690230208352,957.430190653561,15.518881505748727,0,False,False
82,16.4,2690230210512,999.0402772930479,16.511970952734213,0,False,False
82,16.4,2690230210080,1041.395402666113,16.51345501515547,0,False,False
82,16.4,2690230211568,1081.043599806998,16.32028692934411,0,False,False
82,16.4,2690230208256,1124.1609298539825,16.63563311237487,0,False,False
82,16.4,2690230210464,999.2527363718829,12.82650419195073,1,False,False
82,16.4,2690230210224,1169.7598516762935,17.2896446738217,0,False,False
82,16.4,2690230210320,1036.071725851168,14.449376856512995,1,False,False
82,16.4,2690230210800,1075.0771493048771,15.354479495830603,1,False,False
82,16.4,2690230208640,1113.5395904660875,16.119073606672753,1,False,False
82,16.4,2690230210896,1157.790842798877,17.499866940410833,1,False,False
82,16.4,2690230210656,1216.3001358379533,18.265387229113905,0,False,False
82,16.4,2690230209936,1207.7148601760828,18.90683921221477,1,False,False
82,16.4,2690230209696,1259.672254090533,19.870530814466402,1,False,False
82,16.4,2690230210608,1321.515935883861,21.302043705771354,1,False,False
82,16.4,2690230208400,1265.0473799807442,19.317797024915404,0,False,False
82,16.4,2690230210752,1320.363857252923,20.325009360909956,0,False,False
82,16.4,2690230208592,1402.171237199767,23.175010397841458,1,False,False
82,16.4,2690230209984,1386.1329394613638,21.476504231220897,0,False,False
83,16.6,2690230209216,353.98262154692713,5.431137404690703e-05,0,True,True
83,16.6,2690230209408,343.94196186593405,-0.018135391031611305,0,False,False
83,16.6,2690230209360,358.98262154692713,3.7956491172856606e-05,0,False,True
83,16.6,2690230209072,438.6105890785429,15.051343934877655,0,False,False
83,16.6,2690230209840,461.71558468661493,10.158166041573935,1,False,False
83,16.6,2690230209792,560.7085274703013,13.592063145557445,0,False,False
83,16.6,2690230210992,492.355225855339,13.79891591522382,0,False,False
83,16.6,2690230211520,526.1630385712967,14.06479172113087,0,False,False
83,16.6,2690230208688,487.91672831581644,6.261217456429282,1,False,False
83,16.6,2690230210416,510.06393407051627,8.84880373399569,1,False,False
83,16.6,2690230209600,593.8071556747066,12.795338676837698,0,False,False
83,16.6,2690230211088,537.5851483789637,11.260188988467778,1,False,False
83,16.6,2690230208304,624.8381255498628,11.930830002585223,0,False,False
83,16.6,2690230209744,653.5229731613491,11.672636776924218,0,False,False
83,16.6,2690230209120,569.0701156100669,12.55590949617142,1,False,False
83,16.6,2690230209552,681.9902808869558,11.570190024359931,0,False,False
83,16.6,2690230210848,601.6760287505692,12.357208106626683,1,False,False
83,16.6,2690230208448,632.5545069796387,10.741756752895302,1,False,False
83,16.6,2690230211376,658.4814892214188,8.650403514393501,1,False,False
83,16.6,2690230208736,680.3375407893624,7.2724875949778625,1,False,False
83,16.6,2690230208880,700.3661311244385,7.069429081671792,1,False,False
83,16.6,2690230208976,710.1880618223447,10.599143736093254,0,False,False
83,16.6,2690230211184,721.0504335409449,8.136992376021766,1,False,False
83,16.6,2690230209024,735.9564931480527,8.43233789276592,0,False,False
83,16.6,2690230210032,757.3052011533734,5.824751659005957,0,False,False
83,16.6,2690230208496,774.1353585423116,3.9621706756896056,0,False,False
83,16.6,2690230208928,744.9556562399812,10.31147243881177,1,False,False
83,16.6,2690230208544,774.263769576275,12.936912699442766,1,False,False
83,16.6,2690230208832,809.4281972648774,14.816727847651771,1,False,False
83,16.6,2690230211136,788.7691438705841,3.4689548498405,0,False,False
83,16.6,2690230211040,803.8443470644704,4.191509214004345,0,False,False
83,16.6,2690230211328,821.0228782041137,5.432821513419431,0,False,False
83,16.6,2690230211232,847.3851124670277,14.45979290526461,1,False,False
83,16.6,2690230211424,884.5603193710334,11.029000782251735,1,False,False
83,16.6,2690230210272,910.0711788175294,6.975758808208078,1,False,False
83,16.6,2690230208208,928.607347061593,5.501164012121316,1,False,False
83,16.6,2690230210704,840.7374252671423,6.973856087412218,0,False,False
83,16.6,2690230210560,946.7442066954836,7.170482756364776,1,False,False
83,16.6,2690230211280,863.5302354973346,8.958515612389789,0,False,False
83,16.6,2690230211472,890.509435628606,11.318706454765623,0,False,False
83,16.6,2690230210128,970.5608643798777,10.312956714858297,1,False,False
83,16.6,2690230208784,922.9321854020407,13.801388010276291,0,False,False
83,16.6,2690230208352,960.541125635528,15.624541160407734,0,False,False
83,16.6,2690230210512,1002.3448812366075,16.544234394071765,0,False,False
83,16.6,2690230210080,1044.6983318653367,16.51692227042605,0,False,False
83,16.6,2690230211568,1084.3087073268778,16.336097704195126,0,False,False
83,16.6,2690230208256,1127.4897079477837,16.660512627393494,0,False,False
83,16.6,2690230210464,1001.8307021036921,13.014560668588256,1,False,False
83,16.6,2690230210224,1173.220468102462,17.329899610805832,0,False,False
83,16.6,2690230210320,1038.9689872398908,14.55902350389727,1,False,False
83,16.6,2690230210800,1078.1536609465782,15.438100930358805,1,False,False
83,16.6,2690230208640,1116.7682001043972,16.19038422761622,1,False,False
83,16.6,2690230210896,1161.2939967240293,17.54717307803191,1,False,False
83,16.6,2690230210656,1219.9562191712535,18.310180835348437,0,False,False
83,16.6,2690230209936,1211.4982798431688,18.937416099045272,1,False,False
83,16.6,2690230209696,1263.6478698752455,19.893056716289042,1,False,False
83,16.6,2690230210608,1325.7771281906655,21.31374668125289,1,False,False
83,16.6,2690230208400,1268.9127943297124,19.345446188551204,0,False,False
83,16.6,2690230210752,1324.429932966642,20.34102970559401,0,False,False
83,16.6,2690230208592,1406.8062392793352,23.175010397841458,1,False,False
83,16.6,2690230209984,1390.4282403076077,21.476504231220897,0,False,False
84,16.8,2690230209216,353.98263017226384,4.4157158632507525e-05,0,True,True
84,16.8,2690230209408,343.93953095199873,-0.010421559898912544,0,False,False
84,16.8,2690230209360,358.98263017226384,3.086003311950179e-05,0,False,True
84,16.8,2690230209072,441.63403304136233,15.244927505357257,0,False,False
84,16.8,2690230209840,463.7322228694741,9.935515137729698,1,False,False
84,16.8,2690230209792,563.423257931381,13.53648845771691,0,False,False
84,16.8,2690230210992,495.11743738180587,13.83435769629632,0,False,False
84,16.8,2690230211520,528.974586534976,14.04294576552539,0,False,False
84,16.8,2690230208688,489.1843543358085,6.493279932474839,1,False,False
84,16.8,2690230210416,511.850833766393,9.105455583545453,1,False,False
84,16.8,2690230209600,596.3616456805191,12.727007031343945,0,False,False
84,16.8,2690230211088,539.8500926282657,11.451661184360052,1,False,False
84,16.8,2690230208304,627.2219917649007,11.896803034313717,0,False,False
84,16.8,2690230209744,655.8567002370172,11.65984336501643,0,False,False
84,16.8,2690230209120,571.5854357849622,12.61502574848556,1,False,False
84,16.8,2690230209552,684.299640111199,11.497668520970816,0,False,False
84,16.8,2690230210848,604.1420746090289,12.273568892563686,1,False,False
84,16.8,2690230208448,634.6906881672857,10.55826083231783,1,False,False
84,16.8,2690230211376,660.2004078035889,8.484324505187049,1,False,False
84,16.8,2690230208736,681.7873275859627,7.204496929215083,1,False,False
84,16.8,2690230208880,701.7837611524631,7.1284064519100445,1,False,False
84,16.8,2690230208976,712.2953468698547,10.408325542332756,0,False,False
84,16.8,2690230211184,722.6893401028027,8.31138504917023,1,False,False
84,16.8,2690230209024,737.6246758538233,8.156983807745416,0,False,False
84,16.8,2690230210032,758.4528413686484,5.567132520616628,0,False,False
84,16.8,2690230208496,774.918859814414,3.8318296560666174,0,False,False
84,16.8,2690230208928,747.0336072574828,10.546224979978819,1,False,False
84,16.8,2690230208544,776.8645082021778,13.135053425927222,1,False,False
84,16.8,2690230208832,812.3953603937567,14.870038120776952,1,False,False
84,16.8,2690230211136,789.4640484254135,3.488421923396566,0,False,False
84,16.8,2690230211040,804.6895498355785,4.296564306285555,0,False,False
84,16.8,2690230211328,822.1193629860543,5.582810699377884,0,False,False
84,16.8,2690230211232,850.2656318510435,14.283803380515518,1,False,False
84,16.8,2690230211424,886.740514468835,10.64518769951411,1,False,False
84,16.8,2690230210272,911.4507896921697,6.748317905976379,1,False,False
84,16.8,2690230208208,929.7122222426884,5.575734413614818,1,False,False
84,16.8,2690230210704,842.1451406654386,7.169050312119907,0,False,False
84,16.8,2690230210560,948.1956631848235,7.43243115888117,1,False,False
84,16.8,2690230211280,865.3374608279853,9.191679359416264,0,False,False
84,16.8,2690230211472,892.7889435076255,11.554381274062537,0,False,False
84,16.8,2690230210128,972.6421579865331,10.592371396125776,1,False,False
84,16.8,2690230208784,925.7050382061029,13.988186920513193,0,False,False
84,16.8,2690230208352,963.6726829586793,15.722636422566252,0,False,False
84,16.8,2690230210512,1005.6556792973471,16.57269380188643,0,False,False
84,16.8,2690230210080,1048.001925296067,16.519980407597153,0,False,False
84,16.8,2690230211568,1087.5769949008425,16.35218001717101,0,False,False
84,16.8,2690230208256,1130.8234933395788,16.685853060813628,0,False,False
84,16.8,2690230210464,1004.445706392204,13.194056164374167,1,False,False
84,16.8,2690230210224,1176.6891174848065,17.36987472228974,0,False,False
84,16.8,2690230210320,1041.8878398881106,14.663658900872187,1,False,False
84,16.8,2690230210800,1081.246714060516,15.518999258193752,1,False,False
84,16.8,2690230208640,1120.0108901521894,16.258995733658086,1,False,False
84,16.8,2690230210896,1164.8064932838677,17.59272378489902,1,False,False
84,16.8,2690230210656,1223.6211737271626,18.35367286724932,0,False,False
84,16.8,2690230209936,1215.2877557204336,18.967117002493847,1,False,False
84,16.8,2690230209696,1267.6279557182495,19.915060589486007,1,False,False
84,16.8,2690230210608,1330.0406460676825,21.32522580427776,1,False,False
84,16.8,2690230208400,1272.783686742934,19.372327457505282,0,False,False
84,16.8,2690230210752,1328.499186839593,20.35666465346533,0,False,False
84,16.8,2690230208592,1411.4412413589034,23.175010397841458,1,False,False
84,16.8,2690230209984,1394.7235411538516,21.476504231220897,0,False,False
85,17.0,2690230209216,353.9826371849821,3.590140541854834e-05,0,True,True
85,17.0,2690230209408,343.9382540484099,-0.003774288698128452,0,False,False
85,17.0,2690230209360,358.9826371849821,2.5090349890344564e-05,0,False,True
85,17.0,2690230209072,444.69491384076537,15.419287725580894,0,False,False
85,17.0,2690230209840,465.7050693124798,9.724598270331764,1,False,False
85,17.0,2690230209792,566.126774092081,13.479462860549006,0,False,False
85,17.0,2690230210992,497.8864430451573,13.865396340865258,0,False,False
85,17.0,2690230211520,531.7815602608077,14.018048561681475,0,False,False
85,17.0,2690230208688,490.4987761721334,6.730924110026908,1,False,False
85,17.0,2690230210416,513.6889203059965,9.359788922939028,1,False,False
85,17.0,2690230209600,598.9025718690199,12.66023809100841,0,False,False
85,17.0,2690230211088,542.1526832078948,11.633284462864713,1,False,False
85,17.0,2690230208304,629.5991868163728,11.864707365018148,0,False,False
85,17.0,2690230209744,658.1876201610374,11.643182244126686,0,False,False
85,17.0,2690230209120,574.1116895060221,12.660770366986217,1,False,False
85,17.0,2690230209552,686.593784813982,11.414396134544628,0,False,False
85,17.0,2690230210848,606.5905886817957,12.177956211541652,1,False,False
85,17.0,2690230208448,636.7899053141929,10.371012158194398,1,False,False
85,17.0,2690230211376,661.8865326211135,8.324768193658711,1,False,False
85,17.0,2690230208736,683.2243228606013,7.148668245431944,1,False,False
85,17.0,2690230208880,703.2140244556474,7.199870639296259,1,False,False
85,17.0,2690230208976,714.3636743194998,10.205661926193324,0,False,False
85,17.0,2690230211184,724.3636422762709,8.49336130098702,1,False,False
85,17.0,2690230209024,739.2374877286283,7.877424774945613,0,False,False
85,17.0,2690230210032,759.5495905047533,5.319274801710276,0,False,False
85,17.0,2690230208496,775.6773889900461,3.7179310414845745,0,False,False
85,17.0,2690230208928,749.1584643009046,10.780120691172971,1,False,False
85,17.0,2690230208544,779.504202019789,13.322948076474352,1,False,False
85,17.0,2690230208832,815.3719906317508,14.905317781748622,1,False,False
85,17.0,2690230211136,790.1636648025257,3.520038212488048,0,False,False
85,17.0,2690230211040,805.5562201013765,4.408397187030032,0,False,False
85,17.0,2690230211328,823.2461979744713,5.73805825876161,0,False,False
85,17.0,2690230211232,853.109641496948,14.088248728252545,1,False,False
85,17.0,2690230211424,888.8440786629718,10.263982588103762,1,False,False
85,17.0,2690230210272,912.78662777298,6.546757724424274,1,False,False
85,17.0,2690230208208,930.8334669267105,5.671835218734989,1,False,False
85,17.0,2690230210704,843.5921991373557,7.368744310113378,0,False,False
85,17.0,2690230210560,949.6999536925638,7.7008012224016005,1,False,False
85,17.0,2690230211280,867.1914091811718,9.426089960486285,0,False,False
85,17.0,2690230211472,895.115330555279,11.786117620730197,0,False,False
85,17.0,2690230210128,974.778986834236,10.866430410596406,1,False,False
85,17.0,2690230208784,928.5147009226905,14.166726826424675,0,False,False
85,17.0,2690230208352,966.823373745036,15.81352904247665,0,False,False
85,17.0,2690230210512,1008.9719327101245,16.597675971283323,0,False,False
85,17.0,2690230210080,1051.3061096533559,16.522754441085493,0,False,False
85,17.0,2690230211568,1090.848517687257,16.368545868046763,0,False,False
85,17.0,2690230208256,1134.1623752318835,16.711609951794056,0,False,False
85,17.0,2690230210464,1007.0960467750531,13.365144905311148,1,False,False
85,17.0,2690230210224,1180.1657411404951,17.409530298983732,0,False,False
85,17.0,2690230210320,1044.8272993472726,14.763548354163955,1,False,False
85,17.0,2690230210800,1084.3557697439073,15.597260071812185,1,False,False
85,17.0,2690230208640,1123.2671287301607,16.325026797020502,1,False,False
85,17.0,2690230210896,1168.327988313868,17.636621494277268,1,False,False
85,17.0,2690230210656,1227.2947424430083,18.395911868760294,0,False,False
85,17.0,2690230209936,1219.0831159959516,18.99599183854703,1,False,False
85,17.0,2690230209696,1271.6124086319867,19.936563439785846,1,False,False
85,17.0,2690230210608,1334.3064451957252,21.336487785760998,1,False,False
85,17.0,2690230208400,1276.659906184905,19.39847843649638,0,False,False
85,17.0,2690230210752,1332.5715427540385,20.371928474780646,0,False,False
85,17.0,2690230208592,1416.0762434384717,23.175010397841458,1,False,False
85,17.0,2690230209984,1399.0188420000954,21.476504231220897,0,False,False
86,17.2,2690230209216,353.9826428865818,2.918917228696197e-05,0,True,True
86,17.2,2690230209408,343.93796758953687,0.0018610706461166166,0,False,False
86,17.2,2690230209360,358.9826428865818,2.0399383733068293e-05,0,False,True
86,17.2,2690230209072,447.7894232244742,15.575077526403913,0,False,False
86,17.2,2690230209840,467.63666071064836,9.528172128660861,1,False,False
86,17.2,2690230209792,568.8187976502337,13.421164680368566,0,False,False
86,17.2,2690230210992,500.6613654593333,13.892082691096343,0,False,False
86,17.2,2690230211520,534.5833568797448,13.990211365146122,0,False,False
86,17.2,2690230208688,491.8610598655312,6.973397053729396,1,False,False
86,17.2,2690230210416,515.5776803452646,9.61105970485703,1,False,False
86,17.2,2690230209600,601.4302536986951,12.595128474716061,0,False,False
86,17.2,2690230211088,544.4909127104909,11.804501321998455,1,False,False
86,17.2,2690230208304,631.9700717600799,11.834158310559758,0,False,False
86,17.2,2690230209744,660.5149171211069,11.622018610763176,0,False,False
86,17.2,2690230209120,576.646195342816,12.693045417679963,1,False,False
86,17.2,2690230209552,688.8705362352644,11.319952778009931,0,False,False
86,17.2,2690230210848,609.0192030674946,12.070785138999634,1,False,False
86,17.2,2690230208448,638.8514745280095,10.181017786919703,1,False,False
86,17.2,2690230211376,663.541225026446,8.17257646074435,1,False,False
86,17.2,2690230208736,684.6509764612186,7.10524664561466,1,False,False
86,17.2,2690230208880,704.6593933952403,7.283435574808639,1,False,False
86,17.2,2690230208976,716.3906963640073,9.991497398292985,0,False,False
86,17.2,2690230211184,726.0748048201704,8.682139715824844,1,False,False
86,17.2,2690230209024,740.7941776543033,7.59502348882701,0,False,False
86,17.2,2690230210032,760.5974799309566,5.082340673062642,0,False,False
86,17.2,2690230208496,776.414232849371,3.620426565776922,0,False,False
86,17.2,2690230208928,751.3299993968747,11.012313808911045,1,False,False
86,17.2,2690230208544,782.1807568684716,13.499929497327148,1,False,False
86,17.2,2690230208832,818.3544505626095,14.922105375097237,1,False,False
86,17.2,2690230211136,790.8703848358538,3.5632345734412705,0,False,False
86,17.2,2690230211040,806.4456930096206,4.526706375789477,0,False,False
86,17.2,2690230211328,824.4044265407636,5.8984377191856705,0,False,False
86,17.2,2690230211232,855.9132652685979,13.873721074414622,1,False,False
86,17.2,2690230211424,890.8717222237535,9.88820123590095,1,False,False
86,17.2,2690230210272,914.0839092099432,6.371619321621048,1,False,False
86,17.2,2690230208208,931.9752966366518,5.788105576244573,1,False,False
86,17.2,2690230210704,845.0794812023372,7.572642531817127,0,False,False
86,17.2,2690230210560,951.2582902758951,7.974517645226836,1,False,False
86,17.2,2690230211280,869.0922976703665,9.661262678177769,0,False,False
86,17.2,2690230211472,897.4877791949073,12.013474363045574,0,False,False
86,17.2,2690230210128,976.9702386993632,11.134529293446015,1,False,False
86,17.2,2690230208784,931.3595193919499,14.336983344842436,0,False,False
86,17.2,2690230208352,969.9917819094214,15.89758647663951,0,False,False
86,17.2,2690230210512,1012.2929669181292,16.61949042119126,0,False,False
86,17.2,2690230210080,1054.6108358198474,16.525357327520254,0,False,False
86,17.2,2690230211568,1094.1233330212983,16.385203971974448,0,False,False
86,17.2,2690230208256,1137.5064340145611,16.73774006144386,0,False,False
86,17.2,2690230210464,1009.7800540172695,13.52801584339343,1,False,False
86,17.2,2690230210224,1183.65027275601,17.44883122948207,0,False,False
86,17.2,2690230210320,1047.7864336961618,14.858948943206167,1,False,False
86,17.2,2690230210800,1087.48030615638,15.672968116954399,1,False,False
86,17.2,2690230208640,1126.5364075395187,16.388593676751896,1,False,False
86,17.2,2690230210896,1171.8581577231646,17.678962497644836,1,False,False
86,17.2,2690230210656,1230.976677891032,18.436945250763156,0,False,False
86,17.2,2690230209936,1222.884198589905,19.02408682175647,1,False,False
86,17.2,2690230209696,1275.6011297514565,19.957585111171053,1,False,False
86,17.2,2690230210608,1338.5744825803981,21.347539078172947,1,False,False
86,17.2,2690230208400,1280.5413089801198,19.42393435255766,0,False,False
86,17.2,2690230210752,1336.646927400731,20.386834764363062,0,False,False
86,17.2,2690230208592,1420.71124551804,23.175010397841458,1,False,False
86,17.2,2690230209984,1403.3141428463393,21.476504231220897,0,False,False
87,17.4,2690230209216,353.9826475221935,2.3731878149755153e-05,0,True,True
87,17.4,2690230209408,343.93851614835626,0.0065483452855368786,0,False,False
87,17.4,2690230209360,358.9826475221935,1.6585454507715377e-05,0,False,True
87,17.4,2690230209072,450.9138922126329,15.713028870986879,0,False,False
87,17.4,2690230209840,469.53005714503223,9.348570365905497,1,False,False
87,17.4,2690230209792,571.4990859697515,13.361771793403623,0,False,False
87,17.4,2690230210992,503.4413380485265,13.914476948826191,0,False,False
87,17.4,2690230211520,537.3793959404587,13.95954795674316,0,False,False
87,17.4,2690230208688,493.27212131490313,7.219952242616357,1,False,False
87,17.4,2690230210416,517.5164519307484,9.85852720518372,1,False,False
87,17.4,2690230209600,603.9450277918894,12.531742207830593,0,False,False
87,17.4,2690230211088,546.8626643262718,11.964786210437168,1,False,False
87,17.4,2690230208304,634.3349287545412,11.804742101170408,0,False,False
87,17.4,2690230209744,662.8376481538774,11.595715228410944,0,False,False
87,17.4,2690230209120,579.1862548715361,12.711791970964988,1,False,False
87,17.4,2690230209552,691.1276343467225,11.213961436724393,0,False,False
87,17.4,2690230210848,611.4256368811566,11.95253125968991,1,False,False
87,17.4,2690230208448,640.8749153437055,9.989313310283507,1,False,False
87,17.4,2690230211376,665.1660115279215,8.028541406748495,1,False,False
87,17.4,2690230208736,686.0697822737251,7.074402765801182,1,False,False
87,17.4,2690230208880,706.1222599040813,7.378668117563664,1,False,False
87,17.4,2690230208976,718.3741418003506,9.766293049108848,0,False,False
87,17.4,2690230211184,727.8241356427548,8.876930965973283,1,False,False
87,17.4,2690230209024,742.2942711143862,7.311199637951711,0,False,False
87,17.4,2690230210032,761.5987660710091,4.857379971323448,0,False,False
87,17.4,2690230208496,777.1326618793527,3.539170625644933,0,False,False
87,17.4,2690230208928,753.5478164567205,11.241974530473705,1,False,False
87,17.4,2690230208544,784.8919472608947,13.665362021832618,1,False,False
87,17.4,2690230208832,821.3390129910194,14.919978729560317,1,False,False
87,17.4,2690230211136,791.5864869211647,3.6174487837816764,0,False,False
87,17.4,2690230211040,807.3592447792984,4.651210492991917,0,False,False
87,17.4,2690230211328,825.5950661571454,6.063813215221099,0,False,False
87,17.4,2690230211232,858.6727573069635,13.640992762587826,1,False,False
87,17.4,2690230211424,892.8247134806272,9.520573626869679,1,False,False
87,17.4,2690230210272,915.3479408969497,6.223184843485011,1,False,False
87,17.4,2690230208208,933.1416542629989,5.923180932922618,1,False,False
87,17.4,2690230210704,846.6078070771256,7.780431706144322,0,False,False
87,17.4,2690230210560,952.87167252892,8.25254350317713,1,False,False
87,17.4,2690230211280,871.0402462473924,9.896710155367456,0,False,False
87,17.4,2690230211472,899.9053857970931,12.236043476755626,0,False,False
87,17.4,2690230210128,979.214684071845,11.396118147295933,1,False,False
87,17.4,2690230208784,934.2378378211642,14.498980043454234,0,False,False
87,17.4,2690230208352,973.1765650291119,15.975177921397457,0,False,False
87,17.4,2690230210512,1015.6181681164504,16.6384294172262,0,False,False
87,17.4,2690230210080,1057.9160765052166,16.52789072481031,0,False,False
87,17.4,2690230211568,1097.4014997765964,16.40216003565172,0,False,False
87,17.4,2690230208256,1140.855741517583,16.764201493716712,0,False,False
87,17.4,2690230210464,1012.4960987530516,13.682888094064483,1,False,False
87,17.4,2690230210224,1187.1426392859437,17.48774669018319,0,False,False
87,17.4,2690230210320,1050.7643618346685,14.950108659911088,1,False,False
87,17.4,2690230210800,1090.6198183484644,15.746207254310995,1,False,False
87,17.4,2690230208640,1129.8182413496593,16.449809791797954,1,False,False
87,17.4,2690230210896,1175.3966962824543,17.719837192170658,1,False,False
87,17.4,2690230210656,1234.6667420447363,18.476819190632003,0,False,False
87,17.4,2690230209936,1226.690850433411,19.05144474767817,1,False,False
87,17.4,2690230209696,1279.5940241068968,19.978144360225265,1,False,False
87,17.4,2690230210608,1342.8447165011298,21.358385886276103,1,False,False
87,17.4,2690230208400,1284.4277583482976,19.448728214289297,0,False,False
87,17.4,2690230210752,1340.725270146187,20.401396476608404,0,False,False
87,17.4,2690230208592,1425.3462475976082,23.175010397841458,1,False,False
87,17.4,2690230209984,1407.6094436925832,21.476504231220897,0,False,False
88,17.6,2690230209216,353.98265129111746,1.929489589420093e-05,0,True,True
88,17.6,2690230209408,343.9397541308081,0.010357994691786198,0,False,False
88,17.6,2690230209360,358.98265129111746,1.3484588790865481e-05,0,False,True
88,17.6,2690230209072,454.06480396599306,15.833934182100114,0,False,False
88,17.6,2690230209840,471.3887566409163,9.187694017990863,1,False,False
88,17.6,2690230209792,574.1674318515849,13.301459537275221,0,False,False
88,17.6,2690230210992,506.2255068426979,13.932647560220992,0,False,False
88,17.6,2690230211520,540.1691199202056,13.926174705171345,0,False,False
88,17.6,2690230208688,494.73272748206017,7.469848414749218,1,False,False
88,17.6,2690230210416,519.5044252680324,10.101455664114937,1,False,False
88,17.6,2690230209600,606.4472413611252,12.47010993861382,0,False,False
88,17.6,2690230211088,549.2657183730371,12.11364757143098,1,False,False
88,17.6,2690230208304,636.6939553400497,11.776017322564774,0,False,False
88,17.6,2690230209744,665.1547427929784,11.563634547119193,0,False,False
88,17.6,2690230209120,581.7291605134212,12.716990747227692,1,False,False
88,17.6,2690230209552,693.3627470296724,11.09609676558269,0,False,False
88,17.6,2690230210848,613.8077084936749,11.823732611606243,1,False,False
88,17.6,2690230208448,642.859955903449,9.796954768875407,1,False,False
88,17.6,2690230211376,666.7625734060996,7.8933991265626755,1,False,False
88,17.6,2690230208736,687.4832634249124,7.056234391620483,1,False,False
88,17.6,2690230208880,707.6049264130722,7.485093123934942,1,False,False
88,17.6,2690230208976,720.3118396200997,9.530630170487953,0,False,False
88,17.6,2690230211184,729.6127843943756,9.076940383952614,1,False,False
88,17.6,2690230209024,743.7375803906203,7.0274116807596965,0,False,False
88,17.6,2690230210032,762.5559074876847,4.645323981624416,0,False,False
88,17.6,2690230208496,777.8359114941591,3.473930693365838,0,False,False
88,17.6,2690230208928,755.8113545886952,11.468290814313768,1,False,False
88,17.6,2690230208544,787.6354226508421,13.818640939671734,1,False,False
88,17.6,2690230208832,824.3218693115006,14.89856301169258,1,False,False
88,17.6,2690230211136,792.314137702905,3.6821298894998415,0,False,False
88,17.6,2690230211040,808.2980965948833,4.781646335090037,0,False,False
88,17.6,2690230211328,826.8191064252053,6.23403814256421,0,False,False
88,17.6,2690230211232,861.3845387460179,13.391025693140328,1,False,False
88,17.6,2690230211424,894.7048589346637,9.163703954549847,1,False,False
88,17.6,2690230210272,916.5840696917742,6.101493380096402,1,False,False
88,17.6,2690230208208,934.3362102340435,6.075706000591701,1,False,False
88,17.6,2690230210704,848.1779331849568,7.991781671874254,0,False,False
88,17.6,2690230210560,954.5408950901772,8.533877812867756,1,False,False
88,17.6,2690230211280,873.0352773577416,10.131945120439513,0,False,False
88,17.6,2690230211472,902.3671674455164,12.453452127798695,0,False,False
88,17.6,2690230210128,981.5109872061233,11.650703655916693,1,False,False
88,17.6,2690230208784,937.1480081547807,14.652785042607885,0,False,False
88,17.6,2690230208352,976.3764544526372,16.04667083408498,0,False,False
88,17.6,2690230210512,1018.9469798118214,16.65476816111598,0,False,False
88,17.6,2690230210080,1061.2218240356137,16.530445723634127,0,False,False
88,17.6,2690230211568,1100.683077781404,16.419417022794295,0,False,False
88,17.6,2690230208256,1144.2103612865924,16.790953795962388,0,False,False
88,17.6,2690230210464,1015.2425972134263,13.830006370099627,1,False,False
88,17.6,2690230210224,1190.6427617902918,17.526249843200166,0,False,False
88,17.6,2690230210320,1053.7602516204765,15.03726576746542,1,False,False
88,17.6,2690230210800,1093.773818080774,15.81706039786579,1,False,False
88,17.6,2690230208640,1133.112167405843,16.508785373254035,1,False,False
88,17.6,2690230210896,1178.9433164623542,17.759330341310793,1,False,False
88,17.6,2690230210656,1238.3647060266396,18.51557855363176,0,False,False
88,17.6,2690230209936,1230.5029268025653,19.078105256373206,1,False,False
88,17.6,2690230209696,1283.591000411008,19.998258925651488,1,False,False
88,17.6,2690230210608,1347.1171064623284,21.369034177510713,1,False,False
88,17.6,2690230208400,1288.3191239708049,19.47289096135854,0,False,False
88,17.6,2690230210752,1344.806502906846,20.415625958795502,0,False,False
88,17.6,2690230208592,1429.9812496771765,23.175010397841458,1,False,False
88,17.6,2690230209984,1411.9047445388271,21.476504231220897,0,False,False
89,17.8,2690230209216,353.9826543553923,1.5687464987759215e-05,0,True,True
89,17.8,2690230209408,343.94154698740607,0.01336481484358533,0,False,False
89,17.8,2690230209360,358.9826543553923,1.0963470116188115e-05,0,False,True
89,17.8,2690230209072,457.23880389886017,15.938628664356626,0,False,False
89,17.8,2690230209840,473.2166086473301,9.047014192445515,1,False,False
89,17.8,2690230209792,576.8236628862846,13.24039861518064,0,False,False
89,17.8,2690230210992,509.0130320583461,13.946670221575355,0,False,False
89,17.8,2690230211520,542.9519947407798,13.890210517413173,0,False,False
89,17.8,2690230208688,496.24349737153346,7.722348517295268,1,False,False
89,17.8,2690230210416,521.5406438430821,10.339116289812958,1,False,False
89,17.8,2690230209600,608.9372454909088,12.410228336190523,0,False,False
89,17.8,2690230211088,551.6977592184788,12.250629637787315,1,False,False
89,17.8,2690230208304,639.0472590056711,11.747516355734241,0,False,False
89,17.8,2690230209744,667.4650031726056,11.525141316860017,0,False,False
89,17.8,2690230209120,584.2722035279533,12.708663157156597,1,False,False
89,17.8,2690230209552,695.5734810129753,10.966094254803574,0,False,False
89,17.8,2690230210848,616.1633481209598,11.68499100689826,1,False,False
89,17.8,2690230208448,644.806536468959,9.605009854214458,1,False,False
89,17.8,2690230211376,668.3327351431664,7.76782437233791,1,False,False
89,17.8,2690230208736,688.8939578586626,7.050768802080103,1,False,False
89,17.8,2690230208880,709.1095977771816,7.602198288555218,1,False,False
89,17.8,2690230208976,722.2017431712121,9.285211532611008,0,False,False
89,17.8,2690230211184,731.4417415596416,9.281370324451423,1,False,False
89,17.8,2690230209024,745.1242110668527,6.745138013892905,0,False,False
89,17.8,2690230210032,763.4715408755744,4.446981471473928,0,False,False
89,17.8,2690230208496,778.5271653616821,3.424398023910747,0,False,False
89,17.8,2690230208928,758.1198917692416,11.690470154342616,1,False,False
89,17.8,2690230208544,790.4087135702205,13.959191614208025,1,False,False
89,17.8,2690230208832,827.2991396000551,14.85754045807026,1,False,False
89,17.8,2690230211136,793.0553945739053,3.7567417153873173,0,False,False
89,17.8,2690230211040,809.2634181057933,4.917766813900123,0,False,False
89,17.8,2690230211328,828.0775068492482,6.4089540207975375,0,False,False
89,17.8,2690230211232,864.0452360604371,13.12497698088221,1,False,False
89,17.8,2690230211424,896.5144756667413,8.820035237330407,1,False,False
89,17.8,2690230210272,917.7976350400075,6.006360147816283,1,False,False
89,17.8,2690230208208,935.562365076497,6.244344740345371,1,False,False
89,17.8,2690230210704,849.7905488397022,8.206346339102943,0,False,False
89,17.8,2690230210560,956.266554689773,8.817553522385492,1,False,False
89,17.8,2690230211280,875.0773161415271,10.36648315745276,0,False,False
89,17.8,2690230211472,904.8720690939335,12.665364366786624,0,False,False
89,17.8,2690230210128,983.8577175578613,11.897850813965842,1,False,False
89,17.8,2690230208784,940.0883987378619,14.79850723579029,0,False,False
89,17.8,2690230208352,979.5902547452954,16.11242793939377,0,False,False
89,17.8,2690230210512,1022.278899429676,16.66876511488067,0,False,False
89,17.8,2690230210080,1064.5280882874802,16.53310354974287,0,False,False
89,17.8,2690230211568,1103.968127287124,16.4369754084791,0,False,False
89,17.8,2690230208256,1147.5703488772906,16.817958040434615,0,False,False
89,17.8,2690230210464,1018.0180160450486,13.969636499115001,1,False,False
89,17.8,2690230210224,1194.1505562119378,17.564317543722748,0,False,False
89,17.8,2690230210320,1056.7733178908372,15.120648353685581,1,False,False
89,17.8,2690230210800,1096.941833629601,15.885609435658724,1,False,False
89,17.8,2690230208640,1136.417744772225,16.56562718854961,1,False,False
89,17.8,2690230210896,1182.4977473244812,17.79752134340859,1,False,False
89,17.8,2690230210656,1242.070349841633,18.553266833626473,0,False,False
89,17.8,2690230209936,1234.320290703959,19.104105077697998,1,False,False
89,17.8,2690230209696,1287.5919708597733,20.017945593231563,1,False,False
89,17.8,2690230210608,1351.391613146591,21.37948969202104,1,False,False
89,17.8,2690230208400,1292.2152815863462,19.496451604637404,0,False,False
89,17.8,2690230210752,1348.8905600297828,20.429534982749967,0,False,False
89,17.8,2690230208592,1434.6162517567448,23.175010397841458,1,False,False
89,17.8,2690230209984,1416.200045385071,21.476504231220897,0,False,False
90,18.0,2690230209216,353.9826568467612,1.275449005227001e-05,0,True,True
90,18.0,2690230209408,343.9437719936931,0.01564590502998789,0,False,False
90,18.0,2690230209360,358.9826568467612,8.913707258909686e-06,0,False,True
90,18.0,2690230209072,460.43270675937384,16.027973904576747,0,False,False
90,18.0,2690230209840,475.0177288079095,8.92758569732896,1,False,False
90,18.0,2690230209792,579.467640387644,13.178753006885971,0,False,False
90,18.0,2690230210992,511.8030894880417,13.956626996050659,0,False,False
90,18.0,2690230211520,545.7275102669264,13.85177667436954,0,False,False
90,18.0,2690230208688,497.8049028103873,7.976718817753407,1,False,False
90,18.0,2690230210416,523.624005966402,10.570789582689528,1,False,False
90,18.0,2690230209600,611.4153883108545,12.35205966256261,0,False,False
90,18.0,2690230211088,554.1563825448138,12.375313979035239,1,False,False
90,18.0,2690230208304,641.3948520449361,11.718746832460026,0,False,False
90,18.0,2690230209744,669.7671046910946,11.479605778855339,0,False,False
90,18.0,2690230209120,586.8126822422902,12.686872768944085,1,False,False
90,18.0,2690230209552,697.7573946718567,10.823759761751369,0,False,False
90,18.0,2690230210848,618.4906106273676,11.536972570161245,1,False,False
90,18.0,2690230208448,646.7148111370817,9.414548599693196,1,False,False
90,18.0,2690230211376,669.8784518475189,7.652426166721899,1,False,False
90,18.0,2690230208736,690.304404423603,7.05796572780937,1,False,False
90,18.0,2690230208880,710.6383741515887,7.729438704881749,1,False,False
90,18.0,2690230208976,724.0419544082727,9.030860122774476,0,False,False
90,18.0,2690230211184,733.3118380111308,9.48942237648651,1,False,False
90,18.0,2690230209024,746.4545647514126,6.465858019297533,0,False,False
90,18.0,2690230210032,764.3484564043885,4.263036849316428,0,False,False
90,18.0,2690230208496,779.2095408776282,3.3901983995160916,0,False,False
90,18.0,2690230208928,760.4725488647891,11.907741277364153,1,False,False
90,18.0,2690230208544,793.2092375708968,14.086468345892616,1,False,False
90,18.0,2690230208832,830.2668847621442,14.796661734140068,1,False,False
90,18.0,2690230211136,793.8122088243408,3.840765597228577,0,False,False
90,18.0,2690230211040,810.2563305072671,5.059338809607744,0,False,False
90,18.0,2690230211328,829.3711943959138,6.588389561018954,0,False,False
90,18.0,2690230211232,866.6517202682079,12.844200345162024,1,False,False
90,18.0,2690230211424,898.2563570176704,8.491819300219605,1,False,False
90,18.0,2690230210272,918.9939256173628,5.937398221046839,1,False,False
90,18.0,2690230208208,936.823253790227,6.427787682960348,1,False,False
90,18.0,2690230210704,851.4462731309926,8.423764781322038,0,False,False
90,18.0,2690230210560,958.0490568279655,9.102636018121249,1,False,False
90,18.0,2690230211280,877.1661911918077,10.599845521574137,0,False,False
90,18.0,2690230211472,907.4189710346967,12.871482408006822,0,False,False
90,18.0,2690230210128,986.2533615411714,12.13718424999851,1,False,False
90,18.0,2690230208784,943.0574022035715,14.936292232355914,0,False,False
90,18.0,2690230208352,982.8168425675904,16.172804705934784,0,False,False
90,18.0,2690230210512,1025.6134749935366,16.680662431572106,0,False,False
90,18.0,2690230210080,1067.8348947598251,16.535936236136973,0,False,False
90,18.0,2690230211568,1107.2567084869443,16.454833422021334,0,False,False
90,18.0,2690230208256,1150.9357521649224,16.845176888094635,0,False,False
90,18.0,2690230210464,1020.8208762421086,14.102061100714378,1,False,False
90,18.0,2690230210224,1197.6659340963013,17.60193005800207,0,False,False
90,18.0,2690230210320,1059.8028204067336,15.200474054829693,1,False,False
90,18.0,2690230210800,1100.12340957577,15.951935138183687,1,False,False
90,18.0,2690230208640,1139.7345536241453,16.620438330387692,1,False,False
90,18.0,2690230210896,1186.0597334665563,17.834484504005815,1,False,False
90,18.0,2690230210656,1245.7834620996443,18.589926110765713,0,False,False
90,18.0,2690230209936,1238.142812308082,19.129478259190726,1,False,False
90,18.0,2690230209696,1291.59685094598,20.037220256490897,1,False,False
90,18.0,2690230210608,1355.6681983698948,21.38975795231788,1,False,False
90,18.0,2690230208400,1296.1161126140807,19.519437357389965,0,False,False
90,18.0,2690230210752,1352.977378179645,20.44313477491524,0,False,False
90,18.0,2690230208592,1439.251253836313,23.175010397841458,1,False,False
90,18.0,2690230209984,1420.495346231315,21.476504231220897,0,False,False
91,18.2,2690230209216,353.9826588723364,1.0369872801015972e-05,0,True,True
91,18.2,2690230209408,343.9463186542631,0.01727890124618217,0,False,False
91,18.2,2690230209360,358.9826588723364,7.24717413879946e-06,0,False,True
91,18.2,2690230209072,463.6435007281312,16.102843066668104,0,False,False
91,18.2,2690230209840,476.7964171021252,8.830069919169249,1,False,False
91,18.2,2690230209792,582.0992579097281,13.116677900684616,0,False,False
91,18.2,2690230210992,514.5948717201542,13.962605530174873,0,False,False
91,18.2,2690230211520,548.4951807641489,13.810996550317498,0,False,False
91,18.2,2690230208688,499.4172690634925,8.232228222659979,1,False,False
91,18.2,2690230210416,525.7532668007649,10.795767927580119,1,False,False
91,18.2,2690230209600,613.8820080943663,12.295531509925102,0,False,False
91,18.2,2690230211088,556.6391029072043,12.487320820245465,1,False,False
91,18.2,2690230208304,643.7366467049366,11.689193131965766,0,False,False
91,18.2,2690230209744,672.0595973554339,11.42640751365393,0,False,False
91,18.2,2690230209120,589.3479106030768,12.651727207460318,1,False,False
91,18.2,2690230209552,699.9120127448986,10.668979159552475,0,False,False
91,18.2,2690230210848,620.7876883770218,11.380407350729797,1,False,False
91,18.2,2690230208448,648.5851476706977,9.22663377847973,1,False,False
91,18.2,2690230211376,671.4017958663736,7.547744401358581,1,False,False
91,18.2,2690230208736,691.7171295872912,7.077720806316324,1,False,False
91,18.2,2690230208880,712.1932447593517,7.866241111286828,1,False,False
91,18.2,2690230208976,725.8307477149933,8.768515238145628,0,False,False
91,18.2,2690230211184,735.2237449983787,9.700299479133434,1,False,False
91,18.2,2690230209024,747.729338025212,6.191033455775068,0,False,False
91,18.2,2690230210032,765.1895728278998,4.094050296147613,0,False,False
91,18.2,2690230208496,779.8860767787244,3.3709026785992937,0,False,False
91,18.2,2690230208928,762.8682939850466,12.11935570801728,1,False,False
91,18.2,2690230208544,796.0343049288927,14.19995311372146,1,False,False
91,18.2,2690230208832,833.2211210539854,14.715758771968083,1,False,False
91,18.2,2690230211136,794.5864292886339,3.93370240172951,0,False,False
91,18.2,2690230211040,811.2779091884288,5.206140981955859,0,False,False
91,18.2,2690230211328,830.7010608807284,6.7721599333837075,0,False,False
91,18.2,2690230211232,869.2011461015908,12.550242767644317,1,False,False
91,18.2,2690230211424,899.933732647607,8.181092564677193,1,False,False
91,18.2,2690230210272,920.1781404455872,5.89404198541577,1,False,False
91,18.2,2690230208208,938.1217515281155,6.62475694830427,1,False,False
91,18.2,2690230210704,853.1456520365385,8.643662459573669,0,False,False
91,18.2,2690230210560,959.8886221928339,9.38822220765452,1,False,False
91,18.2,2690230211280,879.3016358778092,10.831561975864158,0,False,False
91,18.2,2690230211472,910.0066965943488,13.07154747450045,0,False,False
91,18.2,2690230210128,988.6963345178082,12.368389039399235,1,False,False
91,18.2,2690230208784,946.0534425360737,15.066318125965966,0,False,False
91,18.2,2690230208352,986.0551650790992,16.22814726816382,0,False,False
91,18.2,2690230210512,1028.9503018963505,16.690686467930313,0,False,False
91,18.2,2690230210080,1071.1422827789047,16.539007264706033,0,False,False
91,18.2,2690230211568,1110.5488810822735,16.472987278139975,0,False,False
91,18.2,2690230208256,1154.3066116654145,16.87257463606957,0,False,False
91,18.2,2690230210464,1023.6497562276958,14.22757548668099,1,False,False
91,18.2,2690230210224,1201.1888032553427,17.639070792867006,0,False,False
91,18.2,2690230210320,1062.8480617519579,15.276949926662478,1,False,False
91,18.2,2690230210800,1103.318106574587,16.016117059054018,1,False,False
91,18.2,2690230208640,1143.0621945021578,16.673318063455017,1,False,False
91,18.2,2690230210896,1189.6290340220298,17.870289308304866,1,False,False
91,18.2,2690230210656,1249.5038397308583,18.625597024013967,0,False,False
91,18.2,2690230209936,1241.970368427188,19.154256377412008,1,False,False
91,18.2,2690230209696,1295.605559284602,20.056097973324675,1,False,False
91,18.2,2690230210608,1359.9468250386944,21.399844272576452,1,False,False
91,18.2,2690230208400,1300.0215038024019,19.541873757934482,0,False,False
91,18.2,2690230210752,1357.0668962315003,20.456436044887557,0,False,False
91,18.2,2690230208592,1443.8862559158813,23.175010397841458,1,False,False
91,18.2,2690230209984,1424.7906470775588,21.476504231220897,0,False,False
92,18.4,2690230209216,353.98266051920405,8.431090656588986e-06,0,True,True
92,18.4,2690230209408,343.9490887857634,0.018340473268905796,0,False,False
92,18.4,2690230209360,358.98266051920405,5.892220988700954e-06,0,False,True
92,18.4,2690230209072,466.8683487642267,16.16410789775741,0,False,False
92,18.4,2690230209840,478.55708108014665,8.754765018549964,1,False,False
92,18.4,2690230209792,584.7184393524187,13.054317660274187,0,False,False
92,18.4,2690230210992,517.3875892079269,13.964698358159326,0,False,False
92,18.4,2690230211520,551.2545452926421,13.767995215981848,0,False,False
92,18.4,2690230208688,501.0807753283649,8.488147840906068,1,False,False
92,18.4,2690230210416,527.9270409220813,11.013358391855585,1,False,False
92,18.4,2690230209600,616.3374263153224,12.240536693962605,0,False,False
92,18.4,2690230211088,559.1433615425165,12.58631016951311,1,False,False
92,18.4,2690230208304,646.0724506391939,11.658317952663024,0,False,False
92,18.4,2690230209744,674.340907942857,11.36494001511809,0,False,False
92,18.4,2690230209120,591.8752271358436,12.603380460844997,1,False,False
92,18.4,2690230209552,702.034842973699,10.501727810748013,0,False,False
92,18.4,2690230210848,623.0529239394567,11.216087889573982,1,False,False
92,18.4,2690230208448,650.4181254013987,9.042311234751578,1,False,False
92,18.4,2690230211376,672.9049427843453,7.4542474282899045,1,False,False
92,18.4,2690230208736,693.1346348684899,7.109869417038411,1,False,False
92,18.4,2690230208880,713.7760824863159,8.0120078053342,1,False,False
92,18.4,2690230208976,727.5665927675213,8.499225920969064,0,False,False
92,18.4,2690230211184,737.1779745559477,9.913207984932589,1,False,False
92,18.4,2690230209024,748.9495177136528,5.922090622822313,0,False,False
92,18.4,2690230210032,765.9979127420899,3.94045970123143,0,False,False
92,18.4,2690230208496,780.559722841891,3.3660369460117074,0,False,False
92,18.4,2690230208928,765.3059471375054,12.324589144656581,1,False,False
92,18.4,2690230208544,798.8811240969633,14.299154357214615,1,False,False
92,18.4,2690230208832,836.1578372575846,14.614758831320831,1,False,False
92,18.4,2690230211136,795.3798063524583,4.0350739039042205,0,False,False
92,18.4,2690230211040,812.3291859418981,5.357961579334201,0,False,False
92,18.4,2690230211328,832.0679602212003,6.960066228870747,0,False,False
92,18.4,2690230211232,871.6909901768242,12.244836108774335,1,False,False
92,18.4,2690230211424,901.5502241504122,7.889657797960641,1,False,False
92,18.4,2690230210272,921.3553547699922,5.875571469950787,1,False,False
92,18.4,2690230208208,939.4604801460223,6.834009342372173,1,False,False
92,18.4,2690230210704,854.8891557881816,8.865652580574938,0,False,False
92,18.4,2690230210560,961.7852929348272,9.673440211563625,1,False,False
92,18.4,2690230211280,881.4832902355001,11.06117362133956,0,False,False
92,18.4,2690230211472,912.6340199687763,13.26534020047727,0,False,False
92,18.4,2690230210128,991.1849929106115,12.591210927382265,1,False,False
92,18.4,2690230208784,949.0749812806973,15.188791188040183,0,False,False
92,18.4,2690230208352,989.3042379548018,16.278790761726523,0,False,False
92,18.4,2690230210512,1032.2890197786924,16.699048357712318,0,False,False
92,18.4,2690230210080,1074.4503038291905,16.542372177333938,0,False,False
92,18.4,2690230211568,1113.8447038946165,16.491431396251997,0,False,False
92,18.4,2690230208256,1157.6829608649855,16.900117250126737,0,False,False
92,18.4,2690230210464,1026.5032941327722,14.346483834396418,1,False,False
92,18.4,2690230210224,1204.7190683782749,17.675726037446527,0,False,False
92,18.4,2690230210320,1065.9083852150713,15.350272440866474,1,False,False
92,18.4,2690230210800,1106.5255011056247,16.078233431975853,1,False,False
92,18.4,2690230208640,1146.4002875389044,16.724361722204822,1,False,False
92,18.4,2690230210896,1193.2054217140533,17.90500069086953,1,False,False
92,18.4,2690230210656,1253.2312876963313,18.66031875657669,0,False,False
92,18.4,2690230209936,1245.8028420343692,19.17846873362723,1,False,False
92,18.4,2690230209696,1299.61801744925,20.074593018832697,1,False,False
92,18.4,2690230210608,1364.2274571088572,21.409753767571328,1,False,False
92,18.4,2690230208400,1303.9313469017015,19.563784784211485,0,False,False
92,18.4,2690230210752,1361.1590551692932,20.469449012473518,0,False,False
92,18.4,2690230208592,1448.5212579954496,23.175010397841458,1,False,False
92,18.4,2690230209984,1429.0859479238027,21.476504231220897,0,False,False
93,18.6,2690230209216,353.98266185816846,6.854788966423757e-06,0,True,True
93,18.6,2690230209408,343.95199633302,0.01890507660505868,0,False,False
93,18.6,2690230209360,358.98266185816846,4.790593894220864e-06,0,False,True
93,18.6,2690230209072,470.1045875209603,16.212627656985994,0,False,False
93,18.6,2690230209840,480.3041655192269,8.701641401720607,1,False,False
93,18.6,2690230209792,587.325136663368,12.991803840061632,0,False,False
93,18.6,2690230210992,520.1804712046302,13.963002281539044,0,False,False
93,18.6,2690230211520,554.0051680141236,13.722898926213558,0,False,False
93,18.6,2690230208688,502.7954551604952,8.743750819667133,1,False,False
93,18.6,2690230210416,530.1438054500874,11.22288566058751,1,False,False
93,18.6,2690230209600,618.7819406933371,12.186933293973405,0,False,False
93,18.6,2690230211088,561.6665343934402,12.671982806611627,1,False,False
93,18.6,2690230208304,648.4019626820219,11.625564001463879,0,False,False
93,18.6,2690230209744,676.6093431285901,11.294616044902456,0,False,False
93,18.6,2690230209120,594.3920043902355,12.542035538987966,1,False,False
93,18.6,2690230209552,704.1233946088671,10.322079539248085,0,False,False
93,18.6,2690230210848,625.2848224341024,11.044866652333077,1,False,False
93,18.6,2690230208448,652.2145312056779,8.862600373075347,1,False,False
93,18.6,2690230211376,674.3901570057758,7.372330626937081,1,False,False
93,18.6,2690230208736,694.5593850558453,7.154190782741059,1,False,False
93,18.6,2690230208880,715.3886392365177,8.166120223569699,1,False,False
93,18.6,2690230208976,729.2481759115192,8.224141826015309,0,False,False
93,18.6,2690230211184,739.1748803225026,10.127359704298831,1,False,False
93,18.6,2690230209024,750.1163726627484,5.660403673510049,0,False,False
93,18.6,2690230210032,766.776578341373,3.8025842203057927,0,False,False
93,18.6,2690230208496,781.2333315778833,3.375092096155943,0,False,False
93,18.6,2690230208928,767.7841851417071,12.522742592907443,1,False,False
93,18.6,2690230208544,801.7468069258391,14.383605986361138,1,False,False
93,18.6,2690230208832,839.0730147311734,14.493699413106807,1,False,False
93,18.6,2690230211136,796.1939961960627,4.144423592821514,0,False,False
93,18.6,2690230211040,813.4111507369315,5.514596280897034,0,False,False
93,18.6,2690230211328,833.4727055949078,7.151895109286048,0,False,False
93,18.6,2690230211232,874.1190871431704,11.92988356025994,1,False,False
93,18.6,2690230211424,903.1097974121808,7.619071735411208,1,False,False
93,18.6,2690230210272,922.530490819464,5.881136745941854,1,False,False
93,18.6,2690230208208,940.8418152634697,7.054337905231857,1,False,False
93,18.6,2690230210704,856.6771765186011,9.089337590604352,0,False,False
93,18.6,2690230210560,963.7389389208269,9.957449671309115,1,False,False
93,18.6,2690230211280,883.7107034221037,11.288235688412572,0,False,False
93,18.6,2690230211472,915.2996741093341,13.452680592484537,0,False,False
93,18.6,2690230210128,993.7176463192449,12.805455908584102,1,False,False
93,18.6,2690230208784,952.1205228926198,15.303941577990061,0,False,False
93,18.6,2690230208352,992.5631430941652,16.325058035604037,0,False,False
93,18.6,2690230210512,1035.6293095247188,16.70594462762114,0,False,False
93,18.6,2690230210080,1077.759020004539,16.54607915678622,0,False,False
93,18.6,2690230211568,1117.1442345205141,16.510158607816024,0,False,False
93,18.6,2690230208256,1161.0648265553216,16.927772383511236,0,False,False
93,18.6,2690230210464,1029.380189330059,14.459095670517101,1,False,False
93,18.6,2690230210224,1208.2566315914594,17.71188471756409,0,False,False
93,18.6,2690230210320,1068.9831726779369,15.420627586465585,1,False,False
93,18.6,2690230210800,1109.7451852018355,16.138361067484922,1,False,False
93,18.6,2690230208640,1149.748471668618,16.773660653369863,1,False,False
93,18.6,2690230210896,1196.7886819630814,17.938679300219064,1,False,False
93,18.6,2690230210656,1256.9656186964557,18.694129032456388,0,False,False
93,18.6,2690230209936,1249.6401218207704,19.20214253472952,1,False,False
93,18.6,2690230209696,1303.634149818949,20.09271893460016,1,False,False
93,18.6,2690230210608,1368.5100595463587,21.41949136125243,1,False,False
93,18.6,2690230208400,1307.845538359533,19.585192960689213,0,False,False
93,18.6,2690230210752,1365.2537979896163,20.482183433330075,0,False,False
93,18.6,2690230208592,1453.1562600750178,23.175010397841458,1,False,False
93,18.6,2690230209984,1433.3812487700466,21.476504231220897,0,False,False
94,18.8,2690230209216,353.98266294679615,5.573197310775345e-06,0,True,True
94,18.8,2690230209408,343.9549669696309,0.019043945710739987,0,False,False
94,18.8,2690230209360,358.98266294679615,3.894930265405052e-06,0,False,True
94,18.8,2690230209072,473.3497241956124,16.249239982316837,0,False,False
94,18.8,2690230209840,482.0420894206482,8.67038044506082,1,False,False
94,18.8,2690230209792,589.9193271469127,12.929253261753349,0,False,False
94,18.8,2690230210992,522.972766579003,13.957617811310447,0,False,False
94,18.8,2690230211520,556.7466383886128,13.675834494471436,0,False,False
94,18.8,2690230208688,504.5611968850841,8.99831247181564,1,False,False
94,18.8,2690230210416,532.4019037714373,11.423695035887752,1,False,False
94,18.8,2690230209600,621.2158182564001,12.1345448316291,0,False,False
94,18.8,2690230211088,564.2059403243741,12.744081197646285,1,False,False
94,18.8,2690230208304,650.7247689711627,11.590355851428656,0,False,False
94,18.8,2690230209744,678.8630937384871,11.21487380181925,0,False,False
94,18.8,2690230209120,596.8956589361372,12.467947397411294,1,False,False
94,18.8,2690230209552,706.1751986588972,10.130214750004358,0,False,False
94,18.8,2690230210848,627.4820632828068,10.867652276705076,1,False,False
94,18.8,2690230208448,653.9753536007597,8.688485020044977,1,False,False
94,18.8,2690230211376,675.8597771135939,7.302315907030221,1,False,False
94,18.8,2690230208736,695.993797259013,7.210412230712777,1,False,False
94,18.8,2690230208880,717.0325419816721,8.32794219650215,1,False,False
94,18.8,2690230208976,730.8744195506811,7.944501710094377,0,False,False
94,18.8,2690230211184,741.2146587687082,10.341973952444647,1,False,False
94,18.8,2690230209024,751.2314422713222,5.407279393225462,0,False,False
94,18.8,2690230210032,767.5287279847535,3.680629264472183,0,False,False
94,18.8,2690230208496,781.9096517966448,3.397532717355855,0,False,False
94,18.8,2690230208928,770.3015467516256,12.713143211251447,1,False,False
94,18.8,2690230208544,804.6283737131981,14.452866824653794,1,False,False
94,18.8,2690230208832,841.9626504747251,14.352743537699023,1,False,False
94,18.8,2690230211136,797.030565164278,4.261316975718048,0,False,False
94,18.8,2690230211040,814.5247530648163,5.67584610248201,0,False,False
94,18.8,2690230211328,834.9160665398265,7.3474186395728704,0,False,False
94,18.8,2690230211232,876.4836627810827,11.60744102078766,1,False,False
94,18.8,2690230211424,904.6167128730496,7.370638310333615,1,False,False
94,18.8,2690230210272,923.7082934116794,5.909781654257229,1,False,False
94,18.8,2690230208208,942.2678935491557,7.284572263074934,1,False,False
94,18.8,2690230210704,858.5100262159101,9.31431080621698,0,False,False
94,18.8,2690230210560,965.7492640901229,10.239442655607506,1,False,False
94,18.8,2690230211280,885.9833367245216,11.51232025458893,0,False,False
94,18.8,2690230211472,918.0023585723118,13.633427560884924,0,False,False
94,18.8,2690230210128,996.2925695074202,13.010989137614935,1,False,False
94,18.8,2690230208784,955.1886192330328,15.412019151881923,0,False,False
94,18.8,2690230208352,995.8310260957558,16.367258701870835,0,False,False
94,18.8,2690230210512,1038.9708903833423,16.7115578406668,0,False,False
94,18.8,2690230210080,1081.0685025735504,16.550169577932323,0,False,False
94,18.8,2690230211568,1120.4475290271555,16.529160351720606,0,False,False
94,18.8,2690230208256,1164.4522291716794,16.955509383467056,0,False,False
94,18.8,2690230210464,1032.2792032867023,14.565722689428393,1,False,False
94,18.8,2690230210224,1211.8013929700417,17.747538163086794,0,False,False
94,18.8,2690230210320,1072.0718425305586,15.488191057670102,1,False,False
94,18.8,2690230210800,1112.9767661581536,16.196575252339887,1,False,False
94,18.8,2690230208640,1153.1064038278005,16.821302197267112,1,False,False
94,18.8,2690230210896,1200.3786120469542,17.97138175646325,1,False,False
94,18.8,2690230210656,1260.706652879398,18.72706412254207,0,False,False
94,18.8,2690230209936,1253.4821017880515,19.225303060299538,1,False,False
94,18.8,2690230209696,1307.653883434546,20.110488574651054,1,False,False
94,18.8,2690230210608,1372.7945982896717,21.429061794967893,1,False,False
94,18.8,2690230208400,1311.7639790366645,19.60611945803321,0,False,False
94,18.8,2690230210752,1369.3510696105188,20.494648623247194,0,False,False
94,18.8,2690230208592,1457.791262154586,23.175010397841458,1,False,False
94,18.8,2690230209984,1437.6765496162905,21.476504231220897,0,False,False
95,19.0,2690230209216,353.9826638318908,4.53121582837557e-06,0,True,True
95,19.0,2690230209408,343.9579375304704,0.018824311203466483,0,False,False
95,19.0,2690230209360,358.9826638318908,3.166722562450804e-06,0,False,True
95,19.0,2690230209072,476.6014316874064,16.27475363130152,0,False,False
95,19.0,2690230209840,483.7751908690875,8.66041458402589,1,False,False
95,19.0,2690230209792,592.501010393024,12.866766164263595,0,False,False
95,19.0,2690230210992,525.7637445226177,13.948648659616232,0,False,False
95,19.0,2690230211520,559.4785712387277,13.626928557497711,0,False,False
95,19.0,2690230208688,506.3777440542649,9.251110704535728,1,False,False
95,19.0,2690230210416,534.6995498631231,11.615155427019976,1,False,False
95,19.0,2690230209600,623.6392884481617,12.083160581965439,0,False,False
95,19.0,2690230211088,566.758849519051,12.802390408652492,1,False,False
95,19.0,2690230208304,653.0403394561565,11.552102026304835,0,False,False
95,19.0,2690230209744,681.1002402905104,11.125183914210705,0,False,False
95,19.0,2690230209120,599.3836619564614,12.381426010584116,1,False,False
95,19.0,2690230209552,708.1878296874886,9.926427336467073,0,False,False
95,19.0,2690230210848,629.6435111319091,10.685404623216089,1,False,False
95,19.0,2690230208448,655.7017750478792,8.520904853608405,1,False,False
95,19.0,2690230211376,677.316201188231,7.244452088602191,1,False,False
95,19.0,2690230208736,697.4402308175636,7.278213516695353,1,False,False
95,19.0,2690230208880,718.7092894409519,8.496822898334312,1,False,False
95,19.0,2690230208976,732.4444990886244,7.661619825790529,0,False,False
95,19.0,2690230211184,743.2973508352449,10.556279607977327,1,False,False
95,19.0,2690230209024,752.2965220902527,5.163943696714405,0,False,False
95,19.0,2690230210032,768.257553844791,3.574692719044484,0,False,False
95,19.0,2690230208496,782.5913238977806,3.4328051829321975,0,False,False
95,19.0,2690230208928,772.8564379261062,12.895144834796735,1,False,False
95,19.0,2690230208544,807.522758181191,14.506520699111743,1,False,False
95,19.0,2690230208832,844.8227832452645,14.192194791473359,1,False,False
95,19.0,2690230211136,797.8909941674335,4.385341448061313,0,False,False
95,19.0,2690230211040,815.670902871114,5.84151539301142,0,False,False
95,19.0,2690230211328,836.3987660329793,7.546394296821748,0,False,False
95,19.0,2690230211232,878.7833630514777,11.279693705159994,1,False,False
95,19.0,2690230211424,906.0754747893629,7.14540710296084,1,False,False
95,19.0,2690230210272,924.8933102255327,5.960466233902215,1,False,False
95,19.0,2690230208208,943.7406200141897,7.5235781082455295,1,False,False
95,19.0,2690230210704,860.3879350135145,9.540158181457288,0,False,False
95,19.0,2690230210560,967.8158130295939,10.51864512395991,1,False,False
95,19.0,2690230211280,888.3005671044505,11.733018850954316,0,False,False
95,19.0,2690230211472,920.740747247082,13.807478042857445,0,False,False
95,19.0,2690230210128,998.908014127543,13.207733172745916,1,False,False
95,19.0,2690230208784,958.2778732373154,15.513289439297747,0,False,False
95,19.0,2690230208352,999.1070935622348,16.40568848305323,0,False,False
95,19.0,2690230210512,1042.3135172192349,16.716057254405097,0,False,False
95,19.0,2690230210080,1084.378830653231,16.554678530026802,0,False,False
95,19.0,2690230211568,1123.7546416862708,16.548426857781326,0,False,False
95,19.0,2690230208256,1167.8451831315401,16.983299286723522,0,False,False
95,19.0,2690230210464,1035.1991598037055,14.66667591955517,1,False,False
95,19.0,2690230210224,1215.353251003928,17.782679888352067,0,False,False
95,19.0,2690230210320,1075.1738476283701,15.553128511379132,1,False,False
95,19.0,2690230210800,1116.2198662202761,16.252949653935275,1,False,False
95,19.0,2690230208640,1156.4737581544555,16.867369702390256,1,False,False
95,19.0,2690230210896,1203.9750203119652,18.003160900551055,1,False,False
95,19.0,2690230210656,1264.4542175513086,18.75915885879513,0,False,False
95,19.0,2690230209936,1257.3286808733828,19.247973816684453,1,False,False
95,19.0,2690230209696,1311.6771478640994,20.12791414829021,1,False,False
95,19.0,2690230210608,1377.0810402137768,21.438469635341104,1,False,False
95,19.0,2690230208400,1315.6865739426066,19.62658418595867,0,False,False
95,19.0,2690230210752,1373.4508167850854,20.506853481133444,0,False,False
95,19.0,2690230208592,1462.4262642341544,23.175010397841458,1,False,False
95,19.0,2690230209984,1441.9718504625343,21.476504231220897,0,False,False
96,19.2,2690230209216,353.9826645515054,3.6840462912777973e-06,0,True,True
96,19.2,2690230209408,343.96085531893556,0.018308821200746117,0,False,False
96,19.2,2690230209360,358.9826645515054,2.574662729293335e-06,0,False,True
96,19.2,2690230209072,479.8575424262729,16.289942971685075,0,False,False
96,19.2,2690230209840,485.5076799126798,8.670967107107108,1,False,False
96,19.2,2690230209792,595.0702048417088,12.804424438030562,0,False,False
96,19.2,2690230210992,528.5526951582182,13.936201268101117,0,False,False
96,19.2,2690230211520,562.2006066598225,13.576306734749682,0,False,False
96,19.2,2690230208688,508.24469601022605,9.501426749724192,1,False,False
96,19.2,2690230210416,537.0348332096232,11.796662261197616,1,False,False
96,19.2,2690230209600,626.0525363060118,12.032536012832448,0,False,False
96,19.2,2690230211088,569.3224920647597,12.846739094174026,1,False,False
96,19.2,2690230208304,655.3480248420954,11.510197377436324,0,False,False
96,19.2,2690230209744,683.3187599885562,11.025057230903641,0,False,False
96,19.2,2690230209120,601.8535504573534,12.282839452232507,1,False,False
96,19.2,2690230209552,710.1589288931424,9.711130023823806,0,False,False
96,19.2,2690230210848,631.7682257060295,10.499128661381745,1,False,False
96,19.2,2690230208448,657.3951625883132,8.360747570383719,1,False,False
96,19.2,2690230211376,678.7618722572308,7.198916084231291,1,False,False
96,19.2,2690230208736,698.9009780743257,7.357231125982214,1,False,False
96,19.2,2690230208880,720.4202493317204,8.672099518402938,1,False,False
96,19.2,2690230208976,733.9578570280191,7.376870580264332,0,False,False
96,19.2,2690230211184,745.4228439832477,10.769517179980966,1,False,False
96,19.2,2690230209024,753.3136468458733,4.9315300308968615,0,False,False
96,19.2,2690230210032,768.9662608715727,3.4847721838420576,0,False,False
96,19.2,2690230208496,783.2808767230435,3.4803448897959166,0,False,False
96,19.2,2690230208928,775.4471371815284,13.06812815901049,1,False,False
96,19.2,2690230208544,810.4268125261783,14.544177389668775,1,False,False
96,19.2,2690230208832,847.6495226308942,14.012511452983546,1,False,False
96,19.2,2690230211136,798.7766830307029,4.516105793667652,0,False,False
96,19.2,2690230211040,816.8504710944288,6.011409944248162,0,False,False
96,19.2,2690230211328,837.9214775823993,7.7485651508645645,0,False,False
96,19.2,2690230211232,881.0172781750853,10.948928519394801,1,False,False
96,19.2,2690230211424,907.4907805097627,6.944176541170197,1,False,False
96,19.2,2690230210272,926.0898764461552,6.032087360904684,1,False,False
96,19.2,2690230208208,945.2616751584809,7.770256096838587,1,False,False
96,19.2,2690230210704,862.3110498424074,9.766460209152267,0,False,False
96,19.2,2690230210560,969.9379778755833,10.794318883488577,1,False,False
96,19.2,2690230211280,890.6616912553787,11.949944918715623,0,False,False
96,19.2,2690230211472,923.5134958831126,13.97476574689947,0,False,False
96,19.2,2690230210128,1001.5622200509299,13.395665581222831,1,False,False
96,19.2,2690230208784,961.3869417928402,15.608029845323646,0,False,False
96,19.2,2690230208352,1002.3906102926113,16.440628817644583,0,False,False
96,19.2,2690230210512,1045.6569778959279,16.71959948381753,0,False,False
96,19.2,2690230210080,1087.6900899852249,16.559635310893675,0,False,False
96,19.2,2690230211568,1127.0656247439397,16.567947318473987,0,False,False
96,19.2,2690230208256,1171.243697171688,17.011114805181222,0,False,False
96,19.2,2690230210464,1038.1389447120364,14.762263240529006,1,False,False
96,19.2,2690230210224,1218.91210302072,17.817305385656926,0,False,False
96,19.2,2690230210320,1078.288673304879,15.615595879417336,1,False,False
96,19.2,2690230210800,1119.4741222547646,16.307556231607112,1,False,False
96,19.2,2690230208640,1159.8502251921986,16.911942568236004,1,False,False
96,19.2,2690230210896,1207.5777254331606,18.034066034068804,1,False,False
96,19.2,2690230210656,1268.208146889846,18.79044665524366,0,False,False
96,19.2,2690230209936,1261.179762604434,19.2701766789559,1,False,False
96,19.2,2690230209696,1315.7038750766387,20.145007260038792,1,False,False
96,19.2,2690230210608,1381.3693530957237,21.44771928181031,1,False,False
96,19.2,2690230208400,1319.6132319892781,19.646605879672965,0,False,False
96,19.2,2690230210752,1377.5529880195265,20.51880651076407,0,False,False
96,19.2,2690230208592,1467.0612663137226,23.175010397841458,1,False,False
96,19.2,2690230209984,1446.2671513087782,21.476504231220897,0,False,False
97,19.4,2690230209216,353.9826651365789,2.9952660809677857e-06,0,True,True
97,19.4,2690230209408,343.96367732675867,0.017555145328508295,0,False,False
97,19.4,2690230209360,358.9826651365789,2.093296156794344e-06,0,False,True
97,19.4,2690230209072,483.1160412097522,16.295544056708287,0,False,False
97,19.4,2690230209840,487.2435993090424,8.701090289210654,1,False,False
97,19.4,2690230209792,597.6269440004321,12.74228995382503,0,False,False
97,19.4,2690230210992,531.3389300555147,13.920384360321298,0,False,False
97,19.4,2690230211520,564.9124097552847,13.524092688283229,0,False,False
97,19.4,2690230208688,510.16150861416224,9.74854618775164,1,False,False
97,19.4,2690230210416,539.4057242935957,11.967640252271366,1,False,False
97,19.4,2690230209600,628.4556957355682,11.982393352507765,0,False,False
97,19.4,2690230211088,571.8940667431377,12.877000634348324,1,False,False
97,19.4,2690230208304,657.6470540319016,11.464025824131387,0,False,False
97,19.4,2690230209744,685.5165353247528,10.91405334771808,0,False,False
97,19.4,2690230209120,604.3029390865383,12.172616818307612,1,False,False
97,19.4,2690230209552,712.0862281359836,9.484857823048513,0,False,False
97,19.4,2690230210848,633.855470365031,10.309867266308556,1,False,False
97,19.4,2690230208448,659.0570569695948,8.208841931441949,1,False,False
97,19.4,2690230211376,680.1992640303396,7.165814796261181,1,False,False
97,19.4,2690230208736,700.378256003559,7.447062478991956,1,False,False
97,19.4,2690230208880,722.1666561376277,8.853099686278997,1,False,False
97,19.4,2690230208976,735.4142139072982,7.091671880135433,0,False,False
97,19.4,2690230211184,747.5908746580336,10.980940868593907,1,False,False
97,19.4,2690230209024,754.2850712779137,4.711069808476656,0,False,False
97,19.4,2690230210032,769.6580472617508,3.4107730204580964,0,False,False
97,19.4,2690230208496,783.9807257980814,3.5395826174941214,0,False,False
97,19.4,2690230208928,778.0718009584272,13.231500584066552,1,False,False
97,19.4,2690230208544,813.3373127261301,14.565474637371489,1,False,False
97,19.4,2690230208832,850.4390808499867,13.814318946228498,1,False,False
97,19.4,2690230211136,799.6889547219507,4.653239374842919,0,False,False
97,19.4,2690230211040,818.0642898357136,6.185335233265952,0,False,False
97,19.4,2690230211328,839.4848223664088,7.953660211897033,0,False,False
97,19.4,2690230211232,883.1849609414412,10.617502940207112,1,False,False
97,19.4,2690230211424,908.8674706817008,6.7675013365535,1,False,False
97,19.4,2690230210272,927.302103399504,6.123497254398488,1,False,False
97,19.4,2690230208208,946.8325218712279,8.023540417300552,1,False,False
97,19.4,2690230210704,864.2794334724159,9.992793951113565,0,False,False
97,19.4,2690230210560,972.1150056357883,11.065763954485211,1,False,False
97,19.4,2690230211280,893.0659301388783,12.162736077063895,0,False,False
97,19.4,2690230211472,926.3192493425405,14.135259556328247,0,False,False
97,19.4,2690230210128,1004.2534261790711,13.574815958200851,1,False,False
97,19.4,2690230208784,964.5145378745558,15.696526121527164,0,False,False
97,19.4,2690230208352,1005.680896410831,16.472346685955532,0,False,False
97,19.4,2690230210512,1049.001090791356,16.722329160623058,0,False,False
97,19.4,2690230210080,1091.002371809058,16.565063893937815,0,False,False
97,19.4,2690230211568,1130.3805282239703,16.587710049088106,0,False,False
97,19.4,2690230208256,1174.647774681834,17.038930302976393,0,False,False
97,19.4,2690230210464,1041.0975050953273,14.852787245661101,1,False,False
97,19.4,2690230210224,1222.4778455682094,17.851411931677102,0,False,False
97,19.4,2690230210320,1081.4158354497145,15.675739722384018,1,False,False
97,19.4,2690230210800,1122.739185401943,16.360465156258847,1,False,False
97,19.4,2690230208640,1163.235511104569,16.955096311763754,1,False,False
97,19.4,2690230210896,1211.18655572193,18.06414314883193,1,False,False
97,19.4,2690230210656,1271.9682816622903,18.82095953463572,0,False,False
97,19.4,2690230209936,1265.035254781994,19.291932021577708,1,False,False
97,19.4,2690230209696,1319.7339993237276,20.16177894685723,1,False,False
97,19.4,2690230210608,1385.6595055816806,21.456814973840167,1,False,False
97,19.4,2690230208400,1323.5438657615516,19.66620218030237,0,False,False
97,19.4,2690230210752,1381.6575334955405,20.530515841350287,0,False,False
97,19.4,2690230208592,1471.696268393291,23.175010397841458,1,False,False
97,19.4,2690230209984,1450.5624521550221,21.476504231220897,0,False,False
98,19.6,2690230209216,353.98266561226524,2.4352622596075867e-06,0,True,True
98,19.6,2690230209408,343.9663693990967,0.016615739236636836,0,False,False
98,19.6,2690230209360,358.98266561226524,1.7019273049610903e-06,0,False,True
98,19.6,2690230209072,486.37505735166474,16.292252096004656,0,False,False
98,19.6,2690230209840,488.986792730947,8.749700825741016,1,False,False
98,19.6,2690230209792,600.1712723340784,12.680402995139133,0,False,False
98,19.6,2690230210992,534.1217826584304,13.901308506020294,0,False,False
98,19.6,2690230211520,567.6136701775143,13.470407089864143,0,False,False
98,19.6,2690230208688,512.1274951987083,9.991760247447962,1,False,False
98,19.6,2690230210416,541.8100806280552,12.12754597562602,1,False,False
98,19.6,2690230209600,630.8488429074037,11.932422289473836,0,False,False
98,19.6,2690230211088,574.4707500617509,12.893094485645403,1,False,False
98,19.6,2690230208304,659.9365321447741,11.412963532325685,0,False,False
98,19.6,2690230209744,687.6913644308994,10.791789762569428,0,False,False
98,19.6,2690230209120,606.7295325165159,12.051250812458395,1,False,False
98,19.6,2690230209552,713.9675745145797,9.248269317433335,0,False,False
98,19.6,2690230210848,635.9047191533904,10.11869304168149,1,False,False
98,19.6,2690230208448,660.6891604452877,8.065951794322329,1,False,False
98,19.6,2690230211376,681.6308670567682,7.145187632799277,1,False,False
98,19.6,2690230208736,701.874198670708,7.5472699822546625,1,False,False
98,19.6,2690230208880,723.9496093470941,9.039143685214293,1,False,False
98,19.6,2690230208976,736.8135758423914,6.8074676217764205,0,False,False
98,19.6,2690230211184,749.8010311632491,11.189820593400315,1,False,False
98,19.6,2690230209024,755.2132492034342,4.503484939512617,0,False,False
98,19.6,2690230210032,770.3360865795647,3.3525169891225137,0,False,False
98,19.6,2690230208496,784.6931727872154,3.6099500084663756,0,False,False
98,19.6,2690230208928,780.7284689353322,13.384695741827416,1,False,False
98,19.6,2690230208544,816.2509643295346,14.570081385687061,1,False,False
98,19.6,2690230208832,853.1878068891277,13.598419842720388,1,False,False
98,19.6,2690230211136,800.6290593998552,4.796391068028868,0,False,False
98,19.6,2690230211040,819.3131521857757,6.363094813783394,0,False,False
98,19.6,2690230211328,841.089366453347,8.161394941103847,0,False,False
98,19.6,2690230211232,885.2864386069264,10.287811310506795,1,False,False
98,19.6,2690230211424,910.2104811992449,6.615703606560433,1,False,False
98,19.6,2690230210272,928.5338707347227,6.233519652726285,1,False,False
98,19.6,2690230208208,948.4544120347297,8.28239724742607,1,False,False
98,19.6,2690230210704,866.2930639676667,10.218735188714998,0,False,False
98,19.6,2690230210560,974.3460060062926,11.332321241812895,1,False,False
98,19.6,2690230211280,895.5124339599382,12.371056165001583,0,False,False
98,19.6,2690230211472,929.1566485129324,14.288961635293495,0,False,False
98,19.6,2690230210128,1006.979880623176,13.745262430927369,1,False,False
98,19.6,2690230208784,967.6594319944057,15.779069137101008,0,False,False
98,19.6,2690230208352,1008.9773244723665,16.501094620854467,0,False,False
98,19.6,2690230210512,1052.3457024446795,16.724379582563632,0,False,False
98,19.6,2690230210080,1094.3157718270227,16.570983368955428,0,False,False
98,19.6,2690230211568,1133.6993997625484,16.607702636536466,0,False,False
98,19.6,2690230208256,1178.0574140331387,17.06672176604178,0,False,False
98,19.6,2690230210464,1044.0738481074845,14.938543437204551,1,False,False
98,19.6,2690230210224,1226.05037475901,17.88499840658452,0,False,False
98,19.6,2690230210320,1084.554878659615,15.733697613714124,1,False,False
98,19.6,2690230210800,1126.014720713331,16.411744739336683,1,False,False
98,19.6,2690230208640,1166.6293369039915,16.996902653335056,1,False,False
98,19.6,2690230210896,1214.8013484788053,18.093435145773405,1,False,False
98,19.6,2690230210656,1275.734468949312,18.8507281597298,0,False,False
98,19.6,2690230209936,1268.895069188008,19.31325883858065,1,False,False
98,19.6,2690230209696,1323.7674570283014,20.17823971283851,1,False,False
98,19.6,2690230210608,1389.9514671554036,21.465760797815232,1,False,False
98,19.6,2690230208400,1327.478391303504,19.685389709682223,0,False,False
98,19.6,2690230210752,1385.7644049967132,20.54198924698719,0,False,False
98,19.6,2690230208592,1476.3312704728592,23.175010397841458,1,False,False
98,19.6,2690230209984,1454.857753001266,21.476504231220897,0,False,False
99,19.8,2690230209216,353.9826659990158,1.979958411959472e-06,0,True,True
99,19.8,2690230209408,343.9689053725897,0.015537747499940874,0,False,False
99,19.8,2690230209360,358.98266599901586,1.3837299332779946e-06,0,False,True
99,19.8,2690230209072,489.632856408045,16.280720123224615,0,False,False
99,19.8,2690230209840,490.74087983972106,8.815611858113794,1,False,False
99,19.8,2690230209792,602.7032408487263,12.618780802326247,0,False,False
99,19.8,2690230210992,536.9006086253871,13.879085685669306,0,False,False
99,19.8,2690230211520,570.3041014565384,13.415366503094873,0,False,False
99,19.8,2690230208688,514.1418277975308,10.230367357010108,1,False,False
99,19.8,2690230210416,544.2456532885624,12.275870212109544,1,False,False
99,19.8,2690230209600,633.2319898029689,11.882280813429048,0,False,False
99,19.8,2690230211088,577.0497055728354,12.894987796202246,1,False,False
99,19.8,2690230208304,662.2154392035369,11.356382607621459,0,False,False
99,19.8,2690230209744,689.8409732951674,10.657951504277609,0,False,False
99,19.8,2690230209120,609.1311383125977,11.91929980549859,1,False,False
99,19.8,2690230209552,715.8009550439525,9.002145568505478,0,False,False
99,19.8,2690230210848,637.9156621569264,9.92669932176378,1,False,False
99,19.8,2690230208448,662.2933234509934,7.932771205174668,1,False,False
99,19.8,2690230211376,683.0591754216603,7.1370095408591006,1,False,False
99,19.8,2690230208736,703.3908504895991,7.6573848795469965,1,False,False
99,19.8,2690230208880,725.7700721222096,9.229546489300805,1,False,False
99,19.8,2690230208976,738.1562385341382,6.525709801339282,0,False,False
99,19.8,2690230211184,752.0527569368095,11.395443954921218,1,False,False
99,19.8,2690230209024,756.1008112280741,4.309582475928675,0,False,False
99,19.8,2690230210032,771.0035116333083,3.309751259200597,0,False,False
99,19.8,2690230208496,785.4204059867646,3.690884193204665,0,False,False
99,19.8,2690230208928,783.4150692290043,13.527172750415712,1,False,False
99,19.8,2690230208544,819.1644089821946,14.557702391444394,1,False,False
99,19.8,2690230208832,855.8922224384005,13.365800655045486,1,False,False
99,19.8,2690230211136,801.598178234865,4.945227995842796,0,False,False
99,19.8,2690230211040,820.5978117416826,6.544488869603873,0,False,False
99,19.8,2690230211328,842.7356181340991,8.371471920666835,0,False,False
99,19.8,2690230211232,887.3222179327776,9.96224958884839,1,False,False
99,19.8,2690230211424,911.5247975913958,6.488887107355562,1,False,False
99,19.8,2690230210272,929.7888216821733,6.3609635955379265,1,False,False
99,19.8,2690230208208,950.1283928218743,8.545823282351423,1,False,False
99,19.8,2690230210704,868.3518345795808,10.443860681441118,0,False,False
99,19.8,2690230210560,976.6299597372546,11.593375394378345,1,False,False
99,19.8,2690230211280,898.0002875337739,12.574597022565628,0,False,False
99,19.8,2690230211472,932.0243368238722,14.435905285151753,0,False,False
99,19.8,2690230210128,1009.7398501546435,13.907127734816077,1,False,False
99,19.8,2690230208784,970.8204530260715,15.85595196953809,0,False,False
99,19.8,2690230208352,1012.2793165835693,16.527110870826085,0,False,False
99,19.8,2690230210512,1055.6906853320277,16.72587334769936,0,False,False
99,19.8,2690230210080,1097.6303892555277,16.577408357739937,0,False,False
99,19.8,2690230211568,1137.0222844719067,16.627912077101776,0,False,False
99,19.8,2690230208256,1181.4726089001983,17.094466765216865,0,False,False
99,19.8,2690230210464,1047.0670394506406,15.019818736479005,1,False,False
99,19.8,2690230210224,1229.6295865798434,17.91806512554951,0,False,False
99,19.8,2690230210320,1087.7053744677255,15.78959854416471,1,False,False
99,19.8,2690230210800,1129.3004067755346,16.461461371832584,1,False,False
99,19.8,2690230208640,1170.0314376990293,17.037429618412403,1,False,False
99,19.8,2690230210896,1218.4219493893079,18.12198204284759,1,False,False
99,19.8,2690230210656,1279.5065618752592,18.87978186831843,0,False,False
99,19.8,2690230209936,1272.7591213169949,19.334174854004456,1,False,False
99,19.8,2690230209696,1327.8041866802828,20.19439956154427,1,False,False
99,19.8,2690230210608,1394.245208108064,21.474560693625882,1,False,False
99,19.8,2690230208400,1331.4167279192689,19.704184139873497,0,False,False
99,19.8,2690230210752,1389.8735558387361,20.553234165036216,0,False,False
99,19.8,2690230208592,1480.9662725524274,23.175010397841458,1,False,False
99,19.8,2690230209984,1459.15305384751,21.476504231220897,0,False,False
100,20.0,2690230209216,353.98266631345837,1.6097795207160864e-06,0,True,True
100,20.0,2690230209408,343.9712662093229,0.014363023430017068,0,False,False
100,20.0,2690230209360,358.98266631345837,1.1250236850117978e-06,0,False,True
100,20.0,2690230209072,492.887831706237,16.261558662819894,0,False,False
100,20.0,2690230209840,492.50923751353724,8.897561188013144,1,False,False
100,20.0,2690230209792,605.2229023920906,12.557416235905096,0,False,False
100,20.0,2690230210992,539.6747860819463,13.853828844396196,0,False,False
100,20.0,2690230211520,572.9834400998297,13.359082189274575,0,False,False
100,20.0,2690230208688,516.2035387001864,10.463674913204228,1,False,False
100,20.0,2690230210416,546.7100938976258,12.41214004097023,1,False,False
100,20.0,2690230209600,635.6050779388567,11.831596212366083,0,False,False
100,20.0,2690230211088,579.6280935345391,12.882697317051313,1,False,False
100,20.0,2690230208304,664.4826295987616,11.293655376799785,0,False,False
100,20.0,2690230209744,691.9630299258941,10.512301030280875,0,False,False
100,20.0,2690230209120,611.5056801679655,11.777389180599554,1,False,False
100,20.0,2690230209552,717.584520948562,8.74738650938837,0,False,False
100,20.0,2690230210848,639.8882090145052,9.734990535668254,1,False,False
100,20.0,2690230208448,663.8715303717998,7.809920591432057,1,False,False
100,20.0,2690230211376,684.4866740782873,7.141194452940923,1,False,False
100,20.0,2690230208736,704.9301602347953,7.776910871351367,1,False,False
100,20.0,2690230208880,727.6288703651034,9.423619658569141,1,False,False
100,20.0,2690230208976,739.4427876966994,6.247840710969643,0,False,False
100,20.0,2690230211184,754.3453542125595,11.597118087633357,1,False,False
100,20.0,2690230209024,756.9505415257561,4.130051337589037,0,False,False
100,20.0,2690230210032,771.6634001678829,3.2821575841305126,0,False,False
100,20.0,2690230208496,786.1645016884434,3.7818316019063696,0,False,False
100,20.0,2690230208928,786.1294234307989,13.65841526480266,1,False,False
100,20.0,2690230208544,822.074231972418,14.52808429156136,1,False,False
100,20.0,2690230208832,858.5490589352087,13.11763473769537,1,False,False
100,20.0,2690230211136,802.597426965427,5.09943410186095,0,False,False
100,20.0,2690230211040,821.9189818452293,6.729312940788489,0,False,False
100,20.0,2690230211328,844.4240253990754,8.583581679734023,0,False,False
100,20.0,2690230211232,889.2932831271047,9.643179660109707,1,False,False
100,20.0,2690230211424,912.8154124334864,6.386953979057385,1,False,False
100,20.0,2690230210272,931.0703609100915,6.504634860675452,1,False,False
100,20.0,2690230208208,951.8553127119479,8.812844483075887,1,False,False
100,20.0,2690230210704,870.4555540979442,10.66775051676339,0,False,False
100,20.0,2690230210560,978.965727576423,11.848357724179612,1,False,False
100,20.0,2690230211280,900.5285159898946,12.773079981037517,0,False,False
100,20.0,2690230211472,934.9209663207854,14.576152601650302,0,False,False
100,20.0,2690230210128,1012.5316288471676,14.060574958064382,1,False,False
100,20.0,2690230208784,973.9964884696813,15.927467323610335,0,False,False
100,20.0,2690230208352,1015.5863415622395,16.55061968592857,0,False,False
100,20.0,2690230210512,1059.0359357679017,16.72692297000946,0,False,False
100,20.0,2690230210080,1100.9463259579443,16.58434940548588,0,False,False
100,20.0,2690230211568,1140.3492248308223,16.648324903441278,0,False,False
100,20.0,2690230208256,1184.8933485752777,17.12214441389228,0,False,False
100,20.0,2690230210464,1050.0762015750095,15.096890286978338,1,False,False
100,20.0,2690230210224,1233.2153771679295,17.950613682247628,0,False,False
100,20.0,2690230210320,1090.866919654709,15.843563338428986,1,False,False
100,20.0,2690230210800,1132.5959353226272,16.50967947368932,1,False,False
100,20.0,2690230208640,1173.4415619628523,17.076741651710222,1,False,False
100,20.0,2690230210896,1222.0482119606395,18.149821171846003,1,False,False
100,20.0,2690230210656,1283.2844193456574,18.90814871118839,0,False,False
100,20.0,2690230209936,1276.627330128938,19.354696623328515,1,False,False
100,20.0,2690230209696,1331.8441287385172,20.210268026145577,1,False,False
100,20.0,2690230210608,1398.540699509373,21.48321846095747,1,False,False
100,20.0,2690230208400,1335.3587979874574,19.722600257752042,0,False,False
100,20.0,2690230210752,1393.9849408032323,20.564257713496467,0,False,False
100,20.0,2690230208592,1485.6012746319957,23.175010397841458,1,False,False
100,20.0,2690230209984,1463.4483546937538,21.476504231220897,0,False,False
101,20.2,2690230209216,353.98266656911187,1.3088103718059085e-06,0,True,True
101,20.2,2690230209408,343.97343914523793,0.01312824543636247,0,False,False
101,20.2,2690230209360,358.98266656911187,9.146859234584809e-07,0,False,True
101,20.2,2690230209072,496.13849586416706,16.235336207764004,0,False,False
101,20.2,2690230209840,494.2949864556271,8.994235543266596,1,False,False
101,20.2,2690230209792,607.7303066949285,12.496276565922033,0,False,False
101,20.2,2690230210992,542.4437157830022,13.825651425277835,0,False,False
101,20.2,2690230211520,575.6514444487037,13.3016588465488,0,False,False
101,20.2,2690230208688,518.311522373402,10.691001230082374,1,False,False
101,20.2,2690230210416,549.2009620107524,12.535920680583914,1,False,False
101,20.2,2690230209600,637.9679723019349,11.779966246891465,0,False,False
101,20.2,2690230211088,582.2030809746939,12.856291616184222,1,False,False
101,20.2,2690230208304,666.7368324520202,11.224159325909651,0,False,False
101,20.2,2690230209744,694.0551605000278,10.354688139225743,0,False,False
101,20.2,2690230209120,613.8512113507682,11.626211785566781,1,False,False
101,20.2,2690230209552,719.3166110637076,8.485004786551691,0,False,False
101,20.2,2690230210848,641.8224904706533,9.544672140298893,1,False,False
101,20.2,2690230208448,665.4258846223024,7.697944063592179,1,False,False
101,20.2,2690230211376,685.9158268917798,7.157599044424668,1,False,False
101,20.2,2690230208736,706.4939757613125,7.905327483448552,1,False,False
101,20.2,2690230208880,729.5266921555232,9.620673123547718,1,False,False
101,20.2,2690230208976,740.6740959539642,5.975275659209665,0,False,False
101,20.2,2690230211184,756.6779880429492,11.794171358719135,1,False,False
101,20.2,2690230209024,757.7653540989049,3.9654610476045096,0,False,False
101,20.2,2690230210032,772.3187623929833,3.2693614441665386,0,False,False
101,20.2,2690230208496,786.9274262536127,3.8822510172641547,0,False,False
101,20.2,2690230208928,788.869251444123,13.77793041475098,1,False,False
101,20.2,2690230208544,824.9769710883535,14.481023149324303,1,False,False
101,20.2,2690230208832,861.1552948986458,12.855280737173516,1,False,False
101,20.2,2690230211136,803.6278591608954,5.258708610131344,0,False,False
101,20.2,2690230211040,823.277334578604,6.91735683084975,0,False,False
101,20.2,2690230211328,846.1549735906015,8.797403672843927,0,False,False
101,20.2,2690230211232,891.2010866778518,9.332894322813413,1,False,False
101,20.2,2690230211424,914.0872862432473,6.309623386769395,1,False,False
101,20.2,2690230210272,932.3816545188536,6.663345193179023,1,False,False
101,20.2,2690230208208,953.6358272772063,9.08251516373873,1,False,False
101,20.2,2690230210704,872.603947676984,10.8899905302701,0,False,False
101,20.2,2690230210560,981.3520597934913,12.0967490507304,1,False,False
101,20.2,2690230211280,903.0960907534701,12.966257037139515,0,False,False
101,20.2,2690230211472,937.8452032595839,14.70979198425035,0,False,False
101,20.2,2690230210128,1015.3535458509245,14.205803056427841,1,False,False
101,20.2,2690230208784,977.1864842222411,15.993905278271658,0,False,False
101,20.2,2690230208352,1018.8979121621979,16.57183170049153,0,False,False
101,20.2,2690230210512,1062.3813719283078,16.727631473644724,0,False,False
101,20.2,2690230210080,1104.2636856541674,16.59181334898649,0,False,False
101,20.2,2690230211568,1143.6802605998173,16.668927301204253,0,False,False
101,20.2,2690230208256,1188.3196182737543,17.149735321103588,0,False,False
101,20.2,2690230210464,1053.1005116576407,15.170024525945355,1,False,False
101,20.2,2690230210224,1236.80764305686,17.982646803938124,0,False,False
101,20.2,2690230210320,1094.0391346436245,15.895705076933396,1,False,False
101,20.2,2690230210800,1135.9010108391108,16.556461453722907,1,False,False
101,20.2,2690230208640,1176.8594708252117,17.114899740881004,1,False,False
101,20.2,2690230210896,1225.6799969969961,18.17698736416611,1,False,False
101,20.2,2690230210656,1287.0679057924601,18.93585549231905,0,False,False
101,20.2,2690230209936,1280.499617821898,19.37483962657273,1,False,False
101,20.2,2690230209696,1335.8872255385952,20.225854197520388,1,False,False
101,20.2,2690230210608,1402.8379131799456,21.4917377652937,1,False,False
101,20.2,2690230208400,1339.3045267881869,19.740652024999555,0,False,False
101,20.2,2690230210752,1398.0985160749915,20.5750667074173,0,False,False
101,20.2,2690230208592,1490.236276711564,23.175010397841458,1,False,False
101,20.2,2690230209984,1467.7436555399977,21.476504231220897,0,False,False
102,20.4,2690230209216,353.98266677696756,1.0641113067364187e-06,0,True,True
102,20.4,2690230209408,343.97541686757904,0.011865111024333734,0,False,False
102,20.4,2690230209360,358.98266677696756,7.436735330281694e-07,0,False,True
102,20.4,2690230209072,499.3834724501282,16.20258033468632,0,False,False
102,20.4,2690230209840,496.1009823951087,9.104290972399896,1,False,False
102,20.4,2690230209792,610.2254951790696,12.435302394063745,0,False,False
102,20.4,2690230210992,545.2068211797803,13.794666872930673,0,False,False
102,20.4,2690230211520,578.3078932786266,13.243193292646612,0,False,False
102,20.4,2690230208688,520.4645377818409,10.911677623802413,1,False,False
102,20.4,2690230210416,551.715732854624,12.646817095012157,1,False,False
102,20.4,2690230209600,640.3204555325566,11.726960529716496,0,False,False
102,20.4,2690230211088,584.7718522167166,12.81589357436966,1,False,False
102,20.4,2690230208304,668.976653013605,11.147282752246749,0,False,False
102,20.4,2690230209744,696.1149674798664,10.18505959915404,0,False,False
102,20.4,2690230209120,616.1659281736994,11.466527332886491,1,False,False
102,20.4,2690230209552,720.9957738375451,8.21611711005388,0,False,False
102,20.4,2690230210848,643.7188578974002,9.356840343034412,1,False,False
102,20.4,2690230208448,666.958593260056,7.597307805531484,1,False,False
102,20.4,2690230211376,687.3490654498995,7.186026703081061,1,False,False
102,20.4,2690230208736,708.0840393808534,8.042093176928393,1,False,False
102,20.4,2690230208880,731.4640875394194,9.820016886801668,1,False,False
102,20.4,2690230208976,741.8513163357451,5.709386608276287,0,False,False
102,20.4,2690230211184,759.0496906487313,11.985954865520242,1,False,False
102,20.4,2690230209024,758.5482689142945,3.816262368239424,0,False,False
102,20.4,2690230210032,772.9725303282758,3.2709409784654535,0,False,False
102,20.4,2690230208496,787.7110387507377,3.991615931701824,0,False,False
102,20.4,2690230208928,791.6321761076605,13.885247742676269,1,False,False
102,20.4,2690230208544,827.8691270812429,14.416373430807086,1,False,False
102,20.4,2690230208832,863.7081926358256,12.580276208685225,1,False,False
102,20.4,2690230211136,804.6904691706508,5.422764407279679,0,False,False
102,20.4,2690230211040,824.6734995538952,7.108403701162791,0,False,False
102,20.4,2690230211328,847.9287832609579,9.012607406877667,0,False,False
102,20.4,2690230211232,893.0475332841577,9.033584017562948,1,False,False
102,20.4,2690230211424,915.3453121990519,6.256451432376281,1,False,False
102,20.4,2690230210272,933.7256317439111,6.83591952727191,1,False,False
102,20.4,2690230208208,955.4704048142867,9.353917506137895,1,False,False
102,20.4,2690230210704,874.7966581488637,11.11017477056285,0,False,False
102,20.4,2690230210560,983.7876062613722,12.338082336568437,1,False,False
102,20.4,2690230211280,905.7019357394554,13.153911692675646,0,False,False
102,20.4,2690230211472,940.7957331959543,14.836935548195266,0,False,False
102,20.4,2690230210128,1018.2039722596899,14.343042239957036,1,False,False
102,20.4,2690230208784,980.389443918944,16.05555135349787,0,False,False
102,20.4,2690230208352,1022.2135823796381,16.59094438963357,0,False,False
102,20.4,2690230210512,1065.726931991217,16.728092964041185,0,False,False
102,20.4,2690230210080,1107.582573202324,16.599803662604558,0,False,False
102,20.4,2690230211568,1147.0154287590108,16.689705215646132,0,False,False
102,20.4,2690230208256,1191.751399429921,17.177221540919312,0,False,False
102,20.4,2690230210464,1056.1391994120406,15.23947649840756,1,False,False
102,20.4,2690230210224,1240.4062813942303,18.01416821764056,0,False,False
102,20.4,2690230210320,1097.2216619792018,15.946129517087838,1,False,False
102,20.4,2690230210800,1139.215350155562,16.60186767996133,1,False,False
102,20.4,2690230208640,1180.284937389653,17.151961547183014,1,False,False
102,20.4,2690230210896,1229.3171721113072,18.203513125690556,1,False,False
102,20.4,2690230210656,1290.8568909274552,18.96292781070959,0,False,False
102,20.4,2690230209936,1284.375909622726,19.39461835370961,1,False,False
102,20.4,2690230209696,1339.9334212061692,20.241166750449988,1,False,False
102,20.4,2690230210608,1407.1368216648455,21.500122143645306,1,False,False
102,20.4,2690230208400,1343.2538423418168,19.758352633808027,0,False,False
102,20.4,2690230210752,1402.214239182427,20.58566767440274,0,False,False
102,20.4,2690230208592,1494.8712787911322,23.175010397841458,1,False,False
102,20.4,2690230209984,1472.0389563862416,21.476504231220897,0,False,False
103,20.6,2690230209216,353.982666945962,8.651619039065876e-07,0,True,True
103,20.6,2690230209408,343.97719673246706,0.010600591187766559,0,False,False
103,20.6,2690230209360,358.982666945962,6.046341258160881e-07,0,False,True
103,20.6,2690230209072,502.62148789988606,16.163779300722823,0,False,False
103,20.6,2690230209840,497.9298111199798,9.226369604590843,1,False,False
103,20.6,2690230209792,612.7084955590724,12.374406715404362,0,False,False
103,20.6,2690230210992,547.9635483851498,13.760988099388566,0,False,False
103,20.6,2690230211520,580.9525841328727,13.183773102146507,0,False,False
103,20.6,2690230208688,522.6612111325222,11.12505058735956,1,False,False
103,20.6,2690230210416,554.2518053727363,12.744475402820454,1,False,False
103,20.6,2690230209600,642.6622223991034,11.672122145205083,0,False,False
103,20.6,2690230211088,587.3316199210221,12.761683111308587,1,False,False
103,20.6,2690230208304,671.2005752405104,11.062431171216424,0,False,False
103,20.6,2690230209744,698.1400496192401,10.003468154474485,0,False,False
103,20.6,2690230209120,618.4481832664118,11.29916061701735,1,False,False
103,20.6,2690230209552,722.6207874445977,7.941933271556495,0,False,False
103,20.6,2690230210848,645.5778807583999,9.172571840985404,1,False,False
103,20.6,2690230208448,668.4719513474286,7.508399507020161,1,False,False
103,20.6,2690230211376,688.7887786770109,7.2262316184167705,1,False,False
103,20.6,2690230208736,709.7019838428567,8.18664820195963,1,False,False
103,20.6,2690230208880,733.4414686535098,10.020962663944193,1,False,False
103,20.6,2690230208976,742.9758725803997,5.451487063420849,0,False,False
103,20.6,2690230211184,761.4593660523637,12.171843686669268,1,False,False
103,20.6,2690230209024,759.3023882856968,3.6827896964974722,0,False,False
103,20.6,2690230210032,773.6275489126957,3.286435551010747,0,False,False
103,20.6,2690230208496,788.5170940214349,4.109416277249187,0,False,False
103,20.6,2690230208928,794.4157276128371,13.979918272425492,1,False,False
103,20.6,2690230208544,830.7471760131269,14.334058280008508,1,False,False
103,20.6,2690230208832,866.2053333388945,12.294326231746517,1,False,False
103,20.6,2690230211136,805.786194746272,5.591326381229985,0,False,False
103,20.6,2690230211040,826.1080625341988,7.302229356914786,0,False,False
103,20.6,2690230211328,849.7457082654761,9.228853711812503,0,False,False
103,20.6,2690230211232,894.8349573003313,8.747306258826676,1,False,False
103,20.6,2690230211424,916.5942848930714,6.226851719584736,1,False,False
103,20.6,2690230210272,935.1049879816193,7.021201442339389,1,False,False
103,20.6,2690230208208,957.3593319103232,9.62616156150424,1,False,False
103,20.6,2690230210704,877.033247831633,11.327907979268351,0,False,False
103,20.6,2690230210560,986.2709270439137,12.571944985385963,1,False,False
103,20.6,2690230211280,908.3449336916987,13.33585944832663,0,False,False
103,20.6,2690230211472,943.7712655531101,14.957716487777803,0,False,False
103,20.6,2690230210128,1021.0813270518839,14.472549329462302,1,False,False
103,20.6,2690230208784,983.6044279084853,16.112684883020542,0,False,False
103,20.6,2690230208352,1025.5329448546502,16.60814257979387,0,False,False
103,20.6,2690230210512,1069.072572389647,16.7283931748062,0,False,False
103,20.6,2690230210080,1110.9030939482407,16.60832078297373,0,False,False
103,20.6,2690230211568,1150.3547634666456,16.710644448646555,0,False,False
103,20.6,2690230208256,1195.1886699824636,17.204586518898182,0,False,False
103,20.6,2690230210464,1059.1915447753925,15.305489387143139,1,False,False
103,20.6,2690230210224,1244.0111901332264,18.045182526906338,0,False,False
103,20.6,2690230210320,1100.4141648910809,15.994935509336843,1,False,False
103,20.6,2690230210800,1142.5386820390245,16.645956460121035,1,False,False
103,20.6,2690230208640,1183.71774607721,17.18798154091222,1,False,False
103,20.6,2690230210896,1232.9596112712388,18.229428801025723,1,False,False
103,20.6,2690230210656,1294.6512495041181,18.989390103306118,0,False,False
103,20.6,2690230209936,1288.2561335943751,19.414046382988893,1,False,False
103,20.6,2690230209696,1343.9826615753868,20.256213968047504,1,False,False
103,20.6,2690230210608,1411.4373982082589,21.508375010015058,1,False,False
103,20.6,2690230208400,1347.2066752585554,19.775714558592135,0,False,False
103,20.6,2690230210752,1406.3320689410757,20.596066869256298,0,False,False
103,20.6,2690230208592,1499.5062808707005,23.175010397841458,1,False,False
103,20.6,2690230209984,1476.3342572324855,21.476504231220897,0,False,False
104,20.8,2690230209216,353.9826670833608,7.034086709095337e-07,0,True,True
104,20.8,2690230209408,343.97878003066626,0.009357229746170127,0,False,False
104,20.8,2690230209360,358.98266708336075,4.915899381449913e-07,0,False,True
104,20.8,2690230209072,505.8513637780528,16.11938398557844,0,False,False
104,20.8,2690230209840,499.78378663707537,9.359113119343522,1,False,False
104,20.8,2690230209792,615.1793162659211,12.313474127325206,0,False,False
104,20.8,2690230210992,550.7133660292324,13.724726905390211,0,False,False
104,20.8,2690230211520,583.5853313811967,13.123475209764052,0,False,False
104,20.8,2690230208688,524.9000390577462,11.330484008391059,1,False,False
104,20.8,2690230210416,556.8065105422402,12.82858414074919,1,False,False
104,20.8,2690230209600,644.9928746145586,11.61496955073776,0,False,False
104,20.8,2690230211088,589.8796366829747,12.693900059668655,1,False,False
104,20.8,2690230208304,673.4069657072728,10.96903449664709,0,False,False
104,20.8,2690230209744,700.128023710991,9.810080549032557,0,False,False
104,20.8,2690230209120,620.696498407397,11.124998455783707,1,False,False
104,20.8,2690230209552,724.1906775598176,7.663743082105548,0,False,False
104,20.8,2690230210848,647.4003420336744,8.992913800583986,1,False,False
104,20.8,2690230208448,669.9683262660449,7.43152877022187,1,False,False
104,20.8,2690230211376,690.2373032694952,7.277922907019765,1,False,False
104,20.8,2690230208736,711.3493288697251,8.338417206128488,1,False,False
104,20.8,2690230208880,735.4591101749226,10.22282548084255,1,False,False
104,20.8,2690230208976,744.0494465133247,5.202818485007364,0,False,False
104,20.8,2690230211184,763.9057949431049,12.3512378471981,1,False,False
104,20.8,2690230209024,760.0308738443657,3.565265049866012,0,False,False
104,20.8,2690230210032,774.2865687956223,3.315353821314167,0,False,False
104,20.8,2690230208496,789.3472460542996,4.235159598030252,0,False,False
104,20.8,2690230208928,797.217347751231,14.061513854541028,1,False,False
104,20.8,2690230208544,833.6075837354471,14.234080873233045,1,False,False
104,20.8,2690230208832,868.6446495736982,11.999287097680627,1,False,False
104,20.8,2690230211136,806.9159193301634,5.764129747013337,0,False,False
104,20.8,2690230211040,827.5815639248332,7.498601727211129,0,False,False
104,20.8,2690230211328,851.605934119074,9.445796149356127,0,False,False
104,20.8,2690230211232,896.566094290138,8.475958590458681,1,False,False
104,20.8,2690230211424,917.8388732101162,6.220115982915426,1,False,False
104,20.8,2690230210272,936.5221888019935,7.218057113879676,1,False,False
104,20.8,2690230208208,959.3027190437899,9.898385772084,1,False,False
104,20.8,2690230210704,879.3132008324854,11.542808052842037,0,False,False
104,20.8,2690230210560,988.800503414584,12.79798068603002,1,False,False
104,20.8,2690230211280,911.0239325975083,13.511947948043106,0,False,False
104,20.8,2690230211472,946.7705376613127,15.07228643590677,0,False,False
104,20.8,2690230210128,1023.984082105639,14.594603172923973,1,False,False
104,20.8,2690230208784,986.83055192238,16.16557767434005,0,False,False
104,20.8,2690230208352,1028.8556283775592,16.623598996397558,0,False,False
104,20.8,2690230210512,1072.418266172472,16.72860998984928,0,False,False
104,20.8,2690230210080,1114.2253531384838,16.617362413361054,0,False,False
104,20.8,2690230211568,1153.698296036404,16.731730746557243,0,False,False
104,20.8,2690230208256,1198.6314046490654,17.23181503632187,0,False,False
104,20.8,2690230210464,1062.2568755147954,15.368294232306065,1,False,False
104,20.8,2690230210224,1247.6222682002394,18.075695098661853,0,False,False
104,20.8,2690230210320,1103.6163259397183,16.042215404304873,1,False,False
104,20.8,2690230210800,1145.8707467801532,16.688784031801145,1,False,False
104,20.8,2690230208640,1187.1576919974025,17.223011139688822,1,False,False
104,20.8,2690230210896,1236.607194377348,18.254762727419457,1,False,False
104,20.8,2690230210656,1298.4508610881005,19.015265688572402,0,False,False
104,20.8,2690230209936,1292.1402204584356,19.433136452736623,1,False,False
104,20.8,2690230209696,1348.0348941121006,20.271003764542794,1,False,False
104,20.8,2690230210608,1415.7396167292445,21.51649966061007,1,False,False
104,20.8,2690230208400,1351.1629585981573,19.792749603987204,0,False,False
104,20.8,2690230210752,1410.451965399971,20.606270287812738,0,False,False
104,20.8,2690230208592,1504.1412829502688,23.175010397841458,1,False,False
104,20.8,2690230209984,1480.6295580787294,21.476504231220897,0,False,False
105,21.0,2690230209216,353.98266719507103,5.718973016224476e-07,0,True,True
105,21.0,2690230209408,343.9801713070292,0.008153474009131943,0,False,False
105,21.0,2690230209360,358.98266719507103,3.9968082674662404e-07,0,False,True
105,21.0,2690230209072,509.0720094446708,16.06981006155017,0,False,False
105,21.0,2690230209840,501.6649518273969,9.501173332015881,1,False,False
105,21.0,2690230209792,617.6379407227605,12.252360194321197,0,False,False
105,21.0,2690230210992,553.4557649959919,13.685993351396046,0,False,False
105,21.0,2690230211520,586.2059639975145,13.062364491626287,0,False,False
105,21.0,2690230208688,527.1793922420876,11.527361384904136,1,False,False
105,21.0,2690230210416,559.3771199371505,12.898875447482975,1,False,False
105,21.0,2690230209600,647.3119160545948,11.554998808090426,0,False,False
105,21.0,2690230211088,592.4132072098869,12.61284707460124,1,False,False
105,21.0,2690230208304,675.5940790041452,10.866554984255767,0,False,False
105,21.0,2690230209744,702.0765478541219,9.605184192185138,0,False,False
105,21.0,2690230209120,622.9095766562054,10.944985307196132,1,False,False
105,21.0,2690230209552,725.7047323982292,7.382901561868789,0,False,False
105,21.0,2690230210848,649.1872316674312,8.818874289927725,1,False,False
105,21.0,2690230208448,671.4501421731162,7.36692840421223,1,False,False
105,21.0,2690230211376,691.6969149547241,7.340768700082389,1,False,False
105,21.0,2690230208736,713.027478198227,8.49681161494682,1,False,False
105,21.0,2690230208880,737.5171500879524,10.424925237510267,1,False,False
105,21.0,2690230208976,745.073962820441,4.96453842717415,0,False,False
105,21.0,2690230211184,766.3876397143684,12.523562966493268,1,False,False
105,21.0,2690230209024,760.7369244027697,3.463803447968337,0,False,False
105,21.0,2690230210032,774.9522407037424,3.3571812191957657,0,False,False
105,21.0,2690230208496,790.2030515596791,4.368371734698764,0,False,False
105,21.0,2690230208928,800.0343940574722,14.129626943257126,1,False,False
105,21.0,2690230208544,836.4468226950711,14.11653654279184,1,False,False
105,21.0,2690230208832,871.0244541922642,11.69714539052648,1,False,False
105,21.0,2690230211136,808.0804740099186,5.940918386880972,0,False,False
105,21.0,2690230211040,829.094497173584,7.697280540384134,0,False,False
105,21.0,2690230211328,853.5095766433359,9.663082551955075,0,False,False
105,21.0,2690230211232,898.2440474422491,8.221255717148468,1,False,False
105,21.0,2690230211424,919.0835973081387,6.235434242129373,1,False,False
105,21.0,2690230210272,937.9794746650781,7.425378024064712,1,False,False
105,21.0,2690230208208,961.3005063248143,10.169758018501284,1,False,False
105,21.0,2690230210704,881.6359258402987,11.754508449901017,0,False,False
105,21.0,2690230210560,991.3747492083644,13.015890702767528,1,False,False
105,21.0,2690230211280,913.7377521079724,13.682056778367892,0,False,False
105,21.0,2690230211472,949.7923182712093,15.180812860775113,0,False,False
105,21.0,2690230210128,1026.9107663053792,14.709500201843827,1,False,False
105,21.0,2690230208784,990.0669854943206,16.214492934193053,0,False,False
105,21.0,2690230208352,1032.1812955065163,16.637474834467593,0,False,False
105,21.0,2690230210512,1075.7640014680042,16.728813940671596,0,False,False
105,21.0,2690230210080,1117.549455392962,16.62692380859303,0,False,False
105,21.0,2690230211568,1157.0460549317008,16.752949879319708,0,False,False
105,21.0,2690230208256,1202.0795751897506,17.258893152842294,0,False,False
105,21.0,2690230210464,1065.3345647887477,15.428109815311771,1,False,False
105,21.0,2690230210224,1251.2394156404969,18.105711959587936,0,False,False
105,21.0,2690230210320,1106.8278457429726,16.08805544814996,1,False,False
105,21.0,2690230210800,1149.2112957790177,16.730404561865818,1,False,False
105,21.0,2690230208640,1190.6045803469938,17.25709884796847,1,False,False
105,21.0,2690230210896,1240.2598068713546,18.279541378730862,1,False,False
105,21.0,2690230210656,1302.2556098364525,19.040576810313087,0,False,False
105,21.0,2690230209936,1296.028103431622,19.451900527152763,1,False,False
105,21.0,2690230209696,1352.0900678415298,20.28554370653973,1,False,False
105,21.0,2690230210608,1420.0434517985082,21.52449927881214,1,False,False
105,21.0,2690230208400,1355.1226277389858,19.809468949393658,0,False,False
105,21.0,2690230210752,1414.5738897907318,20.616283680001303,0,False,False
105,21.0,2690230208592,1508.776285029837,23.175010397841458,1,False,False
105,21.0,2690230209984,1484.9248589249733,21.476504231220897,0,False,False
106,21.2,2690230209216,353.98266728589556,4.649736876005915e-07,0,True,True
106,21.2,2690230209408,343.9813777369481,0.007004024960709563,0,False,False
106,21.2,2690230209360,358.98266728589556,3.249553151385886e-07,0,False,True
106,21.2,2690230209072,512.282415165744,16.015440292670473,0,False,False
106,21.2,2690230209840,503.575081048554,9.651220325609621,1,False,False
106,21.2,2690230209792,620.0843215045093,12.190890979150764,0,False,False
106,21.2,2690230210992,556.190258030437,13.644895073902259,0,False,False
106,21.2,2690230211520,588.8143230530101,13.00049233690968,0,False,False
106,21.2,2690230208688,529.4975194902255,11.715087997891745,1,False,False
106,21.2,2690230210416,561.9608545267462,12.955126240782294,1,False,False
106,21.2,2690230209600,649.6187484466922,11.49168619859821,0,False,False
106,21.2,2690230211088,594.9297010752437,12.518892439433532,1,False,False
106,21.2,2690230208304,677.7600647727701,10.75449589271569,0,False,False
106,21.2,2690230209744,703.9833459446222,9.38919210310404,0,False,False
106,21.2,2690230209120,625.0863135203836,10.760117562487274,1,False,False
106,21.2,2690230209552,727.1625146960863,7.10081277664871,0,False,False
106,21.2,2690230210848,650.9397381427499,8.651413357671727,1,False,False
106,21.2,2690230208448,672.9198647707966,7.314756508022118,1,False,False
106,21.2,2690230211376,693.1698205616783,7.414400130352091,1,False,False
106,21.2,2690230208736,714.7377170829599,8.661231807223682,1,False,False
106,21.2,2690230208880,739.6155907616339,10.626588242776439,1,False,False
106,21.2,2690230208976,746.0515715721878,4.737710542149287,0,False,False
106,21.2,2690230211184,768.9034496084155,12.688270569540974,1,False,False
106,21.2,2690230209024,761.423754976722,3.378419475665953,0,False,False
106,21.2,2690230210032,775.6271112591987,3.411386751599669,0,False,False
106,21.2,2690230208496,791.0859736522912,4.508597087728421,0,False,False
106,21.2,2690230208928,802.8641439445732,14.183870964285795,1,False,False
106,21.2,2690230208544,839.2613911963239,13.981625271769074,1,False,False
106,21.2,2690230208832,873.3434647816836,11.389993019896131,1,False,False
106,21.2,2690230211136,809.2806391429367,6.121443228958933,0,False,False
106,21.2,2690230211040,830.6473071190122,7.8980171940593635,0,False,False
106,21.2,2690230211328,855.4566809296101,9.880356682721223,0,False,False
106,21.2,2690230211232,899.8722497161335,7.984711282014481,1,False,False
106,21.2,2690230211424,920.3328095731604,6.2719140152174155,1,False,False
106,21.2,2690230210272,939.4788661101175,7.642082687886194,1,False,False
106,21.2,2690230208208,963.3524694791823,10.43947717322898,1,False,False
106,21.2,2690230210704,884.0007593940373,11.962660505841006,0,False,False
106,21.2,2690230210560,993.9920223905654,13.225434533964783,1,False,False
106,21.2,2690230211280,916.4851898957057,13.846096934717465,0,False,False
106,21.2,2690230211472,952.8354105508756,15.283476535455817,0,False,False
106,21.2,2690230210128,1029.8599687726178,14.817550195502568,1,False,False
106,21.2,2690230208784,993.3129501811005,16.259684435644292,0,False,False
106,21.2,2690230208352,1035.509640300116,16.649920340432185,0,False,False
106,21.2,2690230210512,1079.1097800453854,16.72906867906869,0,False,False
106,21.2,2690230210080,1120.875504233266,16.63699804141794,0,False,False
106,21.2,2690230211568,1160.3980657752445,16.774287711302335,0,False,False
106,21.2,2690230208256,1205.533150658677,17.285808148118104,0,False,False
106,21.2,2690230210464,1068.424028695099,15.485142682913942,1,False,False
106,21.2,2690230210224,1254.8625337435756,18.13523970149553,0,False,False
106,21.2,2690230210320,1110.0484417808561,16.13253616394536,1,False,False
106,21.2,2690230210800,1152.5600911313638,16.770870154403923,1,False,False
106,21.2,2690230208640,1194.0582258366605,17.290290396400618,1,False,False
106,21.2,2690230210896,1243.9173393725646,18.30378949986325,1,False,False
106,21.2,2690230210656,1306.065384285612,19.065344681416367,0,False,False
106,21.2,2690230209936,1299.9197180750448,19.47034985659455,1,False,False
106,21.2,2690230209696,1356.148133280078,20.299841032853955,1,False,False
106,21.2,2690230210608,1424.3488786161583,21.532376939916766,1,False,False
106,21.2,2690230208400,1359.0856202557684,19.825883190313004,0,False,False
106,21.2,2690230210752,1418.697804479214,20.62611256218293,0,False,False
106,21.2,2690230208592,1513.4112871094053,23.175010397841458,1,False,False
106,21.2,2690230209984,1489.2201597712171,21.476504231220897,0,False,False
107,21.4,2690230209216,353.9826673597393,3.7804082926696986e-07,0,True,True
107,21.4,2690230209408,343.98240856136164,0.005920196894985481,0,False,False
107,21.4,2690230209360,358.98266735973937,2.642007065897147e-07,0,False,True
107,21.4,2690230209072,515.4816456878448,15.956626881120476,0,False,False
107,21.4,2690230209840,505.51568422220674,9.807948554760234,1,False,False
107,21.4,2690230209792,622.5183744154376,12.12886275312234,0,False,False
107,21.4,2690230210992,558.9163792052669,13.601536543903867,0,False,False
107,21.4,2690230211520,591.4102589235881,12.937895222597362,0,False,False
107,21.4,2690230208688,531.852552224574,11.89309300629478,1,False,False
107,21.4,2690230210416,564.5548937128923,12.997159463746181,1,False,False
107,21.4,2690230209600,651.9126676108565,11.424491280065665,0,False,False
107,21.4,2690230211088,597.4265660189143,12.41247260628507,1,False,False
107,21.4,2690230208304,679.902976517742,10.632410775685143,0,False,False
107,21.4,2690230209744,705.8462330226552,9.1626457978424,0,False,False
107,21.4,2690230209120,627.225806895112,10.571436568031697,1,False,False
107,21.4,2690230209552,728.5638703915401,6.818912757532409,0,False,False
107,21.4,2690230210848,652.6592383241262,8.491434927619553,1,False,False
107,21.4,2690230208448,674.3799865391223,7.275099233356437,1,False,False
107,21.4,2690230211376,694.6581508795136,7.498415167398202,1,False,False
107,21.4,2690230208736,716.4812102225478,8.831069111423174,1,False,False
107,21.4,2690230208880,741.7543003322311,10.827148717545514,1,False,False
107,21.4,2690230208976,746.9846288772824,4.523296529583781,0,False,False
107,21.4,2690230211184,771.4516659004511,12.844838056067836,1,False,False
107,21.4,2690230209024,762.0945771870918,3.3090347984412873,0,False,False
107,21.4,2690230210032,776.313620112065,3.477429096871961,0,False,False
107,21.4,2690230208496,791.9973855617342,4.655398522811175,0,False,False
107,21.4,2690230208928,805.7037989603525,14.223881429465996,1,False,False
107,21.4,2690230208544,842.0478351624078,13.829664080669106,1,False,False
107,21.4,2690230208832,875.6008228880282,11.07999897068519,1,False,False
107,21.4,2690230211136,810.5171456604747,6.305460685960993,0,False,False
107,21.4,2690230211040,832.240388325671,8.1005548180794,0,False,False
107,21.4,2690230211328,857.447220641565,10.09726000455854,0,False,False
107,21.4,2690230211232,901.45442266934,7.767624575087291,1,False,False
107,21.4,2690230211424,921.5906793336724,6.328598210824189,1,False,False
107,21.4,2690230210272,941.0221692368598,7.867117633529859,1,False,False
107,21.4,2690230208208,965.458226174664,10.706775116064383,1,False,False
107,21.4,2690230210704,886.406969605872,12.166935615654243,0,False,False
107,21.4,2690230210560,996.6506367123437,13.426429886523032,1,False,False
107,21.4,2690230211280,919.2650278845983,14.004009973844585,0,False,False
107,21.4,2690230211472,955.8986545832582,15.380469110861673,0,False,False
107,21.4,2690230210128,1032.8303412664154,14.919072308082438,1,False,False
107,21.4,2690230208784,996.5677176317797,16.30139590199672,0,False,False
107,21.4,2690230208352,1038.8403861666097,16.661075395548302,0,False,False
107,21.4,2690230210512,1082.4556159689075,16.729431425756715,0,False,False
107,21.4,2690230210080,1124.203601663083,16.647576251147665,0,False,False
107,21.4,2690230211568,1163.7543513722353,16.795730264312187,0,False,False
107,21.4,2690230208256,1208.992097644217,17.31254846295281,0,False,False
107,21.4,2690230210464,1071.5247238319869,15.539587289050898,1,False,False
107,21.4,2690230210224,1258.4915251505613,18.16428539515872,0,False,False
107,21.4,2690230210320,1113.277847275547,16.175732717509206,1,False,False
107,21.4,2690230210800,1155.9169052170041,16.810230866598957,1,False,False
107,21.4,2690230208640,1197.518452145461,17.3226288798824,1,False,False
107,21.4,2690230210896,1247.5796873405636,18.3275302320973,1,False,False
107,21.4,2690230210656,1309.8800771481197,19.089589527235074,0,False,False
107,21.4,2690230209936,1303.8150021551955,19.48849503279795,1,False,False
107,21.4,2690230209696,1360.209042371028,20.313902673031787,1,False,False
107,21.4,2690230210608,1428.655872990393,21.54013561565107,1,False,False
107,21.4,2690230208400,1363.0518758054163,19.84200237670476,0,False,False
107,21.4,2690230210752,1422.8236729195842,20.635762228801898,0,False,False
107,21.4,2690230208592,1518.0462891889736,23.175010397841458,1,False,False
107,21.4,2690230209984,1493.515460617461,21.476504231220897,0,False,False
108,21.6,2690230209216,353.98266741977704,3.073611957062416e-07,0,True,True
108,21.6,2690230209408,343.98327458042974,0.004910278067506527,0,False,False
108,21.6,2690230209360,358.98266741977704,2.148049596687932e-07,0,False,True
108,21.6,2690230209072,518.6688342815968,15.89369379431538,0,False,False
108,21.6,2690230209840,507.48801202816725,9.970081322938277,1,False,False
108,21.6,2690230209792,624.9399725215349,12.066041901243887,0,False,False
108,21.6,2690230210992,561.6336832352478,13.556018265667628,0,False,False
108,21.6,2690230211520,593.9936282131615,12.874593304490302,0,False,False
108,21.6,2690230208688,534.2425093953125,12.060831438444097,1,False,False
108,21.6,2690230210416,567.1563846250223,13.024845472398134,1,False,False
108,21.6,2690230209600,654.1928603442848,11.35286044560269,0,False,False
108,21.6,2690230211088,599.9013417287456,12.294094295214514,1,False,False
108,21.6,2690230208304,682.0207823121295,10.499913272381676,0,False,False
108,21.6,2690230209744,707.6631410447887,8.926215834855478,0,False,False
108,21.6,2690230209120,629.3273655275135,10.38002048023876,1,False,False
108,21.6,2690230209552,729.9089338516816,6.538651958797336,0,False,False
108,21.6,2690230210848,654.347285740805,8.339779648964862,1,False,False
108,21.6,2690230208448,675.8330125609076,7.247974112795077,1,False,False
108,21.6,2690230211376,696.1639542709415,7.592382261821927,1,False,False
108,21.6,2690230208736,718.2590000746205,9.005707650972372,1,False,False
108,21.6,2690230208880,743.933014383909,11.025950258603194,1,False,False
108,21.6,2690230208976,747.8756760577502,4.32215005750208,0,False,False
108,21.6,2690230211184,774.0306270541764,12.99276833838158,1,False,False
108,21.6,2690230209024,762.7525812157963,3.255486392714687,0,False,False
108,21.6,2690230210032,777.0140982429916,3.5547619670046684,0,False,False
108,21.6,2690230208496,792.9385743033046,4.808356977204261,0,False,False
108,21.6,2690230208928,808.5504893242363,14.249317943710821,1,False,False
108,21.6,2690230208544,844.8027723390106,13.661098759113154,1,False,False
108,21.6,2690230208832,877.796107418334,10.769378693746296,1,False,False
108,21.6,2690230211136,811.7906760644499,6.49273117299118,0,False,False
108,21.6,2690230211040,833.8740834446019,8.304628526921462,0,False,False
108,21.6,2690230211328,859.4810976781314,10.31343354427329,0,False,False
108,21.6,2690230211232,902.9945329618616,7.571072275883398,1,False,False
108,21.6,2690230211424,922.8611810501199,6.404481418044396,1,False,False
108,21.6,2690230210272,942.6109813445919,8.099457852706731,1,False,False
108,21.6,2690230208208,967.6172427779272,10.970919144776417,1,False,False
108,21.6,2690230210704,888.8537603100615,12.367027246312965,0,False,False
108,21.6,2690230210560,999.3488733139651,13.618751940620607,1,False,False
108,21.6,2690230211280,922.0760382904198,14.155766878103524,0,False,False
108,21.6,2690230211472,958.9809293864305,15.471990816944164,0,False,False
108,21.6,2690230210128,1035.8205998090475,15.014391400383419,1,False,False
108,21.6,2690230208784,999.8306075467924,16.339860582587697,0,False,False
108,21.6,2690230208352,1042.1732838295018,16.6710700932711,0,False,False
108,21.6,2690230210512,1085.8015343404857,16.729953395618953,0,False,False
108,21.6,2690230210080,1127.533847797205,16.658647875393473,0,False,False
108,21.6,2690230211568,1167.1149317456686,16.817263773238626,0,False,False
108,21.6,2690230208256,1212.4563804972577,17.339103640388323,0,False,False
108,21.6,2690230210464,1074.6361448939126,15.591626233889611,1,False,False
108,21.6,2690230210224,1262.126293944513,18.19285651207257,0,False,False
108,21.6,2690230210320,1116.51581014347,16.217715266607122,1,False,False
108,21.6,2690230210800,1159.2815202918741,16.848534731807018,1,False,False
108,21.6,2690230208640,1200.9850914027782,17.354154893357737,1,False,False
108,21.6,2690230210896,1251.246750762398,18.350785229776957,1,False,False
108,21.6,2690230210656,1313.6995851179745,19.113330628371198,0,False,False
108,21.6,2690230209936,1307.71389551566,19.506346039455998,1,False,False
108,21.6,2690230209696,1364.2727484238612,20.327735264643888,1,False,False
108,21.6,2690230210608,1432.9644113170748,21.547778178480762,1,False,False
108,21.6,2690230208400,1367.021336020328,19.857836048578992,0,False,False
108,21.6,2690230210752,1426.9514596106776,20.645237763390544,0,False,False
108,21.6,2690230208592,1522.6812912685418,23.175010397841458,1,False,False
108,21.6,2690230209984,1497.810761463705,21.476504231220897,0,False,False
109,21.8,2690230209216,353.98266746858997,2.4989603585716356e-07,0,True,True
109,21.8,2690230209408,343.98398770484465,0.003979885433217333,0,False,False
109,21.8,2690230209360,358.9826674685899,1.7464438794997584e-07,0,False,True
109,21.8,2690230209072,521.8431772464378,15.826939019457498,0,False,False
109,21.8,2690230209840,509.493061904627,10.13637399568416,1,False,False
109,21.8,2690230209792,627.3489401778662,12.002165041466082,0,False,False
109,21.8,2690230210992,564.3417446273274,13.508435915297298,0,False,False
109,21.8,2690230211520,596.5642903969263,12.810589038026835,0,False,False
109,21.8,2690230208688,536.6653027809222,12.217786064611513,1,False,False
109,21.8,2690230210416,569.7624517053933,13.038103626918906,1,False,False
109,21.8,2690230209600,656.4584020543766,11.276231044155322,0,False,False
109,21.8,2690230211088,602.3516740030619,12.164335968744345,1,False,False
109,21.8,2690230208304,684.111377485326,10.356687215662504,0,False,False
109,21.8,2690230209744,709.4321445976007,8.680699806781295,0,False,False
109,21.8,2690230209120,631.3905157816946,10.186975105503466,1,False,False
109,21.8,2690230209552,731.1981295839099,6.2614777054022515,0,False,False
109,21.8,2690230210848,656.0055975097032,8.197218809911934,1,False,False
109,21.8,2690230208448,677.2814470439711,7.2333338376990906,1,False,False
109,21.8,2690230211376,697.6891910001817,7.695843770457518,1,False,False
109,21.8,2690230208736,720.0720055312552,9.184526066844297,1,False,False
109,21.8,2690230208880,746.1513379188863,11.22234724977844,1,False,False
109,21.8,2690230208976,748.727417738921,4.135012636263635,0,False,False
109,21.8,2690230211184,776.6385737841586,13.131589176275487,1,False,False
109,21.8,2690230209024,763.4009194431409,3.217535252931309,0,False,False
109,21.8,2690230210032,777.730767289475,3.6428387401829627,0,False,False
109,21.8,2690230208496,793.9107442529846,4.967070821068899,0,False,False
109,21.8,2690230208928,811.4012789316721,14.259867230622238,1,False,False
109,21.8,2690230208544,847.5229187699819,13.476514347578979,1,False,False
109,21.8,2690230208832,879.929341816117,10.460362161737796,1,False,False
109,21.8,2690230211136,813.1018651339604,6.683017721192295,0,False,False
109,21.8,2690230211040,835.5486816367056,8.509965856736121,0,False,False
109,21.8,2690230211328,861.5581422147455,10.528519834810666,0,False,False
109,21.8,2690230211232,904.4967475422435,7.395905160594408,1,False,False
109,21.8,2690230211424,924.1480856452915,6.498524410485756,1,False,False
109,21.8,2690230210272,944.2466966359391,8.33810691061508,1,False,False
109,21.8,2690230208208,969.8288416155428,11.231214693740132,1,False,False
109,21.8,2690230210704,891.3402756010212,12.562652741893169,0,False,False
109,21.8,2690230210560,1002.0849921336155,13.802331906983246,1,False,False
109,21.8,2690230211280,924.9169894166367,14.301366662515747,0,False,False
109,21.8,2690230211472,962.0811544836826,15.558248311490317,0,False,False
109,21.8,2690230210128,1038.8295255999105,15.103834705038304,1,False,False
109,21.8,2690230208784,1003.1009855637353,16.37530099608857,0,False,False
109,21.8,2690230208352,1045.5081094078919,16.68002530455696,0,False,False
109,21.8,2690230210512,1089.1475701256666,16.730680200398517,0,False,False
109,21.8,2690230210080,1130.8663405357952,16.670200865682123,0,False,False
109,21.8,2690230211568,1170.4798241822991,16.838874734784664,0,False,False
109,21.8,2690230208256,1215.9259615477367,17.365464267152017,0,False,False
109,21.8,2690230210464,1077.7578223211278,15.641430581449304,1,False,False
109,21.8,2690230210224,1265.7667457257767,18.22096085361369,0,False,False
109,21.8,2690230210320,1119.762092016073,16.258549292873578,1,False,False
109,21.8,2690230210800,1162.6537280851471,16.885827789123663,1,False,False
109,21.8,2690230208640,1204.4579836972307,17.384906664588996,1,False,False
109,21.8,2690230210896,1254.9184338625384,18.3735747688079,1,False,False
109,21.8,2690230210656,1317.5238086844975,19.136586362669576,0,False,False
109,21.8,2690230209936,1311.6163399586576,19.52391229854142,1,False,False
109,21.8,2690230209696,1368.3392060569522,20.341345169440835,1,False,False
109,21.8,2690230210608,1437.2744705601572,21.55530740571578,1,False,False
109,21.8,2690230208400,1370.9939444086376,19.873393269024948,0,False,False
109,21.8,2690230210752,1431.0811300545188,20.654544048963533,0,False,False
109,21.8,2690230208592,1527.31629334811,23.175010397841458,1,False,False
109,21.8,2690230209984,1502.1060623099488,21.476504231220897,0,False,False
110,22.0,2690230209216,353.98266750827656,2.0317473256060942e-07,0,True,True
110,22.0,2690230209408,343.98456056286034,0.0031323079075361317,0,False,False
110,22.0,2690230209360,358.98266750827656,1.4199235571399518e-07,0,False,True
110,22.0,2690230209072,525.0039288592204,15.756636703900833,0,False,False
110,22.0,2690230209840,511.5315846235709,10.305616267087359,1,False,False
110,22.0,2690230209792,629.7450470952252,11.936939381263388,0,False,False
110,22.0,2690230210992,567.040156654482,13.458879419899935,0,False,False
110,22.0,2690230211520,599.1221041915107,12.745865842970355,0,False,False
110,22.0,2690230208688,539.1187426550296,12.363469147102863,1,False,False
110,22.0,2690230210416,572.3702066287119,13.036904132859744,1,False,False
110,22.0,2690230209600,658.7082552562491,11.19403611876752,0,False,False
110,22.0,2690230211088,604.7753291570108,12.023848501434834,1,False,False
110,22.0,2690230208304,686.1725993421136,10.202496827634313,0,False,False
110,22.0,2690230209744,711.1514860323274,8.42701765653776,0,False,False
110,22.0,2690230209120,633.4150065138936,9.993423919068153,1,False,False
110,22.0,2690230209552,732.4321704585141,5.988817057094427,0,False,False
110,22.0,2690230210848,657.6360401160391,8.064449388656868,1,False,False
110,22.0,2690230208448,678.7277806229879,7.231070371890724,1,False,False
110,22.0,2690230211376,699.2357282303883,7.80831914536071,1,False,False
110,22.0,2690230208736,721.9210209321856,9.366899144753358,1,False,False
110,22.0,2690230208880,748.4087476054357,11.415706203120934,1,False,False
110,22.0,2690230208976,749.5426992417316,3.9625113888698222,0,False,False
110,22.0,2690230211184,779.2736539672629,13.260852255524565,1,False,False
110,22.0,2690230209024,764.0426918462816,3.194875344161747,0,False,False
110,22.0,2690230210032,778.4657397509332,3.7411163840749477,0,False,False
110,22.0,2690230208496,794.915020580948,5.131155022945589,0,False,False
110,22.0,2690230208928,814.2531710369229,14.255247275034344,1,False,False
110,22.0,2690230208544,850.2051172540308,13.276643751557495,1,False,False
110,22.0,2690230208832,882.000994814042,10.155161649413499,1,False,False
110,22.0,2690230211136,814.4513003616999,6.876084701905759,0,False,False
110,22.0,2690230211040,837.2644170955067,8.71628738055033,0,False,False
110,22.0,2690230211328,863.6781131372547,10.742164916094042,0,False,False
110,22.0,2690230211232,905.9653884953096,7.242749544142998,1,False,False
110,22.0,2690230211424,925.4549546111972,6.6096667754756755,1,False,False
110,22.0,2690230210272,945.9305119285866,8.582096877822522,1,False,False
110,22.0,2690230208208,972.0922087939473,11.48700825620448,1,False,False
110,22.0,2690230210704,893.8656047168238,12.753554887791934,0,False,False
110,22.0,2690230210560,1004.8572429818082,13.977154905481333,1,False,False
110,22.0,2690230211280,927.7866511562966,14.440834759819767,0,False,False
110,22.0,2690230211472,965.1982910539764,15.639452690584868,0,False,False
110,22.0,2690230210128,1041.8559652856693,15.187728842212156,1,False,False
110,22.0,2690230208784,1006.3782611017639,16.4079288179884,0,False,False
110,22.0,2690230208352,1048.8446626088266,16.688053226510238,0,False,False
110,22.0,2690230210512,1092.4937670587167,16.731652229746672,0,False,False
110,22.0,2690230210080,1134.2011752807439,16.682221887712068,0,False,False
110,22.0,2690230211568,1173.849043287914,16.86054994973744,0,False,False
110,22.0,2690230208256,1219.4008013095095,17.391621915803455,0,False,False
110,22.0,2690230210464,1080.8893200169045,15.689160239167158,1,False,False
110,22.0,2690230210224,1269.412787673603,18.248606487095515,0,False,False
110,22.0,2690230210320,1123.016467325819,16.298295916143477,1,False,False
110,22.0,2690230210800,1166.0333294026577,16.922154118718634,1,False,False
110,22.0,2690230208640,1207.9369766119023,17.414920183284924,1,False,False
110,22.0,2690230210896,1258.594644834021,18.395917847428677,1,False,False
110,22.0,2690230210656,1321.3526519545298,19.159374246262452,0,False,False
110,22.0,2690230209936,1315.5222791355816,19.54120271273096,1,False,False
110,22.0,2690230209696,1372.4083711434287,20.35473848845143,1,False,False
110,22.0,2690230210608,1441.586028232916,21.5627259834241,1,False,False
110,22.0,2690230208400,1374.9696462609097,19.888682654862766,0,False,False
110,22.0,2690230210752,1435.2126507168807,20.663685777836527,0,False,False
110,22.0,2690230208592,1531.9512954276784,23.175010397841458,1,False,False
110,22.0,2690230209984,1506.4013631561927,21.476504231220897,0,False,False
111,22.2,2690230209216,353.9826675405433,1.651885825618703e-07,0,True,True
111,22.2,2690230209408,343.9850061604496,0.002368833808424656,0,False,False
111,22.2,2690230209360,358.9826675405433,1.1544504417161565e-07,0,False,True
111,22.2,2690230209072,528.1503967415564,15.683039149481452,0,False,False
111,22.2,2690230209840,513.6040912706626,10.476633748165764,1,False,False
111,22.2,2690230209792,632.1280024953247,11.870043339215949,0,False,False
111,22.2,2690230210992,569.7285301415359,13.407431979485342,0,False,False
111,22.2,2690230211520,601.6669236617447,12.680386826665512,0,False,False
111,22.2,2690230208688,541.6005437954736,12.497424076788667,1,False,False
111,22.2,2690230210416,574.9767586081354,13.021270157114522,1,False,False
111,22.2,2690230209600,660.941269061668,11.105709810859151,0,False,False
111,22.2,2690230211088,607.1702085003418,11.873354877256673,1,False,False
111,22.2,2690230208304,688.2022439126863,10.037196726737232,0,False,False
111,22.2,2690230209744,712.8195994825967,8.166204299466044,0,False,False
111,22.2,2690230209120,635.4008119082329,9.800497489786867,1,False,False
111,22.2,2690230209552,733.6120525522215,5.722060474873842,0,False,False
111,22.2,2690230210848,659.2406142823085,7.942090281839142,1,False,False
111,22.2,2690230208448,680.1744785007592,7.24101929205294,1,False,False
111,22.2,2690230211376,700.8053356426735,7.929307879172008,1,False,False
111,22.2,2690230208736,723.8067153984148,9.552199372114346,1,False,False
111,22.2,2690230208880,750.7045942884213,11.60540700985961,1,False,False
111,22.2,2690230208976,750.3244836511295,3.8051586289447377,0,False,False
111,22.2,2690230211184,781.9339273559066,13.380132074468237,1,False,False
111,22.2,2690230209024,764.6809331931938,3.1871425833683213,0,False,False
111,22.2,2690230210032,779.2210199328651,3.8490587045230678,0,False,False
111,22.2,2690230208496,795.952452507438,5.300240163717622,0,False,False
111,22.2,2690230208928,817.1031148423041,14.235212643222761,1,False,False
111,22.2,2690230208544,852.8463673679396,13.062373878887973,1,False,False
111,22.2,2690230208832,884.0119747781825,9.855940268306764,1,False,False
111,22.2,2690230211136,815.8395221432469,7.071696674074388,0,False,False
111,22.2,2690230211040,839.0214677044266,8.92330749350093,0,False,False
111,22.2,2690230211328,865.8406988787702,10.954020372377586,0,False,False
111,22.2,2690230211232,907.4048884755357,7.112013082814901,1,False,False
111,22.2,2690230211424,926.7851365159526,6.736837662877651,1,False,False
111,22.2,2690230210272,947.6634323486971,8.830488218905753,1,False,False
111,22.2,2690230208208,974.406402611418,11.73769039269795,1,False,False
111,22.2,2690230210704,896.4287872179318,12.93950320486812,0,False,False
111,22.2,2690230210560,1007.6638761488437,14.14325721790719,1,False,False
111,22.2,2690230211280,930.6838001580787,14.574221221587468,0,False,False
111,22.2,2690230211472,968.3313426957801,15.715817669880087,0,False,False
111,22.2,2690230210128,1044.8988306573092,15.26639719210995,1,False,False
111,22.2,2690230208784,1009.6618851919502,16.43794489037683,0,False,False
111,22.2,2690230208352,1052.1827650280868,16.69525791099027,0,False,False
111,22.2,2690230210512,1095.8401766225275,16.732905011583004,0,False,False
111,22.2,2690230210080,1137.5384446910891,16.694696506984204,0,False,False
111,22.2,2690230211568,1177.2226010506515,16.882276559222028,0,False,False
111,22.2,2690230208256,1222.880858673709,17.41756908787828,0,False,False
111,22.2,2690230210464,1084.0302331440737,15.734964384716006,1,False,False
111,22.2,2690230210224,1273.0643285954034,18.275801688226753,0,False,False
111,22.2,2690230210320,1126.2787224538658,16.337012191166416,1,False,False
111,22.2,2690230210800,1169.4201337377392,16.957555882227883,1,False,False
111,22.2,2690230208640,1211.4219247851286,17.444229326104885,1,False,False
111,22.2,2690230210896,1262.275295589251,18.417832279709664,1,False,False
111,22.2,2690230210656,1325.186022482773,19.181710973538106,0,False,False
111,22.2,2690230209936,1319.4316584457813,19.558225704261094,1,False,False
111,22.2,2690230209696,1376.4802007599812,20.36792107609892,1,False,False
111,22.2,2690230210608,1445.899062379953,21.570036510162687,1,False,False
111,22.2,2690230208400,1378.9483885628113,19.90371240509249,0,False,False
111,22.2,2690230210752,1439.345988989771,20.67266746090208,0,False,False
111,22.2,2690230208592,1536.5862975072466,23.175010397841458,1,False,False
111,22.2,2690230209984,1510.6966640024366,21.476504231220897,0,False,False
112,22.4,2690230209216,353.98266756677737,1.34304435718451e-07,0,True,True
112,22.4,2690230209408,343.9853375915102,0.0016890592145531304,0,False,False
112,22.4,2690230209360,358.9826675667773,9.386109665390025e-08,0,False,True
112,22.4,2690230209072,531.2819376150135,15.606378637201965,0,False,False
112,22.4,2690230209840,515.7108605093752,10.648289097561172,1,False,False
112,22.4,2690230209792,634.4974494096128,11.801127463925642,0,False,False
112,22.4,2690230210992,572.4064920517139,13.354169035047674,0,False,False
112,22.4,2690230211520,604.1985940767813,12.614093581390206,0,False,False
112,22.4,2690230208688,544.108331814122,12.619226917333577,1,False,False
112,22.4,2690230210416,577.5792251429237,12.991280217236074,1,False,False
112,22.4,2690230209600,663.1561797952112,11.010693466396031,0,False,False
112,22.4,2690230211088,609.5343626821666,11.71364877088197,1,False,False
112,22.4,2690230208304,690.1980846754064,9.860741430687426,0,False,False
112,22.4,2690230209744,714.4351332309574,7.899399644007087,0,False,False
112,22.4,2690230209120,637.3481321706505,9.609322560500555,1,False,False
112,22.4,2690230209552,734.7390467961837,5.462546621791122,0,False,False
112,22.4,2690230210848,660.8214391620634,7.830679717815407,1,False,False
112,22.4,2690230208448,681.6239694673425,7.262964253246661,1,False,False
112,22.4,2690230211376,702.3996816279679,8.058292208067757,1,False,False
112,22.4,2690230208736,725.7296324737039,9.739798446695424,1,False,False
112,22.4,2690230208880,753.0381057428925,11.790844079500788,1,False,False
112,22.4,2690230208976,751.0758289147539,3.6633531304186198,0,False,False
112,22.4,2690230211184,784.6173700599383,13.4890247201316,1,False,False
112,22.4,2690230209024,765.3186020244683,3.193923653549119,0,False,False
112,22.4,2690230210032,779.9985054980548,3.966138964757678,0,False,False
112,22.4,2690230208496,797.0240163534336,5.473971338862266,0,False,False
112,22.4,2690230208928,819.9480132310782,14.199560994584049,1,False,False
112,22.4,2690230208544,855.443856522294,12.834748734616673,1,False,False
112,22.4,2690230208832,885.9636178592941,9.564782199074461,1,False,False
112,22.4,2690230211136,817.2670237446287,7.269617365816181,0,False,False
112,22.4,2690230211040,840.8199538619398,9.130735358189307,0,False,False
112,22.4,2690230211328,868.0455186651753,11.163745381695572,0,False,False
112,22.4,2690230211232,908.8197475665888,7.003894438323495,1,False,False
112,22.4,2690230211424,928.1417655379481,6.878964717636759,1,False,False
112,22.4,2690230210272,949.4462770049732,9.082369745986409,1,False,False
112,22.4,2690230208208,976.770362570986,11.982698699758354,1,False,False
112,22.4,2690230210704,899.0288184054866,13.120294949964878,0,False,False
112,22.4,2690230210560,1010.5031524247687,14.30072298812872,1,False,False
112,22.4,2690230211280,933.607224622358,14.701598775074071,0,False,False
112,22.4,2690230211472,971.479355838817,15.787557941360532,0,False,False
112,22.4,2690230210128,1047.957097845389,15.34015762143413,1,False,False
112,22.4,2690230208784,1012.9513483166911,16.465539333821177,0,False,False
112,22.4,2690230208352,1055.5222585552303,16.701735770806255,0,False,False
112,22.4,2690230210512,1099.1868570992629,16.734469552742187,0,False,False
112,22.4,2690230210080,1140.8782384746269,16.70760936051741,0,False,False
112,22.4,2690230211568,1180.6005069111955,16.904042075373482,0,False,False
112,22.4,2690230208256,1226.3660910908138,17.443299158282084,0,False,False
112,22.4,2690230210464,1087.1801860093983,15.77898192725265,1,False,False
112,22.4,2690230210224,1276.7212789649082,18.302554889500477,0,False,False
112,22.4,2690230210320,1129.5486549359252,16.37475138690016,1,False,False
112,22.4,2690230210800,1172.8139588904423,16.992073367512848,1,False,False
112,22.4,2690230208640,1214.912689495991,17.47286597717774,1,False,False
112,22.4,2690230210896,1265.960301529047,18.439334782225522,1,False,False
112,22.4,2690230210656,1329.023831110044,19.203612455934234,0,False,False
112,22.4,2690230209936,1323.344424942891,19.574989250518406,1,False,False
112,22.4,2690230209696,1380.5546531384364,20.38089855340481,1,False,False
112,22.4,2690230210608,1450.213551559932,21.577241500534416,1,False,False
112,22.4,2690230208400,1382.9301199133388,19.918490327302568,0,False,False
112,22.4,2690230210752,1443.481113155739,20.681493436394025,0,False,False
112,22.4,2690230208592,1541.221299586815,23.175010397841458,1,False,False
112,22.4,2690230209984,1514.9919648486805,21.476504231220897,0,False,False
113,22.6,2690230209216,353.98266758810655,1.0919448047746059e-07,0,True,True
113,22.6,2690230209408,343.9855677947014,0.0010911749130029045,0,False,False
113,22.6,2690230209360,358.98266758810655,7.631254791653403e-08,0,False,True
113,22.6,2690230209072,534.3979534090247,15.526869065505734,0,False,False
113,22.6,2690230209840,517.851946050131,10.819482869296316,1,False,False
113,22.6,2690230209792,636.8529591835802,11.72981568731093,0,False,False
113,22.6,2690230210992,575.0736838634582,13.299157187588444,0,False,False
113,22.6,2690230211520,606.716947531481,12.546905072394734,0,False,False
113,22.6,2690230208688,546.639649790998,12.728487889831989,1,False,False
113,22.6,2690230210416,580.1747432608013,12.947070813117621,1,False,False
113,22.6,2690230209600,665.3516128795635,10.908442462243492,0,False,False
113,22.6,2690230211088,611.8660056715376,11.545591902011264,1,False,False
113,22.6,2690230208304,692.1578931288175,9.673194010514754,0,False,False
113,22.6,2690230209744,715.996969915843,7.627836213797906,0,False,False
113,22.6,2690230209120,639.2573920294498,9.421011044986114,1,False,False
113,22.6,2690230209552,735.8146876742533,5.211548568781498,0,False,False
113,22.6,2690230210848,662.380736094343,7.730673831519208,1,False,False
113,22.6,2690230208448,683.0786358157741,7.2966414874745,1,False,False
113,22.6,2690230211376,704.0203300037041,8.194739580832831,1,False,False
113,22.6,2690230208736,727.6901900655296,9.929068754819237,1,False,False
113,22.6,2690230208880,755.4083896469225,11.971427345688005,1,False,False
113,22.6,2690230208976,751.7998653012511,3.537382949147678,0,False,False
113,22.6,2690230211184,787.3218787812868,13.587146630494624,1,False,False
113,22.6,2690230209024,765.9585713777965,3.2147644813111964,0,False,False
113,22.6,2690230210032,780.7999895023175,4.091841927281735,0,False,False
113,22.6,2690230208496,798.1306183661912,5.652006984560586,0,False,False
113,22.6,2690230208928,822.7847318803917,14.148140742778407,1,False,False
113,22.6,2690230208544,857.9949914074499,12.594968988735545,1,False,False
113,22.6,2690230208832,887.8576703469395,9.283665432783634,1,False,False
113,22.6,2690230211136,818.7342510756358,7.469608799396177,0,False,False
113,22.6,2690230211040,842.6599375058777,9.338275998382532,0,False,False
113,22.6,2690230211328,870.2921241699737,11.371008751039694,0,False,False
113,22.6,2690230211232,910.2144923006352,6.918396203730722,1,False,False
113,22.6,2690230211424,929.5277616712448,7.034981314257868,1,False,False
113,22.6,2690230210272,951.2796846622226,9.33685871984928,1,False,False
113,22.6,2690230208208,979.1829189777702,12.221520610315897,1,False,False
113,22.6,2690230210704,901.664654919194,13.295755805839399,0,False,False
113,22.6,2690230210560,1013.3733524270442,14.449680458582803,1,False,False
113,22.6,2690230211280,936.5557287010972,14.823060775779355,0,False,False
113,22.6,2690230211472,974.641419838933,15.854887706371846,0,False,False
113,22.6,2690230210128,1051.0298060836906,15.40932055333356,1,False,False
113,22.6,2690230208784,1016.2461782773297,16.490891742955153,0,False,False
113,22.6,2690230208352,1058.8630038782942,16.70757606196503,0,False,False
113,22.6,2690230210512,1102.5338726878745,16.73637266087885,0,False,False
113,22.6,2690230210080,1144.2206432129703,16.72094431533629,0,False,False
113,22.6,2690230211568,1183.9827678387485,16.92583440685043,0,False,False
113,22.6,2690230208256,1229.8564547416881,17.468806321145596,0,False,False
113,22.6,2690230210464,1090.3388300419072,15.821341992034863,1,False,False
113,22.6,2690230210224,1280.383550950367,18.328874634061506,0,False,False
113,22.6,2690230210320,1132.8260727228358,16.411563248756043,1,False,False
113,22.6,2690230210800,1176.2146305959595,17.025745037124945,1,False,False
113,22.6,2690230208640,1218.4091382736005,17.500860143875503,1,False,False
113,22.6,2690230210896,1269.6495813285828,18.460441054334247,1,False,False
113,22.6,2690230210656,1332.8659918092062,19.22509385948095,0,False,False
113,22.6,2690230209936,1327.260527248078,19.591500916643692,1,False,False
113,22.6,2690230209696,1384.6316876199112,20.39367632034503,1,False,False
113,22.6,2690230210608,1454.529474829019,21.584343388579278,1,False,False
113,22.6,2690230208400,1386.9147904481965,19.93302386218853,0,False,False
113,22.6,2690230210752,1447.617992353903,20.690167878169742,0,False,False
113,22.6,2690230208592,1545.8563016663832,23.175010397841458,1,False,False
113,22.6,2690230209984,1519.2872656949244,21.476504231220897,0,False,False
114,22.8,2690230209216,353.98266760544806,8.877915686819314e-08,0,True,True
114,22.8,2690230209408,343.9857093532799,0.000572230417305737,0,False,False
114,22.8,2690230209360,358.98266760544806,6.204492784680574e-08,0,False,True
114,22.8,2690230209072,537.4978876834124,15.4447073910348,0,False,False
114,22.8,2690230209840,520.0271842773195,10.989154210709424,1,False,False
114,22.8,2690230209792,639.194026256141,11.655706953804469,0,False,False
114,22.8,2690230210992,577.7297597280843,13.24245307414666,0,False,False
114,22.8,2690230211520,609.2217983523674,12.478716634568547,0,False,False
114,22.8,2690230208688,549.1919652034983,12.824852840241206,1,False,False
114,22.8,2690230210416,582.7604812998131,12.888839238681765,1,False,False
114,22.8,2690230209600,667.5260861340429,10.798433747925776,0,False,False
114,22.8,2690230211088,614.1635281231447,11.370110093098896,1,False,False
114,22.8,2690230208304,694.079461019253,9.474733535982823,0,False,False
114,22.8,2690230209744,717.504244118176,7.352824676284493,0,False,False
114,22.8,2690230209120,641.1292370432425,9.236649202016572,1,False,False
114,22.8,2690230209552,736.8407592672885,4.9702616122978505,0,False,False
114,22.8,2690230210848,663.9208121480692,7.642446350111678,1,False,False
114,22.8,2690230208448,684.5408041554201,7.341744254303772,1,False,False
114,22.8,2690230211376,705.668737209437,8.338104908531223,1,False,False
114,22.8,2690230208736,729.6886806803691,10.119384832227665,1,False,False
114,22.8,2690230208880,757.8144367457095,12.146583119505587,1,False,False
114,22.8,2690230208976,752.499773518181,3.4274296356752822,0,False,False
114,22.8,2690230211184,790.0452748057245,13.674133452130642,1,False,False
114,22.8,2690230209024,766.6036211780622,3.2491782383144585,0,False,False
114,22.8,2690230210032,781.6271628030332,4.225665374624377,0,False,False
114,22.8,2690230208496,799.2730973066045,5.834017659370192,0,False,False
114,22.8,2690230208928,825.6101099781008,14.080859760863948,1,False,False
114,22.8,2690230208544,860.4974290978581,12.34438765020277,1,False,False
114,22.8,2690230208832,889.6962657740858,9.014437670377577,1,False,False
114,22.8,2690230211136,820.2416022980977,7.6714305671970475,0,False,False
114,22.8,2690230211040,844.5414213656678,9.545631527354786,0,False,False
114,22.8,2690230211328,872.580001573788,11.575490909450659,0,False,False
114,22.8,2690230211232,911.5936374458871,6.855340420556724,1,False,False
114,22.8,2690230211424,930.945832272571,7.203832249948588,1,False,False
114,22.8,2690230210272,953.1641194482016,9.59310115739775,1,False,False
114,22.8,2690230208208,981.6428030786009,12.453695900048833,1,False,False
114,22.8,2690230210704,904.3352204519305,13.465740250761167,0,False,False
114,22.8,2690230210560,1016.2727851497135,14.59029784276773,1,False,False
114,22.8,2690230211280,939.5281364833381,14.93871909483055,0,False,False
114,22.8,2690230211472,977.8166667912094,15.918019382335562,0,False,False
114,22.8,2690230210128,1054.1160561089387,15.474187364371037,1,False,False
114,22.8,2690230208784,1019.5459381056066,16.51417144927685,0,False,False
114,22.8,2690230208352,1062.2048790833019,16.712861341121172,0,False,False
114,22.8,2690230210512,1105.8812926847957,16.738637248582446,0,False,False
114,22.8,2690230210080,1147.5657422174615,16.734684614396922,0,False,False
114,22.8,2690230211568,1187.369388411791,16.94764187960026,0,False,False
114,22.8,2690230208256,1233.351904697903,17.494085537314927,0,False,False
114,22.8,2690230210464,1093.5058418692067,15.86216441897432,1,False,False
114,22.8,2690230210224,1284.0510584338695,18.354769534621354,0,False,False
114,22.8,2690230210320,1136.110793492476,16.447494244303446,1,False,False
114,22.8,2690230210800,1179.6219821629588,17.0586075798474,1,False,False
114,22.8,2690230208640,1221.9111445292108,17.528240067669124,1,False,False
114,22.8,2690230210896,1273.3430567389858,18.481165852480714,1,False,False
114,22.8,2690230210656,1336.7124215385245,19.246169641038765,0,False,False
114,22.8,2690230209936,1331.1799154696228,19.607767885405934,1,False,False
114,22.8,2690230209696,1388.711264611387,20.406259567418378,1,False,False
114,22.8,2690230210608,1458.846811724984,21.59134453100792,1,False,False
114,22.8,2690230208400,1390.9023517679618,19.94732010632197,0,False,False
114,22.8,2690230210752,1451.756596547604,20.69869480353826,0,False,False
114,22.8,2690230208592,1550.4913037459514,23.175010397841458,1,False,False
114,22.8,2690230209984,1523.5825665411683,21.476504231220897,0,False,False
115,23.0,2690230209216,353.9826676195473,7.218074265076207e-08,0,True,True
115,23.0,2690230209408,343.98577433419223,0.00012837422240052484,0,False,False
115,23.0,2690230209360,358.9826676195473,5.044482429974369e-08,0,False,True
115,23.0,2690230209072,540.581222325532,15.36007486542788,0,False,False
115,23.0,2690230209840,522.2362020111585,11.156281506991162,1,False,False
115,23.0,2690230209792,641.5200632922437,11.578377270883843,0,False,False
115,23.0,2690230210992,580.3743844001499,13.184102208213027,0,False,False
115,23.0,2690230211520,611.7129383111619,12.409399097350052,0,False,False
115,23.0,2690230208688,551.7626771504805,12.908004739113688,1,False,False
115,23.0,2690230210416,585.3336512598855,12.816846479813332,1,False,False
115,23.0,2690230209600,669.6780146276802,10.680174069447768,0,False,False
115,23.0,2690230211088,616.4255098665956,11.188188008288732,1,False,False
115,23.0,2690230208304,695.9606239583247,9.265660955203845,0,False,False
115,23.0,2690230209744,718.9563569338924,7.0757376695731145,0,False,False
115,23.0,2690230209120,642.9645277685569,9.057287235541986,1,False,False
115,23.0,2690230209552,737.8192789763689,4.739792848129506,0,False,False
115,23.0,2690230210848,665.4440436739123,7.56628931476745,1,False,False
115,23.0,2690230208448,686.0127371085922,7.397927174670738,1,False,False
115,23.0,2690230211376,707.3462499387299,8.487832613797286,1,False,False
115,23.0,2690230208736,731.7252719504536,10.310124815532664,1,False,False
115,23.0,2690230208880,760.2551241753329,12.315754774819368,1,False,False
115,23.0,2690230208976,753.178763756051,3.3335736599527306,0,False,False
115,23.0,2690230211184,792.7853077786124,13.749639111817674,1,False,False
115,23.0,2690230209024,767.256432190146,3.296652758600884,0,False,False
115,23.0,2690230210032,782.4816167400796,4.367121166744557,0,False,False
115,23.0,2690230208496,800.452226791422,6.01968480966716,0,False,False
115,23.0,2690230208928,828.4209727417025,13.997694955879243,1,False,False
115,23.0,2690230208544,862.9491070192021,12.084501632151893,1,False,False
115,23.0,2690230208832,891.4818974379959,8.758795853535405,1,False,False
115,23.0,2690230211136,821.7894272997416,7.8748392647092995,0,False,False
115,23.0,2690230211040,846.4643484684188,9.752502495203085,0,False,False
115,23.0,2690230211328,874.9085740181893,11.776885830389181,0,False,False
115,23.0,2690230211232,912.9616510337028,6.814385978707772,1,False,False
115,23.0,2690230211424,932.3984746534569,7.384478077371361,1,False,False
115,23.0,2690230210272,955.0998766377553,9.850272381934694,1,False,False
115,23.0,2690230208208,984.1486576771623,12.678818782925283,1,False,False
115,23.0,2690230210704,907.0394115167435,13.630131605636068,0,False,False
115,23.0,2690230210560,1019.199795668238,14.72277893889981,1,False,False
115,23.0,2690230211280,942.5232955557717,15.04870197839438,0,False,False
115,23.0,2690230211472,981.0042710957393,15.977162477802016,0,False,False
115,23.0,2690230210128,1057.2150082606552,15.535049087535235,1,False,False
115,23.0,2690230208784,1022.8502240313784,16.53553783652552,0,False,False
115,23.0,2690230208352,1065.5477783435888,16.717667897930106,0,False,False
115,23.0,2690230210512,1109.2291907243218,16.741282620623007,0,False,False
115,23.0,2690230210080,1150.9136154134628,16.748813010595487,0,False,False
115,23.0,2690230211568,1190.7603709026928,16.96945325327128,0,False,False
115,23.0,2690230208256,1236.8523950716676,17.51913248361615,0,False,False
115,23.0,2690230210464,1096.6809214940122,15.901560267180182,1,False,False
115,23.0,2690230210224,1287.7237170227634,18.38024823701207,0,False,False
115,23.0,2690230210320,1139.4026440097437,16.482587793040906,1,False,False
115,23.0,2690230210800,1183.0358541223998,17.090695964724677,1,False,False
115,23.0,2690230208640,1225.418587210168,17.55503232996762,1,False,False
115,23.0,2690230210896,1277.0406524034133,18.50152305892566,1,False,False
115,23.0,2690230210656,1340.5630401021774,19.266853583195044,0,False,False
115,23.0,2690230209936,1335.1025411283047,19.6237969845813,1,False,False
115,23.0,2690230209696,1392.7933455445466,20.418653286482918,1,False,False
115,23.0,2690230210608,1463.1655422519468,21.598247210285244,1,False,False
115,23.0,2690230208400,1394.8927568706927,19.961385833299758,0,False,False
115,23.0,2690230210752,1455.8968964935946,20.707078080660427,0,False,False
115,23.0,2690230208592,1555.1263058255197,23.175010397841458,1,False,False
115,23.0,2690230209984,1527.8778673874122,21.476504231220897,0,False,False
116,23.2,2690230209216,353.9826676310105,5.868561713590848e-08,0,True,True
116,23.2,2690230209408,343.9857741626522,-0.0002449299621376564,0,False,False
116,23.2,2690230209360,358.9826676310105,4.1013510482517535e-08,0,False,True
116,23.2,2690230209072,543.6474744810176,15.273138065560323,0,False,False
116,23.2,2690230209840,524.4784243984896,11.319883037481134,1,False,False
116,23.2,2690230209792,643.830396756169,11.497382229289903,0,False,False
116,23.2,2690230210992,583.0072309339729,13.124137793233007,0,False,False
116,23.2,2690230211520,614.1901316729552,12.338798059525711,0,False,False
116,23.2,2690230208688,554.3491238812026,12.977665266935922,1,False,False
116,23.2,2690230210416,587.8915217335336,12.731420075272727,1,False,False
116,23.2,2690230209600,671.8057172193296,10.55320880815036,0,False,False
116,23.2,2690230211088,618.6507312566745,11.000862602445103,1,False,False
116,23.2,2690230208304,697.7992860943215,9.046403073593364,0,False,False
116,23.2,2690230209744,720.3529872216999,6.797992384144458,0,False,False
116,23.2,2690230209120,644.7643318878928,8.883929548646675,1,False,False
116,23.2,2690230209552,738.7524792827494,4.521152588212177,0,False,False
116,23.2,2690230210848,666.9528600648225,7.502414744259255,1,False,False
116,23.2,2690230208448,687.4966258631243,7.4648103916097766,1,False,False
116,23.2,2690230211376,709.0541031686738,8.643358501948398,1,False,False
116,23.2,2690230208736,733.8000074503544,10.500671886751036,1,False,False
116,23.2,2690230208880,762.729218911827,12.478403255986574,1,False,False
116,23.2,2690230208976,753.8400558881052,3.255800853569979,0,False,False
116,23.2,2690230211184,795.5396593156496,13.813335226264115,1,False,False
116,23.2,2690230209024,767.91958141206,3.3566572952781093,0,False,False
116,23.2,2690230210032,783.3648460003463,4.5157358925067195,0,False,False
116,23.2,2690230208496,801.6687173887932,6.2086995439171915,0,False,False
116,23.2,2690230208928,831.2141458979077,13.89870246660524,1,False,False
116,23.2,2690230208544,865.3482709513194,11.816939171123911,1,False,False
116,23.2,2690230208832,893.2173870860863,8.518269624850644,1,False,False
116,23.2,2690230211136,823.3780270653605,8.079588085001129,0,False,False
116,23.2,2690230211040,848.4286019215012,9.958589337534939,0,False,False
116,23.2,2690230211328,877.2772044377925,11.974902854649777,0,False,False
116,23.2,2690230211232,914.322922954196,6.79504718856551,1,False,False
116,23.2,2690230211424,933.8879794581866,7.575898269851032,1,False,False
116,23.2,2690230210272,957.087088564173,10.107577832240818,1,False,False
116,23.2,2690230208208,986.6990481354212,12.896539493624578,1,False,False
116,23.2,2690230210704,909.7761032020096,13.788841764143486,0,False,False
116,23.2,2690230210560,1022.1527719553083,14.8473585904436,1,False,False
116,23.2,2690230211280,945.5400801351363,15.153151913561516,0,False,False
116,23.2,2690230211472,984.2034488092572,16.032522628284646,0,False,False
116,23.2,2690230210128,1060.325880340789,15.592185397207214,1,False,False
116,23.2,2690230208784,1026.1586635162396,16.555140695820302,0,False,False
116,23.2,2690230208352,1068.8916106939284,16.72206616244186,0,False,False
116,23.2,2690230210512,1112.5776440753602,16.744324745209575,0,False,False
116,23.2,2690230210080,1154.2643392506889,16.76331188948485,0,False,False
116,23.2,2690230211568,1194.1557153653396,16.991257733651434,0,False,False
116,23.2,2690230208256,1240.3578791557418,17.543943504002677,0,False,False
116,23.2,2690230210464,1099.863790571635,15.939632318889311,1,False,False
116,23.2,2690230210224,1291.4014440540716,18.405319387992968,0,False,False
116,23.2,2690230210320,1142.7014595314652,16.51688448091215,1,False,False
116,23.2,2690230210800,1186.4560938872912,17.122043497030795,1,False,False
116,23.2,2690230208640,1228.9313504746926,17.581261952904025,1,False,False
116,23.2,2690230210896,1280.742295686529,18.521525745282837,1,False,False
116,23.2,2690230210656,1344.4177700176585,19.28715882779763,0,False,False
116,23.2,2690230209936,1339.0283570881102,19.639594712052688,1,False,False
116,23.2,2690230209696,1396.877892836733,20.430862280911864,1,False,False
116,23.2,2690230210608,1467.4856468657226,21.60505363757138,1,False,False
116,23.2,2690230208400,1398.8859600886642,19.97522751339414,0,False,False
116,23.2,2690230210752,1460.0388637126816,20.71532143554606,0,False,False
116,23.2,2690230208592,1559.761307905088,23.175010397841458,1,False,False
116,23.2,2690230209984,1532.173168233656,21.476504231220897,0,False,False
117,23.4,2690230209216,353.9826676403305,4.7713580272869e-08,0,True,True
117,23.4,2690230209408,343.98571952847226,-0.0005527107845740662,0,False,False
117,23.4,2690230209360,358.9826676403305,3.334550304119352e-08,0,False,True
117,23.4,2690230209072,546.6961936768147,15.184049717818116,0,False,False
117,23.4,2690230209840,526.7530829378263,11.479017683232914,1,False,False
117,23.4,2690230209792,646.1242630227647,11.412260042752926,0,False,False
117,23.4,2690230210992,585.6279781415686,13.06257951926541,0,False,False
117,23.4,2690230211520,616.653110110558,12.266733337965778,0,False,False
117,23.4,2690230208688,556.9485906498172,13.033596538286616,1,False,False
117,23.4,2690230210416,590.4314313987305,12.632956791721828,1,False,False
117,23.4,2690230209600,673.9074249014046,10.417131329612635,0,False,False
117,23.4,2690230211088,620.8381831312199,10.809215360924775,1,False,False
117,23.4,2690230208304,699.5934454371466,8.817514340448133,0,False,False
117,23.4,2690230209744,721.6940993097072,6.521032395052326,0,False,False
117,23.4,2690230209120,646.5299144426829,8.717525849564465,1,False,False
117,23.4,2690230209552,739.6427879162537,4.315247656470358,0,False,False
117,23.4,2690230210848,668.4497279064764,7.450957130809936,1,False,False
117,23.4,2690230208448,688.9945835432048,7.541983514310947,1,False,False
117,23.4,2690230211376,710.7934185529919,8.804111477992764,1,False,False
117,23.4,2690230208736,735.9128078019016,10.690415708001774,1,False,False
117,23.4,2690230208880,765.2353813097786,12.634007405723441,1,False,False
117,23.4,2690230208976,754.4868610157879,3.1940096638019697,0,False,False
117,23.4,2690230211184,798.3059465246184,13.864910975241223,1,False,False
117,23.4,2690230209024,768.5955387727414,3.4286485697973275,0,False,False
117,23.4,2690230210032,784.2782515883827,4.671051170842165,0,False,False
117,23.4,2690230208496,802.9232184704291,6.400761438009715,0,False,False
117,23.4,2690230208928,833.986472227387,13.784028167702129,1,False,False
117,23.4,2690230208544,867.6935002452325,11.543443257119034,1,False,False
117,23.4,2690230208832,894.9058505638934,8.294208852284527,1,False,False
117,23.4,2690230211136,825.0076529778024,8.285426577559523,0,False,False
117,23.4,2690230211040,850.4340049906292,10.163593906075835,0,False,False
117,23.4,2690230211328,879.6851987488417,12.16926838576434,0,False,False
117,23.4,2690230211232,915.6817373088452,6.796712846898684,1,False,False
117,23.4,2690230211424,935.4164346070797,7.777093413830126,1,False,False
117,23.4,2690230210272,959.1257307096016,10.364254127733918,1,False,False
117,23.4,2690230208208,989.2924736528666,13.106565273895828,1,False,False
117,23.4,2690230210704,912.5441548520988,13.941810618712472,0,False,False
117,23.4,2690230210560,1025.1301507838775,14.964298095326402,1,False,False
117,23.4,2690230211280,948.5773937758593,15.252223531713891,0,False,False
117,23.4,2690230211472,987.4134568141867,16.084300783637193,0,False,False
117,23.4,2690230210128,1063.4479452877931,15.645863850098678,1,False,False
117,23.4,2690230208784,1029.4709133602357,16.573120609463594,0,False,False
117,23.4,2690230208352,1072.2362988844968,16.726121088012146,0,False,False
117,23.4,2690230210512,1115.9267329914112,16.747776510099072,0,False,False
117,23.4,2690230210080,1157.6179866373611,16.778163381304996,0,False,False
117,23.4,2690230211568,1197.5554197250008,17.013044981496197,0,False,False
117,23.4,2690230208256,1243.8683095537044,17.568515562665873,0,False,False
117,23.4,2690230210464,1103.0541907879267,15.976475577375009,1,False,False
117,23.4,2690230210224,1295.0841585927358,18.42999160694677,0,False,False
117,23.4,2690230210320,1146.0070832532253,16.550422260292624,1,False,False
117,23.4,2690230210800,1189.8825554237471,17.152681875670496,1,False,False
117,23.4,2690230208640,1232.4493233864816,17.60695249508332,1,False,False
117,23.4,2690230210896,1284.4479165163525,18.541186231228217,1,False,False
117,23.4,2690230210656,1348.2765363897922,19.30709790811746,0,False,False
117,23.4,2690230209936,1342.9573174918169,19.65516725882723,1,False,False
117,23.4,2690230209696,1400.9648698538972,20.44289117511674,1,False,False
117,23.4,2690230210608,1471.8071064597518,21.61176595552708,1,False,False
117,23.4,2690230208400,1402.881917028941,19.988851331815468,0,False,False
117,23.4,2690230210752,1464.182470461744,20.723428458671446,0,False,False
117,23.4,2690230208592,1564.3963099846562,23.175010397841458,1,False,False
117,23.4,2690230209984,1536.4684690799,21.476504231220897,0,False,False
118,23.6,2690230209216,353.982667647908,3.8792907931482233e-08,0,True,True
118,23.6,2690230209408,343.98562032050825,-0.0008003200282854918,0,False,False
118,23.6,2690230209360,358.98266764790793,2.7111128991121485e-08,0,False,True
118,23.6,2690230209072,549.7269590954882,15.092949319673098,0,False,False
118,23.6,2690230209840,529.0592236504685,11.632785705312816,1,False,False
118,23.6,2690230209792,648.4008051338309,11.322535156521411,0,False,False
118,23.6,2690230210992,588.2363078093795,12.99943235428081,0,False,False
118,23.6,2690230211520,619.1015675215639,12.192998617108174,0,False,False
118,23.6,2690230208688,559.5583179265366,13.075603013610738,1,False,False
118,23.6,2690230210416,592.9508030257562,12.521924944216213,1,False,False
118,23.6,2690230209600,675.9812910401469,10.271592696753855,0,False,False
118,23.6,2690230211088,622.987075142736,10.61436346012441,1,False,False
118,23.6,2690230208304,701.3412193820125,8.579676214735896,0,False,False
118,23.6,2690230209744,722.9799470448565,6.246309251546003,0,False,False
118,23.6,2690230209120,648.2627263529937,8.558963272775522,1,False,False
118,23.6,2690230209552,740.4928068080197,4.122876556573482,0,False,False
118,23.6,2690230210848,669.9371356762084,7.4119766481065215,1,False,False
118,23.6,2690230208448,690.5086393528627,7.629009314186917,1,False,False
118,23.6,2690230211376,712.5652031495536,8.969515134264261,1,False,False
118,23.6,2690230208736,738.0634720650047,10.878753838278096,1,False,False
118,23.6,2690230208880,767.7721686947856,12.782064119897349,1,False,False
118,23.6,2690230208976,755.1223645081717,3.148019007613207,0,False,False
118,23.6,2690230211184,801.0817255390059,13.904073559710154,1,False,False
118,23.6,2690230209024,769.2866649913296,3.5120760939364364,0,False,False
118,23.6,2690230210032,785.2231438366864,4.832623654390405,0,False,False
118,23.6,2690230208496,804.2163198279394,6.595577391340351,0,False,False
118,23.6,2690230208928,836.7348302114216,13.653918098674279,1,False,False
118,23.6,2690230208544,869.9837294771577,11.26585142814339,1,False,False
118,23.6,2690230208832,896.5506612394126,8.087775209688626,1,False,False
118,23.6,2690230211136,826.6785060817654,8.492100572793632,0,False,False
118,23.6,2690230211040,852.4803214884395,10.367221060053488,0,False,False
118,23.6,2690230211328,882.1318093669821,12.359727431343146,0,False,False
118,23.6,2690230211232,917.0422485767098,6.818665181302601,1,False,False
118,23.6,2690230211424,936.9857296232933,7.987086617727676,1,False,False
118,23.6,2690230210272,961.215628024668,10.619570370232806,1,False,False
118,23.6,2690230208208,991.9273787000017,13.308660703111146,1,False,False
118,23.6,2690230210704,915.342415613926,14.089005201910414,0,False,False
118,23.6,2690230210560,1028.1304227135743,15.073880658036414,1,False,False
118,23.6,2690230211280,951.6341716623072,15.34608157648254,0,False,False
118,23.6,2690230211472,990.6335918347315,16.13269253653496,0,False,False
118,23.6,2690230210128,1066.5805287145704,15.696339355328798,1,False,False
118,23.6,2690230208784,1032.7866578867438,16.589609353912984,0,False,False
118,23.6,2690230208352,1075.5817783098232,16.729892510464186,0,False,False
118,23.6,2690230210512,1119.276540110801,16.751647964346756,0,False,False
118,23.6,2690230210080,1160.9746268960853,16.793349462914453,0,False,False
118,23.6,2690230211568,1200.959479869738,17.034805118090908,0,False,False
118,23.6,2690230208256,1247.3836383009802,17.592846199164764,0,False,False
118,23.6,2690230210464,1106.2518823361686,16.01217775448126,1,False,False
118,23.6,2690230210224,1298.7717814244406,18.45427346112409,0,False,False
118,23.6,2690230210320,1149.3193657952668,16.583236636199423,1,False,False
118,23.6,2690230210800,1193.3150989335927,17.182641251550432,1,False,False
118,23.6,2690230208640,1235.972399628128,17.632126142350405,1,False,False
118,23.6,2690230210896,1288.157447237554,18.560516138725635,1,False,False
118,23.6,2690230210656,1352.1392667910927,19.326682779642972,0,False,False
118,23.6,2690230209936,1346.8893777010544,19.670520530152466,1,False,False
118,23.6,2690230209696,1405.0542408754084,20.454744423482072,1,False,False
118,23.6,2690230210608,1476.12990235158,21.618386240990237,1,False,False
118,23.6,2690230208400,1406.8805845175152,20.00226320569109,0,False,False
118,23.6,2690230210752,1468.3276897070468,20.7314026112393,0,False,False
118,23.6,2690230208592,1569.0313120642245,23.175010397841458,1,False,False
118,23.6,2690230209984,1540.7637699261438,21.476504231220897,0,False,False
119,23.8,2690230209216,353.9826676540688,3.1540070922662884e-08,0,True,True
119,23.8,2690230209408,343.98548558571434,-0.00099328568721477,0,False,False
119,23.8,2690230209360,358.9826676540688,2.204235198567033e-08,0,False,True
119,23.8,2690230209072,552.7393769606048,14.999963564107613,0,False,False
119,23.8,2690230209840,531.3957154123245,11.780329598677747,1,False,False
119,23.8,2690230209792,650.6590703165631,11.227722470897525,0,False,False
119,23.8,2690230210992,590.8319016735688,12.934685343083373,0,False,False
119,23.8,2690230211520,621.5351547902177,12.117361329094548,0,False,False
119,23.8,2690230208688,562.1755100058133,13.103533638466073,1,False,False
119,23.8,2690230210416,595.4471579151838,12.398866181316073,1,False,False
119,23.8,2690230209600,678.0254035733691,10.116311559437127,0,False,False
119,23.8,2690230211088,625.0968422589016,10.417450022925504,1,False,False
119,23.8,2690230208304,703.0408699365954,8.333693962733976,0,False,False
119,23.8,2690230209744,724.2110741698194,5.975264315474077,0,False,False
119,23.8,2690230209120,649.9643914358547,8.409059639319267,1,False,False
119,23.8,2690230209552,741.305290199596,3.9447264686317967,0,False,False
119,23.8,2690230210848,671.417579124507,7.3854629453880225,1,False,False
119,23.8,2690230208448,692.0407334410279,7.725427153173666,1,False,False
119,23.8,2690230211376,714.3703484580586,9.138989232968912,1,False,False
119,23.8,2690230208736,740.2516794100022,11.065093119545283,1,False,False
119,23.8,2690230208880,770.3380389761362,12.922088346230925,1,False,False
119,23.8,2690230208976,755.7497106411611,3.1175765136004188,0,False,False
119,23.8,2690230211184,803.8644951881819,13.930549357577448,1,False,False
119,23.8,2690230209024,769.9952104523686,3.606386767750925,0,False,False
119,23.8,2690230210032,786.2007453994707,5.000024784955801,0,False,False
119,23.8,2690230208496,805.548553064686,6.792860551010364,0,False,False
119,23.8,2690230208928,839.4561547370888,13.50872838226464,1,False,False
119,23.8,2690230208544,872.2182658457266,10.986072468016147,1,False,False
119,23.8,2690230208832,898.1554120080756,7.899937685159436,1,False,False
119,23.8,2690230211136,828.3907363435296,8.699352271837531,0,False,False
119,23.8,2690230211040,854.5672564842367,10.569180295760788,0,False,False
119,23.8,2690230211328,884.6162390217535,12.546044966111571,0,False,False
119,23.8,2690230211232,918.4084615333245,6.860098145110117,1,False,False
119,23.8,2690230211424,938.59756019849,8.204924315307647,1,False,False
119,23.8,2690230210272,963.3564615225545,10.872829648157557,1,False,False
119,23.8,2690230208208,994.6021644722633,13.502647338984294,1,False,False
119,23.8,2690230210704,918.1697297940899,14.230418568714011,0,False,False
119,23.8,2690230210560,1031.1521361748214,15.176406968340569,1,False,False
119,23.8,2690230211280,954.7093825001547,15.434898959223247,0,False,False
119,23.8,2690230211472,993.8631893274928,16.17788758084852,0,False,False
119,23.8,2690230210128,1069.7230063543113,15.743853846813888,1,False,False
119,23.8,2690230208784,1036.1056072087988,16.604730313893878,0,False,False
119,23.8,2690230208352,1078.9279960080366,16.733435484422515,0,False,False
119,23.8,2690230210512,1122.627149904347,16.755946546441926,0,False,False
119,23.8,2690230210080,1164.3343257394731,16.808852050191692,0,False,False
119,23.8,2690230211568,1204.3678897427292,17.056528727874877,0,False,False
119,23.8,2690230208256,1250.9038169770283,17.61693348560852,0,False,False
119,23.8,2690230210464,1109.4566424905952,16.046819744351335,1,False,False
119,23.8,2690230210224,1302.4642350437073,18.478173444117328,0,False,False
119,23.8,2690230210320,1152.6381647247515,16.615360839489128,1,False,False
119,23.8,2690230210800,1196.753590548687,17.211950286500688,1,False,False
119,23.8,2690230208640,1239.500477232365,17.656803793670694,1,False,False
119,23.8,2690230210896,1291.870822475307,18.579526442094007,1,False,False
119,23.8,2690230210656,1356.005891148189,19.345924849518422,0,False,False
119,23.8,2690230209936,1350.8244942404676,19.685660164896486,1,False,False
119,23.8,2690230209696,1409.1459710606166,20.46642631875269,1,False,False
119,23.8,2690230210608,1480.454016269866,21.624916507529903,1,False,False
119,23.8,2690230208400,1410.8819205467594,20.01546879985631,0,False,False
119,23.8,2690230210752,1472.474495098787,20.739247231101952,0,False,False
119,23.8,2690230208592,1573.6663141437928,23.175010397841458,1,False,False
119,23.8,2690230209984,1545.0590707723877,21.476504231220897,0,False,False
120,24.0,2690230209216,353.98266765907783,2.5643245810899837e-08,0,True,True
120,24.0,2690230209408,343.9853235094713,-0.001137186197205557,0,False,False
120,24.0,2690230209360,358.98266765907783,1.7921248547756856e-08,0,False,True
120,24.0,2690230209072,555.7330779942337,14.905206574423895,0,False,False
120,24.0,2690230209840,533.761258461354,11.920835016957229,1,False,False
120,24.0,2690230209792,652.8980083898388,11.12733221974018,0,False,False
120,24.0,2690230210992,593.4144381563525,12.868310428449773,0,False,False
120,24.0,2690230211520,623.9534745423871,12.039562797813971,0,False,False
120,24.0,2690230208688,564.797344059026,13.117284236679687,1,False,False
120,24.0,2690230210416,597.9181306476303,12.264396550782271,1,False,False
120,24.0,2690230209600,680.0377991863406,9.951083992447069,0,False,False
120,24.0,2690230211088,627.1671492645095,10.21963367939061,1,False,False
120,24.0,2690230208304,704.6908281330271,8.080490834783749,0,False,False
120,24.0,2690230209744,725.388311107982,5.709311300493478,0,False,False
120,24.0,2690230209120,651.6366921562392,8.268557940119566,1,False,False
120,24.0,2690230209552,742.0831222697389,3.781372002222467,0,False,False
120,24.0,2690230210848,672.8935474477729,7.371339399938154,1,False,False
120,24.0,2690230208448,693.5927124338493,7.830756135020844,1,False,False
120,24.0,2690230211376,716.2096297484248,9.311951106498272,1,False,False
120,24.0,2690230208736,742.476991064347,11.248851015510423,1,False,False
120,24.0,2690230208880,772.9313542501953,13.053612955011069,1,False,False
120,24.0,2690230208976,756.371988900205,3.102366946210501,0,False,False
120,24.0,2690230211184,806.65170095046,13.9440858752003,1,False,False
120,24.0,2690230209024,770.7233149533658,3.711028775760634,0,False,False
120,24.0,2690230210032,787.2121941833681,5.172840346315683,0,False,False
120,24.0,2690230208496,806.9203927778225,6.9923293193782206,0,False,False
120,24.0,2690230208928,842.1474597277447,13.348934159123356,1,False,False
120,24.0,2690230208544,874.3968017374724,10.706060704797626,1,False,False
120,24.0,2690230208832,899.7238766501914,7.731471791955721,1,False,False
120,24.0,2690230211136,830.1444419395767,8.906920499565869,0,False,False
120,24.0,2690230211040,856.6944573409731,10.769187390558612,0,False,False
120,24.0,2690230211328,887.1376448306787,12.728007095474915,0,False,False
120,24.0,2690230211232,919.7842147624328,6.920134637886709,1,False,False
120,24.0,2690230211424,940.2534328874108,8.429676627035203,1,False,False
120,24.0,2690230210272,965.5477751850742,11.1233706965483,1,False,False
120,24.0,2690230208208,997.315200225521,13.688402661162103,1,False,False
120,24.0,2690230210704,921.0249419767318,14.366068449974298,0,False,False
120,24.0,2690230210560,1034.1939006809378,15.272190977948098,1,False,False
120,24.0,2690230211280,957.8020300256807,15.518854920657413,0,False,False
120,24.0,2690230211472,997.1016222718193,16.22006928829554,0,False,False
120,24.0,2690230210128,1072.8748014529374,15.788636131831591,1,False,False
120,24.0,2690230208784,1039.4274955786293,16.618598900953586,0,False,False
120,24.0,2690230208352,1082.274909725911,16.7368005978705,0,False,False
120,24.0,2690230210512,1125.9786481677786,16.760677299525792,0,False,False
120,24.0,2690230210080,1167.6971452636358,16.824653081457612,0,False,False
120,24.0,2690230211568,1207.7806414349345,17.078206858436186,0,False,False
120,24.0,2690230208256,1254.4287968091041,17.640775985906302,0,False,False
120,24.0,2690230210464,1112.6682642735996,16.080476080717464,1,False,False
120,24.0,2690230210224,1306.16144363788,18.501699957266545,0,False,False
120,24.0,2690230210320,1155.963344111835,16.646825987806917,1,False,False
120,24.0,2690230210800,1200.1979020370482,17.24063621236904,1,False,False
120,24.0,2690230208640,1243.033458330167,17.681005142243848,1,False,False
120,24.0,2690230210896,1295.5879790088968,18.598227514221982,1,False,False
120,24.0,2690230210656,1359.8763416340503,19.364835004645865,0,False,False
120,24.0,2690230209936,1354.7626247456503,19.700591553343077,1,False,False
120,24.0,2690230209696,1413.240026417057,20.477940999911525,1,False,False
120,24.0,2690230210608,1484.7794303418912,21.631358707883887,1,False,False
120,24.0,2690230208400,1414.8858842259629,20.028473541546195,0,False,False
120,24.0,2690230210752,1476.6228609468014,20.74696553836742,0,False,False
120,24.0,2690230208592,1578.301316223361,23.175010397841458,1,False,False
120,24.0,2690230209984,1549.3543716186316,21.476504231220897,0,False,False
121,24.2,2690230209216,353.9826676631503,2.0848908594106415e-08,0,True,True
121,24.2,2690230209408,343.9851414140441,-0.0012375445058618172,0,False,False
121,24.2,2690230209360,358.9826676631503,1.4570638819272537e-08,0,False,True
121,24.2,2690230209072,558.7077149092388,14.808779958750474,0,False,False
121,24.2,2690230209840,536.1543930942164,12.053531758581364,1,False,False
121,24.2,2690230209792,655.1164711915162,11.02087553393719,0,False,False
121,24.2,2690230210992,595.9835888688717,12.800261310831196,0,False,False
121,24.2,2690230211520,626.356075948816,11.959318683608053,0,False,False
121,24.2,2690230208688,567.4209796833306,13.116800166266355,1,False,False
121,24.2,2690230210416,600.3614839893979,12.119206668649474,1,False,False
121,24.2,2690230209600,682.0164794383602,9.775793017517847,0,False,False
121,24.2,2690230211088,629.1978931413613,10.022077669477307,1,False,False
121,24.2,2690230208304,706.2897171023201,7.8210996710032585,0,False,False
121,24.2,2690230209744,726.5127683239195,5.449819906044236,0,False,False
121,24.2,2690230209120,653.281554358813,8.138122086288417,1,False,False
121,24.2,2690230209552,742.8292946240134,3.633275608244876,0,False,False
121,24.2,2690230210848,674.3675103356094,7.369467702799755,1,False,False
121,24.2,2690230208448,695.1663255787446,7.944497979646353,1,False,False
121,24.2,2690230211376,718.0837056648421,9.487816996087279,1,False,False
121,24.2,2690230208736,744.7388525228919,11.429456883498988,1,False,False
121,24.2,2690230208880,775.5503843713699,13.176188521462516,1,False,False
121,24.2,2690230208976,756.9922219698832,3.102020619417629,0,False,False
121,24.2,2690230211184,809.4407393537227,13.94445457248386,1,False,False
121,24.2,2690230209024,771.473008186634,3.825454818418524,0,False,False
121,24.2,2690230210032,788.2585461773722,5.350669856007528,0,False,False
121,24.2,2690230208496,808.3322575481021,7.193706458201464,0,False,False
121,24.2,2690230208928,844.8058624694638,13.17513704876346,1,False,False
121,24.2,2690230208544,876.5194220337188,10.42778872639425,1,False,False
121,24.2,2690230208832,901.259971262248,7.582962180334799,1,False,False
121,24.2,2690230211136,831.9396686065039,9.114541116931845,0,False,False
121,24.2,2690230211040,858.8615150807245,10.966966036827548,0,False,False
121,24.2,2690230211328,889.6951425918353,12.905422002195333,0,False,False
121,24.2,2690230211232,921.1731675230566,6.997842336885493,1,False,False
121,24.2,2690230211424,941.9546698529899,8.660437426144139,1,False,False
121,24.2,2690230210272,967.7889832082635,11.370569656276418,1,False,False
121,24.2,2690230208208,1000.0648343546134,13.865858336623608,1,False,False
121,24.2,2690230210704,923.906901858574,14.495995711036413,0,False,False
121,24.2,2690230210560,1037.2543892118697,15.361555932969544,1,False,False
121,24.2,2690230211280,960.9111541552495,15.598133313101625,0,False,False
121,24.2,2690230211472,1000.348299882766,16.259414391665914,0,False,False
121,24.2,2690230210128,1076.0353821416975,15.830901890823366,1,False,False
121,24.2,2690230208784,1042.7520798209055,16.631322970944947,0,False,False
121,24.2,2690230208352,1085.6224870454278,16.7400342660675,0,False,False
121,24.2,2690230210512,1129.331121556375,16.76584307434296,0,False,False
121,24.2,2690230210080,1171.0631439577926,16.840734592452446,0,False,False
121,24.2,2690230211568,1211.197725277603,17.099831018168015,0,False,False
121,24.2,2690230208256,1257.9585287680113,17.664372717082074,0,False,False
121,24.2,2690230210464,1115.8865552131947,16.113215375802323,1,False,False
121,24.2,2690230210224,1309.8633330675757,18.52486129372061,0,False,False
121,24.2,2690230210320,1159.2947741171524,16.677661235039213,1,False,False
121,24.2,2690230210800,1203.6479105207902,17.268724889951457,1,False,False
121,24.2,2690230208640,1246.5712489147638,17.70474875199277,1,False,False
121,24.2,2690230210896,1299.3088556543273,18.616629169216967,1,False,False
121,24.2,2690230210656,1363.7505525657414,19.383423638476845,0,False,False
121,24.2,2690230209936,1358.7037279145386,19.71531985354,1,False,False
121,24.2,2690230209696,1417.3363737701977,20.489292459583236,1,False,False
121,24.2,2690230210608,1489.1061270815503,21.63771473628575,1,False,False
121,24.2,2690230208400,1418.8924357347385,20.041282634070225,0,False,False
121,24.2,2690230210752,1480.772762197377,20.75456064070672,0,False,False
121,24.2,2690230208592,1582.9363183029293,23.175010397841458,1,False,False
121,24.2,2690230209984,1553.6496724648755,21.476504231220897,0,False,False
122,24.4,2690230209216,353.98266766646134,1.6950934868808298e-08,0,True,True
122,24.4,2690230209408,343.98494577223664,-0.0012997405413203416,0,False,False
122,24.4,2690230209360,358.98266766646134,1.1846469013358176e-08,0,False,True
122,24.4,2690230209072,561.662959901008,14.710772695192418,0,False,False
122,24.4,2690230209840,538.5735085636829,12.177694803852539,1,False,False
122,24.4,2690230209792,657.3132131650408,10.907870705682527,0,False,False
122,24.4,2690230210992,598.5390148895101,12.730472364890602,0,False,False
122,24.4,2690230211520,628.742449639425,11.876319768874682,0,False,False
122,24.4,2690230208688,570.0435689987448,13.10207922580141,1,False,False
122,24.4,2690230210416,602.7751237636861,11.96406083174057,1,False,False
122,24.4,2690230209600,683.9594287576342,9.590417516165033,0,False,False
122,24.4,2690230211088,631.1892032511852,9.825938739903112,1,False,False
122,24.4,2690230208304,707.8363733057512,7.556652089675637,0,False,False
122,24.4,2690230209744,727.5858265009759,5.198100869454528,0,False,False
122,24.4,2690230209120,654.901031234798,8.018333932686971,1,False,False
122,24.4,2690230209552,743.5468839713277,3.500789530497361,0,False,False
122,24.4,2690230210848,675.8419059512338,7.379652658612185,1,False,False
122,24.4,2690230208448,696.7632214452225,8.066139628606695,1,False,False
122,24.4,2690230211376,719.9931180943868,9.666003346409621,1,False,False
122,24.4,2690230208736,747.036596006995,11.606353158169915,1,False,False
122,24.4,2690230208880,778.1933104762304,13.289383070992592,1,False,False
122,24.4,2690230208976,757.6133553963349,3.1161216257582205,0,False,False
122,24.4,2690230211184,812.2289630022067,13.93145461328965,1,False,False
122,24.4,2690230209024,772.2462108255281,3.9491247266516485,0,False,False
122,24.4,2690230210032,789.3407781523902,5.533125833872751,0,False,False
122,24.4,2690230208496,809.7845107575539,7.396718300702453,0,False,False
122,24.4,2690230208928,847.4286093062466,12.988070654841746,1,False,False
122,24.4,2690230208544,878.5866059007844,10.153219400301552,1,False,False
122,24.4,2690230208832,902.7677164189796,7.454808289782938,1,False,False
122,24.4,2690230211136,833.776409083742,9.321947586850436,0,False,False
122,24.4,2690230211040,861.067966075001,11.162249441080052,0,False,False
122,24.4,2690230211328,892.2878112505873,13.07812066307385,0,False,False
122,24.4,2690230211232,922.5787896788166,7.092247933908681,1,False,False
122,24.4,2690230211424,943.7024136118164,8.896324238331049,1,False,False
122,24.4,2690230210272,970.0793776031538,11.613841868452988,1,False,False
122,24.4,2690230208208,1002.8494050818256,14.034997850091534,1,False,False
122,24.4,2690230210704,926.8144687645655,14.620262651861553,0,False,False
122,24.4,2690230210560,1040.3323398238565,15.444830706274619,1,False,False
122,24.4,2690230211280,964.0358317998443,15.672921013671916,0,False,False
122,24.4,2690230211472,1003.6026662672015,16.29609276308021,0,False,False
122,24.4,2690230210128,1079.204258818582,15.87085380506978,1,False,False
122,24.4,2690230208784,1046.0791378491742,16.643003235977602,0,False,False
122,24.4,2690230208352,1088.9707045678092,16.74317900600745,0,False,False
122,24.4,2690230210512,1132.6846571594067,16.77144472053514,0,False,False
122,24.4,2690230210080,1174.4323767283383,16.857078783382917,0,False,False
122,24.4,2690230211568,1214.6191299341679,17.121393171858788,0,False,False
122,24.4,2690230208256,1261.4929636562508,17.687723112637567,0,False,False
122,24.4,2690230210464,1119.1113361869552,16.145100739464233,1,False,False
122,24.4,2690230210224,1313.5698308441097,18.547665624897082,0,False,False
122,24.4,2690230210320,1162.6323306084662,16.70789391000345,1,False,False
122,24.4,2690230210800,1207.1034982058188,17.296240867461286,1,False,False
122,24.4,2690230208640,1250.1137586206523,17.728052129586676,1,False,False
122,24.4,2690230210896,1303.0333931552352,18.63474070175727,1,False,False
122,24.4,2690230210656,1367.628460307453,19.401700676525003,0,False,False
122,24.4,2690230209936,1362.647763461984,19.729850006326355,1,False,False
122,24.4,2690230209696,1421.434980734639,20.500484550996156,1,False,False
122,24.4,2690230210608,1493.434089377801,21.643986430686642,1,False,False
122,24.4,2690230208400,1422.9015362790997,20.053901069545795,0,False,False
122,24.4,2690230210752,1484.9241744111007,20.762035538379866,0,False,False
122,24.4,2690230208592,1587.5713203824976,23.175010397841458,1,False,False
122,24.4,2690230209984,1557.9449733111194,21.476504231220897,0,False,False
123,24.6,2690230209216,353.98266766915333,1.3781737860743695e-08,0,True,True
123,24.6,2690230209408,343.98474223353355,-0.0013289405635560027,0,False,False
123,24.6,2690230209360,358.98266766915333,9.631618065971803e-09,0,False,True
123,24.6,2690230209072,564.5985021055585,14.611260860119817,0,False,False
123,24.6,2690230209840,541.016852186418,12.292645395024593,1,False,False
123,24.6,2690230209792,659.4868932456363,10.7878501506681,0,False,False
123,24.6,2690230210992,601.0803628303483,12.658857633276519,0,False,False
123,24.6,2690230211520,631.1120227996905,11.790233128056805,0,False,False
123,24.6,2690230208688,572.6622673415152,13.073174775072419,1,False,False
123,24.6,2690230210416,605.1571134667525,11.799794941189075,1,False,False
123,24.6,2690230209600,685.86463416202,9.395040221457146,0,False,False
123,24.6,2690230211088,633.1414392975038,9.632356091203821,1,False,False
123,24.6,2690230208304,709.3298654551502,7.288365510171954,0,False,False
123,24.6,2690230209744,728.6091238371775,4.955392682973571,0,False,False
123,24.6,2690230209120,656.4972867772159,7.909691546742877,1,False,False
123,24.6,2690230209552,744.2390302863838,3.3841591584590276,0,False,False
123,24.6,2690230210848,677.3191298803501,7.401647089582394,1,False,False
123,24.6,2690230208448,698.3849451295906,8.19515559630683,1,False,False
123,24.6,2690230211376,721.9382922923728,9.845928070161325,1,False,False
123,24.6,2690230208736,749.3694431533667,11.778996425483575,1,False,False
123,24.6,2690230208880,780.858228457356,13.392781849517135,1,False,False
123,24.6,2690230208976,758.2382488751828,3.1442157300720663,0,False,False
123,24.6,2690230211184,815.0136864163508,13.904917561003927,1,False,False
123,24.6,2690230209024,773.0447360952716,4.081507514362938,0,False,False
123,24.6,2690230210032,790.4597902080808,5.719832981457172,0,False,False
123,24.6,2690230208496,811.277461257273,7.6010940810399115,0,False,False
123,24.6,2690230208928,850.0131022823571,12.788603668215234,1,False,False
123,24.6,2690230208544,880.5992229847423,9.884278101473097,1,False,False
123,24.6,2690230208832,904.2512006478528,7.347232636916682,1,False,False
123,24.6,2690230211136,835.654602679301,9.528871685886477,0,False,False
123,24.6,2690230211040,863.3132940512794,11.354781863654082,0,False,False
123,24.6,2690230211328,894.9146974938508,13.245957327247169,0,False,False
123,24.6,2690230211232,924.0043543622072,7.202349673031427,1,False,False
123,24.6,2690230211424,945.4976317543207,9.136478085869692,1,False,False
123,24.6,2690230210272,972.4181361542364,11.8526436354797,1,False,False
123,24.6,2690230208208,1005.667250632312,14.195853563725336,1,False,False
123,24.6,2690230210704,929.7465158149259,14.738951186121184,0,False,False
123,24.6,2690230210560,1043.4265565472479,15.522346460510093,1,False,False
123,24.6,2690230211280,967.1751773713429,15.74340647509907,0,False,False
123,24.6,2690230211472,1006.8641990413205,16.33026727610937,0,False,False
123,24.6,2690230210128,1082.3809815626673,15.90868179068561,1,False,False
123,24.6,2690230208784,1049.4084672641256,16.65373366729365,0,False,False
123,24.6,2690230208352,1092.3195471512058,16.74627369261666,0,False,False
123,24.6,2690230210512,1136.03934211209,16.777481266845392,0,False,False
123,24.6,2690230210080,1177.8048949358183,16.873668078538063,0,False,False
123,24.6,2690230211568,1218.0448424911365,17.142885734470607,0,False,False
123,24.6,2690230208256,1265.0320521889792,17.710826987934134,0,False,False
123,24.6,2690230210464,1122.3424403484223,16.17619017770654,1,False,False
123,24.6,2690230210224,1317.2808661043607,18.570120989103515,0,False,False
123,24.6,2690230210320,1165.9758948043723,16.737549645083988,1,False,False
123,24.6,2690230210800,1210.5645521231784,17.323207438276906,1,False,False
123,24.6,2690230208640,1253.6609005167213,17.75093179216914,1,False,False
123,24.6,2690230210896,1306.7615340814684,18.652570923398287,1,False,False
123,24.6,2690230210656,1371.5100031785505,19.41967560063472,0,False,False
123,24.6,2690230209936,1366.5946920772508,19.744186749154117,1,False,False
123,24.6,2690230209696,1425.5358156866757,20.511520994532844,1,False,False
123,24.6,2690230210608,1497.7633004835498,21.65017557487726,1,False,False
123,24.6,2690230208400,1426.9131480500248,20.066333640760693,0,False,False
123,24.6,2690230210752,1489.0770737417001,20.7693931289968,0,False,False
123,24.6,2690230208592,1592.2063224620658,23.175010397841458,1,False,False
123,24.6,2690230209984,1562.2402741573633,21.476504231220897,0,False,False
124,24.8,2690230209216,353.982667671342,1.1205063315520208e-08,0,True,True
124,24.8,2690230209408,343.9845356602488,-0.0013300418433345139,0,False,False
124,24.8,2690230209360,358.982667671342,7.830862214230112e-09,0,False,True
124,24.8,2690230209072,567.5140449935578,14.510307213594581,0,False,False
124,24.8,2690230209840,543.4825386694422,12.397752156381001,1,False,False
124,24.8,2690230209792,661.6360781842943,10.660368041862087,0,False,False
124,24.8,2690230210992,603.6072607086849,12.585309920390777,0,False,False
124,24.8,2690230211520,633.4641545290289,11.70070372823453,0,False,False
124,24.8,2690230208688,575.2742445928953,13.030199008379167,1,False,False
124,24.8,2690230210416,607.5056883842439,11.6273131413508,1,False,False
124,24.8,2690230209600,687.7301065002314,9.189854471293536,0,False,False
124,24.8,2690230211088,635.0551870932667,9.442440623867064,1,False,False
124,24.8,2690230208304,710.7695107103535,7.017528347958385,0,False,False
124,24.8,2690230209744,729.5845408049314,4.722850146129412,0,False,False
124,24.8,2690230209120,658.0725789701048,7.812608664544719,1,False,False
124,24.8,2690230209552,744.9089157281215,3.283527625061434,0,False,False
124,24.8,2690230210848,678.8015250625555,7.435156745086621,1,False,False
124,24.8,2690230208448,700.0329359139486,8.331010086731643,1,False,False
124,24.8,2690230211376,723.9195372591745,10.027011792738906,1,False,False
124,24.8,2690230208736,751.7365079093203,11.946858366534517,1,False,False
124,24.8,2690230208880,783.5431523965881,13.485987190980193,1,False,False
124,24.8,2690230208976,758.869669089217,3.1858178039925233,0,False,False
124,24.8,2690230211184,817.7921928741613,13.864713001824308,1,False,False
124,24.8,2690230209024,773.870291719848,4.222082927741658,0,False,False
124,24.8,2690230210032,791.6164081512444,5.910427302932175,0,False,False
124,24.8,2690230208496,812.8113639093426,7.806565388835327,0,False,False
124,24.8,2690230208928,852.5569262246628,12.577740184729247,1,False,False
124,24.8,2690230208544,882.5585241111512,9.622826016734864,1,False,False
124,24.8,2690230208832,905.7145457144123,7.260291303081907,1,False,False
124,24.8,2690230211136,837.5741349870812,9.735044351984374,0,False,False
124,24.8,2690230211040,865.5969324022693,11.5443200751612,0,False,False
124,24.8,2690230211328,897.574820423911,13.4088097526634,0,False,False
124,24.8,2690230211232,925.4529330317001,7.327128172639893,1,False,False
124,24.8,2690230211424,947.341121635024,9.380063368967711,1,False,False
124,24.8,2690230210272,974.8043307242726,12.086473878548679,1,False,False
124,24.8,2690230208208,1008.5167187875138,14.348503287268038,1,False,False
124,24.8,2690230210704,932.7019337218836,14.852160936652044,0,False,False
124,24.8,2690230210560,1046.535909640011,15.594433660130306,1,False,False
124,24.8,2690230211280,970.3283430083228,15.809778417403972,0,False,False
124,24.8,2690230211472,1010.1324079256144,16.362093741106015,0,False,False
124,24.8,2690230210128,1085.5651376013122,15.944563319330893,1,False,False
124,24.8,2690230208784,1052.7398840316819,16.66360188632007,0,False,False
124,24.8,2690230208352,1095.6690071984685,16.74935379788088,0,False,False
124,24.8,2690230210512,1139.3952632428684,16.78395009076398,0,False,False
124,24.8,2690230210080,1181.1807464433537,16.890485178954602,0,False,False
124,24.8,2690230211568,1221.4748485476262,17.164301563342423,0,False,False
124,24.8,2690230208256,1268.575745068176,17.73368450755371,0,False,False
124,24.8,2690230210464,1125.5797121318071,16.206536970078513,1,False,False
124,24.8,2690230210224,1320.9963695834924,18.592235282101115,0,False,False
124,24.8,2690230210320,1169.325352943099,16.766652495494704,1,False,False
124,24.8,2690230210800,1214.0309638818856,17.349646697742344,1,False,False
124,24.8,2690230208640,1257.2125909126485,17.773403330970435,1,False,False
124,24.8,2690230210896,1310.4932227347342,18.670128196066692,1,False,False
124,24.8,2690230210656,1375.3951213663945,19.437357472044194,0,False,False
124,24.8,2690230209936,1370.5444753842016,19.75833462880878,1,False,False
124,24.8,2690230209696,1429.6388477381456,20.522405383897215,1,False,False
124,24.8,2690230210608,1502.0937440049559,21.656283900514893,1,False,False
124,24.8,2690230208400,1430.9272341843407,20.07858495222947,0,False,False
124,24.8,2690230210752,1493.2314369158169,20.776636212028684,0,False,False
124,24.8,2690230208592,1596.841324541634,23.175010397841458,1,False,False
124,24.8,2690230209984,1566.5355750036072,21.476504231220897,0,False,False
125,25.0,2690230209216,353.98266767312145,9.110131477862949e-09,0,True,True
125,25.0,2690230209408,343.9843301714346,-0.0013076311082553251,0,False,False
125,25.0,2690230209360,358.98266767312145,6.3667810121029425e-09,0,False,True
125,25.0,2690230209072,570.4093036726974,14.407960657436673,0,False,False
125,25.0,2690230209840,545.9685596634042,12.492432257750261,1,False,False
125,25.0,2690230209792,663.7592474406997,10.525008560528246,0,False,False
125,25.0,2690230210992,606.1193136452684,12.509700011504881,0,False,False
125,25.0,2690230211520,635.7981315504894,11.607356508402981,0,False,False
125,25.0,2690230208688,577.8766971684186,12.973326293149126,1,False,False
125,25.0,2690230210416,609.819268946659,11.447583122997221,1,False,False
125,25.0,2690230209600,689.5539029450258,8.97516941538287,0,False,False
125,25.0,2690230211088,636.9312522098326,9.257264715290422,1,False,False
125,25.0,2690230208304,712.1548878144033,6.7454837867727475,0,False,False
125,25.0,2690230209744,730.5141827491848,4.501534852632337,0,False,False
125,25.0,2690230209120,659.629242943961,7.727415251114176,1,False,False
125,25.0,2690230209552,745.5597445519024,3.1989414774250005,0,False,False
125,25.0,2690230210848,680.2913727005149,7.479845131575939,1,False,False
125,25.0,2690230208448,701.7085253340947,8.473158899261797,1,False,False
125,25.0,2690230211376,725.9370463649959,10.208679082934633,1,False,False
125,25.0,2690230208736,754.1367996071721,12.109426553643388,1,False,False
125,25.0,2690230208880,786.2460179823836,13.56861856240346,1,False,False
125,25.0,2690230208976,759.5102839971888,3.2404187055208586,0,False,False
125,25.0,2690230211184,820.5617424363289,13.810755036232157,1,False,False
125,25.0,2690230209024,774.7244821483316,4.370342551607574,0,False,False
125,25.0,2690230210032,792.811385695947,6.104555195039258,0,False,False
125,25.0,2690230208496,814.3864200283122,8.012865754561362,0,False,False
125,25.0,2690230208928,855.0578756868817,12.356616944894318,1,False,False
125,25.0,2690230208544,884.4661267589992,9.370635311882346,1,False,False
125,25.0,2690230208832,907.1618741282923,7.193886166874763,1,False,False
125,25.0,2690230211136,839.5348377822031,9.940196656420989,0,False,False
125,25.0,2690230211040,867.9182667797393,11.730634707170282,0,False,False
125,25.0,2690230211328,900.2671762634571,13.566579202312235,0,False,False
125,25.0,2690230211232,926.9273925813023,7.4655555873122745,1,False,False
125,25.0,2690230211424,949.2335150455721,9.626267859628264,1,False,False
125,25.0,2690230210272,977.2369358801049,12.314875622704447,1,False,False
125,25.0,2690230208208,1011.3961757247423,14.493066451952306,1,False,False
125,25.0,2690230210704,935.679634201821,14.960007283486387,0,False,False
125,25.0,2690230210560,1049.6593352673583,15.661419439697235,1,False,False
125,25.0,2690230211280,973.494518549626,15.872224660703981,0,False,False
125,25.0,2690230211472,1013.4068333312636,16.391720903732423,0,False,False
125,25.0,2690230210128,1088.7563488463554,15.978663808034158,1,False,False
125,25.0,2690230208784,1056.0732212383969,16.672689541833332,0,False,False
125,25.0,2690230208352,1099.01908399167,16.75245161406535,0,False,False
125,25.0,2690230210512,1142.752506753947,16.790847078112932,0,False,False
125,25.0,2690230210080,1184.5599756751635,16.90751310859541,0,False,False
125,25.0,2690230211568,1224.9091323032483,17.18563394903725,0,False,False
125,25.0,2690230208256,1272.1239930504119,17.756296154590455,0,False,False
125,25.0,2690230210464,1128.823006330758,16.236190025829845,1,False,False
125,25.0,2690230210224,1324.716273585906,18.6140162494091,0,False,False
125,25.0,2690230210320,1172.6805959745652,16.795225049817144,1,False,False
125,25.0,2690230210800,1217.5026294330526,17.37557959882814,1,False,False
125,25.0,2690230208640,1260.7687491777529,17.795481470988697,1,False,False
125,25.0,2690230210896,1314.2284050607707,18.687420462960418,1,False,False
125,25.0,2690230210656,1379.2837568436971,19.454754953283544,0,False,False
125,25.0,2690230209936,1374.4970759039595,19.772298013124868,1,False,False
125,25.0,2690230209696,1433.744046711486,20.53314119192416,1,False,False
125,25.0,2690230210608,1506.4254038911358,21.662313089060216,1,False,False
125,25.0,2690230208400,1434.9437587277646,20.090659430503557,0,False,False
125,25.0,2690230210752,1497.387241213668,20.78376749308395,0,False,False
125,25.0,2690230208592,1601.4763266212024,23.175010397841458,1,False,False
125,25.0,2690230209984,1570.830875849851,21.476504231220897,0,False,False
126,25.2,2690230209216,353.98266767456823,7.406874303779535e-09,0,True,True
126,25.2,2690230209408,343.98412919253434,-0.0012659552163369633,0,False,False
126,25.2,2690230209360,358.98266767456823,5.176428769543845e-09,0,False,True
126,25.2,2690230209072,573.2840020740615,14.304255582959046,0,False,False
126,25.2,2690230209840,548.472793551941,12.576152631859218,1,False,False
126,25.2,2690230209792,665.8547997632814,10.381394678028402,0,False,False
126,25.2,2690230210992,608.616099416153,12.431876045417825,0,False,False
126,25.2,2690230211520,638.1131643707421,11.509798986096085,0,False,False
126,25.2,2690230208688,580.4668606736229,12.902796462088006,1,False,False
126,25.2,2690230210416,612.0964730559574,11.261630089646678,1,False,False
126,25.2,2690230209600,691.3341504098228,8.751413394205164,0,False,False
126,25.2,2690230211088,638.7706516276495,9.077852733862692,1,False,False
126,25.2,2690230208304,713.4858469114544,6.47361257832812,0,False,False
126,25.2,2690230209744,731.4003607142572,4.292407648627678,0,False,False
126,25.2,2690230209120,661.1696743116247,7.654359061765187,1,False,False
126,25.2,2690230209552,746.194724217851,3.1303572353609908,0,False,False
126,25.2,2690230210848,681.790884126008,7.5353381916376785,1,False,False
126,25.2,2690230208448,703.4129356158733,8.621051149607498,1,False,False
126,25.2,2690230211376,727.990898219965,10.390359671317276,1,False,False
126,25.2,2690230208736,756.569226187286,12.26620508547102,1,False,False
126,25.2,2690230208880,788.9646859524544,13.640312872753743,1,False,False
126,25.2,2690230208976,760.1626584578258,3.307491536298031,0,False,False
126,25.2,2690230211184,823.3195813224035,13.743009533206529,1,False,False
126,25.2,2690230209024,775.6088109760575,4.5257905323651535,0,False,False
126,25.2,2690230210032,794.0454064808644,6.301872530679642,0,False,False
126,25.2,2690230208496,816.0027777486963,8.219730369727833,0,False,False
126,25.2,2690230208928,857.5139811263163,12.126497315904663,1,False,False
126,25.2,2690230208544,886.3239957278472,9.129366828501453,1,False,False
126,25.2,2690230208832,908.5972791881521,7.147778420870878,1,False,False
126,25.2,2690230211136,841.5364891183052,10.14406088611416,0,False,False
126,25.2,2690230211040,870.2766379503404,11.913511476464095,0,False,False
126,25.2,2690230211328,902.9907430441481,13.71919020667127,0,False,False
126,25.2,2690230211232,928.4303941772207,7.616603220195982,1,False,False
126,25.2,2690230211424,951.1752828971839,9.874302866253903,1,False,False
126,25.2,2690230210272,979.7148378005859,12.537437244749215,1,False,False
126,25.2,2690230208208,1014.3040140703046,14.62969998859319,1,False,False
126,25.2,2690230210704,938.678552995651,15.062619398556715,0,False,False
126,25.2,2690230210560,1052.7958346787339,15.72362532616081,1,False,False
126,25.2,2690230211280,976.6729312837924,15.930931096876991,0,False,False
126,25.2,2690230211472,1016.6870449499614,16.419290497380096,0,False,False
126,25.2,2690230210128,1091.9542695120554,16.011137062508762,1,False,False
126,25.2,2690230208784,1059.4083279212816,16.681072671751323,0,False,False
126,25.2,2690230208352,1102.369783070267,16.75559646215196,0,False,False
126,25.2,2690230210512,1146.111157933097,16.798166773035422,0,False,False
126,25.2,2690230210080,1187.942623683912,16.92473525448715,0,False,False
126,25.2,2690230211568,1228.347676644082,17.206876605035717,0,False,False
126,25.2,2690230208256,1275.6767470086015,17.77866270181731,0,False,False
126,25.2,2690230210464,1132.0721872469478,16.265194218952725,1,False,False
126,25.2,2690230210224,1328.4405119547616,18.63547148016459,0,False,False
126,25.2,2690230210320,1176.0415192739993,16.82328853243011,1,False,False
126,25.2,2690230210800,1220.9794488450568,17.401026006489655,1,False,False
126,25.2,2690230208640,1264.3292975715317,17.817180126926935,1,False,False
126,25.2,2690230210896,1317.9670285675352,18.704455277056717,1,False,False
126,25.2,2690230210656,1383.1758532901808,19.47187632895026,0,False,False
126,25.2,2690230209936,1378.4524570198507,19.786081101783566,1,False,False
126,25.2,2690230209696,1437.851383115929,20.543731776055694,1,False,False
126,25.2,2690230210608,1510.7582644242484,21.668264773628394,1,False,False
126,25.2,2690230208400,1438.9626865999635,20.10256133379059,0,False,False
126,25.2,2690230210752,1501.544464450546,20.790789587962685,0,False,False
126,25.2,2690230208592,1606.1113287007706,23.175010397841458,1,False,False
126,25.2,2690230209984,1575.126176696095,21.476504231220897,0,False,False
127,25.4,2690230209216,353.98266767574455,6.02206313765068e-09,0,True,True
127,25.4,2690230209408,343.9839355089928,-0.001208902561262733,0,False,False
127,25.4,2690230209360,358.98266767574455,4.208628309223203e-09,0,False,True
127,25.4,2690230209072,576.1378700016403,14.19921112698367,0,False,False
127,25.4,2690230209840,550.9930154889288,12.648431262387632,1,False,False
127,25.4,2690230209792,667.9210615549688,10.229197346644344,0,False,False
127,25.4,2690230210992,611.0971638909149,12.351663071906076,0,False,False
127,25.4,2690230211520,640.4083839990265,11.407624438827328,0,False,False
127,25.4,2690230208688,583.042023208333,12.818917925481884,1,False,False
127,25.4,2690230210416,614.3361271185879,11.07052943856667,1,False,False
127,25.4,2690230209600,693.0690695064603,8.519135250931837,0,False,False
127,25.4,2690230211088,640.5746035482007,8.905172464711711,1,False,False
127,25.4,2690230208304,714.762515884187,6.203315340802076,0,False,False
127,25.4,2690230209744,732.2455708933012,4.0963230472761065,0,False,False
127,25.4,2690230209120,662.6963128771496,7.59360808663765,1,False,False
127,25.4,2690230209552,746.8170478600365,3.077648642992337,0,False,False
127,25.4,2690230210848,683.3021935886884,7.6012287755947785,1,False,False
127,25.4,2690230208448,705.1472784447934,8.774130833146204,1,False,False
127,25.4,2690230211376,730.0810577869845,10.571489653816085,1,False,False
127,25.4,2690230208736,759.0325975369752,12.416715053800512,1,False,False
127,25.4,2690230208880,791.6969456203968,13.700725135004197,1,False,False
127,25.4,2690230208976,760.8292510615245,3.386497236036935,0,False,False
127,25.4,2690230211184,826.062952781052,13.661501993397128,1,False,False
127,25.4,2690230209024,776.5246834878217,4.687943974986845,0,False,False
127,25.4,2690230210032,795.3190859040798,6.502043758155176,0,False,False
127,25.4,2690230208496,817.6605323456163,8.426895943886242,0,False,False
127,25.4,2690230208928,859.9235336562555,11.88876196714874,1,False,False
127,25.4,2690230208544,888.1344195412602,8.900550833920343,1,False,False
127,25.4,2690230208832,910.0247977919586,7.121602919495534,1,False,False
127,25.4,2690230211136,843.5788136478518,10.346371720425797,0,False,False
127,25.4,2690230211040,872.6713448868861,12.092752264576749,0,False,False
127,25.4,2690230211328,905.7444852326212,13.866590103419071,0,False,False
127,25.4,2690230211232,929.9643935212284,7.77924773518103,1,False,False
127,25.4,2690230211424,953.1667399496914,10.123403610786271,1,False,False
127,25.4,2690230210272,982.2368434152136,12.75379342609596,1,False,False
127,25.4,2690230208208,1017.2386601138545,14.758594012514106,1,False,False
127,25.4,2690230210704,941.6976524968894,15.160138298295873,0,False,False
127,25.4,2690230210560,1055.9444729523768,15.781365304941662,1,False,False
127,25.4,2690230211280,979.8628455018704,15.986080795702494,0,False,False
127,25.4,2690230211472,1019.9726403573653,16.444937340929616,0,False,False
127,25.4,2690230210128,1095.1585838245387,16.04212576026192,1,False,False
127,25.4,2690230208784,1062.745067968909,16.688822048555792,0,False,False
127,25.4,2690230208352,1105.7211156500207,16.758814886567748,0,False,False
127,25.4,2690230210512,1149.4713008948418,16.805902518828432,0,False,False
127,25.4,2690230210080,1191.3287282257027,16.94213540124577,0,False,False
127,25.4,2690230211568,1231.7904632265186,17.228023656462117,0,False,False
127,25.4,2690230208256,1279.233957988113,17.8007851846663,0,False,False
127,25.4,2690230210464,1135.3271279042776,16.293590702463064,1,False,False
127,25.4,2690230210224,1332.1690200403655,18.65660840236817,0,False,False
127,25.4,2690230210320,1179.408022375533,16.85086289841222,1,False,False
127,25.4,2690230210800,1224.461326089487,17.426004750588053,1,False,False
127,25.4,2690230208640,1267.8941610851443,17.83851245557332,1,False,False
127,25.4,2690230210896,1321.709042248945,18.721239827416074,1,False,False
127,25.4,2690230210656,1387.0713560183212,19.488729525405425,0,False,False
127,25.4,2690230209936,1382.4105829444495,19.799687936271958,1,False,False
127,25.4,2690230209696,1441.9608281247727,20.554180383505965,1,False,False
127,25.4,2690230210608,1515.092310209945,21.674140540758653,1,False,False
127,25.4,2690230208400,1442.9839835614941,20.114294760933983,0,False,False
127,25.4,2690230210752,1505.7030849591176,20.797705026502143,0,False,False
127,25.4,2690230208592,1610.746330780339,23.175010397841458,1,False,False
127,25.4,2690230209984,1579.4214775423388,21.476504231220897,0,False,False
128,25.6,2690230209216,353.982667676701,4.8961603702854716e-09,0,True,True
128,25.6,2690230209408,343.9837513222556,-0.0011399937745551552,0,False,False
128,25.6,2690230209360,358.982667676701,3.4217706905210285e-09,0,False,True
128,25.6,2690230209072,578.9706400279697,14.09283035641396,0,False,False
128,25.6,2690230209840,553.5269076991652,12.708838564573075,1,False,False
128,25.6,2690230209792,669.9562970964168,10.06814494051467,0,False,False
128,25.6,2690230210992,613.5620163964445,12.268862828446256,0,False,False
128,25.6,2690230211520,642.6828393430293,11.300415704331433,0,False,False
128,25.6,2690230208688,585.5995392737085,12.722070453093526,1,False,False
128,25.6,2690230210416,616.5372755340404,10.87539826032988,1,False,False
128,25.6,2690230209600,694.7569986176607,8.279003395447099,0,False,False
128,25.6,2690230211088,642.3445155593452,8.740127585770164,1,False,False
128,25.6,2690230208304,715.9853031418947,5.935994823942086,0,False,False
128,25.6,2690230209744,733.0524730884492,3.914025543616227,0,False,False
128,25.6,2690230209120,664.2116268858849,7.54525375070415,1,False,False
128,25.6,2690230209552,747.4298782418645,3.040614414265671,0,False,False
128,25.6,2690230210848,684.8273519230345,7.677080863319838,1,False,False
128,25.6,2690230208448,706.9125540392349,8.931838258090483,1,False,False
128,25.6,2690230211376,732.2073777340097,10.751512674155455,1,False,False
128,25.6,2690230208736,761.525628911476,12.560494841882308,1,False,False
128,25.6,2690230208880,794.4405185629136,13.749529570401206,1,False,False
128,25.6,2690230208976,761.5124120357331,3.476889497888157,0,False,False
128,25.6,2690230211184,828.7891095633959,13.566325818551531,1,False,False
128,25.6,2690230209024,777.4734092615847,4.856333068235154,0,False,False
128,25.6,2690230210032,796.632972779808,6.704741035687797,0,False,False
128,25.6,2690230208496,819.3597265359817,8.634100698511158,0,False,False
128,25.6,2690230208928,862.285107716745,11.644896331006176,1,False,False
128,25.6,2690230208544,889.89998322402,8.685571192328338,1,False,False
128,25.6,2690230208832,911.4483861496537,7.114882926552181,1,False,False
128,25.6,2690230211136,845.6614831831952,10.546867484718527,0,False,False
128,25.6,2690230211040,875.1016480650651,12.26817603714932,0,False,False
128,25.6,2690230211328,908.5273582503559,14.008748369602836,0,False,False
128,25.6,2690230211232,931.5316422719783,7.952476141875085,1,False,False
128,25.6,2690230211424,955.208049631635,10.372829844334158,1,False,False
128,25.6,2690230210272,984.801689711062,12.963625761821307,1,False,False
128,25.6,2690230208208,1020.1985801520918,14.879967415678454,1,False,False
128,25.6,2690230210704,944.7359239929084,15.252714941902566,0,False,False
128,25.6,2690230210560,1059.1043773752078,15.834944213411658,1,False,False
128,25.6,2690230211280,983.063561880116,16.037853239416002,0,False,False
128,25.6,2690230211472,1023.2632436387136,16.468789474071542,0,False,False
128,25.6,2690230210128,1098.3690038298935,16.071761961613053,1,False,False
128,25.6,2690230208784,1066.0833190904775,16.696003507754057,0,False,False
128,25.6,2690230208352,1109.0730980800024,16.76213083722247,0,False,False
128,25.6,2690230210512,1152.8330183492187,16.814046590032056,0,False,False
128,25.6,2690230210080,1194.718323841625,16.95969776040095,0,False,False
128,25.6,2690230211568,1235.2374725587963,17.249069628013388,0,False,False
128,25.6,2690230208256,1282.7955772575879,17.822664875956622,0,False,False
128,25.6,2690230210464,1138.587709324581,16.32141720244318,1,False,False
128,25.6,2690230210224,1335.9017346676899,18.677434279360007,0,False,False
128,25.6,2690230210320,1182.7800087243013,16.87796692146483,1,False,False
128,25.6,2690230210800,1227.9481688375743,17.450533677264236,1,False,False
128,25.6,2690230208640,1271.4632672931457,17.859490904810627,1,False,False
128,25.6,2690230210896,1325.4543965137416,18.737780963455883,1,False,False
128,25.6,2690230210656,1390.9702119029591,19.505322129434596,0,False,False
128,25.6,2690230209936,1386.371418688564,19.813122409076477,1,False,False
128,25.6,2690230209696,1446.0723535536642,20.564490156135683,1,False,False
128,25.6,2690230210608,1519.4275261681678,21.67994193210642,1,False,False
128,25.6,2690230208400,1447.007616182496,20.12586365980002,0,False,False
128,25.6,2690230210752,1509.8630815724766,20.804516256225345,0,False,False
128,25.6,2690230208592,1615.3813328599072,23.175010397841458,1,False,False
128,25.6,2690230209984,1583.7167783885827,21.476504231220897,0,False,False
129,25.8,2690230209216,353.9826676774786,3.9807597203150626e-09,0,True,True
129,25.8,2690230209408,343.98357830680334,-0.0010623803652174447,0,False,False
129,25.8,2690230209360,358.9826676774786,2.7820263036413932e-09,0,False,True
129,25.8,2690230209072,581.7820442230521,13.98509940340518,0,False,False
129,25.8,2690230209840,556.0720700626053,12.756998882845275,1,False,False
129,25.8,2690230209792,671.9587206641974,9.898032750627413,0,False,False
129,25.8,2690230210992,616.0101250526351,12.18325377400866,0,False,False
129,25.8,2690230211520,644.9354954080774,11.187749637248428,0,False,False
129,25.8,2690230208688,588.1368442053035,12.612707463824766,1,False,False
129,25.8,2690230210416,618.6991884121329,10.677385809722084,1,False,False
129,25.8,2690230209600,696.3964176261765,8.031802510842136,0,False,False
129,25.8,2690230211088,644.0819713714,8.583551294910675,1,False,False
129,25.8,2690230208304,717.1548968825766,5.67303858295164,0,False,False
129,25.8,2690230209744,733.8238685562834,3.746147742344531,0,False,False
129,25.8,2690230209120,665.7180979580581,7.509314736518833,1,False,False
129,25.8,2690230209552,748.0363332831904,3.0189862743140154,0,False,False
129,25.8,2690230210848,686.3683210414234,7.762433507502145,1,False,False
129,25.8,2690230208448,708.7096505029983,9.093611375055064,1,False,False
129,25.8,2690230211376,734.3696000209196,10.929881075373254,1,False,False
129,25.8,2690230208736,764.0469444037226,12.697100262631565,1,False,False
129,25.8,2690230208880,797.1930625618124,13.786421239572345,1,False,False
129,25.8,2690230208976,762.2143820882465,3.5781190095248046,0,False,False
129,25.8,2690230211184,831.4953280646904,13.457650737275461,1,False,False
129,25.8,2690230209024,778.456204781743,5.030500988454815,0,False,False
129,25.8,2690230210032,797.9875508252949,6.909643418664145,0,False,False
129,25.8,2690230208496,821.1003507874872,8.84108449580922,0,False,False
129,25.8,2690230208928,864.5975810342934,11.39647508263055,1,False,False
129,25.8,2690230208544,891.6235381537812,8.485653169636167,1,False,False
129,25.8,2690230208832,912.8718984510964,7.127044865923406,1,False,False
129,25.8,2690230211136,847.7841175124687,10.745291461224426,0,False,False
129,25.8,2690230211040,877.5667729326871,12.439619590851324,0,False,False
129,25.8,2690230211328,911.3383128470816,14.145655765006742,0,False,False
129,25.8,2690230211232,933.1341903910051,8.135289737307152,1,False,False
129,25.8,2690230211424,957.2992290000518,10.621866712041468,1,False,False
129,25.8,2690230210272,987.4080531365581,13.166662988198285,1,False,False
129,25.8,2690230208208,1023.1822859496486,14.994063460274367,1,False,False
129,25.8,2690230210704,947.7923895301573,15.340508399211142,0,False,False
129,25.8,2690230210560,1062.2747355221768,15.88465644072297,1,False,False
129,25.8,2690230211280,986.2744167177913,16.08642367832926,0,False,False
129,25.8,2690230211472,1026.5585040436413,16.490968323178716,0,False,False
129,25.8,2690230210128,1101.585267305786,16.100167638429266,1,False,False
129,25.8,2690230208784,1069.4229718494223,16.7026782591225,0,False,False
129,25.8,2690230208352,1112.4257513352109,16.76556583981201,0,False,False
129,25.8,2690230210512,1156.1963913963998,16.82259031616685,0,False,False
129,25.8,2690230210080,1198.111441944841,16.977406994913434,0,False,False
129,25.8,2690230211568,1238.6886840800762,17.27000943124652,0,False,False
129,25.8,2690230208256,1286.3615563548215,17.844303262301512,0,False,False
129,25.8,2690230210464,1141.8538198608182,16.34870829249941,1,False,False
129,25.8,2690230210224,1339.6385941032647,18.697956207384816,0,False,False
129,25.8,2690230210320,1186.1573854456908,16.904618275368403,1,False,False
129,25.8,2690230210800,1231.4398882667872,17.474629698679326,1,False,False
129,25.8,2690230208640,1275.0365462148059,17.880127259437785,1,False,False
129,25.8,2690230210896,1329.2030431190813,18.75408521735494,1,False,False
129,25.8,2690230210656,1394.8723693145773,19.521661405917527,0,False,False
129,25.8,2690230209936,1390.3349300320108,19.826388272176484,1,False,False
129,25.8,2690230209696,1450.1859318398401,20.574664135055176,1,False,False
129,25.8,2690230210608,1523.7638975242821,21.68567044606181,1,False,False
129,25.8,2690230208400,1451.0335518130266,20.137271835116078,0,False,False
129,25.8,2690230210752,1514.0244336079143,20.81122564580406,0,False,False
129,25.8,2690230208592,1620.0163349394754,23.175010397841458,1,False,False
129,25.8,2690230209984,1588.0120792348266,21.476504231220897,0,False,False
130,26.0,2690230209216,353.98266767811083,3.236505088161343e-09,0,True,True
130,26.0,2690230209408,343.9834176670637,-0.0009788500230108832,0,False,False
130,26.0,2690230209360,358.98266767811083,2.2618904228716987e-09,0,False,True
130,26.0,2690230209072,584.5718107082452,13.87598657506477,0,False,False
130,26.0,2690230209840,558.6260310071921,12.792592129516443,1,False,False
130,26.0,2690230209792,673.9265105398541,9.718732302883998,0,False,False
130,26.0,2690230210992,618.440912134075,12.09459142099928,0,False,False
130,26.0,2690230211520,647.1652324329659,11.069202250142515,0,False,False
130,26.0,2690230208688,590.651469022634,12.49135765719927,1,False,False
130,26.0,2690230210416,620.8213673257546,10.47766314336683,1,False,False
130,26.0,2690230209600,697.985970825941,7.7784278734484635,0,False,False
130,26.0,2690230211088,645.7887163589189,8.43620115092392,1,False,False
130,26.0,2690230208304,718.2722609380961,5.415802459208392,0,False,False
130,26.0,2690230209744,734.5626775941148,3.59321018759037,0,False,False
130,26.0,2690230209120,667.2182068214935,7.485741296328904,1,False,False
130,26.0,2690230209552,748.6394732054603,3.012437106024327,0,False,False
130,26.0,2690230210848,687.9269691963569,7.8568044820382275,1,False,False
130,26.0,2690230208448,710.5393434381654,9.258887027857334,1,False,False
130,26.0,2690230211376,736.5673577139976,11.106057007866584,1,False,False
130,26.0,2690230208736,766.5950804319235,12.826104554217766,1,False,False
130,26.0,2690230208880,799.9521759113643,13.811118276206786,1,False,False
130,26.0,2690230208976,762.9372920548005,3.6896370420419227,0,False,False
130,26.0,2690230211184,834.1789241466873,13.335731094380684,1,False,False
130,26.0,2690230209024,779.474196020819,5.210003628026448,0,False,False
130,26.0,2690230210032,799.3832399894949,7.1164361150261435,0,False,False
130,26.0,2690230208496,822.8823436621748,9.047589098466053,0,False,False
130,26.0,2690230208928,866.8601512969392,11.145144006375524,1,False,False
130,26.0,2690230208544,893.3081697204038,8.301854938399494,1,False,False
130,26.0,2690230208832,914.299068465829,7.157432725720529,1,False,False
130,26.0,2690230211136,849.9462854804016,10.94139323633317,0,False,False
130,26.0,2690230211040,880.0659135163361,12.606938119111257,0,False,False
130,26.0,2690230211328,914.176299291378,14.277323308349915,0,False,False
130,26.0,2690230211232,934.773889217119,8.326707188832279,1,False,False
130,26.0,2690230211424,959.4401538897627,10.869825863466223,1,False,False
130,26.0,2690230210272,990.0545590239202,13.362680803359684,1,False,False
130,26.0,2690230208208,1026.1883393232802,15.101145458819142,1,False,False
130,26.0,2690230210704,950.8661034186612,15.42368410807524,0,False,False
130,26.0,2690230210560,1065.454793094758,15.93078490973739,1,False,False
130,26.0,2690230211280,989.4947810537341,16.13196259924938,0,False,False
130,26.0,2690230211472,1029.8580946758775,16.51158889147128,0,False,False
130,26.0,2690230210128,1104.8071357795477,16.127455211936923,1,False,False
130,26.0,2690230208784,1072.7639287581242,16.70890318074497,0,False,False
130,26.0,2690230208352,1115.7791005425142,16.769139155281348,0,False,False
130,26.0,2690230210512,1159.5614993455185,16.831524197490822,0,False,False
130,26.0,2690230210080,1201.5081109122723,16.9952482392615,0,False,False
130,26.0,2690230211568,1242.1440762369393,17.290838351365675,0,False,False
130,26.0,2690230208256,1289.9318471280335,17.865702022122406,0,False,False
130,26.0,2690230210464,1145.1253545838958,16.375495649385496,1,False,False
130,26.0,2690230210224,1343.3795380216454,18.718181114116707,0,False,False
130,26.0,2690230210320,1189.5400631304715,16.93083360945236,1,False,False
130,26.0,2690230210800,1234.936398877266,17.49830884105578,1,False,False
130,26.0,2690230208640,1278.61393018439,17.900432683982327,1,False,False
130,26.0,2690230210896,1332.9549351084925,18.770158824737532,1,False,False
130,26.0,2690230210656,1398.7777780560477,19.537754314550583,0,False,False
130,26.0,2690230209936,1394.3010834960473,19.83948914489821,1,False,False
130,26.0,2690230209696,1454.301536022269,20.584705264973838,1,False,False
130,26.0,2690230210608,1528.1014098005278,21.6913275392981,1,False,False
130,26.0,2690230208400,1455.0617585549307,20.148522955800193,0,False,False
130,26.0,2690230210752,1518.1871208513714,20.817835488346773,0,False,False
130,26.0,2690230208592,1624.6513370190437,23.175010397841458,1,False,False
130,26.0,2690230209984,1592.3073800810705,21.476504231220897,0,False,False
131,26.2,2690230209216,353.98266767862486,2.6313985072339924e-09,0,True,True
131,26.2,2690230209408,343.9832701932363,-0.0008918374047817623,0,False,False
131,26.2,2690230209360,358.98266767862486,1.839000687514057e-09,0,False,True
131,26.2,2690230209072,587.3396600317211,13.765441463647651,0,False,False
131,26.2,2690230209840,561.186258739912,12.815355584495425,1,False,False
131,26.2,2690230209792,675.8578248574289,9.530200238123669,0,False,False
131,26.2,2690230210992,620.8537495202722,12.002609009491243,0,False,False
131,26.2,2690230211520,649.3708461004729,10.944354553094819,0,False,False
131,26.2,2690230208688,593.1410555526933,12.35862582467172,1,False,False
131,26.2,2690230210416,622.9035489472611,10.277412153173412,1,False,False
131,26.2,2690230209600,699.5244885404263,7.519877343121458,0,False,False
131,26.2,2690230211088,647.4666421532136,8.298755154682592,1,False,False
131,26.2,2690230208304,719.3386273873969,5.16559520826917,0,False,False
131,26.2,2690230209744,735.2719171991134,3.455622765718785,0,False,False
131,26.2,2690230209120,668.7144199325887,7.474419923437479,1,False,False
131,26.2,2690230209552,749.2422893038647,3.020589024631733,0,False,False
131,26.2,2690230210848,689.5050669523561,7.959693630229851,1,False,False
131,26.2,2690230208448,712.4022958040491,9.427102147895503,1,False,False
131,26.2,2690230211376,738.800177018377,11.279513479402066,1,False,False
131,26.2,2690230208736,769.1684892180916,12.947098260345186,1,False,False
131,26.2,2690230208880,802.7154022159027,13.823364785173338,1,False,False
131,26.2,2690230208976,763.6831632227312,3.81089842227967,0,False,False
131,26.2,2690230211184,836.8372705919732,13.20091367562014,1,False,False
131,26.2,2690230209024,780.528420957348,5.394409190207588,0,False,False
131,26.2,2690230210032,800.8203976380837,7.324809822312265,0,False,False
131,26.2,2690230208496,824.7055922203762,9.253358554288107,0,False,False
131,26.2,2690230208928,869.0723490527524,10.892599733624387,1,False,False
131,26.2,2690230208544,894.9571635304887,8.13506271848501,1,False,False
131,26.2,2690230208832,915.7334939848868,7.205321821986383,1,False,False
131,26.2,2690230211136,852.1475063398826,11.134930062275949,0,False,False
131,26.2,2690230211040,882.5982361287993,12.770005591571845,0,False,False
131,26.2,2690230211328,917.0402713465885,14.403781110089362,0,False,False
131,26.2,2690230211232,936.45239510939,8.525766935255678,1,False,False
131,26.2,2690230211424,961.6305643003002,11.116046791123477,1,False,False
131,26.2,2690230210272,992.739790947871,13.551501268857008,1,False,False
131,26.2,2690230208208,1029.2153558717578,15.201492614478925,1,False,False
131,26.2,2690230210704,953.9561533948144,15.502412237112189,0,False,False
131,26.2,2690230210560,1068.64385157329,15.973600314880386,1,False,False
131,26.2,2690230211280,992.7240596836755,16.174635297835447,0,False,False
131,26.2,2690230211472,1033.1617112223028,16.53075996793562,0,False,False
131,26.2,2690230210128,1108.0343926540434,16.153728092372944,1,False,False
131,26.2,2690230208784,1076.1061034302916,16.714731096075315,0,False,False
131,26.2,2690230208352,1119.1331745378066,16.772867929277034,0,False,False
131,26.2,2690230210512,1162.9284195561386,16.840838013130362,0,False,False
131,26.2,2690230210080,1204.9083561800298,17.01320711545576,0,False,False
131,26.2,2690230211568,1245.6036265572145,17.311552033636815,0,False,False
131,26.2,2690230208256,1293.506401772844,17.886863005197576,0,False,False
131,26.2,2690230210464,1148.4022147193982,16.401808290611594,1,False,False
131,26.2,2690230210224,1347.124507471646,18.738115758026748,0,False,False
131,26.2,2690230210320,1192.9279556346476,16.956628618525976,1,False,False
131,26.2,2690230210800,1238.4376183177458,17.521586290972028,1,False,False
131,26.2,2690230208640,1282.1953537298104,17.9204177626775,1,False,False
131,26.2,2690230210896,1336.710026753859,18.78600774377465,1,False,False
131,26.2,2690230210656,1402.686389302663,19.553607525665345,0,False,False
131,26.2,2690230209936,1398.2698463173335,19.85242852118382,1,False,False
131,26.2,2690230209696,1458.41913972265,20.594616398312432,1,False,False
131,26.2,2690230210608,1532.4400488077758,21.696914628253612,1,False,False
131,26.2,2690230208400,1459.0922052351414,20.15962056181921,0,False,False
131,26.2,2690230210752,1522.3511235425365,20.824348004521518,0,False,False
131,26.2,2690230208592,1629.286339098612,23.175010397841458,1,False,False
131,26.2,2690230209984,1596.6026809273144,21.476504231220897,0,False,False
132,26.4,2690230209216,353.98266767904266,2.1394244455852074e-09,0,True,True
132,26.4,2690230209408,343.98313631523615,-0.000803439321113704,0,False,False
132,26.4,2690230209360,358.9826676790427,1.495175670085503e-09,0,False,True
132,26.4,2690230209072,590.0853013674426,13.653394085400882,0,False,False
132,26.4,2690230209840,563.750172849229,12.825085868050724,1,False,False
132,26.4,2690230209792,677.7508191832026,9.332486470411084,0,False,False
132,26.4,2690230210992,623.2479543059533,11.907018570497593,0,False,False
132,26.4,2690230211520,651.5510489623249,10.8127990881671,0,False,False
132,26.4,2690230208688,595.6033716531673,12.215192691274131,1,False,False
132,26.4,2690230210416,624.9457064642392,10.077814247802108,1,False,False
132,26.4,2690230209600,701.0110069905018,7.257241166010308,0,False,False
132,26.4,2690230211088,649.1177705336415,8.17180906321174,1,False,False
132,26.4,2690230208304,720.355486186563,4.923664550039191,0,False,False
132,26.4,2690230209744,735.9546791055202,3.333687537606236,0,False,False
132,26.4,2690230209120,670.2091770490515,7.475178259360523,1,False,False
132,26.4,2690230209552,749.847694321243,3.043021221994887,0,False,False
132,26.4,2690230210848,691.1042838076337,8.070585916881772,1,False,False
132,26.4,2690230208448,714.2990580122805,9.597694911328594,1,False,False
132,26.4,2690230211376,741.0674795158137,11.449735331441072,1,False,False
132,26.4,2690230208736,771.7655422367972,13.059689032393628,1,False,False
132,26.4,2690230208880,805.4802358137267,13.82293444780248,1,False,False
132,26.4,2690230208976,764.4539082102943,3.9413639340545785,0,False,False
132,26.4,2690230211184,839.4678160740916,13.053644714626033,1,False,False
132,26.4,2690230209024,781.619832005797,5.583297687766508,0,False,False
132,26.4,2690230210032,802.299319611941,7.534460158003401,0,False,False
132,26.4,2690230208496,826.5699325095063,9.458139697658941,0,False,False
132,26.4,2690230208928,871.2340464433792,10.640567929272054,1,False,False
132,26.4,2690230208544,896.5739708740444,7.985989377707081,1,False,False
132,26.4,2690230208832,917.178623960129,7.269931689506513,1,False,False
132,26.4,2690230211136,854.3872513756445,11.325668210437982,0,False,False
132,26.4,2690230211040,885.1628831398705,12.928714945917946,0,False,False
132,26.4,2690230211328,919.9291900050346,14.525077086987697,0,False,False
132,26.4,2690230211232,938.1711735335153,8.731529069906651,1,False,False
132,26.4,2690230211424,963.8700700642927,11.359898367295136,1,False,False
132,26.4,2690230210272,995.4622999366786,13.732991793113818,1,False,False
132,26.4,2690230208208,1032.2620078877655,15.295396082602068,1,False,False
132,26.4,2690230210704,957.0616614643926,15.57686616570061,0,False,False
132,26.4,2690230210560,1071.8412657325482,16.013360588896553,1,False,False
132,26.4,2690230211280,995.9616900984824,16.21460154571861,0,False,False
132,26.4,2690230211472,1036.4690707247833,16.54858435013897,0,False,False
132,26.4,2690230210128,1111.2668414412744,16.17908121449682,1,False,False
132,26.4,2690230208784,1079.4494197876427,16.72021103442272,0,False,False
132,26.4,2690230208352,1122.4880054524263,16.776767332355973,0,False,False
132,26.4,2690230210512,1166.297227300854,16.850520921923906,0,False,False
132,26.4,2690230210080,1208.3122003417925,17.0312697453241,0,False,False
132,26.4,2690230211568,1249.0673117210724,17.332146469544806,0,False,False
132,26.4,2690230208256,1297.0851728652565,17.90778821367168,0,False,False
132,26.4,2690230210464,1151.6843071306823,16.427672794904467,1,False,False
132,26.4,2690230210224,1350.8734448424946,18.757766728486974,0,False,False
132,26.4,2690230210320,1196.3209798929468,16.982018107686905,1,False,False
132,26.4,2690230210800,1241.943467220623,17.544476439880032,1,False,False
132,26.4,2690230208640,1285.7807534590938,17.94009253677194,1,False,False
132,26.4,2690230210896,1340.4682735011272,18.801637672829155,1,False,False
132,26.4,2690230210656,1406.5981555452727,19.569227435186097,0,False,False
132,26.4,2690230209936,1402.2411864233122,19.865209776325507,1,False,False
132,26.4,2690230209696,1462.5387171272173,20.604400299093502,1,False,False
132,26.4,2690230210608,1536.7798006375763,21.70243309055025,1,False,False
132,26.4,2690230208400,1463.1248613803243,20.170568070609768,0,False,False
132,26.4,2690230210752,1526.5164223605566,20.83076534552306,0,False,False
132,26.4,2690230208592,1633.9213411781802,23.175010397841458,1,False,False
132,26.4,2690230209984,1600.8979817735583,21.476504231220897,0,False,False
133,26.6,2690230209216,353.9826676793825,1.7394313122032027e-09,0,True,True
133,26.6,2690230209408,343.98301615412385,-0.000715433340920342,0,False,False
133,26.6,2690230209360,358.9826676793825,1.2156331966561836e-09,0,False,True
133,26.6,2690230209072,592.8084285453814,13.539754078564243,0,False,False
133,26.6,2690230209840,566.3151563137235,12.821641086816683,1,False,False
133,26.6,2690230209792,679.6036656636621,9.125741327544223,0,False,False
133,26.6,2690230210992,625.6227846524635,11.807512426896073,0,False,False
133,26.6,2690230211520,653.7044732162117,10.674147132602691,0,False,False
133,26.6,2690230208688,598.0363263324803,12.061813659145326,1,False,False
133,26.6,2690230210416,626.9480487217382,9.880038945735652,1,False,False
133,26.6,2690230209600,702.4447859879926,6.99168981227863,0,False,False
133,26.6,2690230211088,650.744236862176,8.055874899463241,1,False,False
133,26.6,2690230208304,721.3245721149433,4.691184847817381,0,False,False
133,26.6,2690230209744,736.6141084756022,3.2276028442244837,0,False,False
133,26.6,2690230209120,671.7048797937931,7.487790122776645,1,False,False
133,26.6,2690230209552,750.458514368285,3.079277445228439,0,False,False
133,26.6,2690230210848,692.7261854070093,8.188954196102772,1,False,False
133,26.6,2690230208448,716.2300682516885,9.770105874660404,1,False,False
133,26.6,2690230211376,743.3685845919906,11.616220126074518,1,False,False
133,26.6,2690230208736,774.3845336214943,13.163501400139147,1,False,False
133,26.6,2690230208880,808.2441279703532,13.809634852518917,1,False,False
133,26.6,2690230208976,765.2513322908242,4.080502200355799,0,False,False
133,26.6,2690230211184,842.0681054556393,12.894475717359459,1,False,False
133,26.6,2690230209024,782.7492983415508,5.776260378654539,0,False,False
133,26.6,2690230210032,803.8202411784447,7.74508719300056,0,False,False
133,26.6,2690230208496,828.4751501604279,9.66168275774366,0,False,False
133,26.6,2690230208928,873.3454615043021,10.390780566154803,1,False,False
133,26.6,2690230208544,898.1621741286936,7.855176225709598,1,False,False
133,26.6,2690230208832,918.6377481543052,7.350437930612003,1,False,False
133,26.6,2690230211136,856.6649457968555,11.513384293236264,0,False,False
133,26.6,2690230211040,887.7589767731048,13.082978094399307,0,False,False
133,26.6,2690230211328,922.8420269585959,14.64127558423669,0,False,False
133,26.6,2690230211232,939.9315034979994,8.943076852127097,1,False,False
133,26.6,2690230211424,966.1581568343715,11.600780537992698,1,False,False
133,26.6,2690230210272,998.2206134526348,13.907063710516274,1,False,False
133,26.6,2690230208208,1035.3270264994285,15.383155301241489,1,False,False
133,26.6,2690230210704,960.1817844498305,15.647221089392094,0,False,False
133,26.6,2690230210560,1075.0464410645263,16.05031057151953,1,False,False
133,26.6,2690230211280,999.2071413616627,16.252015343137202,0,False,False
133,26.6,2690230211472,1039.779910397272,16.565159076716387,0,False,False
133,26.6,2690230210128,1114.504304102549,16.20360156409811,1,False,False
133,26.6,2690230208784,1082.7938113176046,16.725388475387856,0,False,False
133,26.6,2690230208352,1125.843628327038,16.78085069165575,0,False,False
133,26.6,2690230210512,1169.6679956475928,16.86056155630368,0,False,False
133,26.6,2690230210080,1211.7196632494092,17.04942275939168,0,False,False
133,26.6,2690230211568,1252.5351076293366,17.352617982796062,0,False,False
133,26.6,2690230208256,1300.6681133909392,17.928479784452758,0,False,False
133,26.6,2690230210464,1154.97154384497,16.453113506410602,1,False,False
133,26.6,2690230210224,1354.6262938300554,18.77714044651473,0,False,False
133,26.6,2690230210320,1199.7190557449508,17.00701605239436,1,False,False
133,26.6,2690230210800,1245.4538690458046,17.566992926829887,1,False,False
133,26.6,2690230208640,1289.3700679541398,17.959466539333576,1,False,False
133,26.6,2690230210896,1344.2296319194506,18.81705406676183,1,False,False
133,26.6,2690230210656,1410.5130305363568,19.584620178767956,0,False,False
133,26.6,2690230209936,1406.2150724089013,19.87783617321001,1,False,False
133,26.6,2690230209696,1466.6602429693082,20.61405964662416,1,False,False
133,26.6,2690230210608,1541.120651654487,21.70788426635182,1,False,False
133,26.6,2690230208400,1467.1596971927784,20.181368783093827,0,False,False
133,26.6,2690230210752,1530.682998410334,20.83708959589307,0,False,False
133,26.6,2690230208592,1638.5563432577485,23.175010397841458,1,False,False
133,26.6,2690230209984,1605.1932826198022,21.476504231220897,0,False,False
134,26.8,2690230209216,353.9826676796588,1.4142220802031372e-09,0,True,True
134,26.8,2690230209408,343.98290957053615,-0.0006292989323569212,0,False,False
134,26.8,2690230209360,358.9826676796588,9.883548123332055e-10,0,False,True
134,26.8,2690230209072,595.5087159269715,13.424409993543584,0,False,False
134,26.8,2690230209840,568.8785679508203,12.804943137806907,1,False,False
134,26.8,2690230209792,681.4145735183163,8.910221378040482,0,False,False
134,26.8,2690230210992,627.9774359710893,11.703765181357793,0,False,False
134,26.8,2690230211520,655.829674965496,10.528036517773595,0,False,False
134,26.8,2690230208688,600.4379845399328,11.899316353487187,1,False,False
134,26.8,2690230210416,628.9110170909236,9.685232643060315,1,False,False
134,26.8,2690230209600,703.8253240804944,6.724460141356918,0,False,False
134,26.8,2690230211088,652.3482732965525,7.951380594922356,1,False,False
134,26.8,2690230208304,722.2478493734365,4.469246556883109,0,False,False
134,26.8,2690230209744,737.2533834880052,3.137468518040996,0,False,False
134,26.8,2690230209120,673.2038812273302,7.511980557909104,1,False,False
134,26.8,2690230209552,751.0774823092029,3.1288730001065,0,False,False
134,26.8,2690230210848,694.3722312903172,8.314261712616569,1,False,False
134,26.8,2690230208448,718.1956530394905,9.943779100338363,1,False,False
134,26.8,2690230211376,745.702712034478,11.778478928913527,1,False,False
134,26.8,2690230208736,777.0236835257153,13.258176566548176,1,False,False
134,26.8,2690230208880,811.004493985894,13.78331253919119,1,False,False
134,26.8,2690230208976,766.0771350616038,4.22779110227848,0,False,False
134,26.8,2690230211184,844.6358011536302,12.72406774399443,1,False,False
134,26.8,2690230209024,783.917608110382,5.972899168033565,0,False,False
134,26.8,2690230210032,805.3833378967654,7.956395096222481,0,False,False
134,26.8,2690230208496,830.4209811119662,9.863742061483146,0,False,False
134,26.8,2690230208928,875.4071578937518,10.144952955012874,1,False,False
134,26.8,2690230208544,899.7254527184767,7.742997663715385,1,False,False
134,26.8,2690230208832,920.1139890854034,7.4459829144730625,1,False,False
134,26.8,2690230211136,858.9799708908027,11.697866531697967,0,False,False
134,26.8,2690230211040,890.3856228918017,13.232725750872,0,False,False
134,26.8,2690230211328,925.7777677888896,14.752455930844986,0,False,False
134,26.8,2690230211232,941.7344822745848,9.159517973915845,1,False,False
134,26.8,2690230211424,968.4941924167825,11.838126123380652,1,False,False
134,26.8,2690230210272,1001.0132440626352,14.073670481581818,1,False,False
134,26.8,2690230208208,1038.4092030977713,15.465074625386741,1,False,False
134,26.8,2690230210704,963.3157142672122,15.713652755476893,0,False,False
134,26.8,2690230210560,1078.2588311470438,16.08468185380133,1,False,False
134,26.8,2690230211280,1002.4599129426229,16.287024747960576,0,False,False
134,26.8,2690230211472,1043.0939864898583,16.580575665892546,0,False,False
134,26.8,2690230210128,1117.7466194931446,16.227368691611726,1,False,False
134,26.8,2690230208784,1086.1392203788632,16.73030557787375,0,False,False
134,26.8,2690230208352,1129.2000807513132,16.785129614672826,0,False,False
134,26.8,2690230210512,1173.040795360246,16.870948109528534,0,False,False
134,26.8,2690230210080,1215.130762115069,17.067653302663924,0,False,False
134,26.8,2690230211568,1256.0069894689905,17.372963215258522,0,False,False
134,26.8,2690230208256,1304.255176771072,17.948939972923608,0,False,False
134,26.8,2690230210464,1158.2638416192415,16.47815272354429,1,False,False
134,26.8,2690230210224,1358.3829994032358,18.796243166070592,0,False,False
134,26.8,2690230210320,1203.1221057729426,17.03163565416585,1,False,False
134,26.8,2690230210800,1248.968749932983,17.589148679398324,1,False,False
134,26.8,2690230208640,1292.9632376712823,17.97854882770276,1,False,False
134,26.8,2690230210896,1347.9940596535116,18.83226215200614,1,False,False
134,26.8,2690230210656,1414.4309692388726,19.59979164515638,0,False,False
134,26.8,2690230209936,1410.1914735144062,19.89031086811502,1,False,False
134,26.8,2690230209696,1470.7836925126564,20.623597038984386,1,False,False
134,26.8,2690230210608,1545.4625884886682,21.713269459664982,1,False,False
134,26.8,2690230208400,1471.196683527515,20.19202588931801,0,False,False
134,26.8,2690230210752,1534.8508332093754,20.843322776201678,0,False,False
134,26.8,2690230208592,1643.1913453373168,23.175010397841458,1,False,False
134,26.8,2690230209984,1609.488583466046,21.476504231220897,0,False,False
135,27.0,2690230209216,353.98266767988343,1.1498149298007138e-09,0,True,True
135,27.0,2690230209408,343.9828162097593,-0.0005462403580218243,0,False,False
135,27.0,2690230209360,358.98266767988343,8.035690681606863e-10,0,False,True
135,27.0,2690230209072,598.1858141465735,13.307228710921793,0,False,False
135,27.0,2690230209840,571.4377553352555,12.774980136750383,1,False,False
135,27.0,2690230209792,683.1818105955889,8.686293663638915,0,False,False
135,27.0,2690230210992,630.3110375389657,11.595436239826736,0,False,False
135,27.0,2690230211520,657.9251400796572,10.374139980003832,0,False,False
135,27.0,2690230208688,602.8065813816023,11.728596907339366,1,False,False
135,27.0,2690230210416,630.8352801161018,9.494507807328324,1,False,False
135,27.0,2690230209600,705.1523708354739,6.4568402433013805,0,False,False
135,27.0,2690230211088,653.9321920032385,7.858670681027011,1,False,False
135,27.0,2690230208304,723.1274941950398,4.258847522948588,0,False,False
135,27.0,2690230209744,737.8756960329728,3.0632920227991542,0,False,False
135,27.0,2690230209120,674.7084764264321,7.547430813173002,1,False,False
135,27.0,2690230209552,751.7072325119138,3.191301196528608,0,False,False
135,27.0,2690230210848,696.0437731244356,8.445964358738184,1,False,False
135,27.0,2690230208448,720.1960279973514,10.118163279756166,1,False,False
135,27.0,2690230211376,748.0689847796676,11.936036975477428,1,False,False
135,27.0,2690230208736,779.6811414480483,13.343372289667201,1,False,False
135,27.0,2690230208880,813.75872135676,13.743858710909096,1,False,False
135,27.0,2690230208976,766.9329123686001,4.382718791818826,0,False,False
135,27.0,2690230211184,847.16870524065,12.543193810888795,1,False,False
135,27.0,2690230209024,785.1254705174402,6.172826002311412,0,False,False
135,27.0,2690230210032,806.9887264198181,8.16809189643001,0,False,False
135,27.0,2690230208496,832.4071124816442,10.064076817668601,0,False,False
135,27.0,2690230208928,877.4200400458174,9.904761191604806,1,False,False
135,27.0,2690230208544,901.267550173138,7.649668301460725,1,False,False
135,27.0,2690230208832,921.6102960312046,7.555685276231002,1,False,False
135,27.0,2690230211136,861.3316664253148,11.878915946599975,0,False,False
135,27.0,2690230211040,893.041914738877,13.377907087407248,0,False,False
135,27.0,2690230211328,928.7354148653816,14.858710953266966,0,False,False
135,27.0,2690230211232,943.5810303613309,9.379985687485421,1,False,False
135,27.0,2690230211424,970.877433469201,12.071402666350272,1,False,False
135,27.0,2690230210272,1003.8386977253099,14.232805549829623,1,False,False
135,27.0,2690230208208,1041.5073901125177,15.541460287300236,1,False,False
135,27.0,2690230210704,966.46267795916,15.77633633039303,0,False,False
135,27.0,2690230210560,1081.4779349916198,16.11669277310117,1,False,False
135,27.0,2690230211280,1005.7195335203616,16.319771772253848,0,False,False
135,27.0,2690230211472,1046.4110732007596,16.594920356936463,0,False,False
135,27.0,2690230210128,1120.9936419086712,16.250455209802585,1,False,False
135,27.0,2690230208784,1089.485597551722,16.735001394362982,0,False,False
135,27.0,2690230208352,1132.5574025278706,16.789614105738316,0,False,False
135,27.0,2690230210512,1176.4156948163181,16.881668416570303,0,False,False
135,27.0,2690230210080,1218.5455116144344,17.08594903760385,0,False,False
135,27.0,2690230211568,1259.482931775874,17.39317911292025,0,False,False
135,27.0,2690230208256,1307.8463168850205,17.96917113789561,0,False,False
135,27.0,2690230210464,1161.5611215429237,16.502810873380295,1,False,False
135,27.0,2690230210224,1362.1435077706863,18.81508097583168,0,False,False
135,27.0,2690230210320,1206.5300551506193,17.05588939222981,1,False,False
135,27.0,2690230210800,1252.488038561977,17.61095595282943,1,False,False
135,27.0,2690230208640,1296.5602048481924,17.99734801374265,1,False,False
135,27.0,2690230210896,1351.7615153787817,18.847266940510824,1,False,False
135,27.0,2690230210656,1418.3519277777264,19.614747488807573,0,False,False
135,27.0,2690230209936,1414.1703596045631,19.90263691609508,1,False,False
135,27.0,2690230209696,1474.9090415353692,20.63301499633309,1,False,False
135,27.0,2690230210608,1549.8055980287377,21.718589939585705,1,False,False
135,27.0,2690230208400,1475.2357918704395,20.202542473743765,0,False,False
135,27.0,2690230210752,1539.0199086751702,20.84946684559808,0,False,False
135,27.0,2690230208592,1647.826347416885,23.175010397841458,1,False,False
135,27.0,2690230209984,1613.78388431229,21.476504231220897,0,False,False
136,27.2,2690230209216,353.9826676800661,9.34842123666121e-10,0,True,True
136,27.2,2690230209408,343.98273554320605,-0.00046721063895814076,0,False,False
136,27.2,2690230209360,358.9826676800661,6.533314142319772e-10,0,False,True
136,27.2,2690230209072,600.8393457470328,13.188055025716002,0,False,False
136,27.2,2690230209840,573.9900682088423,12.731808916459801,1,False,False
136,27.2,2690230209792,684.9037256556187,8.454438086606816,0,False,False
136,27.2,2690230210992,632.6226496577843,11.482172916265009,0,False,False
136,27.2,2690230211520,659.9892917545064,10.21217392531656,0,False,False
136,27.2,2690230208688,605.1405355076288,11.550614962654718,1,False,False
136,27.2,2690230210416,632.721726041038,9.308932827241508,1,False,False
136,27.2,2690230209600,706.4259360242764,6.190153343845724,0,False,False
136,27.2,2690230211088,655.4983685734925,7.778007928807773,1,False,False
136,27.2,2690230208304,723.9658758402081,4.0608861583895,0,False,False
136,27.2,2690230209744,738.4842336878506,3.0049953364044506,0,False,False
136,27.2,2690230209120,676.2208940498506,7.593783175046589,1,False,False
136,27.2,2690230209552,752.3502968470167,3.26603917986058,0,False,False
136,27.2,2690230210848,697.7420533717009,8.583512711970362,1,False,False
136,27.2,2690230208448,722.2312988520628,10.292712856741451,1,False,False
136,27.2,2690230211376,750.466431784714,12.088434211949089,1,False,False
136,27.2,2690230208736,782.3549895428331,13.418762920445618,1,False,False
136,27.2,2690230208880,816.5041791201139,13.691215528247941,1,False,False
136,27.2,2690230208976,767.8201584096283,4.544784355140304,0,False,False
136,27.2,2690230211184,849.6647818853575,12.35273911719279,1,False,False
136,27.2,2690230209024,786.3735177956934,6.375662277445822,0,False,False
136,27.2,2690230210032,808.6364652566252,8.379889365438581,0,False,False
136,27.2,2690230208496,834.4331835978563,10.262451966826452,0,False,False
136,27.2,2690230208928,879.3853438735445,9.671820644632817,1,False,False
136,27.2,2690230208544,902.7922427535683,7.575252119509224,1,False,False
136,27.2,2690230208832,923.1294408532796,7.678648215115808,1,False,False
136,27.2,2690230211136,863.7193332832218,12.056347452293567,0,False,False
136,27.2,2690230211040,895.726936597294,13.51848923237447,0,False,False
136,27.2,2690230211328,931.7139899446781,14.96014547095454,0,False,False
136,27.2,2690230211232,945.4718966664666,9.603639878161921,1,False,False
136,27.2,2690230211424,973.3070325682002,12.30011426558128,1,False,False
136,27.2,2690230210272,1006.6954816288691,14.384499899284798,1,False,False
136,27.2,2690230208208,1044.620501202356,15.612617694171304,1,False,False
136,27.2,2690230210704,969.6219375099628,15.835445398024355,0,False,False
136,27.2,2690230210560,1084.703294399167,16.146548535358114,1,False,False
136,27.2,2690230211280,1008.9855597705381,16.350392337934544,0,False,False
136,27.2,2690230211472,1049.7309616366622,16.60827435193196,0,False,False
136,27.2,2690230210128,1124.2452397297836,16.272927273213618,1,False,False
136,27.2,2690230208784,1092.8329010303707,16.7395120711967,0,False,False
136,27.2,2690230208352,1135.9156353590545,16.794312675728378,0,False,False
136,27.2,2690230210512,1179.7927599403458,16.892710028946226,0,False,False
136,27.2,2690230210080,1221.9639239901985,17.1042981445788,0,False,False
136,27.2,2690230211568,1262.9629084945745,17.413262911938205,0,False,False
136,27.2,2690230208256,1311.44148809008,17.989175727734537,0,False,False
136,27.2,2690230210464,1164.8633086745378,16.527106672478148,1,False,False
136,27.2,2690230210224,1365.9077663478845,18.83365980137013,0,False,False
136,27.2,2690230210320,1209.942831501882,17.079789071441645,1,False,False
136,27.2,2690230210800,1256.0116660207827,17.6324263674054,1,False,False
136,27.2,2690230208640,1300.1609134166918,18.015872292027897,1,False,False
136,27.2,2690230210896,1355.5319587594993,18.86207324264163,1,False,False
136,27.2,2690230210656,1422.2758633937187,19.629493141807963,0,False,False
136,27.2,2690230209936,1418.1517011486333,19.914817275991332,1,False,False
136,27.2,2690230209696,1479.0362663145547,20.642315964043306,1,False,False
136,27.2,2690230210608,1554.1496674148664,21.72384694149374,1,False,False
136,27.2,2690230208400,1479.27699431757,20.21292152021327,0,False,False
136,27.2,2690230210752,1543.1902071130692,20.855523704237502,0,False,False
136,27.2,2690230208592,1652.4613494964533,23.175010397841458,1,False,False
136,27.2,2690230209984,1618.0791851585338,21.476504231220897,0,False,False
137,27.4,2690230209216,353.9826676802145,7.600612703229144e-10,0,True,True
137,27.4,2690230209408,343.9826669061571,-0.0003929359950020781,0,False,False
137,27.4,2690230209360,358.9826676802145,5.311826372303838e-10,0,False,True
137,27.4,2690230209072,603.4689007452876,13.066711439058917,0,False,False
137,27.4,2690230209840,576.5328723908037,12.675557519290038,1,False,False
137,27.4,2690230209792,686.5787709964662,8.215247746785435,0,False,False
137,27.4,2690230210992,634.9112614743476,11.36361415900438,0,False,False
137,27.4,2690230211520,662.0204998452333,10.041907454147807,0,False,False
137,27.4,2690230208688,607.438461414932,11.366387409480133,1,False,False
137,27.4,2690230210416,634.5714533595553,9.129522718246058,1,False,False
137,27.4,2690230209600,707.646295545821,5.925741181282049,0,False,False
137,27.4,2690230211088,657.0492258247933,7.709575824053628,1,False,False
137,27.4,2690230208304,724.76553635211,3.8761564805156885,0,False,False
137,27.4,2690230209744,739.0821631088766,2.962422386985641,0,False,False
137,27.4,2690230209120,677.7432888579247,7.650645596596591,1,False,False
137,27.4,2690230209552,753.0091018102979,3.35255311684843,0,False,False
137,27.4,2690230210848,699.4682043525788,8.726353879562936,1,False,False
137,27.4,2690230208448,724.301462660921,10.466889150368106,1,False,False
137,27.4,2690230211376,752.8939909989698,12.23522570557101,1,False,False
137,27.4,2690230208736,785.0432459525624,13.48403966897327,1,False,False
137,27.4,2690230208880,819.2382284897723,13.625382859723842,1,False,False
137,27.4,2690230208976,768.740267949722,4.713498181001116,0,False,False
137,27.4,2690230211184,852.1221796805868,12.153698861567404,1,False,False
137,27.4,2690230209024,787.6623070579952,6.581038280645967,0,False,False
137,27.4,2690230210032,810.3265555195406,8.591503024857468,0,False,False
137,27.4,2690230208496,836.4987872055547,10.458639080324431,0,False,False
137,27.4,2690230208928,881.3046232685476,9.447666042809008,1,False,False
137,27.4,2690230208544,904.3033100234086,7.519673239078011,1,False,False
137,27.4,2690230208832,924.6740154023753,7.813966632034245,1,False,False
137,27.4,2690230211136,866.1422363080876,12.22999083412985,0,False,False
137,27.4,2690230211040,898.4397673402682,13.654456624325212,0,False,False
137,27.4,2690230211328,934.7125364688769,15.056874795753137,0,False,False
137,27.4,2690230211232,947.4076639066208,9.829668146087188,1,False,False
137,27.4,2690230211424,975.7820456388577,12.523803326598424,1,False,False
137,27.4,2690230210272,1009.5821115230544,14.528819362750356,1,False,False
137,27.4,2690230208208,1047.7475109273646,15.678849064541328,1,False,False
137,27.4,2690230210704,972.7927894689395,15.891151085709245,0,False,False
137,27.4,2690230210560,1087.9344913474913,16.174441443135194,1,False,False
137,27.4,2690230211280,1012.2575751471935,16.379016283559107,0,False,False
137,27.4,2690230211472,1053.0534588213186,16.620714055681965,0,False,False
137,27.4,2690230210128,1127.5012941614789,16.294845037695886,1,False,False
137,27.4,2690230208784,1096.1810960543175,16.743871035616184,0,False,False
137,27.4,2690230208352,1139.2748225552275,16.799232445496486,0,False,False
137,27.4,2690230210512,1183.172054151895,16.904060283781224,0,False,False
137,27.4,2690230210080,1225.3860091555753,17.122689320035406,0,False,False
137,27.4,2690230211568,1266.446893035539,17.433212124839702,0,False,False
137,27.4,2690230208256,1315.0406452385193,18.008956267589483,0,False,False
137,27.4,2690230210464,1168.170331709653,16.551057275004553,1,False,False
137,27.4,2690230210224,1369.6757237246777,18.85198540767374,0,False,False
137,27.4,2690230210320,1213.3603647689743,17.103345866747272,1,False,False
137,27.4,2690230210800,1259.5395656809824,17.653570944073575,1,False,False
137,27.4,2690230208640,1303.7653089210728,18.03412946610558,1,False,False
137,27.4,2690230210896,1359.3053504091633,18.876685679126194,1,False,False
137,27.4,2690230210656,1426.2027343998316,19.644033825129643,0,False,False
137,27.4,2690230209936,1422.1354692014752,19.926854815096334,1,False,False
137,27.4,2690230209696,1483.1653436115653,20.65150231567711,1,False,False
137,27.4,2690230210608,1558.4947840321129,21.729041668197652,1,False,False
137,27.4,2690230208400,1483.3202635552295,20.22316591661412,0,False,False
137,27.4,2690230210752,1547.3617112046427,20.861495195591438,0,False,False
137,27.4,2690230208592,1657.0963515760216,23.175010397841458,1,False,False
137,27.4,2690230209984,1622.3744860047777,21.476504231220897,0,False,False
138,27.6,2690230209216,353.9826676803352,6.179579631899487e-10,0,True,True
138,27.6,2690230209408,343.9826095317151,-0.0003239402570902488,0,False,False
138,27.6,2690230209360,358.9826676803352,4.318711574993106e-10,0,False,True
138,27.6,2690230209072,606.074032172398,12.942998201171628,0,False,False
138,27.6,2690230209840,579.0635641813076,12.606427586364356,1,False,False
138,27.6,2690230209792,688.2055250030116,7.969427083071304,0,False,False
138,27.6,2690230210992,637.1757895895666,11.239394930608453,0,False,False
138,27.6,2690230211520,664.01709201213,9.863171455903528,0,False,False
138,27.6,2690230208688,609.6991804167826,11.176980930321044,1,False,False
138,27.6,2690230210416,636.3857595731334,8.957230848667217,1,False,False
138,27.6,2690230209600,708.8139940117962,5.664947265364038,0,False,False
138,27.6,2690230211088,658.5872181467915,7.653481757465839,1,False,False
138,27.6,2690230208304,725.5291694412556,3.705344960864773,0,False,False
138,27.6,2690230209744,739.6726149371729,2.935346851812774,0,False,False
138,27.6,2690230209120,679.2777351416966,7.717596074373004,1,False,False
138,27.6,2690230209552,753.6859666387745,3.450302727083481,0,False,False
138,27.6,2690230210848,701.2232476657554,8.873933176517138,1,False,False
138,27.6,2690230208448,726.4064092613827,10.640161471913697,1,False,False
138,27.6,2690230211376,755.3505124087989,12.375981925324776,1,False,False
138,27.6,2690230208736,787.7438682125749,13.538911172651705,1,False,False
138,27.6,2690230208880,821.9582348641808,13.54642531986213,1,False,False
138,27.6,2690230208976,769.6945385932437,4.888382086118163,0,False,False
138,27.6,2690230211184,854.5392533653845,11.947173492894922,1,False,False
138,27.6,2690230209024,788.992322040582,6.788592681703956,0,False,False
138,27.6,2690230210032,812.0589416810741,8.802652276391488,0,False,False
138,27.6,2690230208496,838.6034708541305,10.652417291080239,0,False,False
138,27.6,2690230208928,883.1797327498317,9.233733632991514,1,False,False
138,27.6,2690230208544,905.8045076590087,7.482727861434349,1,False,False
138,27.6,2690230208832,926.2464302775282,7.960733179407667,1,False,False
138,27.6,2690230211136,868.5996073367779,12.399691592688537,0,False,False
138,27.6,2690230211040,901.1794838434683,13.785810237935703,0,False,False
138,27.6,2690230211328,937.730121565094,15.149023254942575,0,False,False
138,27.6,2690230211232,949.388754224373,10.057286940094679,1,False,False
138,27.6,2690230211424,978.3014397256394,12.742052164193801,1,False,False
138,27.6,2690230210272,1012.4971184989178,14.66586173497461,1,False,False
138,27.6,2690230208208,1050.8874539710084,15.740451396760246,1,False,False
138,27.6,2690230210704,975.9745644072719,15.943621312973862,0,False,False
138,27.6,2690230210560,1091.1711454304298,16.200551209915087,1,False,False
138,27.6,2690230211280,1015.5351886688504,16.405767414824048,0,False,False
138,27.6,2690230211472,1056.378386751907,16.63231131195269,0,False,False
138,27.6,2690230210128,1130.761698062906,16.31626309886917,1,False,False
138,27.6,2690230208784,1099.5301543763865,16.748109170336672,0,False,False
138,27.6,2690230208352,1142.6350087633575,16.804379243468997,0,False,False
138,27.6,2690230210512,1186.5536383269996,16.9157063673757,0,False,False
138,27.6,2690230210080,1228.8117747972888,17.141111772646177,0,False,False
138,27.6,2690230211568,1269.9348583294375,17.45302452693073,0,False,False
138,27.6,2690230208256,1318.6437436921403,18.028515347658246,0,False,False
138,27.6,2690230210464,1171.4821226776621,16.574678408993616,1,False,False
138,27.6,2690230210224,1373.4473296333483,18.87006340195248,0,False,False
138,27.6,2690230210320,1216.7825870892982,17.12657036445644,1,False,False
138,27.6,2690230210800,1263.0716730801626,17.674400138362934,1,False,False
138,27.6,2690230208640,1307.3733384415505,18.052126972955342,1,False,False
138,27.6,2690230210896,1363.0816518533557,18.891108692119086,1,False,False
138,27.6,2690230210656,1430.1325001397227,19.658374559257226,0,False,False
138,27.6,2690230209936,1426.1216353855316,19.938752313502462,1,False,False
138,27.6,2690230209696,1487.2962506578256,20.660576355810104,1,False,False
138,27.6,2690230210608,1562.840935503984,21.734175291032816,1,False,False
138,27.6,2690230208400,1487.365572841151,20.23327845926411,0,False,False
138,27.6,2690230210752,1551.5344039964905,20.867383108647534,0,False,False
138,27.6,2690230208592,1661.7313536555898,23.175010397841458,1,False,False
138,27.6,2690230209984,1626.6697868510216,21.476504231220897,0,False,False
139,27.8,2690230209216,353.98266768043334,5.024227114053984e-10,0,True,True
139,27.8,2690230209408,343.9825625809966,-0.00026056882956188704,0,False,False
139,27.8,2690230209360,358.98266768043334,3.5112724627499504e-10,0,False,True
139,27.8,2690230209072,608.6542516413065,12.816693651957623,0,False,False
139,27.8,2690230209840,581.5795852300328,12.524696526597666,1,False,False
139,27.8,2690230209792,689.7827141733712,7.71778774539162,0,False,False
139,27.8,2690230210992,639.4150775881378,11.109151261169675,0,False,False
139,27.8,2690230211520,665.9773666784896,9.675867549117319,0,False,False
139,27.8,2690230208688,611.9217300470345,10.98350346060172,1,False,False
139,27.8,2690230210416,638.1661283685823,8.792941812052456,1,False,False
139,27.8,2690230209600,709.929843996444,5.409100413323412,0,False,False
139,27.8,2690230211088,660.1148165265196,7.60976080539787,1,False,False
139,27.8,2690230208304,726.2595988567926,3.549029106319253,0,False,False
139,27.8,2690230209744,740.2586702790273,2.923480133452599,0,False,False
139,27.8,2690230209120,680.8262210088428,7.794186741032055,1,False,False
139,27.8,2690230209552,754.3831022897946,3.5587451700394617,0,False,False
139,27.8,2690230210848,703.0080939340601,9.025695662581281,1,False,False
139,27.8,2690230208448,728.5459229432903,10.81200822714474,1,False,False
139,27.8,2690230211376,757.8347611301815,12.510288899713956,1,False,False
139,27.8,2690230208736,790.454756793251,13.583104437849935,1,False,False
139,27.8,2690230208880,824.661581250601,13.454479385335746,1,False,False
139,27.8,2690230208976,770.6841730673912,5.068969245676553,0,False,False
139,27.8,2690230211184,856.9145844221024,11.734361331752828,1,False,False
139,27.8,2690230209024,790.3639747488643,6.9979720874959055,0,False,False
139,27.8,2690230210032,813.83351236492,9.013060653565406,0,False,False
139,27.8,2690230208496,840.7467384725983,10.843574237558263,0,False,False
139,27.8,2690230208928,885.0128067023628,9.031345780978011,1,False,False
139,27.8,2690230208544,907.2995427031173,7.46409695363417,1,False,False
139,27.8,2690230208832,927.8489147274802,8.118043319413268,1,False,False
139,27.8,2690230211136,871.090648391241,12.565311640739033,0,False,False
139,27.8,2690230211040,903.9451642347835,13.912566699679035,0,False,False
139,27.8,2690230211328,940.7658377521001,15.236722755349561,0,False,False
139,27.8,2690230211232,951.415435037464,10.285742768336965,1,False,False
139,27.8,2690230211424,980.8641010705085,12.954484392204458,1,False,False
139,27.8,2690230210272,1015.4390551811224,14.79575374665029,1,False,False
139,27.8,2690230208208,1054.0394239773154,15.797714756146778,1,False,False
139,27.8,2690230210704,979.1666262324419,15.993020156593447,0,False,False
139,27.8,2690230210560,1094.4129113646718,16.225045343162652,1,False,False
139,27.8,2690230211280,1018.8180337172678,16.430763591949404,0,False,False
139,27.8,2690230211472,1059.7055815023184,16.643133634606592,0,False,False
139,27.8,2690230210128,1134.0263548634248,16.337230908804926,1,False,False
139,27.8,2690230208784,1102.8800537648378,16.752254976420016,0,False,False
139,27.8,2690230208352,1145.996239714752,16.809757697803114,0,False,False
139,27.8,2690230210512,1189.9375707719603,16.92763537354694,0,False,False
139,27.8,2690230210080,1232.2412264776635,17.159555217655562,0,False,False
139,27.8,2690230211568,1273.4267768788266,17.47269814295758,0,False,False
139,27.8,2690230208256,1322.2507393345559,18.047855612424634,0,False,False
139,27.8,2690230210464,1174.798616665059,16.597984501553537,1,False,False
139,27.8,2690230210224,1377.2225349172588,18.887899236680532,0,False,False
139,27.8,2690230210320,1220.2094326802828,17.149472600567968,1,False,False
139,27.8,2690230210800,1266.6079258110055,17.69492387262926,1,False,False
139,27.8,2690230208640,1310.9849505224902,18.069871905768725,1,False,False
139,27.8,2690230210896,1366.8608254947217,18.90534655545805,1,False,False
139,27.8,2690230210656,1434.0651209483044,19.672520174220082,0,False,False
139,27.8,2690230209936,1430.1101718736625,19.950512468159786,1,False,False
139,27.8,2690230209696,1491.4289651412166,20.669540322714614,1,False,False
139,27.8,2690230210608,1567.1881096862098,21.739248950914504,1,False,False
139,27.8,2690230208400,1491.4128959864418,20.243261857035712,0,False,False
139,27.8,2690230210752,1555.7082688894875,20.873189180005216,0,False,False
139,27.8,2690230208592,1666.366355735158,23.175010397841458,1,False,False
139,27.8,2690230209984,1630.9650876972655,21.476504231220897,0,False,False
140,28.0,2690230209216,353.98266768051303,4.084882726211595e-10,0,True,True
140,28.0,2690230209408,343.9825251696443,-0.00020301185712553403,0,False,False
140,28.0,2690230209360,358.98266768051315,2.85479455934396e-10,0,False,True
140,28.0,2690230209072,611.2090250050555,12.687554907586547,0,False,False
140,28.0,2690230209840,584.0784378170464,12.4307193321578,1,False,False
140,28.0,2690230209792,691.309234168078,7.461242202555157,0,False,False
140,28.0,2690230210992,641.6278966241201,10.972525979050875,0,False,False
140,28.0,2690230211520,667.8996077532748,9.479976613457787,0,False,False
140,28.0,2690230208688,614.1053716917446,10.787094716201771,1,False,False
140,28.0,2690230210416,639.9142154513272,8.637465531149319,1,False,False
140,28.0,2690230209600,710.9949220312387,5.159498928299949,0,False,False
140,28.0,2690230211088,661.6344943626457,7.578379976562498,1,False,False
140,28.0,2690230208304,726.9597565843399,3.4076776700327382,0,False,False
140,28.0,2690230209744,740.8433487840223,2.9264793376633276,0,False,False
140,28.0,2690230209120,682.3906434680531,7.87994765367703,1,False,False
140,28.0,2690230209552,755.1026111558081,3.677338313202904,0,False,False
140,28.0,2690230210848,704.8235428496358,9.181087561952383,1,False,False
140,28.0,2690230208448,730.7196843399763,10.981917992012608,1,False,False
140,28.0,2690230211376,760.3454205253374,12.637748265253816,1,False,False
140,28.0,2690230208736,793.1737588589302,13.616366221275335,1,False,False
140,28.0,2690230208880,827.3456831051924,13.349760342622671,1,False,False
140,28.0,2690230208976,771.7102814811416,5.254803973253265,0,False,False
140,28.0,2690230211184,859.2470000237684,11.516548602358613,1,False,False
140,28.0,2690230209024,791.7776070189204,7.208830670668129,0,False,False
140,28.0,2690230210032,815.6501011952145,9.22245619050168,0,False,False
140,28.0,2690230208496,842.928052133499,11.031907002414004,0,False,False
140,28.0,2690230208928,886.8062357131565,8.841698279373922,1,False,False
140,28.0,2690230208544,908.7920513847184,7.463359285341799,1,False,False
140,28.0,2690230208832,929.4835175033284,8.284999501889653,1,False,False
140,28.0,2690230211136,873.6145349992709,12.726729841952249,0,False,False
140,28.0,2690230211040,906.7358909608326,14.034757311786883,0,False,False
140,28.0,2690230211328,943.8188043633075,15.320111403433707,0,False,False
140,28.0,2690230211232,953.4878251357505,10.51431349307613,1,False,False
140,28.0,2690230211424,983.4688434517172,13.160766041936816,1,False,False
140,28.0,2690230210272,1018.4065013086653,14.91864795493863,1,False,False
140,28.0,2690230208208,1057.2025720658082,15.85092086249218,1,False,False
140,28.0,2690230210704,982.3683713830568,16.039507324542928,0,False,False
140,28.0,2690230210560,1097.6594765769614,16.24807958067974,1,False,False
140,28.0,2690230211280,1022.1057668558037,16.454116847711393,0,False,False
140,28.0,2690230211472,1063.0348923722663,16.653244432473794,0,False,False
140,28.0,2690230210128,1137.29517756053,16.357793170592,1,False,False
140,28.0,2690230208784,1106.2307775373229,16.756334725199352,0,False,False
140,28.0,2690230208352,1149.358561990884,16.815371323467556,0,False,False
140,28.0,2690230210512,1193.3239072084798,16.93983435700505,0,False,False
140,28.0,2690230210080,1235.6743677354807,17.178009869638615,0,False,False
140,28.0,2690230211568,1276.9226208071625,17.492231234061272,0,False,False
140,28.0,2690230208256,1325.8615885813772,18.06697975080555,0,False,False
140,28.0,2690230210464,1178.1197515630631,16.620988793793888,1,False,False
140,28.0,2690230210224,1381.0012915001166,18.905498212829297,0,False,False
140,28.0,2690230210320,1223.6408377317348,17.17206209636998,1,False,False
140,28.0,2690230210800,1270.1482634167196,17.71515156667278,1,False,False
140,28.0,2690230208640,1314.600095105088,18.08737103516087,1,False,False
140,28.0,2690230210896,1370.6428345799518,18.91940338417643,1,False,False
140,28.0,2690230210656,1438.0005581142943,19.68647531906258,0,False,False
140,28.0,2690230209936,1434.101051372773,19.96213789666705,1,False,False
140,28.0,2690230209696,1495.563465192987,20.6783963909101,1,False,False
140,28.0,2690230210608,1571.5362946607288,21.744263759348286,1,False,False
140,28.0,2690230208400,1495.462207338357,20.25311873523846,0,False,False
140,28.0,2690230210752,1559.88328962844,20.878915095872706,0,False,False
140,28.0,2690230208592,1671.0013578147264,23.175010397841458,1,False,False
140,28.0,2690230209984,1635.2603885435094,21.476504231220897,0,False,False
141,28.2,2690230209216,353.98266768057795,3.3211609483628494e-10,0,True,True
141,28.2,2690230209408,343.9824963907984,-0.0001513263209852117,0,False,False
141,28.2,2690230209360,358.982667680578,2.3210537098784674e-10,0,False,True
141,28.2,2690230209072,613.7377681779602,12.555318942802591,0,False,False
141,28.2,2690230209840,586.5577004657426,12.324929895380002,1,False,False
141,28.2,2690230209792,692.7841694338481,7.200795174127065,0,False,False
141,28.2,2690230210992,643.8129471971585,10.829175102998482,0,False,False
141,28.2,2690230211520,669.7821010187922,9.275566637701749,0,False,False
141,28.2,2690230208688,616.2495962734866,10.588915973263012,1,False,False
141,28.2,2690230210416,641.6318332842584,8.491532639386282,1,False,False
141,28.2,2690230209600,712.0105614952339,4.917395744279315,0,False,False
141,28.2,2690230211088,663.1487141537939,7.559242803143938,1,False,False
141,28.2,2690230208304,727.6326611885067,3.2816523709689522,0,False,False
141,28.2,2690230209744,741.4295983104158,2.9439550928481095,0,False,False
141,28.2,2690230209120,683.9728042502642,7.974390269247184,1,False,False
141,28.2,2690230209552,755.8464873933744,3.8055434187545782,0,False,False
141,28.2,2690230210848,706.6702834963473,9.339557586848535,1,False,False
141,28.2,2690230208448,732.9272725320071,11.14939054742907,1,False,False
141,28.2,2690230211376,762.881095322782,12.757977226418506,1,False,False
141,28.2,2690230208736,795.8986723354695,13.638464908344027,1,False,False
141,28.2,2690230208880,830.0080045372265,13.232568790478789,1,False,False
141,28.2,2690230208976,772.7738835322543,5.445441390320948,0,False,False
141,28.2,2690230211184,861.5355898220423,11.295097022042047,1,False,False
141,28.2,2690230209024,793.2334920101379,7.420829881135154,0,False,False
141,28.2,2690230210032,817.5084877270264,9.430571901128117,0,False,False
141,28.2,2690230208496,845.1468340032102,11.217223027216768,0,False,False
141,28.2,2690230208928,888.5626405583229,8.665850519340786,1,False,False
141,28.2,2690230208544,910.2855795508401,7.480004460677516,1,False,False
141,28.2,2690230208832,931.1521084942157,8.460714581002684,1,False,False
141,28.2,2690230211136,876.1704196120412,12.883842383739708,0,False,False
141,28.2,2690230211040,909.5507536531325,14.152427003438278,0,False,False
141,28.2,2690230211328,946.8881686981645,15.399332193667933,0,False,False
141,28.2,2690230211232,955.6059010424266,10.742309701787697,1,False,False
141,28.2,2690230211424,986.114416725486,13.360606358301917,1,False,False
141,28.2,2690230210272,1021.3980686909415,15.03471960414026,1,False,False
141,28.2,2690230208208,1060.3761050828423,15.90034195595722,1,False,False
141,28.2,2690230210704,985.5792279253061,16.083237730687692,0,False,False
141,28.2,2690230210560,1100.9105588814084,16.26979836671224,1,False,False
141,28.2,2690230211280,1025.3980666731316,16.4759335304905,0,False,False
141,28.2,2690230211472,1066.3661810809076,16.66270322707389,0,False,False
141,28.2,2690230210128,1140.5680877952088,16.377990210748266,1,False,False
141,28.2,2690230208784,1109.5823141245307,16.76037259998815,0,False,False
141,28.2,2690230208352,1152.7220228063104,16.821222604571055,0,False,False
141,28.2,2690230210512,1196.7127007691518,16.95229038201763,0,False,False
141,28.2,2690230210080,1239.111200185287,17.196466433870835,0,False,False
141,28.2,2690230211568,1280.4223619052273,17.511622285057772,0,False,False
141,28.2,2690230208256,1329.4762483884883,18.085890487148315,0,False,False
141,28.2,2690230210464,1181.445467837581,16.643703446211063,1,False,False
141,28.2,2690230210224,1384.783552355898,18.9228654832515,0,False,False
141,28.2,2690230210320,1227.0767403051373,17.19434789152097,1,False,False
141,28.2,2690230210800,1273.6926272924857,17.735092166776194,1,False,False
141,28.2,2690230208640,1318.218723464192,18.104630828921263,1,False,False
141,28.2,2690230210896,1374.427643168618,18.93328314333158,1,False,False
141,28.2,2690230210656,1441.93877384462,19.70024447078343,0,False,False
141,28.2,2690230209936,1438.0942471081844,19.97363114081734,1,False,False
141,28.2,2690230209696,1499.6997293751654,20.687146673588735,1,False,False
141,28.2,2690230210608,1575.8854787298699,21.749220799399662,1,False,False
141,28.2,2690230208400,1499.5134817638345,20.262851639275983,0,False,False
141,28.2,2690230210752,1564.0594502921363,20.884562493970883,0,False,False
141,28.2,2690230208592,1675.6363598942946,23.175010397841458,1,False,False
141,28.2,2690230209984,1639.5556893897533,21.476504231220897,0,False,False
142,28.4,2690230209216,353.9826676806307,2.7002268569800476e-10,0,True,True
142,28.4,2690230209408,343.9824753347015,-0.00010545685249433392,0,False,False
142,28.4,2690230209360,358.9826676806307,1.8871026310834116e-10,0,False,True
142,28.4,2690230209072,616.2398432022255,12.419704119081103,0,False,False
142,28.4,2690230209840,589.0150437781358,12.20784167666053,1,False,False
142,28.4,2690230209792,694.2068109768611,6.937533055662523,0,False,False
142,28.4,2690230210992,645.9688622493287,10.67877485530072,0,False,False
142,28.4,2690230211520,671.6231520274648,9.062799595777385,0,False,False
142,28.4,2690230208688,618.3541278526067,10.390139312117798,1,False,False
142,28.4,2690230210416,643.3209349887537,8.355791148463751,1,False,False
142,28.4,2690230209600,712.9783426134818,4.683984812684915,0,False,False
142,28.4,2690230211088,664.6599151219951,7.552194160672036,1,False,False
142,28.4,2690230208304,728.2813965928518,3.1712109839517515,0,False,False
142,28.4,2690230209744,742.0202861364078,2.975479070643576,0,False,False
142,28.4,2690230209120,685.5744063041053,8.077010608147443,1,False,False
142,28.4,2690230209552,756.6166177530799,3.942827294828428,0,False,False
142,28.4,2690230210848,708.5488949314588,9.500558183023173,1,False,False
142,28.4,2690230208448,735.1681673543343,11.313937857196319,1,False,False
142,28.4,2690230211376,765.440314724867,12.870608455033484,1,False,False
142,28.4,2690230208736,798.6272503890325,13.64919293308658,1,False,False
142,28.4,2690230208880,832.6460757688109,13.10329640017347,1,False,False
142,28.4,2690230208976,773.8759106427129,5.640447021387322,0,False,False
142,28.4,2690230211184,863.7797201025721,11.071429200611181,1,False,False
142,28.4,2690230209024,794.7318356460186,7.633638246732602,0,False,False
142,28.4,2690230210032,819.4083984796075,9.637146359953185,0,False,False
142,28.4,2690230208496,847.402468472662,11.399340985163045,0,False,False
142,28.4,2690230208928,890.2848444189103,8.504718580175618,1,False,False
142,28.4,2690230208544,911.7835656880378,7.513445636970018,1,False,False
142,28.4,2690230208832,932.8563810018815,8.644314591498574,1,False,False
142,28.4,2690230211136,878.7574350849092,13.036562980116578,0,False,False
142,28.4,2690230211040,912.3888517806324,14.265633228010984,0,False,False
142,28.4,2690230211328,949.9731069163034,15.474531774980004,0,False,False
142,28.4,2690230211232,957.7695036535515,10.969076133614777,1,False,False
142,28.4,2690230211424,988.7995155032112,13.553758232617078,1,False,False
142,28.4,2690230210272,1024.4124055365805,15.144163506523322,1,False,False
142,28.4,2690230208208,1063.5592836434378,15.94623991710806,1,False,False
142,28.4,2690230210704,988.7986545706293,16.124361161646352,0,False,False
142,28.4,2690230210560,1104.165904254051,16.2903353560934,1,False,False
142,28.4,2690230211280,1028.6946326569673,16.49631446728798,0,False,False
142,28.4,2690230211472,1069.6993210034937,16.671565862526606,0,False,False
142,28.4,2690230210128,1143.8450150003134,16.397858329686432,1,False,False
142,28.4,2690230208784,1112.9346566615345,16.76439082827909,0,False,False
142,28.4,2690230208352,1156.0866698077546,16.827313072231927,0,False,False
142,28.4,2690230210512,1200.1040020023856,16.96499056661057,0,False,False
142,28.4,2690230210080,1242.5517236148958,17.214916096493866,0,False,False
142,28.4,2690230211568,1283.9259716750335,17.530869992071203,0,False,False
142,28.4,2690230208256,1333.0946762585734,18.104590573021174,0,False,False
142,28.4,2690230210464,1184.775708319646,16.666139635231634,1,False,False
142,28.4,2690230210224,1388.5692714794563,18.940006056181446,0,False,False
142,28.4,2690230210320,1230.5170802394075,17.2163385748012,1,False,False
142,28.4,2690230210800,1277.2409605926118,17.75475417321392,1,False,False
142,28.4,2690230208640,1321.840788148983,18.121657470403726,1,False,False
142,28.4,2690230210896,1378.2152161037359,18.946989656204117,1,False,False
142,28.4,2690230210656,1445.8797312305796,19.71383194277378,0,False,False
142,28.4,2690230209936,1442.0897328086955,19.984994669918002,1,False,False
142,28.4,2690230209696,1503.8377366684513,20.695793224923563,1,False,False
142,28.4,2690230210608,1580.235650410728,21.75412112662493,1,False,False
142,28.4,2690230208400,1503.5666946337456,20.272463038093235,0,False,False
142,28.4,2690230210752,1568.2367352837705,20.8901329653489,0,False,False
142,28.4,2690230208592,1680.271361973863,23.175010397841458,1,False,False
142,28.4,2690230209984,1643.8509902359972,21.476504231220897,0,False,False
143,28.6,2690230209216,353.98266768067356,2.1953844431268893e-10,0,True,True
143,28.6,2690230209408,343.98246110514356,-6.525510939545993e-05,0,False,False
143,28.6,2690230209360,358.98266768067356,1.534284331760854e-10,0,False,True
143,28.6,2690230209072,618.7145546524844,12.280412207810551,0,False,False
143,28.6,2690230209840,591.448246352702,12.080047574636724,1,False,False
143,28.6,2690230209792,695.5766718994503,6.672611581161247,0,False,False
143,28.6,2690230210992,648.0942117026926,10.521029227541078,0,False,False
143,28.6,2690230211520,673.4211052940495,8.841937063547507,0,False,False
143,28.6,2690230208688,620.4189250533617,10.19193655509282,1,False,False
143,28.6,2690230210416,644.983597663885,8.230804376910493,1,False,False
143,28.6,2690230209600,713.9000798274667,4.4603889527385165,0,False,False
143,28.6,2690230211088,666.1705018097277,7.557025209349111,1,False,False
143,28.6,2690230208304,728.9090915613677,3.0765116467708378,0,False,False
143,28.6,2690230209744,742.6181916493301,3.020591090252093,0,False,False
143,28.6,2690230209120,687.197050903722,8.187292115593388,1,False,False
143,28.6,2690230209552,757.4147828066579,4.088663962924295,0,False,False
143,28.6,2690230210848,710.4598470119928,9.663546711822738,1,False,False
143,28.6,2690230208448,737.4417518943834,11.475084972502756,1,False,False
143,28.6,2690230211376,768.021535492929,12.97528996413008,1,False,False
143,28.6,2690230208736,801.3572064265496,13.648369767523295,1,False,False
143,28.6,2690230208880,835.2575116813605,12.962430628625494,1,False,False
143,28.6,2690230208976,775.0172080099277,5.83939634681224,0,False,False
143,28.6,2690230211184,865.9790448916543,10.847012198515518,1,False,False
143,28.6,2690230209024,796.2727780212907,7.8469312671646785,0,False,False
143,28.6,2690230210032,821.349508092013,9.841924373372308,0,False,False
143,28.6,2690230208496,849.6943044588961,11.57809159458672,0,False,False
143,28.6,2690230208928,891.9758439077455,8.359071196406731,1,False,False
143,28.6,2690230208544,913.2893264531516,7.563031676041745,1,False,False
143,28.6,2690230208832,934.5978545339112,8.834941002202129,1,False,False
143,28.6,2690230211136,881.3746981874066,13.184822904052288,0,False,False
143,28.6,2690230211040,915.2492970790579,14.374444824695443,0,False,False
143,28.6,2690230211328,953.0728246905786,15.54585930256532,0,False,False
143,28.6,2690230211232,959.9783451649826,11.193993129448017,1,False,False
143,28.6,2690230211424,991.522787889392,13.740018242567906,1,False,False
143,28.6,2690230210272,1027.448200162173,15.247190988495541,1,False,False
143,28.6,2690230208208,1066.7514200127448,15.988865615639629,1,False,False
143,28.6,2690230210704,992.0261396324481,16.163022027087468,0,False,False
143,28.6,2690230210560,1107.4252847095813,16.309813936397767,1,False,False
143,28.6,2690230211280,1031.995184101496,16.515355142228582,0,False,False
143,28.6,2690230211472,1073.034196449457,16.679884707184158,0,False,False
143,28.6,2690230210128,1147.1258956175845,16.417430130638486,1,False,False
143,28.6,2690230208784,1116.2878026049762,16.76840980510752,0,False,False
143,28.6,2690230208352,1159.4525508884817,16.83364337825324,0,False,False
143,28.6,2690230210512,1203.4978588858824,16.97792212254601,0,False,False
143,28.6,2690230210080,1245.9959360808496,17.23335051364827,0,False,False
143,28.6,2690230211568,1287.4334213712816,17.549973250541928,0,False,False
143,28.6,2690230208256,1336.7168302460527,18.123082779742628,0,False,False
143,28.6,2690230210464,1188.1104180146108,16.68830764157489,1,False,False
143,28.6,2690230210224,1392.3584038578358,18.956924798820438,0,False,False
143,28.6,2690230210320,1233.9617990626587,17.238042312709155,1,False,False
143,28.6,2690230210800,1280.7932081430874,17.774145666285726,1,False,False
143,28.6,2690230208640,1325.4662429272469,18.138456875649783,1,False,False
143,28.6,2690230210896,1382.005518983924,18.960526611918343,1,False,False
143,28.6,2690230210656,1449.8233942156596,19.727241892782402,0,False,False
143,28.6,2690230209936,1446.087482692298,19.99623088390275,1,False,False
143,28.6,2690230209696,1507.9774664605586,20.70433804226606,1,False,False
143,28.6,2690230210608,1584.5867984297217,21.758965769964973,1,False,False
143,28.6,2690230208400,1507.6218218078232,20.281955327428218,0,False,False
143,28.6,2690230210752,1572.4151293217262,20.89562805611639,0,False,False
143,28.6,2690230208592,1684.9063640534312,23.175010397841458,1,False,False
143,28.6,2690230209984,1648.146291082241,21.476504231220897,0,False,False
144,28.8,2690230209216,353.98266768070835,1.7849288627970915e-10,0,True,True
144,28.8,2690230209408,343.982452832975,-3.049761010652003e-05,0,False,False
144,28.8,2690230209360,358.9826676807084,1.2474299870671953e-10,0,False,True
144,28.8,2690230209072,621.1611464804114,12.137130954991546,0,False,False
144,28.8,2690230209840,593.855210615765,11.94221885979632,1,False,False
144,28.8,2690230209792,696.8935003672847,6.407242029825521,0,False,False
144,28.8,2690230210992,650.1875085419133,10.355677999181708,0,False,False
144,28.8,2690230211520,675.1743645129575,8.613344304019197,0,False,False
144,28.8,2690230208688,622.4441802695469,9.995468136465075,1,False,False
144,28.8,2690230210416,646.6220053727674,8.117050085037155,1,False,False
144,28.8,2690230209600,714.7778068423131,4.247649333856117,0,False,False
144,28.8,2690230211088,667.6828336682058,7.573478359789114,1,False,False
144,28.8,2690230208304,729.5189001139455,2.9976182170729473,0,False,False
144,28.8,2690230209744,743.2260004229694,3.0788057140414296,0,False,False
144,28.8,2690230209120,688.8422353095125,8.304708236817731,1,False,False
144,28.8,2690230209552,758.2426584781525,4.242535896016632,0,False,False
144,28.8,2690230210848,712.4035014538663,9.827986579704605,1,False,False
144,28.8,2690230208448,739.7473151652968,11.632370846744406,1,False,False
144,28.8,2690230211376,770.6231450076147,13.07168499778654,1,False,False
144,28.8,2690230208736,804.0862197325804,13.6358454880947,1,False,False
144,28.8,2690230208880,837.8400312193174,12.810558086534096,1,False,False
144,28.8,2690230208976,776.1985365671698,6.041874341491784,0,False,False
144,28.8,2690230211184,868.1335136735782,10.623339674087447,1,False,False
144,28.8,2690230209024,797.8563947941486,8.06039140324618,0,False,False
144,28.8,2690230210032,823.331440618354,10.04465772841498,0,False,False
144,28.8,2690230208496,852.0216578645427,11.753318357363801,0,False,False
144,28.8,2690230208928,893.6387794756838,8.229528478957516,1,False,False
144,28.8,2690230208544,914.806044585806,7.628058530157344,1,False,False
144,28.8,2690230208832,936.377878018644,9.031752557490512,1,False,False
144,28.8,2690230211136,884.0213131084618,13.32857085226993,0,False,False
144,28.8,2690230211040,918.1312157511109,14.478940861859563,0,False,False
144,28.8,2690230211328,956.1865576364324,15.613465380078056,0,False,False
144,28.8,2690230211232,962.232016288875,11.416478065662497,1,False,False
144,28.8,2690230211424,994.2828442003871,13.919226282444082,1,False,False
144,28.8,2690230210272,1030.5041840966828,15.344026941613562,1,False,False
144,28.8,2690230208208,1069.951875871164,16.028458462056793,1,False,False
144,28.8,2690230210704,995.2611999380687,16.199359184759842,0,False,False
144,28.8,2690230210560,1110.6884962832567,16.32834775962386,1,False,False
144,28.8,2690230211280,1035.2994590513208,16.533145886602828,0,False,False
144,28.8,2690230211472,1076.3707019802584,16.687708846683577,0,False,False
144,28.8,2690230210128,1150.4106723790499,16.43673482759713,1,False,False
144,28.8,2690230208784,1119.6417533743706,16.77244820821998,0,False,False
144,28.8,2690230208352,1162.8197140171396,16.840213364842477,0,False,False
144,28.8,2690230210512,1206.8943168478384,16.991072391311963,0,False,False
144,28.8,2690230210080,1249.443834001649,17.25176179973156,0,False,False
144,28.8,2690230211568,1290.9446820404435,17.56893114362661,0,False,False
144,28.8,2690230208256,1340.3426689605699,18.141369891597893,0,False,False
144,28.8,2690230210464,1191.449543928502,16.710216931057534,1,False,False
144,28.8,2690230210224,1396.150905442307,18.97362644098014,0,False,False
144,28.8,2690230210320,1237.4108399095444,17.259466876063936,1,False,False
144,28.8,2690230210800,1284.3493163592495,17.79327433092959,1,False,False
144,28.8,2690230208640,1329.0950427329929,18.15503470933356,1,False,False
144,28.8,2690230210896,1385.7985181370536,18.973897572529957,1,False,False
144,28.8,2690230210656,1453.7697275649125,19.740478330434822,0,False,False
144,28.8,2690230209936,1450.0874714524975,20.00734211625228,1,False,False
144,28.8,2690230209696,1512.118898534993,20.71278306823958,1,False,False
144,28.8,2690230210608,1588.9389117173282,21.763755732603816,1,False,False
144,28.8,2690230208400,1511.678839620228,20.29133083288152,0,False,False
144,28.8,2690230210752,1576.5946174306987,20.901049269096667,0,False,False
144,28.8,2690230208592,1689.5413661329994,23.175010397841458,1,False,False
144,28.8,2690230209984,1652.441591928485,21.476504231220897,0,False,False
145,29.0,2690230209216,353.98266768073665,1.4512132739304356e-10,0,True,True
145,29.0,2690230209408,343.9824496869315,-9.019656527622241e-07,0,False,False
145,29.0,2690230209360,358.98266768073665,1.014206780596262e-10,0,False,True
145,29.0,2690230209072,623.578799410586,11.989537229087066,0,False,False
145,29.0,2690230209840,596.2339783707373,11.795103050879971,1,False,False
145,29.0,2690230209792,698.1572897390006,6.142676332354446,0,False,False
145,29.0,2690230210992,652.2472165241237,10.182505075804453,0,False,False
145,29.0,2690230211520,676.8814134776736,8.37749257913195,0,False,False
145,29.0,2690230208688,624.4303166519495,9.801872141953154,1,False,False
145,29.0,2690230210416,648.2384320323785,8.014920737088,1,False,False
145,29.0,2690230209600,715.6137596856713,4.046716706262937,0,False,False
145,29.0,2690230211088,669.1992156359255,7.601252177833694,1,False,False
145,29.0,2690230208304,730.1139830739974,2.934506500103721,0,False,False
145,29.0,2690230209744,743.8462995764286,3.1496182672959807,0,False,False
145,29.0,2690230209120,690.5113509258997,8.42872472737821,1,False,False
145,29.0,2690230209552,759.1018177969576,4.403934882752299,0,False,False
145,29.0,2690230210848,714.3801131138243,9.993348322385337,1,False,False
145,29.0,2690230208448,742.0840549353761,11.785349045837833,1,False,False
145,29.0,2690230211376,773.243464310649,13.159471984144792,1,False,False
145,29.0,2690230208736,806.8119418572808,13.61150490293219,1,False,False
145,29.0,2690230208880,840.391477363334,12.648366286744718,1,False,False
145,29.0,2690230208976,777.4205748520977,6.247475023939688,0,False,False
145,29.0,2690230211184,870.2433754684814,10.401913110968527,1,False,False
145,29.0,2690230209024,799.4826985827044,8.273708161353115,0,False,False
145,29.0,2690230210032,825.3537709771994,10.245106003971868,0,False,False
145,29.0,2690230208496,854.3838141792205,11.924878207969648,0,False,False
145,29.0,2690230208928,895.2769057361016,8.116563196425044,1,False,False
145,29.0,2690230208544,916.3367590393307,7.707779721043468,1,False,False
145,29.0,2690230208832,938.1976333662261,9.233926807806165,1,False,False
145,29.0,2690230211136,886.6963749237137,13.467772648772069,0,False,False
145,29.0,2690230211040,921.033750434975,14.579209478329831,0,False,False
145,29.0,2690230211328,959.3135715358916,15.677501095100562,0,False,False
145,29.0,2690230211232,964.5299937535056,11.635986725928042,1,False,False
145,29.0,2690230211424,997.0782655816092,14.091264779841083,1,False,False
145,29.0,2690230210272,1033.5791346048218,15.434907011694504,1,False,False
145,29.0,2690230208208,1073.1600600020167,16.06524613704053,1,False,False
145,29.0,2690230210704,998.503379710129,16.233505831761153,0,False,False
145,29.0,2690230210560,1113.955357119401,16.346041276315294,1,False,False
145,29.0,2690230211280,1038.6072132840088,16.549772077003734,0,False,False
145,29.0,2690230211472,1079.7087417652592,16.695084268256732,0,False,False
145,29.0,2690230210128,1153.6992936486483,16.455798532950382,1,False,False
145,29.0,2690230208784,1122.9965140159281,16.776523105652945,0,False,False
145,29.0,2690230208352,1166.1882070802926,16.84702213059172,0,False,False
145,29.0,2690230210512,1210.2934187950952,17.004428876351692,0,False,False
145,29.0,2690230210080,1252.8954122485839,17.270142514927393,0,False,False
145,29.0,2690230211568,1294.4597245575528,17.58774293100308,0,False,False
145,29.0,2690230208256,1343.9721515691674,18.159454699693416,0,False,False
145,29.0,2690230210464,1194.79303491006,16.731876228425477,1,False,False
145,29.0,2690230210224,1399.9467331211342,18.990115578760165,0,False,False
145,29.0,2690230210320,1240.8641474438004,17.28061966476183,1,False,False
145,29.0,2690230210800,1287.909233168281,17.812147479969642,1,False,False
145,29.0,2690230208640,1332.727143617184,18.171396399610824,1,False,False
145,29.0,2690230210896,1389.594180595281,18.987105979623454,1,False,False
145,29.0,2690230210656,1457.7186968358126,19.753545124331882,0,False,False
145,29.0,2690230209936,1454.0896742452094,20.018330636738266,1,False,False
145,29.0,2690230209696,1516.2620130602397,20.721130192734712,1,False,False
145,29.0,2690230210608,1593.2919794029874,21.76849199279344,1,False,False
145,29.0,2690230208400,1515.7377248657167,20.300591812815895,0,False,False
145,29.0,2690230210752,1580.7751849331444,20.90639806540514,0,False,False
145,29.0,2690230208592,1694.1763682125677,23.175010397841458,1,False,False
145,29.0,2690230209984,1656.7368927747289,21.476504231220897,0,False,False
146,29.2,2690230209216,353.9826676807596,1.1798901403452195e-10,0,True,True
146,29.2,2690230209408,343.98245088201867,2.385851323069804e-05,0,False,False
146,29.2,2690230209360,358.98266768075973,8.245876758388574e-11,0,False,True
146,29.2,2690230209072,625.9666290066417,11.83730078618716,0,False,False
146,29.2,2690230209840,598.5827458470419,11.63952063984771,1,False,False
146,29.2,2690230209792,699.3682856635913,5.880191462569174,0,False,False
146,29.2,2690230210992,654.2717595693358,10.001346979886938,0,False,False
146,29.2,2690230211520,678.5408373337324,8.134959492077003,0,False,False
146,29.2,2690230208688,626.3779829269151,9.61225374533243,1,False,False
146,29.2,2690230210416,649.8352244259506,7.924724791732067,1,False,False
146,29.2,2690230209600,716.4103581331186,3.8584444474264026,0,False,False
146,29.2,2690230211088,670.7218896902476,7.640006155745119,1,False,False
146,29.2,2690230208304,730.6974909100106,2.8870711598648136,0,False,False
146,29.2,2690230209744,744.4815742961655,3.2325102394925076,0,False,False
146,29.2,2690230209120,692.2056819047735,8.558801723400892,1,False,False
146,29.2,2690230209552,759.9937328016105,4.572362572326715,0,False,False
146,29.2,2690230210848,716.3898314853895,10.159110647125638,1,False,False
146,29.2,2690230208448,744.4510806919586,11.933588341657401,1,False,False
146,29.2,2690230211376,775.880751144073,13.238344603294122,1,False,False
146,29.2,2690230208736,809.5320038651971,13.57527219701221,1,False,False
146,29.2,2690230208880,842.9098373325859,12.476643537781536,1,False,False
146,29.2,2690230208976,778.683920786911,6.455801036839083,0,False,False
146,29.2,2690230211184,872.3091791215747,10.184222653263237,1,False,False
146,29.2,2690230209024,801.151640384582,8.486578270963866,0,False,False
146,29.2,2690230210032,827.4160265665386,10.443037427917403,0,False,False
146,29.2,2690230208496,856.7800312041387,12.092642060932732,0,False,False
146,29.2,2690230208928,896.893562203659,8.020504365410538,1,False,False
146,29.2,2690230208544,917.8843571420744,7.80141582380809,1,False,False
146,29.2,2690230208832,940.0581393197724,9.440661418734601,1,False,False
146,29.2,2690230211136,889.3989729932415,13.60241079640325,0,False,False
146,29.2,2690230211040,923.9560619417124,14.67534673728863,0,False,False
146,29.2,2690230211328,962.45316237494,15.738117148908364,0,False,False
146,29.2,2690230211232,966.8716480708224,11.852014562570211,1,False,False
146,29.2,2690230211424,999.9076124408701,14.256057507923627,1,False,False
146,29.2,2690230210272,1036.671876658892,15.520074952841915,1,False,False
146,29.2,2690230208208,1076.375425935667,16.099444474245537,1,False,False
146,29.2,2690230210704,1001.7522494302898,16.265589453885916,0,False,False
146,29.2,2690230210560,1117.2257056665842,16.362990266270593,1,False,False
146,29.2,2690230211280,1041.9182193326462,16.565314338577572,0,False,False
146,29.2,2690230211472,1083.0482289738738,16.70205403625215,0,False,False
146,29.2,2690230210128,1156.9917128200639,16.474644525573286,1,False,False
146,29.2,2690230208784,1126.3520928874157,16.780650056289982,0,False,False
146,29.2,2690230208352,1169.5580777379116,16.85406809291423,0,False,False
146,29.2,2690230210512,1213.6952051474925,17.01797927175432,0,False,False
146,29.2,2690230210080,1256.3506642340246,17.28848565213977,0,False,False
146,29.2,2690230211568,1297.9785196607847,17.606408038089004,0,False,False
146,29.2,2690230208256,1347.6052377972712,18.177339996403,0,False,False
146,29.2,2690230210464,1198.1408415071098,16.75329358476078,1,False,False
146,29.2,2690230210224,1403.7458446930793,19.0063966782391,0,False,False
146,29.2,2690230210320,1244.3216677856203,17.30150773082363,1,False,False
146,29.2,2690230210800,1291.472907936269,17.830772076055574,1,False,False
146,29.2,2690230208640,1336.3625027013716,18.187547151949374,1,False,False
146,29.2,2690230210896,1393.3924740713699,19.000155160458,1,False,False
146,29.2,2690230210656,1461.6702683505025,19.766446008752077,0,False,False
146,29.2,2690230209936,1458.094066676191,20.029198654004375,1,False,False
146,29.2,2690230209696,1520.4067905793472,20.729381254812004,1,False,False
146,29.2,2690230210608,1597.645990810169,21.77317550464648,1,False,False
146,29.2,2690230208400,1519.7984547863794,20.309740461097253,0,False,False
146,29.2,2690230210752,1584.956817441042,20.911675865956862,0,False,False
146,29.2,2690230208592,1698.811370292136,23.175010397841458,1,False,False
146,29.2,2690230209984,1661.0321936209727,21.476504231220897,0,False,False
147,29.4,2690230209216,353.98266768077843,9.592943837354911e-11,0,True,True
147,29.4,2690230209408,343.982455685711,4.414182423384222e-05,0,False,False
147,29.4,2690230209360,358.9826676807784,6.704203207412813e-11,0,False,True
147,29.4,2690230209072,628.3236845329232,11.680088676154384,0,False,False
147,29.4,2690230209840,600.8998780138533,11.476360604994719,1,False,False
147,29.4,2690230209792,700.5269900290975,5.621073512087843,0,False,False
147,29.4,2690230210992,656.259532849049,9.812101294468256,0,False,False
147,29.4,2690230211520,680.151343761293,7.886427223856594,0,False,False
147,29.4,2690230208688,628.2880461397581,9.427675252054177,1,False,False
147,29.4,2690230210416,651.4147855362148,7.846688907303021,1,False,False
147,29.4,2690230209600,717.1701858654204,3.683583447676449,0,False,False
147,29.4,2690230211088,672.2530273411212,7.689365290148808,1,False,False
147,29.4,2690230208304,731.2725479949643,2.855133122033416,0,False,False
147,29.4,2690230209744,745.1342053958574,3.326954047011363,0,False,False
147,29.4,2690230209120,693.9264041483681,8.69439559879974,1,False,False
147,29.4,2690230209552,760.9197765340183,4.747330752592162,0,False,False
147,29.4,2690230210848,718.4327024005026,10.324761433213055,1,False,False
147,29.4,2690230208448,746.8474167156959,12.07667317971671,1,False,False
147,29.4,2690230211376,778.5332030135384,13.308012024738865,1,False,False
147,29.4,2690230208736,812.2440245441102,13.52711602330507,1,False,False
147,29.4,2690230208880,845.3932626323416,12.296276802842662,1,False,False
147,29.4,2690230208976,779.9890933776588,6.6664632768748735,0,False,False
147,29.4,2690230211184,874.3317697611759,9.97172808612188,1,False,False
147,29.4,2690230209024,802.8631110380281,8.698705951202264,0,False,False
147,29.4,2690230210032,829.5176890523097,10.638229762230166,0,False,False
147,29.4,2690230208496,859.2095418788808,12.256495246684509,0,False,False
147,29.4,2690230208928,898.4921448900542,7.941542855429532,1,False,False
147,29.4,2690230208544,919.4515685867747,7.908162916042211,1,False,False
147,29.4,2690230208832,941.9602555576606,9.651175335477115,1,False,False
147,29.4,2690230211136,892.1281942600779,13.732483888421928,0,False,False
147,29.4,2690230211040,926.8973307649702,14.767455505848442,0,False,False
147,29.4,2690230211328,965.6046562131106,15.795463079906618,0,False,False
147,29.4,2690230211232,969.2562515463637,12.064097798662042,1,False,False
147,29.4,2690230211424,1002.7694326182317,14.413568014470258,1,False,False
147,29.4,2690230210272,1039.7812843935312,15.599780166792984,1,False,False
147,29.4,2690230208208,1079.5974695792365,16.131257473703904,1,False,False
147,29.4,2690230210704,1005.0074046962633,16.29573182532754,0,False,False
147,29.4,2690230210560,1120.49939897846,16.37928236108626,1,False,False
147,29.4,2690230211280,1045.232265549249,16.57984875083428,0,False,False
147,29.4,2690230211472,1086.3890852022391,16.708658458918922,0,False,False
147,29.4,2690230210128,1160.2878877669207,16.493293500202903,1,False,False
147,29.4,2690230208784,1129.7085013626897,16.78484320392881,0,False,False
147,29.4,2690230208352,1172.929373291126,16.861349047115272,0,False,False
147,29.4,2690230210512,1217.0997138777363,17.031711487621738,0,False,False
147,29.4,2690230210080,1259.8095819970729,17.306784623455016,0,False,False
147,29.4,2690230211568,1301.5010379839073,17.624926045679906,0,False,False
147,29.4,2690230208256,1351.2418879286029,18.195028570361718,0,False,False
147,29.4,2690230210464,1201.492915836012,16.774476438975604,1,False,False
147,29.4,2690230210224,1407.5481988416425,19.022474079161036,0,False,False
147,29.4,2690230210320,1247.7833484435348,17.322137799858513,1,False,False
147,29.4,2690230210800,1295.040291399567,17.849154752350138,1,False,False
147,29.4,2690230208640,1340.001078134029,18.20349196201288,1,False,False
147,29.4,2690230210896,1397.1933669362143,19.01304833369739,1,False,False
147,29.4,2690230210656,1465.624409169357,19.779184589980453,0,False,False
147,29.4,2690230209936,1462.1006247889804,20.039948317996657,1,False,False
147,29.4,2690230209696,1524.5532119998811,20.737538044517464,1,False,False
147,29.4,2690230210608,1602.0009354515955,21.777807198898284,1,False,False
147,29.4,2690230208400,1523.8610070589143,20.318778909687573,0,False,False
147,29.4,2690230210752,1589.1395008479474,20.91688405290699,0,False,False
147,29.4,2690230208592,1703.4463723717042,23.175010397841458,1,False,False
147,29.4,2690230209984,1665.3274944672166,21.476504231220897,0,False,False
148,29.6,2690230209216,353.9826676807936,7.799418633985742e-11,0,True,True
148,29.6,2690230209408,343.9824634222122,6.032586040084552e-05,0,False,False
148,29.6,2690230209360,358.9826676807936,5.450765511449113e-11,0,False,True
148,29.6,2690230209072,630.6489487407309,11.517570299548565,0,False,False
148,29.6,2690230209840,602.7863398006178,11.300367788506383,1,False,False
148,29.6,2690230209792,701.6341617255281,5.366601839520718,0,False,False
148,29.6,2690230210992,658.2089155487944,9.61473483128228,0,False,False
148,29.6,2690230211520,681.7117836606916,7.632678598836965,0,False,False
148,29.6,2690230208688,630.1615824571926,9.24914693546751,1,False,False
148,29.6,2690230210416,652.9795583743193,7.78096093819575,1,False,False
148,29.6,2690230209600,717.895969724952,3.522778818615887,0,False,False
148,29.6,2690230211088,673.7947230250023,7.748924420148616,1,False,False
148,29.6,2690230208304,731.8422383691936,2.838447277989718,0,False,False
148,29.6,2690230209744,745.8064677860909,3.4324171570037874,0,False,False
148,29.6,2690230209120,695.6745846708321,8.834960637466516,1,False,False
148,29.6,2690230209552,761.8812250741191,4.928361411053492,0,False,False
148,29.6,2690230210848,720.5086699283379,10.489798687602324,1,False,False
148,29.6,2690230208448,749.2720052397185,12.21420401663432,1,False,False
148,29.6,2690230211376,781.1989603133023,13.368199370417765,1,False,False
148,29.6,2690230208736,814.9456196567766,13.467054937904548,1,False,False
148,29.6,2690230208880,847.8400885313856,12.108247413420504,1,False,False
148,29.6,2690230208976,781.3365343435858,6.879080588571144,0,False,False
148,29.6,2690230211184,876.312281489845,9.76584048354736,1,False,False
148,29.6,2690230209024,804.6169427419684,8.909803260401144,0,False,False
148,29.6,2690230210032,831.6581963348457,10.830471197269128,0,False,False
148,29.6,2690230208496,861.6715571875078,12.416337828263899,0,False,False
148,29.6,2690230208928,900.0760791384133,7.879738684244649,1,False,False
148,29.6,2690230208544,921.0409610406,8.027199994394818,1,False,False
148,29.6,2690230208832,943.9046870224753,9.864709866266296,1,False,False
148,29.6,2690230211136,894.8831264224275,13.858005894277762,0,False,False
148,29.6,2690230211040,929.8567583689145,14.855644371617029,0,False,False
148,29.6,2690230211328,968.7674089039132,15.84968657871933,0,False,False
148,29.6,2690230211232,971.682986496532,12.271814324247988,1,False,False
148,29.6,2690230211424,1005.6622692177062,14.563797699728262,1,False,False
148,29.6,2690230210272,1042.9062820814681,15.674275441861917,1,False,False
148,29.6,2690230208208,1082.825726856599,16.160877424711423,1,False,False
148,29.6,2690230210704,1008.2684650817603,16.32404905151169,0,False,False
148,29.6,2690230210560,1123.7763111183663,16.39499755473364,1,False,False
148,29.6,2690230211280,1048.5491552093897,16.593447053850767,0,False,False
148,29.6,2690230211472,1089.7312399326668,16.7149352465812,0,False,False
148,29.6,2690230210128,1163.5877803416472,16.511763798963884,1,False,False
148,29.6,2690230208784,1133.0657535546363,16.78911536535313,0,False,False
148,29.6,2690230208352,1176.3021405615716,16.86886222225963,0,False,False
148,29.6,2690230210512,1220.5069805561297,17.045613672320112,0,False,False
148,29.6,2690230210080,1263.272156286474,17.325033246243283,0,False,False
148,29.6,2690230211568,1305.0272500866872,17.643296680009158,0,False,False
148,29.6,2690230208256,1354.8820628041256,18.21252320196624,0,False,False
148,29.6,2690230210464,1204.8492114630428,16.795431673870578,1,False,False
148,29.6,2690230210224,1411.3537551100412,19.038351998602085,0,False,False
148,29.6,2690230210320,1251.249138250483,17.342516291060495,1,False,False
148,29.6,2690230210800,1298.6113356002152,17.86730183202095,1,False,False
148,29.6,2690230208640,1343.6428290494046,18.21923562766551,1,False,False
148,29.6,2690230210896,1400.9968281974814,19.02578861475678,1,False,False
148,29.6,2690230210656,1469.581087065787,19.791764352285934,0,False,False
148,29.6,2690230209936,1466.1093250533115,20.050581722254677,1,False,False
148,29.6,2690230209696,1528.7012585842392,20.745602304615574,1,False,False
148,29.6,2690230210608,1606.3568030246163,21.782387983639598,1,False,False
148,29.6,2690230208400,1527.9253597824143,20.327709231099455,0,False,False
148,29.6,2690230210752,1593.3232213213357,20.922023971027546,0,False,False
148,29.6,2690230208592,1708.0813744512725,23.175010397841458,1,False,False
148,29.6,2690230209984,1669.6227953134605,21.476504231220897,0,False,False
149,29.8,2690230209216,353.982667680806,6.341216216787223e-11,0,True,True
149,29.8,2690230209408,343.9824734750218,7.279851765357965e-05,0,False,False
149,29.8,2690230209360,358.982667680806,4.4316742410122566e-11,0,False,True
149,29.8,2690230209072,632.9413387090879,11.349423107669832,0,False,False
149,29.8,2690230209840,604.8802342285533,11.106883584612739,0,False,False
149,29.8,2690230209792,702.6908142619498,5.118033663094624,0,False,False
149,29.8,2690230210992,660.1182852330544,9.409291272435086,0,False,False
149,29.8,2690230211520,683.2211709064574,7.374590992554472,0,False,False
149,29.8,2690230208688,631.9998661981876,9.077618821952948,1,False,False
149,29.8,2690230210416,654.5320104540964,7.72761359325598,1,False,False
149,29.8,2690230209600,718.5905584328677,3.3765683722136783,0,False,False
149,29.8,2690230211088,675.3489883485561,7.818252291655289,1,False,False
149,29.8,2690230208304,732.4095930545213,2.836710306025123,0,False,False
149,29.8,2690230209744,746.5005297269753,3.5483655887574037,0,False,False
149,29.8,2690230209120,697.4511812833509,8.979950548270708,1,False,False
149,29.8,2690230209552,762.8792595746926,5.114986624951137,0,False,False
149,29.8,2690230210848,722.617578461978,10.65373145002918,1,False,False
149,29.8,2690230208448,751.7237096676101,12.345797528145797,1,False,False
149,29.8,2690230211376,783.8761095617416,13.418648458439526,1,False,False
149,29.8,2690230208736,817.6344122959975,13.395163047046319,1,False,False
149,29.8,2690230208880,850.2488525368699,11.913624605697272,1,False,False
149,29.8,2690230208976,782.7266096901452,7.093279533925987,0,False,False
149,29.8,2690230211184,878.2521264749499,9.567905005442645,1,False,False
149,29.8,2690230209024,806.4129106511205,9.119590520913412,0,False,False
149,29.8,2690230210032,833.8369446937834,11.019561235839628,0,False,False
149,29.8,2690230208496,864.1652691197828,12.57208479392267,0,False,False
149,29.8,2690230208928,901.6487940118534,7.835029663296908,1,False,False
149,29.8,2690230208544,922.6549371713687,8.1576953956325,1,False,False
149,29.8,2690230208832,945.8919884639287,10.080529734854323,1,False,False
149,29.8,2690230211136,897.6628609554691,13.979005335527148,0,False,False
149,29.8,2690230211040,932.83356826245,14.940026605774738,0,False,False
149,29.8,2690230211328,971.9408056842337,15.900932891761965,0,False,False
149,29.8,2690230211232,974.1509536291638,12.474784344623744,1,False,False
149,29.8,2690230211424,1008.5846680331881,14.706783584172717,1,False,False
149,29.8,2690230210272,1046.0458446708562,15.74381490007189,1,False,False
149,29.8,2690230208208,1086.0597713792365,16.18848511893758,1,False,False
149,29.8,2690230210704,1011.5350730075293,16.35065164838419,0,False,False
149,29.8,2690230210560,1127.0563316650814,16.410208699197632,1,False,False
149,29.8,2690230211280,1051.8687056579981,16.60617685304965,0,False,False
149,29.8,2690230211472,1093.0746300241644,16.7209196613946,0,False,False
149,29.8,2690230210128,1166.891355919503,16.53007162593558,1,False,False
149,29.8,2690230208784,1136.4238660553497,16.793478112868264,0,False,False
149,29.8,2690230208352,1179.6764257817088,16.876604333984478,0,False,False
149,29.8,2690230210512,1223.9170383995572,17.059674231817567,0,False,False
149,29.8,2690230210080,1266.7383766407338,17.343225729001293,0,False,False
149,29.8,2690230211568,1308.5571264833377,17.66151980322977,0,False,False
149,29.8,2690230208256,1358.5257238201195,18.22982665934275,0,False,False
149,29.8,2690230210464,1208.209683296648,16.816165667201577,1,False,False
149,29.8,2690230210224,1415.1624738769187,19.054034534603616,0,False,False
149,29.8,2690230210320,1254.71898730379,17.36264933584432,1,False,False
149,29.8,2690230210800,1302.1859938251798,17.88521934659226,1,False,False
149,29.8,2690230208640,1347.2877155287176,18.234782760160023,1,False,False
149,29.8,2690230210896,1404.8028274792994,19.038379020796036,1,False,False
149,29.8,2690230210656,1473.5402705022186,19.804188663567544,0,False,False
149,29.8,2690230209936,1470.1201443539787,20.06110090607378,1,False,False
149,29.8,2690230209696,1532.8509119403068,20.753575732244464,1,False,False
149,29.8,2690230210608,1610.713583406726,21.786918745021378,1,False,False
149,29.8,2690230208400,1531.9914914666324,20.336533440721347,0,False,False
149,29.8,2690230210752,1597.5079652952127,20.9270969290239,0,False,False
149,29.8,2690230208592,1712.7163765308408,23.175010397841458,1,False,False
149,29.8,2690230209984,1673.9180961597044,21.476504231220897,0,False,False
150,30.0,2690230209216,353.98266768081606,5.155643644107894e-11,0,True,True
150,30.0,2690230209408,343.98248528803833,8.194924765961155e-05,0,False,False
150,30.0,2690230209360,358.98266768081606,3.603115294025965e-11,0,False,True
150,30.0,2690230209072,635.1997078670673,11.175338916965904,0,False,False
150,30.0,2690230209840,607.0309315675752,11.109368680503911,0,False,False
150,30.0,2690230209792,703.6982103492475,4.876589429709994,0,False,False
150,30.0,2690230210992,661.9860336897538,9.195898021021396,0,False,False
150,30.0,2690230211520,684.6787007433421,7.1131281762884635,0,False,False
150,30.0,2690230208688,633.8043572917732,8.9139735486279,1,False,False
150,30.0,2690230210416,656.074619035358,7.686648625485242,1,False,False
150,30.0,2690230209600,719.2569011159845,3.2453827862060423,0,False,False
150,30.0,2690230211088,676.9177471257416,7.89689532580712,1,False,False
150,30.0,2690230208304,732.9775789314309,2.8495684382277564,0,False,False
150,30.0,2690230209744,747.2184527409806,3.6742668221686263,0,False,False
150,30.0,2690230209120,699.2570425731872,9.128819849597425,1,False,False
150,30.0,2690230209552,763.9149682650204,5.3067483228618215,0,False,False
150,30.0,2690230210848,724.7591749823541,10.816080639825648,1,False,False
150,30.0,2690230208448,754.2013178246509,12.471086694276405,1,False,False
150,30.0,2690230211376,786.56268680706,13.459118879591419,1,False,False
150,30.0,2690230208736,820.3080443750858,13.311575705346845,1,False,False
150,30.0,2690230208880,852.6183114334003,11.713556932601541,1,False,False
150,30.0,2690230208976,784.1596112414792,7.308694246834922,0,False,False
150,30.0,2690230211184,880.152980697671,9.379185266088905,1,False,False
150,30.0,2690230209024,808.250734560609,9.327796809736746,0,False,False
150,30.0,2690230210032,836.0532911080965,11.205311547617125,0,False,False
150,30.0,2690230208496,866.6898536625043,12.723666123316596,0,False,False
150,30.0,2690230208928,903.2136984832944,7.8072410497885745,1,False,False
150,30.0,2690230208544,924.295732894775,8.298812286368612,1,False,False
150,30.0,2690230208832,947.9225691922285,10.29792413900753,1,False,False
150,30.0,2690230211136,900.4664959619,14.095524369045364,0,False,False
150,30.0,2690230211040,935.8270068695698,15.020719180400791,0,False,False
150,30.0,2690230211328,975.1242606501405,15.94934430921083,0,False,False
150,30.0,2690230211232,976.6591805353265,12.672670745109574,1,False,False
150,30.0,2690230211424,1011.5351845097168,14.842595814277775,1,False,False
150,30.0,2690230210272,1049.1989979261289,15.808652155960687,1,False,False
150,30.0,2690230208208,1089.299212164821,16.214250136434796,1,False,False
150,30.0,2690230210704,1014.8068926303625,16.37564465204582,0,False,False
150,30.0,2690230210560,1130.339364316593,16.424981982915657,1,False,False
150,30.0,2690230211280,1055.1907474959385,16.618101821048434,0,False,False
150,30.0,2690230211472,1096.4191992323606,16.726644658925032,0,False,False
150,30.0,2690230210128,1170.1985829844352,16.548231245661125,1,False,False
150,30.0,2690230208784,1139.7828576924699,16.797941851725138,0,False,False
150,30.0,2690230208352,1183.0522744955044,16.884571634394426,0,False,False
150,30.0,2690230210512,1227.3299183241506,17.073881846302776,0,False,False
150,30.0,2690230210080,1270.20823146539,17.36135665702833,0,False,False
150,30.0,2690230211568,1312.0906376690882,17.679595404315595,0,False,False
150,30.0,2690230208256,1362.1728329254827,18.24694169474589,0,False,False
150,30.0,2690230210464,1211.5742874895975,16.83668433816743,1,False,False
150,30.0,2690230210224,1418.9743163327776,19.069525669760885,0,False,False
150,30.0,2690230210320,1258.1928469087893,17.382542795219425,1,False,False
150,30.0,2690230210800,1305.764220549193,17.90291305321158,1,False,False
150,30.0,2690230208640,1350.9356985635445,18.250137794567856,1,False,False
150,30.0,2690230210896,1408.6113350029223,19.050822475387246,1,False,False
150,30.0,2690230210656,1477.501928607178,19.81646078068891,0,False,False
150,30.0,2690230209936,1474.1330599801256,20.0715078565479,1,False,False
150,30.0,2690230209696,1537.0021540124371,20.761459980497474,1,False,False
150,30.0,2690230210608,1615.0712666512218,21.7914003479328,1,False,False
150,30.0,2690230208400,1536.0593810207067,20.345253499021776,0,False,False
150,30.0,2690230210752,1601.6937194629868,20.932104200794008,0,False,False
150,30.0,2690230208592,1717.351378610409,23.175010397841458,1,False,False
150,30.0,2690230209984,1678.2133970059483,21.476504231220897,0,False,False
151,30.2,2690230209216,353.98266768082425,4.191729232424314e-11,0,True,True
151,30.2,2690230209408,343.9824983654217,8.816196748889835e-05,0,False,False
151,30.2,2690230209360,358.98266768082425,2.929466182757703e-11,0,False,True
151,30.2,2690230209072,637.4228493173969,10.995030784523447,0,False,False
151,30.2,2690230209840,609.2188670301272,11.11942976145906,0,False,False
151,30.2,2690230209792,704.6578536237319,4.643439247864188,0,False,False
151,30.2,2690230210992,663.8105840782434,8.97477199352982,0,False,False
151,30.2,2690230211520,686.0837664221486,6.8493302717320885,0,False,False
151,30.2,2690230208688,635.5766873827793,8.759020382892505,1,False,False
151,30.2,2690230210416,657.6098572338552,7.658001424508158,1,False,False
151,30.2,2690230209600,719.8980259734735,3.1295473420855595,0,False,False
151,30.2,2690230211088,678.5028311481925,7.984381080149358,1,False,False
151,30.2,2690230208304,733.5490891578629,2.876625019074571,0,False,False
151,30.2,2690230209744,747.9621920699396,3.8095921529177246,0,False,False
151,30.2,2690230209120,701.092908152236,9.281025148232022,1,False,False
151,30.2,2690230209552,764.9893484003296,5.5031979563469875,0,False,False
151,30.2,2690230210848,726.9331114871908,10.976379835215036,1,False,False
151,30.2,2690230208448,756.7035452185269,12.589720774564586,1,False,False
151,30.2,2690230211376,789.2566812729451,13.489389453052647,1,False,False
151,30.2,2690230208736,822.964189251912,13.216495079138815,1,False,False
151,30.2,2690230208880,854.9474564694666,11.5092616898752,1,False,False
151,30.2,2690230208976,785.635758149781,7.524966378602581,0,False,False
151,30.2,2690230211184,882.0167666990745,9.200849621291963,1,False,False
151,30.2,2690230209024,810.1300806925351,9.534160504021449,0,False,False
151,30.2,2690230210032,838.3065557440457,11.38754677491356,0,False,False
151,30.2,2690230208496,869.2444737956461,12.871026727577373,0,False,False
151,30.2,2690230208928,904.7741596053402,7.796095871062725,1,False,False
151,30.2,2690230208544,925.9654166617134,8.449713305489464,1,False,False
151,30.2,2690230208832,949.9966980448934,10.516207839253285,1,False,False
151,30.2,2690230211136,903.293138833866,14.207617795404502,0,False,False
151,30.2,2690230211040,938.8363442071118,15.097841846055633,0,False,False
151,30.2,2690230211328,978.3172161356672,15.995059732583332,0,False,False
151,30.2,2690230211232,979.2066302336783,12.86517914487069,1,False,False
151,30.2,2690230211424,1014.5123901911467,14.971334959203594,1,False,False
151,30.2,2690230210272,1052.3648182147078,15.869038686092853,1,False,False
151,30.2,2690230208208,1092.5436914170461,16.238331189155762,1,False,False
151,30.2,2690230210704,1018.0836087557611,16.39912775320073,0,False,False
151,30.2,2690230210560,1133.6253255883146,16.439377390359343,1,False,False
151,30.2,2690230211280,1058.5151238066974,16.629281895351927,0,False,False
151,30.2,2690230211472,1099.7648977572123,16.73214102182825,0,False,False
151,30.2,2690230210128,1173.5094327536124,16.566255166496674,1,False,False
151,30.2,2690230208784,1143.142749300687,16.80251589282381,0,False,False
151,30.2,2690230208352,1186.429731468907,16.892759959165367,0,False,False
151,30.2,2690230210512,1230.7456490011095,17.08822548427223,0,False,False
151,30.2,2690230210080,1273.6817081074144,17.379420978018327,0,False,False
151,30.2,2690230211568,1315.6277541449651,17.697523590377575,0,False,False
151,30.2,2690230208256,1365.823352618337,18.263871041354623,0,False,False
151,30.2,2690230210464,1214.9429813501522,16.8569931897009,1,False,False
151,30.2,2690230210224,1422.7892444571262,19.08482927475758,0,False,False
151,30.2,2690230210320,1261.6706695258376,17.4022022759929,1,False,False
151,30.2,2690230210800,1309.345971380973,17.920388450884797,1,False,False
151,30.2,2690230208640,1354.5867400212392,18.265304999505485,1,False,False
151,30.2,2690230210896,1412.422321568308,19.063121812881462,1,False,False
151,30.2,2690230210656,1481.466031153425,19.82858385451943,0,False,False
151,30.2,2690230209936,1478.148049614936,20.081804510501655,1,False,False
151,30.2,2690230209696,1541.1549670727452,20.769256659935152,1,False,False
151,30.2,2690230210608,1619.4298429829955,21.795833636653768,1,False,False
151,30.2,2690230208400,1540.129007742316,20.35387131364035,0,False,False
151,30.2,2690230210752,1605.8804707705883,20.937047026633326,0,False,False
151,30.2,2690230208592,1721.9863806899773,23.175010397841458,1,False,False
151,30.2,2690230209984,1682.5086978521922,21.476504231220897,0,False,False
152,30.4,2690230209216,353.9826676808309,3.408031115191798e-11,0,True,True
152,30.4,2690230209408,343.98251227041936,9.180922842080697e-05,0,False,False
152,30.4,2690230209360,358.9826676808309,2.381764505329522e-11,0,False,True
152,30.4,2690230209072,639.6095005685919,10.808240363900797,0,False,False
152,30.4,2690230209840,611.4259630543735,11.128304145253335,0,False,False
152,30.4,2690230209792,705.5714777408933,4.419690620576102,0,False,False
152,30.4,2690230210992,665.5904091517648,8.746224097296203,0,False,False
152,30.4,2690230211520,687.4359737127039,6.5843020603089855,0,False,False
152,30.4,2690230208688,637.3186448220266,8.613490458434242,1,False,False
152,30.4,2690230210416,659.1401810701407,7.641545888553992,1,False,False
152,30.4,2690230209600,720.5170193888973,3.029285095352571,0,False,False
152,30.4,2690230211088,680.1059766271923,8.080221400778843,1,False,False
152,30.4,2690230208304,734.1269350788041,2.9174477233481393,0,False,False
152,30.4,2690230209744,748.7335975685716,3.953818540906406,0,False,False
152,30.4,2690230209120,702.9594091554868,9.436026334820742,1,False,False
152,30.4,2690230209552,766.1033081413914,5.703896116277723,0,False,False
152,30.4,2690230210848,729.1389475707945,11.134175975115735,1,False,False
152,30.4,2690230208448,759.2290382887104,12.701365192692371,1,False,False
152,30.4,2690230211376,791.9560393226991,13.509260099437975,1,False,False
152,30.4,2690230208736,825.6005654460289,13.110195368154216,1,False,False
152,30.4,2690230208880,857.2355263074953,11.302012575454636,1,False,False
152,30.4,2690230208976,787.1551984000442,7.741745138244902,0,False,False
152,30.4,2690230211184,883.8456337257986,9.033959636784637,1,False,False
152,30.4,2690230209024,812.0505635946829,9.738429869234746,0,False,False
152,30.4,2690230210032,840.5960246000897,11.566105271676882,0,False,False
152,30.4,2690230208496,871.8282824682303,13.01412626606579,0,False,False
152,30.4,2690230208928,906.3334827733645,7.801225606976341,1,False,False
152,30.4,2690230208544,927.6658896225697,8.609564456379138,1,False,False
152,30.4,2690230208832,952.1145085740559,10.734722290187738,1,False,False
152,30.4,2690230211136,906.141908712517,14.315352010499561,0,False,False
152,30.4,2690230211040,941.8608743822856,15.171516273989749,0,False,False
152,30.4,2690230211328,981.5191420101477,16.03821431664232,0,False,False
152,30.4,2690230211232,981.7922097038485,13.052057621603732,1,False,False
152,30.4,2690230211424,1017.5148786160817,15.09312915384628,1,False,False
152,30.4,2690230210272,1055.5424319814397,15.92522240455118,1,False,False
152,30.4,2690230208208,1095.7928823772797,16.26087650846533,1,False,False
152,30.4,2690230210704,1021.3649257788819,16.421195451452206,0,False,False
152,30.4,2690230210560,1136.9141436019017,16.453449141610992,1,False,False
152,30.4,2690230211280,1061.841689422282,16.639773470905332,0,False,False
152,30.4,2690230211472,1103.11168181694,16.737437485936116,0,False,False
152,30.4,2690230210128,1176.8238788376634,16.584154309687758,1,False,False
152,30.4,2690230208784,1146.5035635074885,16.807208521056108,0,False,False
152,30.4,2690230208352,1189.8088406095612,16.90116477197493,0,False,False
152,30.4,2690230210512,1234.1642569151786,17.102694414266974,0,False,False
152,30.4,2690230210080,1277.158792926729,17.397413987642437,0,False,False
152,30.4,2690230211568,1319.16844644086,17.71530457838877,0,False,False
152,30.4,2690230208256,1369.4772459420187,18.280617410432882,0,False,False
152,30.4,2690230210464,1218.3157232614292,16.877097346916933,1,False,False
152,30.4,2690230210224,1426.6072209963302,19.09994911183827,0,False,False
152,30.4,2690230210320,1265.1524087204973,17.421633145885384,1,False,False
152,30.4,2690230210800,1312.9312030126287,17.937650795732278,1,False,False
152,30.4,2690230208640,1358.2408026122575,18.280288486207752,1,False,False
152,30.4,2690230210896,1416.2357585365505,19.07527978249782,1,False,False
152,30.4,2690230210656,1485.4325485370769,19.84056093469937,0,False,False
152,30.4,2690230209936,1482.1650913257029,20.09199275631958,1,False,False
152,30.4,2690230209696,1545.3093337126975,20.776967340031366,1,False,False
152,30.4,2690230210608,1623.7893027944542,21.80021943548303,1,False,False
152,30.4,2690230208400,1544.2003513072495,20.36238874137269,0,False,False
152,30.4,2690230210752,1610.0682064098266,20.94192661438819,0,False,False
152,30.4,2690230208592,1726.6213827695456,23.175010397841458,1,False,False
152,30.4,2690230209984,1686.803998698436,21.476504231220897,0,False,False
153,30.6,2690230209216,353.98266768083636,2.7708555200255686e-11,0,True,True
153,30.6,2690230209408,343.9825266233469,9.324753991509834e-05,0,False,False
153,30.6,2690230209360,358.9826676808363,1.936462756333099e-11,0,False,True
153,30.6,2690230209072,641.7583497647856,10.61474563099943,0,False,False
153,30.6,2690230209840,613.6429201068117,11.129334123910267,0,False,False
153,30.6,2690230209792,706.4410331122821,4.2063776611517705,0,False,False
153,30.6,2690230210992,667.3240502754473,8.510662160681443,0,False,False
153,30.6,2690230211520,688.7351529843761,6.319199950677419,0,False,False
153,30.6,2690230208688,639.032158786143,8.478033248690052,1,False,False
153,30.6,2690230210416,660.6680175054133,7.637099460700824,1,False,False
153,30.6,2690230209600,721.1170057634396,2.9447213141061757,0,False,False
153,30.6,2690230211088,681.728821245754,8.183915271831589,1,False,False
153,30.6,2690230208304,734.7138395509554,2.9715753252833665,0,False,False
153,30.6,2690230209744,749.5344149365292,4.106430002831788,0,False,False
153,30.6,2690230209120,704.8570689740341,9.593287715039278,1,False,False
153,30.6,2690230209552,767.2576683553236,5.908412124648648,0,False,False
153,30.6,2690230210848,731.3761531385151,11.28902997347452,1,False,False
153,30.6,2690230208448,761.7763776280154,12.805701356282418,1,False,False
153,30.6,2690230211376,794.6586688272974,13.518554158212183,1,False,False
153,30.6,2690230208736,828.2149513659737,12.99302746471275,1,False,False
153,30.6,2690230208880,859.4820174026078,11.09312587293114,1,False,False
153,30.6,2690230208976,788.718010329271,7.958687428771861,0,False,False
153,30.6,2690230211184,885.6419357244998,8.879460911492405,1,False,False
153,30.6,2690230209024,814.0117481590182,9.940363676695146,0,False,False
153,30.6,2690230210032,842.9209522942657,11.740839758996572,0,False,False
153,30.6,2690230208496,874.4404255295817,13.152938844937513,0,False,False
153,30.6,2690230208928,907.8948941339054,7.822180945273493,1,False,False
153,30.6,2690230208544,929.3988865253173,8.777538353130184,1,False,False
153,30.6,2690230208832,954.276004463011,10.952836815674994,1,False,False
153,30.6,2690230211136,909.0119387350325,14.418803918255666,0,False,False
153,30.6,2690230211040,944.8999159231098,15.2418652658344,0,False,False
153,30.6,2690230211328,984.7295349085978,16.07893918001366,0,False,False
153,30.6,2690230211232,984.414778342309,13.233096098832172,1,False,False
153,30.6,2690230211424,1020.541270635079,15.208131144083467,1,False,False
153,30.6,2690230210272,1058.731014951478,15.977446436615903,1,False,False
153,30.6,2690230208208,1099.0464872560333,16.282024264916142,1,False,False
153,30.6,2690230210704,1024.6505666574342,16.44193722502794,0,False,False
153,30.6,2690230210560,1140.2057569606077,16.46724611121254,1,False,False
153,30.6,2690230211280,1065.1703102272415,16.649629586739856,0,False,False
153,30.6,2690230211472,1106.459513246689,16.742560859074963,0,False,False
153,30.6,2690230210128,1180.1418969338263,16.601938165040963,1,False,False
153,30.6,2690230208784,1149.8653245323028,16.81202705961706,0,False,False
153,30.6,2690230208352,1193.189644895237,16.90978120636977,0,False,False
153,30.6,2690230210512,1237.5857664253244,17.117278214432496,0,False,False
153,30.6,2690230210080,1280.639471364843,17.41533131518836,0,False,False
153,30.6,2690230211568,1322.7126851369721,17.732938687310646,0,False,False
153,30.6,2690230208256,1373.1344764805233,18.297183488825237,0,False,False
153,30.6,2690230210464,1221.6924726082166,16.89700159204529,1,False,False
153,30.6,2690230210224,1430.4282094421512,19.114888838212234,0,False,False
153,30.6,2690230210320,1268.6380191166745,17.440840547637446,1,False,False
153,30.6,2690230210800,1316.5198731720495,17.954705115316873,1,False,False
153,30.6,2690230208640,1361.8978498592533,18.295092216995123,1,False,False
153,30.6,2690230210896,1420.0516178131127,19.087299052156155,1,False,False
153,30.6,2690230210656,1489.4014517576652,19.852394974145135,0,False,False
153,30.6,2690230209936,1486.1841635542569,20.102074435679867,1,False,False
153,30.6,2690230209696,1549.465236834989,20.78459355055708,1,False,False
153,30.6,2690230210608,1628.1496366415633,21.804558549342914,1,False,False
153,30.6,2690230208400,1548.2733917593644,20.37080759005594,0,False,False
153,30.6,2690230210752,1614.2569138119745,20.946744140560252,0,False,False
153,30.6,2690230208592,1731.2563848491138,23.175010397841458,1,False,False
153,30.6,2690230209984,1691.09929954468,21.476504231220897,0,False,False
154,30.8,2690230209216,353.9826676808407,2.2528081620593068e-11,0,True,True
154,30.8,2690230209408,343.98254109889825,9.281374159069579e-05,0,False,False
154,30.8,2690230209360,358.9826676808407,1.5744159417416364e-11,0,False,True
154,30.8,2690230209072,643.868043478328,10.41436883921528,0,False,False
154,30.8,2690230209840,615.8636853690074,11.118637514687407,0,False,False
154,30.8,2690230209792,707.2686715915468,4.004451922477367,0,False,False
154,30.8,2690230210992,669.0101369167905,8.268592122136782,0,False,False
154,30.8,2690230211520,689.9813686083804,6.0552179511283235,0,False,False
154,30.8,2690230208688,640.7192827742457,8.353214267235439,1,False,False
154,30.8,2690230210416,662.1957534900326,7.644428224303621,1,False,False
154,30.8,2690230209600,721.7011283120064,2.875889002170134,0,False,False
154,30.8,2690230211088,683.3729017610574,8.29495137543907,1,False,False
154,30.8,2690230208304,735.3124315868396,3.038523936357399,0,False,False
154,30.8,2690230209744,750.3662872013099,4.26691860186671,0,False,False
154,30.8,2690230209120,706.7863042108731,9.752279092124132,1,False,False
154,30.8,2690230209552,768.4531643345543,6.116323629011108,0,False,False
154,30.8,2690230210848,733.6441112377556,11.440517236898895,1,False,False
154,30.8,2690230208448,764.3440811653991,12.902426443699602,1,False,False
154,30.8,2690230211376,797.3624440273534,13.517121162640123,1,False,False
154,30.8,2690230208736,830.8052009191478,12.865422823586721,1,False,False
154,30.8,2690230208880,861.6866915373898,10.883945507540513,1,False,False
154,30.8,2690230208976,790.3242041792892,8.175458078212971,0,False,False
154,30.8,2690230211184,887.4082076629983,8.738176340822843,1,False,False
154,30.8,2690230209024,816.0131517649282,10.139731836401443,0,False,False
154,30.8,2690230210032,845.2805649763171,11.911617882214502,0,False,False
154,30.8,2690230208496,877.080044592774,13.287452604748255,0,False,False
154,30.8,2690230208928,909.46152513582,7.858442361445746,1,False,False
154,30.8,2690230208544,931.1659772253003,8.952816926907163,1,False,False
154,30.8,2690230208832,956.4810651803555,11.169949819439363,1,False,False
154,30.8,2690230211136,911.9023780624902,14.518059821586531,0,False,False
154,30.8,2690230211040,947.9528119553711,15.309012032257991,0,False,False
154,30.8,2690230211328,987.9479174085017,16.117361178735948,0,False,False
154,30.8,2690230211232,987.0731562732329,13.408125397633981,1,False,False
154,30.8,2690230211424,1023.5902191332149,15.316515288472601,1,False,False
154,30.8,2690230210272,1061.929791100602,16.025948080445847,1,False,False
154,30.8,2690230208208,1102.3042352500024,16.301903010218453,1,False,False
154,30.8,2690230210704,1027.9402719193442,16.461437712039352,0,False,False
154,30.8,2690230210560,1143.500113707006,16.480812225917212,1,False,False
154,30.8,2690230211280,1068.5008624995962,16.658900106129025,0,False,False
154,30.8,2690230211472,1109.808359120487,16.747536132953677,0,False,False
154,30.8,2690230210128,1183.4634645493807,16.61961493403493,1,False,False
154,30.8,2690230208784,1153.2280579982516,16.81697793058647,0,False,False
154,30.8,2690230208352,1196.572186310466,16.918604105173472,0,False,False
154,30.8,2690230210512,1241.0101998271891,17.131966780068176,0,False,False
154,30.8,2690230210080,1284.1237280106252,17.433168909315317,0,False,False
154,30.8,2690230211568,1326.2604408837024,17.750426330611617,0,False,False
154,30.8,2690230208256,1376.7950083534715,18.31357193675963,0,False,False
154,30.8,2690230210464,1225.0731897105572,16.916710396149632,1,False,False
154,30.8,2690230210224,1434.2521740109642,19.129652009383346,0,False,False
154,30.8,2690230210320,1272.1274563525144,17.45982941217797,1,False,False
154,30.8,2690230210800,1320.1119405781048,17.97155622209332,1,False,False
154,30.8,2690230208640,1365.55784606783,18.309720013178584,1,False,False
154,30.8,2690230210896,1423.86987183181,19.09918221207254,1,False,False
154,30.8,2690230210656,1493.3727123990793,19.864088833310152,0,False,False
154,30.8,2690230209936,1490.2052451077366,20.11205134519918,1,False,False
154,30.8,2690230209696,1553.6226596456906,20.7921367829051,1,False,False
154,30.8,2690230210608,1632.510835240012,21.808851764361794,1,False,False
154,30.8,2690230208400,1552.3481095009147,20.3791296203611,0,False,False
154,30.8,2690230210752,1618.4465806415708,20.951500751364424,0,False,False
154,30.8,2690230208592,1735.891386928682,23.175010397841458,1,False,False
154,30.8,2690230209984,1695.3946003909239,21.476504231220897,0,False,False
155,31.0,2690230209216,353.9826676808442,1.831616473093552e-11,0,True,True
155,31.0,2690230209408,343.9825554229408,9.082231520340615e-05,0,False,False
155,31.0,2690230209360,358.9826676808442,1.2800584723374963e-11,0,False,True
155,31.0,2690230209072,645.9371961000686,10.206984533313824,0,False,False
155,31.0,2690230209840,618.0836358769054,11.094097534608226,0,False,False
155,31.0,2690230209792,708.0567294384881,3.8147749217903284,0,False,False
155,31.0,2690230210992,670.6474062500686,8.020617335799916,0,False,False
155,31.0,2690230211520,691.1749255074031,5.793573018688909,0,False,False
155,31.0,2690230208688,642.3821777246624,8.239513955957621,1,False,False
155,31.0,2690230210416,663.7257260301328,7.663251964345708,1,False,False
155,31.0,2690230209600,722.2725310260231,2.822735307776108,0,False,False
155,31.0,2690230211088,685.0396521004985,8.412810380608471,1,False,False
155,31.0,2690230208304,735.9252422078904,3.117792654443414,0,False,False
155,31.0,2690230209744,751.2307563750103,4.434785087739762,0,False,False
155,31.0,2690230209120,708.747425850608,9.912476812700234,1,False,False
155,31.0,2690230209552,769.6904474360963,6.327216223129747,0,False,False
155,31.0,2690230210848,735.9421209856462,11.588228077854312,1,False,False
155,31.0,2690230208448,766.9306073058217,12.991253195182466,1,False,False
155,31.0,2690230211376,800.0652109805332,13.50484006886729,1,False,False
155,31.0,2690230208736,833.3692598313924,12.727896319151162,1,False,False
155,31.0,2690230208880,863.8495803126597,10.675827363835127,1,False,False
155,31.0,2690230208976,791.9737237019224,8.391730161812024,0,False,False
155,31.0,2690230211184,889.1471406674062,8.61080182129877,1,False,False
155,31.0,2690230209024,818.0542465492933,10.336316030591956,0,False,False
155,31.0,2690230210032,847.6740633440071,12.078322656960705,0,False,False
155,31.0,2690230208496,879.7462798086581,13.417669206135638,0,False,False
155,31.0,2690230208928,911.0363991746459,7.9094303158742525,1,False,False
155,31.0,2690230208544,932.9685687057212,9.134593696399794,1,False,False
155,31.0,2690230208832,958.7294518777811,11.385490014045304,1,False,False
155,31.0,2690230211136,914.8123936853244,14.613214307758128,0,False,False
155,31.0,2690230211040,951.0189302399352,15.373079540856043,0,False,False
155,31.0,2690230211328,991.1738371652023,16.153602736922323,0,False,False
155,31.0,2690230211232,989.7661324478594,13.577015964378408,1,False,False
155,31.0,2690230211424,1026.6604131527627,15.418474567401468,1,False,False
155,31.0,2690230210272,1065.1380314297933,16.070957944805954,1,False,False
155,31.0,2690230208208,1105.5658806485271,16.320632132858908,1,False,False
155,31.0,2690230210704,1031.2337987072603,16.47977689987059,0,False,False
155,31.0,2690230210560,1146.79717035885,16.494186841262632,1,False,False
155,31.0,2690230211280,1071.8332322873391,16.667631889834674,0,False,False
155,31.0,2690230211472,1113.1581913951366,16.75238658846536,0,False,False
155,31.0,2690230210128,1186.7885607529086,16.63719166118617,1,False,False
155,31.0,2690230208784,1156.5917907557857,16.82206671205592,0,False,False
155,31.0,2690230208352,1199.9565057909006,16.927628057533397,0,False,False
155,31.0,2690230210512,1244.4375774169264,17.146750329325783,0,False,False
155,31.0,2690230210080,1287.6115466632355,17.450923023976355,0,False,False
155,31.0,2690230211568,1329.8116844200736,17.76776800916811,0,False,False
155,31.0,2690230208256,1380.4588062106538,18.329785385931213,0,False,False
155,31.0,2690230210464,1228.4578357634743,16.93622794791151,1,False,False
155,31.0,2690230210224,1438.079079623633,19.144242082401796,0,False,False
155,31.0,2690230210320,1275.6206770388708,17.478604470920786,1,False,False
155,31.0,2690230210800,1323.7073648984738,17.98820872602675,1,False,False
155,31.0,2690230208640,1369.2207562988401,18.324175562442722,1,False,False
155,31.0,2690230210896,1427.6904935394969,19.11093177813555,1,False,False
155,31.0,2690230210656,1497.346302611346,19.875645284215754,0,False,False
155,31.0,2690230209936,1494.2283151496817,20.12192523799469,1,False,False
155,31.0,2690230209696,1557.7815856466598,20.799598491358797,1,False,False
155,31.0,2690230210608,1636.872889461491,21.81309984843517,1,False,False
155,31.0,2690230208400,1556.4244852832335,20.387356547497834,0,False,False
155,31.0,2690230210752,1622.637194790431,20.95619756374264,0,False,False
155,31.0,2690230208592,1740.5263890082504,23.175010397841458,1,False,False
155,31.0,2690230209984,1699.6899012371678,21.476504231220897,0,False,False
156,31.2,2690230209216,353.9826676808471,1.4891720302722094e-11,0,True,True
156,31.2,2690230209408,343.9825693689387,8.756352974293313e-05,0,False,False
156,31.2,2690230209360,358.9826676808471,1.0407349475834341e-11,0,False,True
156,31.2,2690230209072,647.9644008262553,9.992527424195004,0,False,False
156,31.2,2690230209840,620.2988352231671,11.054588346772361,0,False,False
156,31.2,2690230209792,708.807708903369,3.6381123988533,0,False,False
156,31.2,2690230210992,672.2347224916334,7.7674359134926165,0,False,False
156,31.2,2690230211520,692.316372753143,5.535490163134456,0,False,False
156,31.2,2690230208688,644.0230949853101,8.137327696781549,1,False,False
156,31.2,2690230210416,665.2602132599732,7.693249114383442,1,False,False
156,31.2,2690230209600,722.8343419662406,2.7851286094116356,0,False,False
156,31.2,2690230211088,686.7304018985833,8.53696698344368,1,False,False
156,31.2,2690230208304,736.5547013862318,3.2088685909310493,0,False,False
156,31.2,2690230209744,752.129265218513,4.6095392394820225,0,False,False
156,31.2,2690230209120,710.7406406363247,10.073364784004166,1,False,False
156,31.2,2690230209552,770.9700866477741,6.540683114097649,0,False,False
156,31.2,2690230210848,738.2694005720884,11.73176801790065,1,False,False
156,31.2,2690230208448,769.5343580307684,13.071909750266133,1,False,False
156,31.2,2690230211376,802.7647936840505,13.481622916693496,1,False,False
156,31.2,2690230208736,835.9051824594595,12.581047880215078,1,False,False
156,31.2,2690230208880,865.9709864737882,10.470123276039935,1,False,False
156,31.2,2690230208976,793.6664478343922,8.607185409590086,0,False,False
156,31.2,2690230211184,890.8615564595824,8.497904321790445,1,False,False
156,31.2,2690230209024,820.1344618025548,10.529910333303574,0,False,False
156,31.2,2690230210032,850.1006257406899,12.240852793979277,0,False,False
156,31.2,2690230208496,882.4382725307677,13.543603224104126,0,False,False
156,31.2,2690230208928,912.6224202420711,7.974514904757718,1,False,False
156,31.2,2690230208544,934.8079075283132,9.32207570070806,1,False,False
156,31.2,2690230208832,961.0208135336866,11.598917644229036,1,False,False
156,31.2,2690230211136,917.7411720062635,14.704369143008503,0,False,False
156,31.2,2690230211040,954.0976630842184,15.434189932489403,0,False,False
156,31.2,2690230211328,994.4068660169321,16.18778172878399,0,False,False
156,31.2,2690230211232,992.4924724688094,13.739676295037647,1,False,False
156,31.2,2690230211424,1029.750581420642,15.514217646081548,1,False,False
156,31.2,2690230210272,1068.35505257842,16.112699249680002,1,False,False
156,31.2,2690230208208,1108.8312010317054,16.33832232020236,1,False,False
156,31.2,2690230210704,1034.5309198613218,16.49703031974892,0,False,False
156,31.2,2690230210560,1150.0968910188442,16.507405097117562,1,False,False
156,31.2,2690230211280,1075.1673148191132,16.675868962159356,0,False,False
156,31.2,2690230211472,1116.5089865747457,16.75713389474791,0,False,False
156,31.2,2690230210128,1190.1171659510853,16.654674354453554,1,False,False
156,31.2,2690230208784,1159.9565507175255,16.827298192051668,0,False,False
156,31.2,2690230208352,1203.3426431749313,16.936847433700105,0,False,False
156,31.2,2690230210512,1247.8679175560633,17.161619407209106,0,False,False
156,31.2,2690230210080,1291.1029103922572,17.468590204553383,0,False,False
156,31.2,2690230211568,1333.3663865907606,17.78496430453726,0,False,False
156,31.2,2690230208256,1384.1258352262098,18.345826437843186,0,False,False
156,31.2,2690230210464,1231.8463727822752,16.955558179735544,1,False,False
156,31.2,2690230210224,1441.9088918860343,19.15866241903437,0,False,False
156,31.2,2690230210320,1279.1176387201806,17.497170267250645,1,False,False
156,31.2,2690230210800,1327.3061067099488,18.004667046426402,1,False,False
156,31.2,2690230208640,1372.8865463421255,18.338462425744595,1,False,False
156,31.2,2690230210896,1431.5134563814163,19.122550195079608,1,False,False
156,31.2,2690230210656,1501.3221950931995,19.887067014265696,0,False,False
156,31.2,2690230209936,1498.2533531914328,20.13169782516899,1,False,False
156,31.2,2690230209696,1561.9419986281998,20.806980094307807,1,False,False
156,31.2,2690230210608,1641.2357903300829,21.817303551766337,1,False,False
156,31.2,2690230208400,1560.5025001977492,20.39549004283718,0,False,False
156,31.2,2690230210752,1626.8287443718586,20.960835666335615,0,False,False
156,31.2,2690230208592,1745.1613910878186,23.175010397841458,1,False,False
156,31.2,2690230209984,1703.9852020834117,21.476504231220897,0,False,False
157,31.4,2690230209216,353.98266768084943,1.210752015130946e-11,0,True,True
157,31.4,2690230209408,343.982582754126,8.33023156492627e-05,0,False,False
157,31.4,2690230209360,358.98266768084954,8.461560581241314e-12,0,False,True
157,31.4,2690230209072,649.9482421998168,9.77099990402586,0,False,False
157,31.4,2690230209840,622.5056898364833,10.999531132555855,0,False,False
157,31.4,2690230209792,709.5242587786306,3.4751303065016645,0,False,False
157,31.4,2690230210992,673.7710955716307,7.50983609264851,0,False,False
157,31.4,2690230211520,693.4065041874957,5.282187672711235,0,False,False
157,31.4,2690230208688,645.6443593570335,8.046966861568775,1,False,False
157,31.4,2690230210416,666.8014264924832,7.734061522275422,1,False,False
157,31.4,2690230209600,723.3896580068915,2.7628660676332357,0,False,False
157,31.4,2690230211088,688.4463754265751,8.666891723803358,1,False,False
157,31.4,2690230208304,737.2031359496502,3.3112312639302024,0,False,False
157,31.4,2690230209744,753.0631590570255,4.790699961109631,0,False,False
157,31.4,2690230209120,712.7660526482539,10.234435466786058,1,False,False
157,31.4,2690230209552,772.2925700918775,6.756324852921906,0,False,False
157,31.4,2690230210848,740.6250903159548,11.870757978302017,1,False,False
157,31.4,2690230208448,772.1536819716803,13.144139576993068,1,False,False
157,31.4,2690230211376,805.4590009560013,13.447418878499018,1,False,False
157,31.4,2690230208736,838.4111488391329,12.425562717473708,1,False,False
157,31.4,2690230208880,868.0514820347822,10.268165104654312,1,False,False
157,31.4,2690230208976,795.4021924615286,8.821514691380184,0,False,False
157,31.4,2690230211184,892.5543815597449,8.399922180598269,1,False,False
157,31.4,2690230209024,822.2531864870039,10.720321801371488,0,False,False
157,31.4,2690230210032,852.5594113093632,12.399122895398872,0,False,False
157,31.4,2690230208496,885.155167853587,13.665281462584636,0,False,False
157,31.4,2690230208928,914.222363462652,8.053024845124737,1,False,False
157,31.4,2690230208544,936.6850826528287,9.514485184802776,1,False,False
157,31.4,2690230208832,963.3546933395855,11.809725675123108,1,False,False
157,31.4,2690230211136,920.6879202035128,14.791632189754882,0,False,False
157,31.4,2690230211040,957.188427141407,15.492464004394908,0,False,False
157,31.4,2690230211328,997.6465990693812,16.220011406423207,0,False,False
157,31.4,2690230211232,995.2509260804588,13.896051084495063,1,False,False
157,31.4,2690230211424,1032.859495294216,15.603966032171092,1,False,False
157,31.4,2690230210272,1071.5802153076854,16.15138727589728,1,False,False
157,31.4,2690230208208,1112.0999955610428,16.35507602114358,1,False,False
157,31.4,2690230210704,1037.8314230410538,16.513269243967354,0,False,False
157,31.4,2690230210560,1153.399246554135,16.520498252540925,1,False,False
157,31.4,2690230211280,1078.5030139476075,16.683652669638942,0,False,False
157,31.4,2690230211472,1119.8607253946718,16.761798202346057,0,False,False
157,31.4,2690230210128,1193.4492616888597,16.672068095431765,1,False,False
157,31.4,2690230208784,1163.3223667036896,16.83267641948151,0,False,False
157,31.4,2690230208352,1206.7306371621112,16.946256417629016,0,False,False
157,31.4,2690230210512,1251.3012367370548,17.176564888019684,0,False,False
157,31.4,2690230210080,1294.5978015950702,17.486167274244192,0,False,False
157,31.4,2690230211568,1336.924518361795,17.802015872589955,0,False,False
157,31.4,2690230208256,1387.7960610924908,18.36169766238214,0,False,False
157,31.4,2690230210464,1235.238763552906,16.974704791411664,1,False,False
157,31.4,2690230210224,1445.741577070205,19.17291628885094,0,False,False
157,31.4,2690230210320,1282.618299837584,17.515531167255254,1,False,False
157,31.4,2690230210800,1330.908127461054,18.020935423038736,1,False,False
157,31.4,2690230208640,1376.555182691608,18.352584043763365,1,False,False
157,31.4,2690230210896,1435.3387342871708,19.134039839470343,1,False,False
157,31.4,2690230210656,1505.300363075403,19.898356629857098,0,False,False
157,31.4,2690230209936,1502.2803390838237,20.141370777222924,1,False,False
157,31.4,2690230209696,1566.1038826619601,20.81428297541334,1,False,False
157,31.4,2690230210608,1645.5995290187589,21.821463607387493,1,False,False
157,31.4,2690230208400,1564.5821356673234,20.40353173545702,0,False,False
157,31.4,2690230210752,1631.0212177150465,20.965416120414687,0,False,False
157,31.4,2690230208592,1749.796393167387,23.175010397841458,1,False,False
157,31.4,2690230209984,1708.2805029296555,21.476504231220897,0,False,False
158,31.6,2690230209216,353.98266768085136,9.843862309686862e-12,0,True,True
158,31.6,2690230209408,343.98259543553894,7.827776839970801e-05,0,False,False
158,31.6,2690230209360,358.9826676808514,6.879562143681827e-12,0,False,True
158,31.6,2690230209072,651.8873101185136,9.542478965262461,0,False,False
158,31.6,2690230209840,624.7007834978392,10.928657806507923,0,False,False
158,31.6,2690230209792,710.2091542626157,3.3263924982852164,0,False,False
158,31.6,2690230210992,675.2556987503941,7.248689692639627,0,False,False
158,31.6,2690230211520,694.446356114883,5.034862801507064,0,False,False
158,31.6,2690230208688,647.2483524109327,7.968660797849963,1,False,False
158,31.6,2690230210416,668.3515032080155,7.785298981513446,1,False,False
158,31.6,2690230209600,723.9415311104781,2.7556814358783956,0,False,False
158,31.6,2690230211088,690.1886908719431,8.802052604999961,1,False,False
158,31.6,2690230208304,737.8727683231682,3.4243563641989416,0,False,False
158,31.6,2690230209744,754.0336876007761,4.977795177862973,0,False,False
158,31.6,2690230209120,714.8236650794493,10.395190844502624,1,False,False
158,31.6,2690230209552,773.6583064799064,6.973749142494222,0,False,False
158,31.6,2690230210848,743.0082557519133,12.004834358769456,1,False,False
158,31.6,2690230208448,774.7868774778099,13.207701540607513,1,False,False
158,31.6,2690230211376,808.1456341491046,13.402218630180922,1,False,False
158,31.6,2690230208736,840.8854816769317,12.262209993608712,1,False,False
158,31.6,2690230208880,870.0919032442603,10.07124929709075,1,False,False
158,31.6,2690230208976,797.180712279657,9.03441856950416,0,False,False
158,31.6,2690230211184,894.2286216871154,8.317167433193793,1,False,False
158,31.6,2690230209024,824.4097718706321,10.9073710228229,0,False,False
158,31.6,2690230210032,855.0495631771544,12.553063518042853,0,False,False
158,31.6,2690230208496,887.8961170090579,13.782742201732638,0,False,False
158,31.6,2690230208928,915.8388673788049,8.144255716063912,1,False,False
158,31.6,2690230208544,938.6010285813561,9.711061117560108,1,False,False
158,31.6,2690230208832,965.7305353201174,12.017440912198174,1,False,False
158,31.6,2690230211136,923.6518673795019,14.875116358051203,0,False,False
158,31.6,2690230211040,960.2906631106323,15.548020757660694,0,False,False
158,31.6,2690230211328,1000.8926537685956,16.250400368030338,0,False,False
158,31.6,2690230211232,998.0402342726067,14.04611913571318,1,False,False
158,31.6,2690230211424,1035.985971146762,15.687951362571855,1,False,False
158,31.6,2690230210272,1074.812922883204,16.18722894961479,1,False,False
158,31.6,2690230208208,1115.3720833624104,16.3709879044661,1,False,False
158,31.6,2690230210704,1041.1351098867683,16.528560883612318,0,False,False
158,31.6,2690230210560,1156.7042138414238,16.53349400043785,1,False,False
158,31.6,2690230211280,1081.8402416241993,16.691021832307605,0,False,False
158,31.6,2690230211472,1123.2133925237242,16.766398230811607,0,False,False
158,31.6,2690230210128,1196.7848304710308,16.68937714004875,1,False,False
158,31.6,2690230208784,1166.6892682975208,16.838204752312535,0,False,False
158,31.6,2690230208352,1210.1205252779623,16.955849037490616,0,False,False
158,31.6,2690230210512,1254.7375496492334,17.19157797638656,0,False,False
158,31.6,2690230210080,1298.0962020515221,17.503651320735138,0,False,False
158,31.6,2690230211568,1340.4860508350228,17.818923437492163,0,False,False
158,31.6,2690230208256,1391.469450013654,18.37740159660719,0,False,False
158,31.6,2690230210464,1238.634971586891,16.99367127155115,1,False,False
158,31.6,2690230210224,1449.5771020961067,19.18700687222537,0,False,False
158,31.6,2690230210320,1286.1226196941443,17.533691369755662,1,False,False
158,31.6,2690230210800,1334.5133894368364,18.03701792644244,1,False,False
158,31.6,2690230208640,1380.2266325216435,18.366543742932986,1,False,False
158,31.6,2690230210896,1439.1663016572784,19.145403022515836,1,False,False
158,31.6,2690230210656,1509.2807803047774,19.909516659799905,0,False,False
158,31.6,2690230209936,1506.3092530091517,20.150945725401183,1,False,False
158,31.6,2690230209696,1570.2672220940653,20.821508484725683,1,False,False
158,31.6,2690230210608,1649.9640968459778,21.825580731662118,1,False,False
158,31.6,2690230208400,1568.66337343789,20.41148321361501,0,False,False
158,31.6,2690230210752,1635.2146033596644,20.96993996077565,0,False,False
158,31.6,2690230208592,1754.4313952469552,23.175010397841458,1,False,False
158,31.6,2690230209984,1712.5758037758994,21.476504231220897,0,False,False
159,31.8,2690230209216,353.98266768085296,8.003424645268371e-12,0,True,True
159,31.8,2690230209408,343.9826073060004,7.270318703435877e-05,0,False,False
159,31.8,2690230209360,358.98266768085296,5.59333882141124e-12,0,False,True
159,31.8,2690230209072,653.7802151745257,9.307122279892795,0,False,False
159,31.8,2690230209840,626.8807987854578,10.841888465726274,0,False,False
159,31.8,2690230209792,710.8652764707657,3.192360047586739,0,False,False
159,31.8,2690230210992,676.6878848051102,6.984943793569952,0,False,False
159,31.8,2690230211520,695.4372021787725,4.794678219456332,0,False,False
159,31.8,2690230208688,648.8374962593382,7.902559635392743,1,False,False
159,31.8,2690230210416,669.9125009315745,7.84654348826395,1,False,False
159,31.8,2690230209600,724.4929561717227,2.763252934468461,0,False,False
159,31.8,2690230211088,691.9583599300238,8.941916543603108,1,False,False
159,31.8,2690230208304,738.5657159830226,3.547718915658722,0,False,False
159,31.8,2690230209744,755.0420067339957,5.170361577582844,0,False,False
159,31.8,2690230209120,716.9133822036029,10.555143366013953,1,False,False
159,31.8,2690230209552,775.0676265346581,7.19257073386822,0,False,False
159,31.8,2690230210848,745.4178907257526,12.133649008981065,1,False,False
159,31.8,2690230208448,777.4321957096253,13.262370160078405,1,False,False
159,31.8,2690230211376,810.8224957556297,13.346058954624263,1,False,False
159,31.8,2690230208736,843.3266629661823,12.091839830792418,1,False,False
159,31.8,2690230208880,872.0933425150971,9.880622298191986,1,False,False
159,31.8,2690230208976,799.001702774942,9.245607907526786,0,False,False
159,31.8,2690230211184,895.8873367494396,8.249829933387456,1,False,False
159,31.8,2690230209024,826.6035342671292,11.090892609464857,0,False,False
159,31.8,2690230210032,857.5702116435094,12.702621102368266,0,False,False
159,31.8,2690230208496,890.660279608729,13.896034390872307,0,False,False
159,31.8,2690230208928,917.4744278321433,8.247477416531064,1,False,False
159,31.8,2690230208544,940.556528798722,9.911060610837003,1,False,False
159,31.8,2690230208832,968.147691170679,12.221625017790576,1,False,False
159,31.8,2690230211136,926.6322655027338,14.954938601209253,0,False,False
159,31.8,2690230211040,963.4038353507789,15.600977006076555,0,False,False
159,31.8,2690230211328,1004.1446689699416,16.27905256139812,0,False,False
159,31.8,2690230211232,1000.8591359519976,14.18989106846708,1,False,False
159,31.8,2690230211424,1039.1288722204122,15.766412847396282,1,False,False
159,31.8,2690230210272,1078.0526193827297,16.220422547560474,1,False,False
159,31.8,2690230208208,1118.6473020001802,16.386145309019213,1,False,False
159,31.8,2690230210704,1044.4417952204503,16.54296858499376,0,False,False
159,31.8,2690230210560,1160.0117750736897,16.546416762609933,1,False,False
159,31.8,2690230211280,1085.1789174033524,16.698012887549655,0,False,False
159,31.8,2690230211472,1126.5669762835312,16.770951351070003,0,False,False
159,31.8,2690230210128,1200.1238556033654,16.706605010446548,1,False,False
159,31.8,2690230208784,1170.0572857101754,16.84388590316763,0,False,False
159,31.8,2690230208352,1213.5123438447472,16.96561919417264,0,False,False
159,31.8,2690230210512,1258.1768692448745,17.206650207010775,0,False,False
159,31.8,2690230210080,1301.598092975953,17.52103968318813,0,False,False
159,31.8,2690230211568,1344.0509552613785,17.835687786022426,0,False,False
159,31.8,2690230208256,1395.145968699026,18.392940743733543,0,False,False
159,31.8,2690230210464,1242.0349610804185,17.012460916995202,1,False,False
159,31.8,2690230210224,1453.4154345139807,19.200937263249973,0,False,False
159,31.8,2690230210320,1289.6305584220288,17.55165491568357,1,False,False
159,31.8,2690230210800,1338.1218557256905,18.052918467785975,1,False,False
159,31.8,2690230208640,1383.900863664553,18.380344741087995,1,False,False
159,31.8,2690230210896,1442.9961333502804,19.15664199271627,1,False,False
159,31.8,2690230210656,1513.2634210289013,19.920549558556093,0,False,False
159,31.8,2690230209936,1510.340075473413,20.160424262974946,1,False,False
159,31.8,2690230209696,1574.4320015384649,20.828657939756294,1,False,False
159,31.8,2690230210608,1654.329485272385,21.829655624769448,1,False,False
159,31.8,2690230208400,1572.7461955703868,20.419346026153192,0,False,False
159,31.8,2690230210752,1639.40889005062,20.97440819659646,0,False,False
159,31.8,2690230208592,1759.0663973265234,23.175010397841458,1,False,False
159,31.8,2690230209984,1716.8711046221433,21.476504231220897,0,False,False
160,32.0,2690230209216,353.98266768085426,6.507080659738196e-12,0,True,True
160,32.0,2690230209408,343.9826182901338,6.676655918430637e-05,0,False,False
160,32.0,2690230209360,358.98266768085426,4.547591622504427e-12,0,False,True
160,32.0,2690230209072,655.6256051413608,9.065173198529823,0,False,False
160,32.0,2690230209840,629.0424825267982,10.73926894495014,0,False,False
160,32.0,2690230209792,711.4955919147803,3.073392105307996,0,False,False
160,32.0,2690230210992,678.0672004436474,6.719610837206357,0,False,False
160,32.0,2690230211520,696.3805455925801,4.5627494789287235,0,False,False
160,32.0,2690230208688,650.4142379364663,7.848737790235186,1,False,False
160,32.0,2690230210416,671.4863919416622,7.917353196812832,1,False,False
160,32.0,2690230209600,725.0468604311267,2.785211009391634,0,False,False
160,32.0,2690230211088,693.7562876757044,9.085950675953251,1,False,False
160,32.0,2690230208304,739.2839915040614,3.6807958642409018,0,False,False
160,32.0,2690230209744,756.0891802440191,5.367944238569005,0,False,False
160,32.0,2690230209120,719.0350115293536,10.713816855987313,1,False,False
160,32.0,2690230209552,776.5207843978924,7.4124114188555605,0,False,False
160,32.0,2690230210848,747.8529204772909,12.256869101743336,1,False,False
160,32.0,2690230208448,780.0878437985073,13.30793609970302,1,False,False
160,32.0,2690230211376,813.4873989428504,13.279027465129394,1,False,False
160,32.0,2690230208736,845.7333498906081,11.915378603120416,1,False,False
160,32.0,2690230208880,874.0571375098463,9.697467131385473,1,False,False
160,32.0,2690230208976,800.8648023265528,9.454804522022853,0,False,False
160,32.0,2690230211184,897.5336167626405,8.197983001355219,1,False,False
160,32.0,2690230209024,828.833757870043,11.270735621628575,0,False,False
160,32.0,2690230210032,860.1204773452696,12.84775776857159,0,False,False
160,32.0,2690230208496,893.4468257215469,14.005216800105439,0,False,False
160,32.0,2690230208928,919.1313932836011,8.361940833519155,1,False,False
160,32.0,2690230208544,942.5522194931108,10.113760295610028,1,False,False
160,32.0,2690230208832,970.6054272896292,12.421875388892774,1,False,False
160,32.0,2690230211136,929.628390152138,15.031218963724182,0,False,False
160,32.0,2690230211040,966.52743141998,15.651447042927215,0,False,False
160,32.0,2690230211328,1007.4023040098785,16.306067317982027,0,False,False
160,32.0,2690230211232,1003.7063741444364,14.327406870507591,1,False,False
160,32.0,2690230211424,1042.2871099795261,15.839594892547714,1,False,False
160,32.0,2690230210272,1081.2987879522684,16.25115750928902,1,False,False
160,32.0,2690230208208,1121.9255060406863,16.400628682651053,1,False,False
160,32.0,2690230210704,1047.7513062857624,16.55655202328383,0,False,False
160,32.0,2690230210560,1163.321917124653,16.559287965880483,1,False,False
160,32.0,2690230211280,1088.5189679752973,16.70466002662018,0,False,False
160,32.0,2690230211472,1129.921468384048,16.775473662870937,0,False,False
160,32.0,2690230210128,1203.4663210515373,16.72375457868897,1,False,False
160,32.0,2690230208784,1173.4264496545673,16.849721982510893,0,False,False
160,32.0,2690230208352,1216.9061279578127,16.9755606878552,0,False,False
160,32.0,2690230210512,1261.619206805133,17.22177344324836,0,False,False
160,32.0,2690230210080,1305.1034550666407,17.538329939565692,0,False,False
160,32.0,2690230211568,1347.6192030530467,17.852309762212833,0,False,False
160,32.0,2690230208256,1398.825584356275,18.40831757229278,0,False,False
160,32.0,2690230210464,1245.4386968771835,17.031076850378554,1,False,False
160,32.0,2690230210224,1457.256542487282,19.214710472562885,0,False,False
160,32.0,2690230210320,1293.1420769515241,17.56942569685057,1,False,False
160,32.0,2690230210800,1341.7334901880881,18.068640807906444,1,False,False
160,32.0,2690230208640,1387.5778445892613,18.393990152750167,1,False,False
160,32.0,2690230210896,1446.8282046703682,19.167758938363725,1,False,False
160,32.0,2690230210656,1517.2482599814507,19.931457709309324,0,False,False
160,32.0,2690230209936,1514.3727872987909,20.169807946465603,1,False,False
160,32.0,2690230209696,1578.5982058704956,20.835732626506775,1,False,False
160,32.0,2690230210608,1658.6956858976075,21.833688971171735,1,False,False
160,32.0,2690230208400,1576.830584432962,20.427121683838333,0,False,False
160,32.0,2690230210752,1643.6040667329924,20.97882181226051,0,False,False
160,32.0,2690230208592,1763.7013994060917,23.175010397841458,1,False,False
160,32.0,2690230209984,1721.1664054683872,21.476504231220897,0,False,False
161,32.2,2690230209216,353.98266768085534,5.290497579354552e-12,0,True,True
161,32.2,2690230209408,343.98262834047324,6.063141093413526e-05,0,False,False
161,32.2,2690230209360,358.98266768085534,3.6973604184154514e-12,0,False,True
161,32.2,2690230209072,657.4221823767174,8.816964443966842,0,False,False
161,32.2,2690230209840,631.1826339441254,10.62093994622917,0,False,False
161,32.2,2690230209792,712.1031322499516,2.969748178336909,0,False,False
161,32.2,2690230210992,679.3933986462553,6.453757405093999,0,False,False
161,32.2,2690230211520,697.2781089425686,4.340133700845019,0,False,False
161,32.2,2690230208688,651.981034519777,7.807198038606759,1,False,False
161,32.2,2690230210416,673.075058749211,7.997266057683586,1,False,False
161,32.2,2690230209600,725.6060944243321,2.8211458199126045,0,False,False
161,32.2,2690230211088,695.5832726881827,9.233623546749028,1,False,False
161,32.2,2690230208304,740.0295030889495,3.823068137519826,0,False,False
161,32.2,2690230209744,757.1761814703884,5.570096181977615,0,False,False
161,32.2,2690230209120,721.1882661341081,10.870747384704526,1,False,False
161,32.2,2690230209552,778.0179590432272,7.632900124111007,0,False,False
161,32.2,2690230210848,750.3122046920146,12.374176921071834,1,False,False
161,32.2,2690230208448,782.7519881227652,13.344206940046478,1,False,False
161,32.2,2690230211376,816.1381780343675,13.201267314479578,1,False,False
161,32.2,2690230208736,848.1043896719316,11.73382252004217,1,False,False
161,32.2,2690230208880,875.9848576346711,9.522891416588593,1,False,False
161,32.2,2690230208976,802.7695944423156,9.66174186306784,0,False,False
161,32.2,2690230211184,899.1705589872408,8.16159031515435,1,False,False
161,32.2,2690230209024,831.099697666804,11.446763914480638,0,False,False
161,32.2,2690230210032,862.6994743723197,12.988450984208388,0,False,False
161,32.2,2690230208496,896.2549377798812,14.110357143408788,0,False,False
161,32.2,2690230208928,920.8119614154945,8.486883742280003,1,False,False
161,32.2,2690230208544,944.5885935513807,10.31845769824976,1,False,False
161,32.2,2690230208832,973.102931975031,12.61782586239926,1,False,False
161,32.2,2690230211136,932.6395410748396,15.104079687902894,0,False,False
161,32.2,2690230211040,969.6609615521417,15.699542361980301,0,False,False
161,32.2,2690230211328,1010.6652377863476,16.331539413074175,0,False,False
161,32.2,2690230211232,1006.5807016989266,14.45873333550364,1,False,False
161,32.2,2690230211424,1045.4596450013169,15.90774491604528,1,False,False
161,32.2,2690230210272,1084.5509490310867,16.27961434326598,1,False,False
161,32.2,2690230208208,1125.2065657025967,16.414512007545447,1,False,False
161,32.2,2690230210704,1051.0634820265252,16.5693673921449,0,False,False
161,32.2,2690230210560,1166.6346309672397,16.572126300035876,1,False,False
161,32.2,2690230211280,1091.8603267255314,16.710995323971517,0,False,False
161,32.2,2690230211472,1133.276863674245,16.77998006762851,0,False,False
161,32.2,2690230210128,1206.8122113162958,16.740828142903794,1,False,False
161,32.2,2690230208784,1176.7967912276977,16.85571453957629,0,False,False
161,32.2,2690230208352,1220.301911467123,16.98566724273762,0,False,False
161,32.2,2690230210512,1265.0645720056255,17.23693987464884,0,False,False
161,32.2,2690230210080,1308.612268552734,17.555519894313765,0,False,False
161,32.2,2690230211568,1351.190765794571,17.868790262300806,0,False,False
161,32.2,2690230208256,1402.5082646844269,18.423534515453284,0,False,False
161,32.2,2690230210464,1248.84614443463,17.04952203601516,1,False,False
161,32.2,2690230210224,1461.1003947761726,19.228329430088525,0,False,False
161,32.2,2690230210320,1296.6571369817668,17.5870074641509,1,False,False
161,32.2,2690230210800,1345.3482574270956,18.08418856586689,1,False,False
161,32.2,2690230208640,1391.2575443809692,18.407482994081793,1,False,False
161,32.2,2690230210896,1450.6624913555004,19.17875598990266,1,False,False
161,32.2,2690230210656,1521.235272368138,19.942243426875017,0,False,False
161,32.2,2690230209936,1518.407369616383,20.179098296813233,1,False,False
161,32.2,2690230209696,1582.7658202206449,20.842733800456806,1,False,False
161,32.2,2690230210608,1663.0626904571402,21.837681440065083,1,False,False
161,32.2,2690230208400,1580.9165226934456,20.434811660641653,0,False,False
161,32.2,2690230210752,1647.8001225471253,20.983181768147155,0,False,False
161,32.2,2690230208592,1768.33640148566,23.175010397841458,1,False,False
161,32.2,2690230209984,1725.461706314631,21.476504231220897,0,False,False
162,32.4,2690230209216,353.98266768085614,4.301370476370042e-12,0,True,True
162,32.4,2690230209408,343.9826374337204,5.443794673547919e-05,0,False,False
162,32.4,2690230209360,358.9826676808562,3.006090959446518e-12,0,False,True
162,32.4,2690230209072,659.1687218664866,8.56292030095588,0,False,False
162,32.4,2690230209840,633.2981047258693,10.487122829865681,0,False,False
162,32.4,2690230209792,712.6909745657858,2.8815916883700843,0,False,False
162,32.4,2690230210992,680.6664486898529,6.188491970685554,0,False,False
162,32.4,2690230211520,698.1318218175097,4.127819632062949,0,False,False
162,32.4,2690230208688,653.5403390974631,7.777876032881293,1,False,False
162,32.4,2690230210416,674.6802902826358,8.085803133047653,1,False,False
162,32.4,2690230209600,726.1734244039862,2.8706143250553744,0,False,False
162,32.4,2690230211088,697.4400074068175,9.384406203173427,1,False,False
162,32.4,2690230208304,740.8040554764934,3.9740222234492824,0,False,False
162,32.4,2690230209744,758.303894861233,5.7763778835625175,0,False,False
162,32.4,2690230209120,723.3727671685991,11.025484087065564,1,False,False
162,32.4,2690230209552,779.5592557147608,7.853673109093014,0,False,False
162,32.4,2690230210848,752.7945405055485,12.485269582929147,1,False,False
162,32.4,2690230208448,785.4227577585442,13.371008267440587,1,False,False
162,32.4,2690230211376,818.7726999244569,13.1129817362364,1,False,False
162,32.4,2690230208736,850.4388330232736,11.548229568372445,1,False,False
162,32.4,2690230208880,877.8782882437661,9.357917030490352,1,False,False
162,32.4,2690230208976,804.7156101315973,9.866165708248664,0,False,False
162,32.4,2690230211184,900.8012465110264,8.140513757497088,1,False,False
162,32.4,2690230209024,833.4005824163096,11.618856397004382,0,False,False
162,32.4,2690230210032,865.3063133085359,13.124693110257123,0,False,False
162,32.4,2690230208496,899.0838123089122,14.211531185576007,0,False,False
162,32.4,2690230208928,922.5181768645629,8.62153598237389,1,False,False
162,32.4,2690230208544,946.6660048312939,10.52447264690807,1,False,False
162,32.4,2690230208832,975.6393227493171,12.809147217102685,1,False,False
162,32.4,2690230211136,935.6650425694254,15.173644383925632,0,False,False
162,32.4,2690230211040,972.8039580810737,15.745371428716872,0,False,False
162,32.4,2690230211328,1013.9331678527209,16.3555591480103,0,False,False
162,32.4,2690230211232,1009.480886474152,14.583961432018441,1,False,False
162,32.4,2690230211424,1048.6454874431781,15.971111367353693,1,False,False
162,32.4,2690230210272,1087.8086585635403,16.30596461432143,1,False,False
162,32.4,2690230208208,1128.4903655913508,16.427863210214234,1,False,False
162,32.4,2690230210704,1054.378172402807,16.581467588369456,0,False,False
162,32.4,2690230210560,1169.9499111424611,16.584947958364342,1,False,False
162,32.4,2690230211280,1095.2029333197158,16.717048859566564,0,False,False
162,32.4,2690230211472,1136.6331599070702,16.784484336943418,0,False,False
162,32.4,2690230210128,1210.1615113233884,16.757827496432004,1,False,False
162,32.4,2690230208784,1180.168341801027,16.86186460117915,0,False,False
162,32.4,2690230208352,1223.6997269636197,16.995932529993944,0,False,False
162,32.4,2690230210512,1268.5129729814544,17.25214201355918,0,False,False
162,32.4,2690230210080,1312.1245132387473,17.572607566417805,0,False,False
162,32.4,2690230211568,1354.7656152529746,17.885130229978962,0,False,False
162,32.4,2690230208256,1406.1939778667552,18.438593970485705,0,False,False
162,32.4,2690230210464,1252.2572697932653,17.067799294258908,1,False,False
162,32.4,2690230210224,1464.9469607215563,19.241796987691448,0,False,False
162,32.4,2690230210320,1300.17570095308,17.604403835236532,1,False,False
162,32.4,2690230210800,1348.9661227605584,18.099565226947128,1,False,False
162,32.4,2690230208640,1394.939932721796,18.420826187529418,1,False,False
162,32.4,2690230210896,1454.4989695659856,19.189635222161,1,False,False
162,32.4,2690230210656,1525.2244338532255,19.952908960460217,0,False,False
162,32.4,2690230209936,1522.4438038591618,20.188296800493287,1,False,False
162,32.4,2690230209696,1586.9348299685112,20.849662687513053,1,False,False
162,32.4,2690230210608,1667.4304908193221,21.84163368581448,1,False,False
162,32.4,2690230208400,1585.0039933120725,20.442417394961478,0,False,False
162,32.4,2690230210752,1651.997046823878,20.98748900139099,0,False,False
162,32.4,2690230208592,1772.9714035652282,23.175010397841458,1,False,False
162,32.4,2690230209984,1729.757007160875,21.476504231220897,0,False,False
163,32.6,2690230209216,353.9826676808568,3.497173507306488e-12,0,True,True
163,32.6,2690230209408,343.98264556719204,4.830441182792315e-05,0,False,False
163,32.6,2690230209360,358.9826676808568,2.444063286732221e-12,0,False,True
163,32.6,2690230209072,660.8640895978574,8.303557142904364,0,False,False
163,32.6,2690230209840,635.3858055737122,10.338114249533112,0,False,False
163,32.6,2690230209792,713.2622224655596,2.8089946506072105,0,False,False
163,32.6,2690230210992,681.886543670968,5.924951948322847,0,False,False
163,32.6,2690230211520,698.943806546939,3.9267191774294767,0,False,False
163,32.6,2690230208688,655.0945876621016,7.760645135027577,1,False,False
163,32.6,2690230210416,676.3037787145802,8.18247159302331,1,False,False
163,32.6,2690230209600,726.7515261466569,2.9331468668823684,0,False,False
163,32.6,2690230211088,699.3270787006164,9.537773215594505,1,False,False
163,32.6,2690230208304,741.6093511363222,4.133151319938071,0,False,False
163,32.6,2690230209744,759.4731174309508,5.986356776400419,0,False,False
163,32.6,2690230209120,725.5880465212707,11.177589919364175,1,False,False
163,32.6,2690230209552,781.1447074122133,8.07437426756088,0,False,False
163,32.6,2690230210848,755.2986654488982,12.589858710707412,1,False,False
163,32.6,2690230208448,788.0982481715959,13.388185114111112,1,False,False
163,32.6,2690230211376,821.3888763808435,13.014438249741595,1,False,False
163,32.6,2690230208736,852.7359458877671,11.359709941762022,1,False,False
163,32.6,2690230208880,879.7394128931975,9.203471552044066,1,False,False
163,32.6,2690230208976,806.7023304170764,10.067834854419301,0,False,False
163,32.6,2690230211184,902.4287284500261,8.134521935636634,1,False,False
163,32.6,2690230209024,835.7356176721033,11.786907196643273,0,False,False
163,32.6,2690230210032,867.9401041743046,13.256490834841344,0,False,False
163,32.6,2690230208496,901.9326614769421,14.308821844660574,0,False,False
163,32.6,2690230208928,924.2519299449657,8.765123969659424,1,False,False
163,32.6,2690230208544,948.784672718011,10.731148725089765,1,False,False
163,32.6,2690230208832,978.2136537694086,12.995547446239511,1,False,False
163,32.6,2690230211136,938.7042437076263,15.240037266511953,0,False,False
163,32.6,2690230211040,975.9559748220055,15.789039497746657,0,False,False
163,32.6,2690230211328,1017.2058095294669,16.378212450684256,0,False,False
163,32.6,2690230211232,1012.4057159963882,14.70320364626308,1,False,False
163,32.6,2690230211424,1051.8436971276549,16.02994195368921,1,False,False
163,32.6,2690230210272,1091.0715062132092,16.330371000851127,1,False,False
163,32.6,2690230208208,1131.776803514505,16.44074455490563,1,False,False
163,32.6,2690230210704,1057.6952377435637,16.592902390766856,0,False,False
163,32.6,2690230210560,1173.267755275284,16.597766861598043,1,False,False
163,32.6,2690230211280,1098.5467333125766,16.72284883439416,0,False,False
163,32.6,2690230211472,1139.990357517842,16.78899917708563,0,False,False
163,32.6,2690230210128,1213.5142063268745,16.77475399052228,1,False,False
163,32.6,2690230208784,1183.541132918474,16.868172708537127,0,False,False
163,32.6,2690230208352,1227.099605770059,17.00635018903228,0,False,False
163,32.6,2690230210512,1271.9644163914982,17.26737269089685,0,False,False
163,32.6,2690230210080,1315.6401685466933,17.589591177844273,0,False,False
163,32.6,2690230211568,1358.3437233869493,17.90133065193031,0,False,False
163,32.6,2690230208256,1409.8826925635722,18.45349829835941,0,False,False
163,32.6,2690230210464,1255.6720395487525,17.08591131447935,1,False,False
163,32.6,2690230210224,1468.79621022964,19.25511592174445,0,False,False
163,32.6,2690230210320,1303.69773202081,17.621618301700344,1,False,False
163,32.6,2690230210800,1352.58705219485,18.114774150121743,1,False,False
163,32.6,2690230208640,1398.6249798723297,18.434022566180115,1,False,False
163,32.6,2690230210896,1458.3376158734998,19.200398656460813,1,False,False
163,32.6,2690230210656,1529.2157205465785,19.9634564962821,0,False,False
163,32.6,2690230209936,1526.482071755153,20.19740491058456,1,False,False
163,32.6,2690230209696,1591.1052207369498,20.85652048492095,1,False,False
163,32.6,2690230210608,1671.7990789823987,21.845546348373727,1,False,False
163,32.6,2690230208400,1589.092979534447,20.449940290791965,0,False,False
163,32.6,2690230210752,1656.1948290800249,20.991744426611408,0,False,False
163,32.6,2690230208592,1777.6064056447965,23.175010397841458,1,False,False
163,32.6,2690230209984,1734.0523080071189,21.476504231220897,0,False,False
164,32.8,2690230209216,353.9826676808575,2.84333158638489e-12,0,True,True
164,32.8,2690230209408,343.9826527554874,4.2328616747434006e-05,0,False,False
164,32.8,2690230209360,358.9826676808574,1.9871139729757673e-12,0,False,True
164,32.8,2690230209072,662.507260920783,8.03948218559055,0,False,False
164,32.8,2690230209840,637.4427164724906,10.174285460992698,0,False,False
164,32.8,2690230209792,713.8199881471907,2.751943295150831,0,False,False
164,32.8,2690230210992,683.0541054088318,5.6642903713514965,0,False,False
164,32.8,2690230211520,699.7163623475365,3.737660466471575,0,False,False
164,32.8,2690230208688,656.6461869859802,7.755321449515783,1,False,False
164,32.8,2690230210416,677.9471168671769,8.286767403992755,1,False,False
164,32.8,2690230209600,727.3429800388193,3.0082531766183416,0,False,False
164,32.8,2690230211088,701.2449686379355,9.693203643035668,1,False,False
164,32.8,2690230208304,742.4469916676243,4.299956108417441,0,False,False
164,32.8,2690230209744,760.6845601193379,6.199606773177725,0,False,False
164,32.8,2690230209120,727.8335496292528,11.326642341945742,1,False,False
164,32.8,2690230209552,782.7742764431342,8.294655529611338,0,False,False
164,32.8,2690230210848,757.8232603271,12.687670091623271,1,False,False
164,32.8,2690230208448,790.7765252217075,13.395603771688005,1,False,False
164,32.8,2690230211376,823.9846771568533,12.90597235052071,1,False,False
164,32.8,2690230208736,854.9952191715068,11.169415144247527,1,False,False
164,32.8,2690230208880,881.5703940074949,9.060381574012547,1,False,False
164,32.8,2690230208976,808.7291889838857,10.266521791221578,0,False,False
164,32.8,2690230211184,904.0560018843707,8.14329910789227,1,False,False
164,32.8,2690230209024,838.103988831921,11.95082572462589,0,False,False
164,32.8,2690230210032,870.5999592488623,13.383864505750795,0,False,False
164,32.8,2690230208496,904.8007144664593,14.402318300687025,0,False,False
164,32.8,2690230208928,926.0149562330308,8.916874615262728,1,False,False
164,32.8,2690230208544,950.9446869747765,10.937854777084235,1,False,False
164,32.8,2690230208832,980.8249232749323,13.176771780050403,1,False,False
164,32.8,2690230211136,941.7565184078736,15.303382459938119,0,False,False
164,32.8,2690230211040,979.1165864194537,15.830648472327834,0,False,False
164,32.8,2690230211328,1020.4828950369599,16.399580990996068,0,False,False
164,32.8,2690230211232,1015.3540015863178,14.816591338656549,1,False,False
164,32.8,2690230211424,1055.0533832864694,16.08448207265791,1,False,False
164,32.8,2690230210272,1094.33911359256,16.35298741104853,1,False,False
164,32.8,2690230208208,1135.065789374609,16.45321301961414,1,False,False
164,32.8,2690230210704,1061.014548134644,16.603718632716202,0,False,False
164,32.8,2690230210560,1176.5881636342247,16.61059486607537,1,False,False
164,32.8,2690230211280,1101.8916777794707,16.728421679428017,0,False,False
164,32.8,2690230211472,1143.3484594152867,16.793536289701727,0,False,False
164,32.8,2690230210128,1216.8702818245747,16.791608591075658,1,False,False
164,32.8,2690230208784,1186.9151962016533,16.874638952215385,0,False,False
164,32.8,2690230208352,1230.5015779359908,17.016913847131693,0,False,False
164,32.8,2690230210512,1275.4189074818046,17.28262505118888,0,False,False
164,32.8,2690230210080,1319.1592135559279,17.606469142376344,0,False,False
164,32.8,2690230211568,1361.9250623551704,17.917392553636095,0,False,False
164,32.8,2690230208256,1413.574377904949,18.46824982345702,0,False,False
164,32.8,2690230210464,1259.090420826513,17.103860666780168,1,False,False
164,32.8,2690230210224,1472.6481137570017,19.268288935611984,0,False,False
164,32.8,2690230210320,1307.2231940305699,17.638654235800825,1,False,False
164,32.8,2690230210800,1356.2110124000847,18.129818575056966,1,False,False
164,32.8,2690230208640,1402.3126566540334,18.44707487785072,1,False,False
164,32.8,2690230210896,1462.1784072505213,19.211048262616846,1,False,False
164,32.8,2690230210656,1533.2091089912376,19.973888160053345,0,False,False
164,32.8,2690230209936,1530.5221553208244,20.206424047791398,1,False,False
164,32.8,2690230209696,1595.2769783864007,20.86330836214111,1,False,False
164,32.8,2690230210608,1676.1684470716662,21.849420053690856,1,False,False
164,32.8,2690230208400,1593.1834648847373,20.457381718840985,0,False,False
164,32.8,2690230210752,1660.3934590137997,20.995948936613797,0,False,False
164,32.8,2690230208592,1782.2414077243648,23.175010397841458,1,False,False
164,32.8,2690230209984,1738.3476088533628,21.476504231220897,0,False,False
165,33.0,2690230209216,353.98266768085784,2.3117338883081895e-12,0,True,True
165,33.0,2690230209408,343.9826590273987,3.658957055919839e-05,0,False,False
165,33.0,2690230209360,358.98266768085784,1.6155972568431127e-12,0,False,True
165,33.0,2690230209072,664.097338538826,7.771390415647442,0,False,False
165,33.0,2690230209840,639.465899284679,9.996083996676944,0,False,False
165,33.0,2690230209792,714.3673756614804,2.7103444416832327,0,False,False
165,33.0,2690230210992,684.169786676381,5.407662525137357,0,False,False
165,33.0,2690230211520,700.4519481865699,3.5613824771935585,0,False,False
165,33.0,2690230208688,658.1975035105771,7.761668946796602,1,False,False
165,33.0,2690230210416,679.6117961352937,8.39817772614649,1,False,False
165,33.0,2690230209600,727.9502673229612,3.095427756607622,0,False,False
165,33.0,2690230211088,703.1940554463956,9.850181958473067,1,False,False
165,33.0,2690230208304,743.3184793302875,4.473945204403485,0,False,False
165,33.0,2690230209744,761.9388490578294,6.415707833647442,0,False,False
165,33.0,2690230209120,730.1086384203214,11.472233916181997,1,False,False
165,33.0,2690230209552,784.4478560619494,8.5141773586857,0,False,False
165,33.0,2690230210848,760.3669520293992,12.77844334384701,1,False,False
165,33.0,2690230208448,793.4556295554075,13.393153989404889,1,False,False
165,33.0,2690230211376,826.558143797917,12.7879905045508,1,False,False
165,33.0,2690230208736,857.2163762207954,10.978526005457326,1,False,False
165,33.0,2690230208880,883.3735523345175,8.92936790273031,1,False,False
165,33.0,2690230208976,810.795574961422,10.46201334056886,0,False,False
165,33.0,2690230211184,905.6859955937666,8.16645427392586,1,False,False
165,33.0,2690230209024,840.5048641935148,12.11053663909768,0,False,False
165,33.0,2690230210032,873.2849957530401,13.506847374430178,0,False,False
165,33.0,2690230208496,907.6872186678764,14.492115120364014,0,False,False
165,33.0,2690230208928,927.8088369002361,9.076018728610077,1,False,False
165,33.0,2690230208544,953.1460128978698,11.14398645836161,1,False,False
165,33.0,2690230208832,983.4720810235101,13.352602444359523,1,False,False
165,33.0,2690230211136,944.8212653744482,15.36380337188158,0,False,False
165,33.0,2690230211040,982.2853876695892,15.87029680195878,0,False,False
165,33.0,2690230211328,1023.7641726522163,16.41974230820127,0,False,False
165,33.0,2690230211232,1018.324581959995,14.924272150548518,1,False,False
165,33.0,2690230211424,1058.2737040046215,16.134973446686836,1,False,False
165,33.0,2690230210272,1097.611132519276,16.373959148389726,1,False,False
165,33.0,2690230208208,1138.357244136099,16.46532065422846,1,False,False
165,33.0,2690230210704,1064.3359828408588,16.613960367963898,0,False,False
165,33.0,2690230210560,1179.9111387315656,16.62344195694103,1,False,False
165,33.0,2690230211280,1105.237722969317,16.7337921582897,0,False,False
165,33.0,2690230211472,1146.707470784474,16.79810642899638,0,False,False
165,33.0,2690230210128,1220.2297234844966,16.808391929913014,1,False,False
165,33.0,2690230208784,1190.2905632619818,16.881263005300085,0,False,False
165,33.0,2690230208352,1233.9056722365613,17.027617137528807,0,False,False
165,33.0,2690230210512,1278.876450147948,17.29789254696773,0,False,False
165,33.0,2690230210080,1322.6816270407899,17.623240054849763,0,False,False
165,33.0,2690230211568,1365.5096045237897,17.933316995443924,0,False,False
165,33.0,2690230208256,1417.2690034833836,18.482850833395204,0,False,False
165,33.0,2690230210464,1262.5123812585937,17.121649812577306,1,False,False
165,33.0,2690230210224,1476.5026422961498,19.28131866205024,0,False,False
165,33.0,2690230210320,1310.7520514947983,17.65551489675918,1,False,False
165,33.0,2690230210800,1359.837970686699,18.144701628656524,1,False,False
165,33.0,2690230208640,1406.0029344324491,18.459985788928943,1,False,False
165,33.0,2690230210896,1466.021321060156,19.22158596083061,1,False,False
165,33.0,2690230210656,1537.2045761514748,19.98420601934219,0,False,False
165,33.0,2690230209936,1534.5640368546779,20.21535560142283,1,False,False
165,33.0,2690230209696,1599.4500890093873,20.870027461692082,1,False,False
165,33.0,2690230210608,1680.5385873366974,21.853255414099625,1,False,False
165,33.0,2690230208400,1597.2754331590886,20.464743017599947,0,False,False
165,33.0,2690230210752,1664.592926500578,21.000103403063658,0,False,False
165,33.0,2690230208592,1786.876409803933,23.175010397841458,1,False,False
165,33.0,2690230209984,1742.6429096996067,21.476504231220897,0,False,False
166,33.2,2690230209216,353.9826676808582,1.879525270968199e-12,0,True,True
166,33.2,2690230209408,343.9826644230796,3.114917635437305e-05,0,False,False
166,33.2,2690230209360,358.9826676808582,1.3135404067488894e-12,0,False,True
166,33.2,2690230209072,665.6335697640899,7.500059704440027,0,False,False
166,33.2,2690230209840,641.4525119336176,9.804036348603523,0,False,False
166,33.2,2690230209792,714.9074654853576,2.6840324311932697,0,False,False
166,33.2,2690230210992,685.234470770891,5.15621284016985,0,False,False
166,33.2,2690230211520,701.1531646736396,3.398531207867089,0,False,False
166,33.2,2690230208688,659.7508532616218,7.779404579728559,1,False,False
166,33.2,2690230210416,681.2992048710092,8.516183042130095,1,False,False
166,33.2,2690230209600,728.5757673771395,3.194154615711754,0,False,False
166,33.2,2690230211088,705.1746146558141,10.00819894569438,1,False,False
166,33.2,2690230208304,744.2252186473111,4.654635336741324,0,False,False
166,33.2,2690230209744,763.2365267534404,6.634245599959665,0,False,False
166,33.2,2690230209120,732.4125943679867,11.613972805323446,1,False,False
166,33.2,2690230209552,786.1652722143431,8.73260933552242,0,False,False
166,33.2,2690230210848,762.928316275256,12.8619316272601,1,False,False
166,33.2,2690230208448,796.133581463952,13.380751554816328,1,False,False
166,33.2,2690230211376,829.1074039912581,12.66097226917104,1,False,False
166,33.2,2690230208736,859.3993778440827,10.788239886362138,1,False,False
166,33.2,2690230208880,885.151345564897,8.811042614768331,1,False,False
166,33.2,2690230208976,812.9008358299859,10.654111246853532,0,False,False
166,33.2,2690230211184,907.3215556106409,8.203530215479763,1,False,False
166,33.2,2690230209024,842.9373979962362,12.265979705305583,0,False,False
166,33.2,2690230210032,875.9943383756118,13.625484765211695,0,False,False
166,33.2,2690230208496,910.5914406997321,14.578311406398338,0,False,False
166,33.2,2690230208928,929.6349996964957,9.241793983407934,1,False,False
166,33.2,2690230208544,955.3884967838078,11.348967813602185,1,False,False
166,33.2,2690230208832,986.1540356597517,13.522858148267524,1,False,False
166,33.2,2690230211136,947.8979079159635,15.421422135459425,0,False,False
166,33.2,2690230211040,985.4619928244574,15.908079414113725,0,False,False
166,33.2,2690230211328,1027.049405891751,16.43876994745711,0,False,False
166,33.2,2690230211232,1021.31632631619,15.026407493088046,1,False,False
166,33.2,2690230211424,1061.503865404447,16.18165295153895,1,False,False
166,33.2,2690230210272,1100.8872433085037,16.39342311753689,1,False,False
166,33.2,2690230208208,1141.651098862618,16.477114920640584,1,False,False
166,33.2,2690230210704,1067.6594297607448,16.62366902938082,0,False,False
166,33.2,2690230210560,1183.2366849612567,16.636316427193783,1,False,False
166,33.2,2690230211280,1108.5848299776562,16.738983463889184,0,False,False
166,33.2,2690230211472,1150.0673989009697,16.80271945562292,0,False,False
166,33.2,2690230210128,1223.5925170811727,16.825104351007212,1,False,False
166,33.2,2690230208784,1193.667265619307,16.888044154894803,0,False,False
166,33.2,2690230208352,1237.3119161748327,17.038453716024982,0,False,False
166,33.2,2690230210512,1282.337046996227,17.31316893260856,0,False,False
166,33.2,2690230210080,1326.2073875061155,17.639902680792147,0,False,False
166,33.2,2690230211568,1369.0973224731606,17.949105068883764,0,False,False
166,33.2,2690230208256,1420.9665393464413,18.49730357894084,0,False,False
166,33.2,2690230210464,1265.9378889625818,17.1392811141432,1,False,False
166,33.2,2690230210224,1480.359767361558,19.294207665525384,0,False,False
166,33.2,2690230210320,1314.2842695705508,17.67220343665767,1,False,False
166,33.2,2690230210800,1363.467894983313,18.159426331185045,1,False,False
166,33.2,2690230208640,1409.6957851011566,18.472757887983846,1,False,False
166,33.2,2690230210896,1469.8663350463369,19.232013623487024,1,False,False
166,33.2,2690230210656,1541.2020994013171,19.994412085814403,0,False,False
166,33.2,2690230209936,1538.607698931033,20.224200930331047,1,False,False
166,33.2,2690230209696,1603.6245389251828,20.87667889996097,1,False,False
166,33.2,2690230210608,1684.9094921486437,21.85705302869767,1,False,False
166,33.2,2690230208400,1601.3688684192514,20.472025494368168,0,False,False
166,33.2,2690230210752,1668.793221588693,21.004208677134955,0,False,False
166,33.2,2690230208592,1791.5114118835013,23.175010397841458,1,False,False
166,33.2,2690230209984,1746.9382105458506,21.476504231220897,0,False,False
167,33.4,2690230209216,353.9826676808585,1.5281236573442188e-12,0,True,True
167,33.4,2690230209408,343.98266899147774,2.6053949039077427e-05,0,False,False
167,33.4,2690230209360,358.9826676808585,1.0679570003315416e-12,0,False,True
167,33.4,2690230209072,667.1153626773768,7.22634418247288,0,False,False
167,33.4,2690230209840,643.3998237450774,9.598750790551643,0,False,False
167,33.4,2690230209792,715.4433005083739,2.6727764179703044,0,False,False
167,33.4,2690230210992,686.2492684950208,4.9110623186541185,0,False,False
167,33.4,2690230211520,701.8227352883139,3.249657361262208,0,False,False
167,33.4,2690230208688,661.3084927824721,7.808203308090089,1,False,False
167,33.4,2690230210416,683.0106271771796,8.640259041999967,1,False,False
167,33.4,2690230209600,729.2217558983247,3.3039113572628196,0,False,False
167,33.4,2690230211088,707.1868204190692,10.16675257605185,1,False,False
167,33.4,2690230208304,745.1685180275675,4.841551305082678,0,False,False
167,33.4,2690230209744,764.5780532053489,6.854811119689522,0,False,False
167,33.4,2690230209120,734.7446216398848,11.75148317069863,1,False,False
167,33.4,2690230209552,787.9262854037064,8.94963081872606,0,False,False
167,33.4,2690230210848,765.505880307225,12.937901433076652,1,False,False
167,33.4,2690230208448,798.8083862821709,13.358341239552582,1,False,False
167,33.4,2690230211376,831.6306862728698,12.525471375943326,1,False,False
167,33.4,2690230208736,861.5444247369218,10.599757383874765,1,False,False
167,33.4,2690230208880,886.9063464828616,8.705907892191773,1,False,False
167,33.4,2690230208976,815.0442804414289,10.84263270357953,0,False,False
167,33.4,2690230211184,908.9654325685536,8.25401230788202,1,False,False
167,33.4,2690230209024,845.4007334278476,12.417109554155424,0,False,False
167,33.4,2690230210032,878.7271216292515,13.73983318424944,0,False,False
167,33.4,2690230208496,913.5126672607881,14.661009978815366,0,False,False
167,33.4,2690230208928,931.4947205015319,9.413447523689603,1,False,False
167,33.4,2690230208544,957.6718717126871,11.552252856026284,1,False,False
167,33.4,2690230208832,988.8696619636935,13.68739330135985,1,False,False
167,33.4,2690230211136,950.9858936567248,15.476359117884705,0,False,False
167,33.4,2690230211040,988.6460348846239,15.944087676343472,0,False,False
167,33.4,2690230211328,1030.338372722229,16.456733603171887,0,False,False
167,33.4,2690230211232,1024.328136928431,15.123170145402376,1,False,False
167,33.4,2690230211424,1064.7431206078081,16.224751628734957,1,False,False
167,33.4,2690230210272,1104.1671531085562,16.411508062751686,1,False,False
167,33.4,2690230208208,1144.9472938211547,16.488639014870675,1,False,False
167,33.4,2690230210704,1070.984784912599,16.632883580510043,0,False,False
167,33.4,2690230210560,1186.5648082717248,16.64922504337717,1,False,False
167,33.4,2690230211280,1111.9329644386512,16.74401730932455,0,False,False
167,33.4,2690230211472,1153.428252955557,16.80738438750353,0,False,False
167,33.4,2690230210128,1226.95864844093,16.84174595209216,1,False,False
167,33.4,2690230208784,1197.0453346267268,16.89498133202604,0,False,False
167,33.4,2690230208352,1240.72033598733,17.04941727618351,0,False,False
167,33.4,2690230210512,1285.8006994035968,17.32844825768656,0,False,False
167,33.4,2690230210080,1329.736473220707,17.656455946466796,0,False,False
167,33.4,2690230211568,1372.688189003841,17.964757893219875,0,False,False
167,33.4,2690230208256,1424.6669559893837,18.511610274012522,0,False,False
167,33.4,2690230210464,1269.3669125223614,17.156756843214318,1,False,False
167,33.4,2690230210224,1484.2194609761568,19.306958444451755,0,False,False
167,33.4,2690230210320,1317.8198140384463,17.688722905965975,1,False,False
167,33.4,2690230210800,1367.1007538157908,18.173995601995895,1,False,False
167,33.4,2690230208640,1413.3911810664395,18.485393689161924,1,False,False
167,33.4,2690230210896,1473.7134273243746,19.24233307686013,1,False,False
167,33.4,2690230210656,1545.2016565135084,20.00450831736408,0,False,False
167,33.4,2690230209936,1542.6531243939962,20.232961363811633,1,False,False
167,33.4,2690230209696,1607.8003146746362,20.88326376798348,1,False,False
167,33.4,2690230210608,1689.281153997613,21.860813483711862,1,False,False
167,33.4,2690230208400,1605.4637549864074,20.47923042623431,0,False,False
167,33.4,2690230210752,1672.99433449538,21.008265590133835,0,False,False
167,33.4,2690230208592,1796.1464139630696,23.175010397841458,1,False,False
167,33.4,2690230209984,1751.2335113920944,21.476504231220897,0,False,False
168,33.6,2690230209216,353.98266768085887,1.2424211305933441e-12,0,True,True
168,33.6,2690230209408,343.98267278803434,2.133672155441816e-05,0,False,False
168,33.6,2690230209360,358.9826676808588,8.682885952325187e-13,0,False,True
168,33.6,2690230209072,668.5423008539483,6.951166011754332,0,False,False
168,33.6,2690230209840,645.3052316394441,9.38091973018704,0,False,False
168,33.6,2690230209792,715.977873491649,2.6762878310928584,0,False,False
168,33.6,2690230210992,687.215512671188,4.67329672849344,0,False,False
168,33.6,2690230211520,702.4634872425809,3.115215483243246,0,False,False
168,33.6,2690230208688,662.8726110624689,7.847702959973427,1,False,False
168,33.6,2690230210416,684.7472420631564,8.769878291797214,1,False,False
168,33.6,2690230209600,729.8904038609393,3.424172636644396,0,False,False
168,33.6,2690230211088,709.2307470072564,10.325348870068623,1,False,False
168,33.6,2690230208304,746.1495913677267,5.034225762481857,0,False,False
168,33.6,2690230209744,765.963806972828,7.0770006734864745,0,False,False
168,33.6,2690230209120,737.103850318104,11.884405457369187,1,False,False
168,33.6,2690230209552,789.7305926941776,9.164931669516674,0,False,False
168,33.6,2690230210848,768.0981255489133,13.006132489030808,1,False,False
168,33.6,2690230208448,801.4780403991515,13.3259000757981,1,False,False
168,33.6,2690230211376,834.1263348742104,12.38211563173449,1,False,False
168,33.6,2690230208736,863.6519572311983,10.414268858667581,1,False,False
168,33.6,2690230208880,888.6412209968231,8.614356518369439,1,False,False
168,33.6,2690230208976,817.2251821402033,11.027410803416462,0,False,False
168,33.6,2690230211184,910.6202707898902,8.317336958217053,1,False,False
168,33.6,2690230209024,847.8940055764247,12.563895342430147,0,False,False
168,33.6,2690230210032,881.4824920250213,13.849959382882453,0,False,False
168,33.6,2690230208496,916.4502058208559,14.740316594476823,0,False,False
168,33.6,2690230208928,933.3891253772638,9.590238282394145,1,False,False
168,33.6,2690230208544,959.9957636457818,11.753327114400728,1,False,False
168,33.6,2690230208832,991.6178079249902,13.84609696802161,1,False,False
168,33.6,2690230211136,954.0846941541453,15.528732493385132,0,False,False
168,33.6,2690230211040,991.837164886077,15.978409385146056,0,False,False
168,33.6,2690230211328,1033.6308648001327,16.473699267054783,0,False,False
168,33.6,2690230211232,1027.358951265153,15.214741984222842,1,False,False
168,33.6,2690230211424,1067.990768512415,16.264493869891087,1,False,False
168,33.6,2690230210272,1107.450594286097,16.42833483180118,1,False,False
168,33.6,2690230208208,1148.2457776494239,16.499932171446083,1,False,False
168,33.6,2690230210704,1074.3119519503402,16.641640659833687,0,False,False
168,33.6,2690230210560,1189.8955158709707,16.66217319868909,1,False,False
168,33.6,2690230211280,1115.2820962349006,16.748914013326036,0,False,False
168,33.6,2690230211472,1156.7900438889287,16.812109447785343,0,False,False
168,33.6,2690230210128,1230.3281033951937,16.858316622032827,1,False,False
168,33.6,2690230208784,1200.424801401289,16.902073140036418,0,False,False
168,33.6,2690230208352,1244.1309566525365,17.060501563184918,0,False,False
168,33.6,2690230210512,1289.2674075762448,17.343724859927484,0,False,False
168,33.6,2690230210080,1333.268862248836,17.67289892931985,0,False,False
168,33.6,2690230211568,1376.282177141921,17.980276612226955,0,False,False
168,33.6,2690230208256,1428.3702243478033,18.525773095758243,0,False,False
168,33.6,2690230210464,1272.7994209705366,17.17407918875061,1,False,False
168,33.6,2690230210224,1488.081695658269,19.319573433351785,0,False,False
168,33.6,2690230210320,1321.3586512826944,17.70507625872036,1,False,False
168,33.6,2690230210800,1370.7365162874191,18.188412264888917,1,False,False
168,33.6,2690230208640,1417.089095232616,18.497895635383703,1,False,False
168,33.6,2690230210896,1477.5625763718458,19.25254610273384,1,False,False
168,33.6,2690230210656,1549.203225648893,20.014496620139617,0,False,False
168,33.6,2690230209936,1546.700296351608,20.24163820246757,1,False,False
168,33.6,2690230209696,1611.9774030151534,20.889783132194744,1,False,False
168,33.6,2690230210608,1693.6535654901186,21.864537352851332,1,False,False
168,33.6,2690230208400,1609.5600774351906,20.4863590610171,0,False,False
168,33.6,2690230210752,1677.1962556028404,21.01227495409884,0,False,False
168,33.6,2690230208592,1800.7814160426378,23.175010397841458,1,False,False
168,33.6,2690230209984,1755.5288122383383,21.476504231220897,0,False,False
169,33.8,2690230209216,353.982667680859,1.010134394769818e-12,0,True,True
169,33.8,2690230209408,343.982675872647,1.701831151602658e-05,0,False,False
169,33.8,2690230209360,358.982667680859,7.059507867608982e-13,0,False,True
169,33.8,2690230209072,669.9141563466231,6.67550574982409,0,False,False
169,33.8,2690230209840,647.1662768981156,9.151321133118703,0,False,False
169,33.8,2690230209792,716.5141160210434,2.6942278269846502,0,False,False
169,33.8,2690230210992,688.1347503560984,4.4439557550206255,0,False,False
169,33.8,2690230211520,703.0783322640722,2.995564477718093,0,False,False
169,33.8,2690230208688,664.4453224236266,7.897508872840858,1,False,False
169,33.8,2690230210416,686.5101229212584,8.904511714044942,1,False,False
169,33.8,2690230209600,730.5837771264277,3.5544130198472548,0,False,False
169,33.8,2690230211088,711.306370476268,10.483502745614555,1,False,False
169,33.8,2690230208304,747.1695596013411,5.232198867021111,0,False,False
169,33.8,2690230209744,767.3940862164312,7.300415721304218,0,False,False
169,33.8,2690230209120,739.4893396691098,12.012396566639245,1,False,False
169,33.8,2690230209552,791.5778298621822,9.378213026361802,0,False,False
169,33.8,2690230210848,770.7034902536093,13.066417817287762,1,False,False
169,33.8,2690230208448,804.1405379436949,13.283440911251038,1,False,False
169,33.8,2690230211376,836.5928244641392,12.231605523406301,1,False,False
169,33.8,2690230208736,865.7226523551185,10.232941112737837,1,False,False
169,33.8,2690230208880,890.3587063722456,8.536673884214146,1,False,False
169,33.8,2690230208976,819.4427819687129,11.208294900287958,0,False,False
169,33.8,2690230211184,912.2885990304193,8.392899561785763,1,False,False
169,33.8,2690230209024,850.416344308,12.706320319766958,0,False,False
169,33.8,2690230210032,884.2596100572542,13.955939390035208,0,False,False
169,33.8,2690230208496,919.4033851583386,14.816339209784896,0,False,False
169,33.8,2690230208928,935.3191930682074,9.771439078042597,1,False,False
169,33.8,2690230208544,962.3596978283965,11.951709108753372,1,False,False
169,33.8,2690230208832,994.3973015911387,13.998891573212697,1,False,False
169,33.8,2690230211136,957.1938044348791,15.57865787740566,0,False,False
169,33.8,2690230211040,995.0350511865113,16.011128778220474,0,False,False
169,33.8,2690230211328,1036.9266867412503,16.489729379034294,0,False,False
169,33.8,2690230211232,1030.4077436654604,15.301311862070262,1,False,False
169,33.8,2690230211424,1071.2461524157975,16.301096759758185,1,False,False
169,33.8,2690230210272,1110.7373228654785,16.444016659183234,1,False,False
169,33.8,2690230208208,1151.5465065829546,16.511029950416425,1,False,False
169,33.8,2690230210704,1077.6408417077366,16.649974717768746,0,False,False
169,33.8,2690230210560,1193.2288159614882,16.67516505426269,1,False,False
169,33.8,2690230211280,1118.6321992239893,16.75369258052997,0,False,False
169,33.8,2690230211472,1160.1527842357887,16.81690211012517,0,False,False
169,33.8,2690230210128,1233.700867741001,16.87481607431345,1,False,False
169,33.8,2690230208784,1203.805696760272,16.909317881537596,0,False,False
169,33.8,2690230208352,1247.5438019020742,17.07170038640712,0,False,False
169,33.8,2690230210512,1292.737170606733,17.358993357818793,0,False,False
169,33.8,2690230210080,1336.8045324798652,17.689230848827965,0,False,False
169,33.8,2690230211568,1379.879260143723,17.995662391179017,0,False,False
169,33.8,2690230208256,1432.0763157902775,18.539794184700963,0,False,False
169,33.8,2690230210464,1276.2353837723533,17.191250263927405,1,False,False
169,33.8,2690230210224,1491.9464444089704,19.33205500493966,0,False,False
169,33.8,2690230210320,1324.900748272137,17.721266357378965,1,False,False
169,33.8,2690230210800,1374.3751520601381,18.20267905312204,1,False,False
169,33.8,2690230208640,1420.7895009879978,18.5102661013548,1,False,False
169,33.8,2690230210896,1481.4137610197981,19.26265443994322,1,False,False
169,33.8,2690230210656,1553.2067853461958,20.024378850470914,0,False,False
169,33.8,2690230209936,1550.749198170159,20.250232719039104,1,False,False
169,33.8,2690230209696,1616.1557909158241,20.896238035152297,1,False,False
169,33.8,2690230210608,1698.0267193465988,21.868225197648705,1,False,False
169,33.8,2690230208400,1613.6578205878952,20.49341261816755,0,False,False
169,33.8,2690230210752,1681.398975454431,21.016237562378663,0,False,False
169,33.8,2690230208592,1805.416418122206,23.175010397841458,1,False,False
169,33.8,2690230209984,1759.8241130845822,21.476504231220897,0,False,False
170,34.0,2690230209216,353.98266768085915,8.212766753328535e-13,0,True,True
170,34.0,2690230209408,343.98267830788785,1.31091255018132e-05,0,False,False
170,34.0,2690230209360,358.98266768085915,5.739641359620457e-13,0,False,True
170,34.0,2690230209072,671.2309006599744,6.400391546063129,0,False,False
170,34.0,2690230209840,648.9806622163553,8.910818665302914,0,False,False
170,34.0,2690230209792,717.0548889417672,2.7262145725164415,0,False,False
170,34.0,2690230210992,689.0087329573748,4.224023256709609,0,False,False
170,34.0,2690230211520,703.6702475691654,2.8909694015063767,0,False,False
170,34.0,2690230208688,666.0286603184928,7.95719827080593,1,False,False
170,34.0,2690230210416,688.3002372882778,9.043629908492486,1,False,False
170,34.0,2690230209600,731.303836586717,3.694109285060124,0,False,False
170,34.0,2690230211088,713.4135705020672,10.64073885135711,1,False,False
170,34.0,2690230208304,748.2294521716638,5.435017843260239,0,False,False
170,34.0,2690230209744,768.8691097369157,7.524662978100932,0,False,False
170,34.0,2690230209120,741.9000814406629,12.1351299166468,1,False,False
170,34.0,2690230209552,793.4675737054116,9.589188113627115,0,False,False
170,34.0,2690230210848,773.3203721765761,13.11856398155356,1,False,False
170,34.0,2690230208448,806.7938781957987,13.231016171854538,1,False,False
170,34.0,2690230211376,839.028774521008,12.074711447929094,1,False,False
170,34.0,2690230208736,867.7574182551784,10.056904531877276,1,False,False
170,34.0,2690230208880,892.0615899575578,8.473041330409083,1,False,False
170,34.0,2690230208976,821.6962919387107,11.385150873996924,0,False,False
170,34.0,2690230211184,913.9728227789432,8.4800619027155,1,False,False
170,34.0,2690230209024,852.9668770517223,12.844381309098084,0,False,False
170,34.0,2690230210032,887.0576519935909,14.057857527798392,0,False,False
170,34.0,2690230208496,922.3715557534008,14.889187290400995,0,False,False
170,34.0,2690230208928,937.2857579094411,9.956338546517474,1,False,False
170,34.0,2690230208544,964.7631054809353,12.146951712606516,1,False,False
170,34.0,2690230208832,997.2069576413066,14.145731380119415,1,False,False
170,34.0,2690230211136,960.312742461704,15.626248018639979,0,False,False
170,34.0,2690230211040,998.2393787554565,16.042326566941362,0,False,False
170,34.0,2690230211328,1040.2256554204598,16.504882979462312,0,False,False
170,34.0,2690230211232,1033.4735266011005,15.383073646267542,1,False,False
170,34.0,2690230211424,1074.508658517748,16.33476956404048,1,False,False
170,34.0,2690230210272,1114.0271170257304,16.458659463287102,1,False,False
170,34.0,2690230208208,1154.8494437384506,16.52196450749626,1,False,False
170,34.0,2690230210704,1080.9713717695515,16.65791814646914,0,False,False
170,34.0,2690230210560,1196.5647175026884,16.68820366934481,1,False,False
170,34.0,2690230211280,1121.9832509807682,16.75837077686531,0,False,False
170,34.0,2690230211472,1163.5164879778429,16.821769141482125,0,False,False
170,34.0,2690230210128,1237.0769272079713,16.891243876975874,1,False,False
170,34.0,2690230208784,1207.1880511627649,16.916713583988876,0,False,False
170,34.0,2690230208352,1250.9588942343184,17.083007630795837,0,False,False
170,34.0,2690230210512,1296.2099865296418,17.374248642943734,0,False,False
170,34.0,2690230210080,1340.3434616560642,17.705451057742,0,False,False
170,34.0,2690230211568,1383.47941149991,18.010916414039958,0,False,False
170,34.0,2690230208256,1435.785202111057,18.553675644944295,0,False,False
170,34.0,2690230210464,1279.674770810971,17.208272112433207,1,False,False
170,34.0,2690230210224,1495.813680699865,19.34440547213076,0,False,False
170,34.0,2690230210320,1328.4460725422405,17.73729597737464,1,False,False
170,34.0,2690230210800,1378.0166313367477,18.216798614099382,1,False,False
170,34.0,2690230208640,1424.4923721914386,18.522507396404237,1,False,False
170,34.0,2690230210896,1485.2669604442597,19.27265978584144,1,False,False
170,34.0,2690230210656,1557.2123145121818,20.034156816703486,0,False,False
170,34.0,2690230209936,1554.7998134686727,20.258746159201248,1,False,False
170,34.0,2690230209696,1620.3354655526944,20.902629496232457,1,False,False
170,34.0,2690230210608,1702.400608399004,21.871877567789976,1,False,False
170,34.0,2690230208400,1617.7569695088587,20.500392289634654,0,False,False
170,34.0,2690230210752,1685.6024847509598,21.020154190188492,0,False,False
170,34.0,2690230208592,1810.0514202017744,23.175010397841458,1,False,False
170,34.0,2690230209984,1764.119413930826,21.476504231220897,0,False,False
171,34.2,2690230209216,353.9826676808593,6.677283547002519e-13,0,True,True
171,34.2,2690230209408,343.98268015746737,9.6106830778806e-06,0,False,False
171,34.2,2690230209360,358.9826676808593,4.666541004681047e-13,0,False,True
171,34.2,2690230209072,672.4927135000304,6.126887445829361,0,False,False
171,34.2,2690230209840,650.7462687275403,8.660360288449269,0,False,False
171,34.2,2690230209792,717.6029742309643,2.7718302203841274,0,False,False
171,34.2,2690230210992,689.8394044806317,4.014418729277904,0,False,False
171,34.2,2690230211520,704.242257274605,2.8016044251972616,0,False,False
171,34.2,2690230208688,667.6245719842148,8.026324347831235,1,False,False
171,34.2,2690230210416,690.1184468619197,9.186704340602386,1,False,False
171,34.2,2690230209600,732.0524387333921,3.842742216809894,0,False,False
171,34.2,2690230211088,715.5521323814816,10.79659238151161,1,False,False
171,34.2,2690230208304,749.3302084127181,5.642236491158113,0,False,False
171,34.2,2690230209744,770.3890180383595,7.749354626695989,0,False,False
171,34.2,2690230209120,744.3350031636442,12.252295396498232,1,False,False
171,34.2,2690230209552,795.3993445149229,9.797583067160442,0,False,False
171,34.2,2690230210848,775.9471313111937,13.16239155792176,1,False,False
171,34.2,2690230208448,809.4360737600546,13.16872174327435,1,False,False
171,34.2,2690230211376,841.4329630569451,11.912269532106135,1,False,False
171,34.2,2690230208736,869.7573860929606,9.887240984504988,1,False,False
171,34.2,2690230208880,893.7526886577544,8.423540634504075,1,False,False
171,34.2,2690230208976,823.9848983487241,11.5578612899977,0,False,False
171,34.2,2690230211184,915.6752179975825,8.57815895602163,1,False,False
171,34.2,2690230209024,855.5447314757442,12.978088108628201,0,False,False
171,34.2,2690230210032,889.8758114677116,14.155805423566639,0,False,False
171,34.2,2690230208496,925.3540900463662,14.958971170711221,0,False,False
171,34.2,2690230208928,939.2895131124649,10.144242955265625,1,False,False
171,34.2,2690230208544,967.2053307526106,12.338643358543683,1,False,False
171,34.2,2690230208832,1000.0455836417743,14.286600765241626,1,False,False
171,34.2,2690230211136,963.4410485424711,15.67161254509281,0,False,False
171,34.2,2690230211040,1001.4498484720941,16.07207998612686,0,False,False
171,34.2,2690230211328,1043.5275993019661,16.519215861248842,0,False,False
171,34.2,2690230211232,1036.555351557394,15.460224426522622,1,False,False
171,34.2,2690230211424,1077.7777143292426,16.365713347805194,1,False,False
171,34.2,2690230210272,1117.319775657659,16.472362152833906,1,False,False
171,34.2,2690230208208,1158.154558450083,16.532764847908012,1,False,False
171,34.2,2690230210704,1084.3034660681776,16.665501402565532,0,False,False
171,34.2,2690230210560,1199.9032299986577,16.701291121070017,1,False,False
171,34.2,2690230211280,1125.3352325543954,16.762965200330502,0,False,False
171,34.2,2690230211472,1166.8811704051905,16.826716642584838,0,False,False
171,34.2,2690230210128,1240.4562674310428,16.907599479315813,1,False,False
171,34.2,2690230208784,1210.571894656272,16.924258023962505,0,False,False
171,34.2,2690230208352,1254.3762549302103,17.094417267089074,0,False,False
171,34.2,2690230210512,1299.6858523756682,17.389485872095634,0,False,False
171,34.2,2690230210080,1343.885627398701,17.721559033720844,0,False,False
171,34.2,2690230211568,1387.0826049390462,18.02603988084512,0,False,False
171,34.2,2690230208256,1439.4968555227986,18.567419544431374,0,False,False
171,34.2,2690230210464,1283.1175523739537,17.22514671414012,1,False,False
171,34.2,2690230210224,1499.6833784612531,19.356627089978925,0,False,False
171,34.2,2690230210320,1331.9945921779797,17.753167811385502,1,False,False
171,34.2,2690230210800,1381.6609248440348,18.23077351375708,1,False,False
171,34.2,2690230208640,1428.1976831594388,18.534621767161866,1,False,False
171,34.2,2690230210896,1489.1221541580364,19.28256379769709,1,False,False
171,34.2,2690230210656,1561.2197924121774,20.043832280944752,0,False,False
171,34.2,2690230209936,1558.8521261135431,20.267179742330644,1,False,False
171,34.2,2690230209696,1624.5164143041752,20.90895851230128,1,False,False
171,34.2,2690230210608,1706.7752255884493,21.87549500143352,1,False,False
171,34.2,2690230208400,1621.8575094990192,20.507299240696444,0,False,False
171,34.2,2690230210752,1689.8067743470979,21.024025595145805,0,False,False
171,34.2,2690230208592,1814.6864222813426,23.175010397841458,1,False,False
171,34.2,2690230209984,1768.41471477707,21.476504231220897,0,False,False
172,34.4,2690230209216,353.9826676808595,5.428878830511085e-13,0,True,True
172,34.4,2690230209408,343.9826814849296,6.517046910611428e-06,0,False,False
172,34.4,2690230209360,358.98266768085944,3.7940706716577174e-13,0,False,True
172,34.4,2690230209072,673.6999891406255,5.856081099257393,0,False,False
172,34.4,2690230209840,652.4611726556259,8.400975129137269,0,False,False
172,34.4,2690230209792,718.1610682387941,2.83062746360642,0,False,False
172,34.4,2690230210992,690.6288881536548,3.8159900451554156,0,False,False
172,34.4,2690230211520,704.7974144723796,2.7275568295215042,0,False,False
172,34.4,2690230208688,669.2349138926126,8.104420038646813,1,False,False
172,34.4,2690230210416,691.9655077474816,9.333208423729113,1,False,False
172,34.4,2690230209600,732.8313365546528,3.999797946774966,0,False,False
172,34.4,2690230211088,717.7217491943918,10.950609865655025,1,False,False
172,34.4,2690230208304,750.4726788304656,5.8534146770007265,0,False,False
172,34.4,2690230209744,771.9538744432456,7.974108672115253,0,False,False
172,34.4,2690230209120,746.792971438091,12.363599223890072,1,False,False
172,34.4,2690230209552,797.3726087125574,10.00313775889166,0,False,False
172,34.4,2690230210848,778.5820927358347,13.197735860701245,1,False,False
172,34.4,2690230208448,812.0651595178628,13.096700864740004,1,False,False
172,34.4,2690230211376,843.8043394122541,11.745176052554728,1,False,False
172,34.4,2690230208736,871.7238995857585,9.724972734197992,1,False,False
172,34.4,2690230208880,895.4348293713863,8.388159442483564,1,False,False
172,34.4,2690230208976,826.3077651261605,11.726325449185326,0,False,False
172,34.4,2690230211184,917.3979261816069,8.68650507611284,1,False,False
172,34.4,2690230209024,858.1490380387436,13.107462824526001,0,False,False
172,34.4,2690230210032,892.7133008749158,14.249881031096857,0,False,False
172,34.4,2690230208496,928.3503825714201,15.025801464756649,0,False,False
172,34.4,2690230208928,941.3310144080552,10.334477936906307,1,False,False
172,34.4,2690230208544,969.6856379036251,12.526409045161019,1,False,False
172,34.4,2690230208832,1002.9119859444014,14.42151232053779,1,False,False
172,34.4,2690230211136,966.5782846916611,15.714857760151377,0,False,False
172,34.4,2690230211040,1004.66617643404,16.10046285840972,0,False,False
172,34.4,2690230211328,1046.8323577998985,16.532780720778877,0,False,False
172,34.4,2690230211232,1039.6523095671378,15.53296289472394,1,False,False
172,34.4,2690230211424,1081.0527870130177,16.394120710389554,1,False,False
172,34.4,2690230210272,1120.6151169826448,16.48521693860753,1,False,False
172,34.4,2690230208208,1161.461825655497,16.543457064555387,1,False,False
172,34.4,2690230210704,1087.6370545043565,16.67275312301849,0,False,False
172,34.4,2690230210560,1203.24436330921,16.714428614498722,1,False,False
172,34.4,2690230211280,1128.688128239243,16.76749134743149,0,False,False
172,34.4,2690230211472,1170.2468479856627,16.831750086227775,0,False,False
172,34.4,2690230210128,1243.8388739283482,16.92388223562231,1,False,False
172,34.4,2690230208784,1213.9572568280885,16.931948750152046,0,False,False
172,34.4,2690230208352,1257.7959040710393,17.10592336095818,0,False,False
172,34.4,2690230210512,1303.1647642241317,17.404700459224845,0,False,False
172,34.4,2690230210080,1347.4310072324865,17.73755437134831,0,False,False
172,34.4,2690230211568,1390.688814430647,18.04103400526347,0,False,False
172,34.4,2690230208256,1443.211248649352,18.58102791525047,0,False,False
172,34.4,2690230210464,1286.5636991408528,17.241875990207543,1,False,False
172,34.4,2690230210224,1503.5555120706863,19.3687220575438,0,False,False
172,34.4,2690230210320,1335.546275797558,17.768884473341906,1,False,False
172,34.4,2690230210800,1385.308003816757,18.24460624066687,1,False,False
172,34.4,2690230208640,1431.9054086537774,18.54661140008595,1,False,False
172,34.4,2690230210896,1492.9793220027857,19.292368094026145,1,False,False
172,34.4,2690230210656,1565.229198660935,20.05340696072747,0,False,False
172,34.4,2690230209936,1562.9061202133248,20.2755346622434,1,False,False
172,34.4,2690230209696,1628.6986247465838,20.915226058361238,1,False,False
172,34.4,2690230210608,1711.1505639629277,21.879078025518577,1,False,False
172,34.4,2690230208400,1625.9594260906333,20.5141346107582,0,False,False
172,34.4,2690230210752,1694.0118352478928,21.027852517786634,0,False,False
172,34.4,2690230208592,1819.321424360911,23.175010397841458,1,False,False
172,34.4,2690230209984,1772.710015623314,21.476504231220897,0,False,False
173,34.6,2690230209216,353.98266768085955,4.413879558791828e-13,0,True,True
173,34.6,2690230209408,343.9826823525647,3.816149312474945e-06,0,False,False
173,34.6,2690230209360,358.98266768085955,3.084719977193712e-13,0,False,True
173,34.6,2690230209072,674.8533403075945,5.589071178688198,0,False,False
173,34.6,2690230209840,654.1236612325603,8.13376853099079,0,False,False
173,34.6,2690230209792,718.7317762076601,2.9021355823851587,0,False,False
173,34.6,2690230210992,691.3794716855263,3.629507503382645,0,False,False
173,34.6,2690230211520,705.3387841654654,2.668831891754693,0,False,False
173,34.6,2690230208688,670.8614479331616,8.191001470018286,1,False,False
173,34.6,2690230210416,693.8420709151353,9.48261851879535,1,False,False
173,34.6,2690230209600,733.6421806731266,4.164768897629085,0,False,False
173,34.6,2690230211088,719.9220241218162,11.102349925611083,1,False,False
173,34.6,2690230208304,751.657626282613,6.068117837818775,0,False,False
173,34.6,2690230209744,773.5636662879158,8.198549438254137,0,False,False
173,34.6,2690230209120,749.272795185043,12.468763720725917,1,False,False
173,34.6,2690230209552,799.3867816522658,10.205606602124439,0,False,False
173,34.6,2690230210848,781.2235496243236,13.224447949736124,1,False,False
173,34.6,2690230208448,814.679202353022,13.01514791337381,1,False,False
173,34.6,2690230211376,846.1420358431911,11.574380514908867,1,False,False
173,34.6,2690230208736,873.6585024087855,9.571052581076774,1,False,False
173,34.6,2690230208880,897.1108305663046,8.366797442105522,1,False,False
173,34.6,2690230208976,828.6640371718773,11.89045932491534,0,False,False
173,34.6,2690230211184,919.1429506163423,8.804399580068587,1,False,False
173,34.6,2690230209024,860.7789324038783,13.23253914433418,0,False,False
173,34.6,2690230210032,895.569352573097,14.340187671647417,0,False,False
173,34.6,2690230208496,931.3598499759775,15.089788529427672,0,False,False
173,34.6,2690230208928,943.4106840319185,10.526390168659754,1,False,False
173,34.6,2690230208544,972.2032186734691,12.709911106830733,1,False,False
173,34.6,2690230208832,1005.804975195663,14.550504815140409,1,False,False
173,34.6,2690230211136,969.7240339542749,15.756086484525163,0,False,False
173,34.6,2690230211040,1007.8880932798463,16.12754567075847,0,False,False
173,34.6,2690230211328,1050.139780668961,16.54562730664933,0,False,False
173,34.6,2690230211232,1042.763531431974,15.60148789698078,1,False,False
173,34.6,2690230211424,1084.3333816781799,16.420175623096515,1,False,False
173,34.6,2690230210272,1123.9129772339584,16.497309647089544,1,False,False
173,34.6,2690230208208,1164.771225328444,16.55406456119574,1,False,False
173,34.6,2690230210704,1090.9720725906195,16.67970023429459,0,False,False
173,34.6,2690230210560,1206.5881274823312,16.727616583557733,1,False,False
173,34.6,2690230211280,1132.0419253588143,16.771963675543173,0,False,False
173,34.6,2690230211472,1173.6135382416817,16.836874353539695,0,False,False
173,34.6,2690230210128,1247.2247320836545,16.940091426224274,1,False,False
173,34.6,2690230208784,1217.3441667611958,16.939783105176193,0,False,False
173,34.6,2690230208352,1261.2178605579866,17.1175200811263,0,False,False
173,34.6,2690230210512,1306.6467172538619,17.419888067266243,0,False,False
173,34.6,2690230210080,1350.9795786084453,17.75343677452499,0,False,False
173,34.6,2690230211568,1394.298014187752,18.055900012330437,0,False,False
173,34.6,2690230208256,1446.9283545186122,18.59450275398162,0,False,False
173,34.6,2690230210464,1290.01318217178,17.258461807674244,1,False,False
173,34.6,2690230210224,1507.4300563418888,19.380692519690303,0,False,False
173,34.6,2690230210320,1339.1010925369117,17.784448502187235,1,False,False
173,34.6,2690230210800,1388.9578399824306,18.258299209876146,1,False,False
173,34.6,2690230208640,1435.6155238696383,18.55847842385102,1,False,False
173,34.6,2690230210896,1496.8384441413502,19.302074255862717,1,False,False
173,34.6,2690230210656,1569.240513213825,20.062882530595026,0,False,False
173,34.6,2690230209936,1566.9617801136687,20.283812087905375,1,False,False
173,34.6,2690230209696,1632.8820846498127,20.921433088174705,1,False,False
173,34.6,2690230210608,1715.5266166750885,21.88262715606372,1,False,False
173,34.6,2690230208400,1630.062705042154,20.520899514119442,0,False,False
173,34.6,2690230210752,1698.217658605387,21.03163568206307,0,False,False
173,34.6,2690230208592,1823.9564264404792,23.175010397841458,1,False,False
173,34.6,2690230209984,1777.0053164695578,21.476504231220897,0,False,False
174,34.8,2690230209216,353.98266768085955,3.588647558318452e-13,0,True,True
174,34.8,2690230209408,343.9826828205212,1.491008901718531e-06,0,False,False
174,34.8,2690230209360,358.98266768085955,2.507991590346532e-13,0,False,True
174,34.8,2690230209072,675.9535995425625,5.326954802227507,0,False,False
174,34.8,2690230209840,655.7322475104004,7.859915290013136,0,False,False
174,34.8,2690230209792,719.3176079636388,2.9858659227706044,0,False,False
174,34.8,2690230210992,692.0935914237208,3.4556591988126573,0,False,False
174,34.8,2690230211520,705.8694272320716,2.625358504196108,0,False,False
174,34.8,2690230208688,672.5058382649595,8.285571094354287,1,False,False
174,34.8,2690230210416,695.748682852762,9.634414872647843,1,False,False
174,34.8,2690230209600,734.4865206489303,4.337154386605356,0,False,False
174,34.8,2690230211088,722.1524729127071,11.251383990233249,1,False,False
174,34.8,2690230208304,752.8857270617019,6.285916527784833,0,False,False
174,34.8,2690230209744,775.2183062267278,8.422308204056613,0,False,False
174,34.8,2690230209120,751.7732288489959,12.567527025704388,1,False,False
174,34.8,2690230209552,801.4412305802539,10.40475931924063,0,False,False
174,34.8,2690230210848,783.8697664777288,13.242395939498874,1,False,False
174,34.8,2690230208448,817.2763116199865,12.924311944471274,1,False,False
174,34.8,2690230211376,848.4453776413876,11.400877498935865,1,False,False
174,34.8,2690230208736,875.5629237166398,9.426355399589749,1,False,False
174,34.8,2690230208880,898.7834851291688,8.359273079426286,1,False,False
174,34.8,2690230208976,831.0528436845981,12.050195386821947,0,False,False
174,34.8,2690230211184,920.9121537116721,8.931131752720658,1,False,False
174,34.8,2690230209024,863.4335577040155,13.353361561646945,0,False,False
174,34.8,2690230210032,898.4432198938027,14.426833105020933,0,False,False
174,34.8,2690230208496,934.3819309361776,15.15104197990594,0,False,False
174,34.8,2690230208928,945.5288150435218,10.719349013596482,1,False,False
174,34.8,2690230208544,974.7571997855869,12.888849713022406,1,False,False
174,34.8,2690230208832,1008.7233714304335,14.673641050842313,1,False,False
174,34.8,2690230211136,972.8778997009537,15.795397939883458,0,False,False
174,34.8,2690230211040,1011.1153435274996,16.15339566092702,0,False,False
174,34.8,2690230211328,1053.449727424641,16.55780256543053,0,False,False
174,34.8,2690230211232,1045.888187665511,15.66599715485835,1,False,False
174,34.8,2690230211424,1087.6190396485233,16.44405335657657,1,False,False
174,34.8,2690230210272,1127.2132094007793,16.508720033153136,1,False,False
174,34.8,2690230208208,1168.0827419550833,16.56460826130224,1,False,False
174,34.8,2690230210704,1094.3084611161319,16.68636805510131,0,False,False
174,34.8,2690230210560,1209.9345326062378,16.74085478349104,1,False,False
174,34.8,2690230211280,1135.3966140618738,16.7763956614472,0,False,False
174,34.8,2690230211472,1176.9812596342467,16.84209376835647,0,False,False
174,34.8,2690230210128,1250.613827132845,16.956226276088003,1,False,False
174,34.8,2690230208784,1220.7326529944394,16.947758246227043,0,False,False
174,34.8,2690230208352,1264.6421421332261,17.12920170652361,0,False,False
174,34.8,2690230210512,1310.1317057924477,17.435044599890823,0,False,False
174,34.8,2690230210080,1354.5313189252918,17.769206049226188,0,False,False
174,34.8,2690230211568,1397.910178669055,18.07063913634184,0,False,False
174,34.8,2690230208256,1450.6481465554427,18.607846022078878,0,False,False
174,34.8,2690230210464,1293.4659728968636,17.274905983588837,1,False,False
174,34.8,2690230210224,1511.3069865140349,19.3925405688225,0,False,False
174,34.8,2690230210320,1342.659012034951,17.7998623654088,1,False,False
174,34.8,2690230210800,1392.6104055468666,18.271854766502198,1,False,False
174,34.8,2690230208640,1439.328004424206,18.570224911605447,1,False,False
174,34.8,2690230210896,1500.699501050345,19.311683827972207,1,False,False
174,34.8,2690230210656,1573.2537163583386,20.072260623612916,0,False,False
174,34.8,2690230209936,1571.0190903923976,20.292013164116298,1,False,False
174,34.8,2690230209696,1637.0667819731223,20.92758053486524,1,False,False
174,34.8,2690230210608,1719.9033769800717,21.886142898455592,1,False,False
174,34.8,2690230208400,1634.1673323332589,20.52759504071126,0,False,False
174,34.8,2690230210752,1702.4242357153325,21.03537579582284,0,False,False
174,34.8,2690230208592,1828.5914285200474,23.175010397841458,1,False,False
174,34.8,2690230209984,1781.3006173158017,21.476504231220897,0,False,False
175,35.0,2690230209216,353.98266768085955,2.9177033777854325e-13,0,True,True
175,35.0,2690230209408,343.9826829461015,-4.791659321947689e-07,0,False,False
175,35.0,2690230209360,358.98266768085955,2.0390900515291508e-13,0,False,True
175,35.0,2690230209072,677.0018180665055,5.070815242439215,0,False,False
175,35.0,2690230209840,657.2856837065647,7.5806511626781035,0,False,False
175,35.0,2690230209792,719.9209746637314,3.0813167713044525,0,False,False
175,35.0,2690230210992,692.7738156724982,3.2950476984230153,0,False,False
175,35.0,2690230211520,706.3923855537854,2.596995357983812,0,False,False
175,35.0,2690230208688,674.1696487746948,8.387620515446896,1,False,False
175,35.0,2690230210416,697.685786403338,9.78808251328073,1,False,False
175,35.0,2690230209600,735.365806383654,4.516460944346565,0,False,False
175,35.0,2690230211088,724.412526490395,11.397296958361332,1,False,False
175,35.0,2690230208304,754.157571891622,6.506386032121884,0,False,False
175,35.0,2690230209744,776.9176336724389,8.645023972691597,0,False,False
175,35.0,2690230209120,754.2929755398429,12.659642767048984,1,False,False
175,35.0,2690230209552,803.5352777452356,10.600381654046226,0,False,False
175,35.0,2690230210848,786.518982638808,13.251466622490964,1,False,False
175,35.0,2690230208448,819.8546502965182,12.824499844347448,1,False,False
175,35.0,2690230211376,850.7138915475617,11.225697420895399,1,False,False
175,35.0,2690230208736,877.4390620718732,9.29167118982811,1,False,False
175,35.0,2690230208880,900.4555445845882,8.365330629745799,1,False,False
175,35.0,2690230208976,833.4733014426253,12.205482313297876,0,False,False
175,35.0,2690230211184,922.7072553010543,9.065985314638496,1,False,False
175,35.0,2690230209024,866.1120666492066,13.469984562873492,0,False,False
175,35.0,2690230210032,901.334177969944,14.50992863891589,0,False,False
175,35.0,2690230208496,937.4160859789196,15.209670256628579,0,False,False
175,35.0,2690230208928,947.6855759710136,10.912748129784939,1,False,False
175,35.0,2690230208544,977.346650532455,13.062963070893092,1,False,False
175,35.0,2690230208832,1011.6660087315869,14.791005646071412,1,False,False
175,35.0,2690230211136,976.0395049023919,15.832887670065208,0,False,False
175,35.0,2690230211040,1014.3476849307666,16.1780769118348,0,False,False
175,35.0,2690230211328,1056.7620667923377,16.569350783805543,0,False,False
175,35.0,2690230211232,1049.0254881916985,15.72668615021098,1,False,False
175,35.0,2690230211424,1090.9093367216558,16.465920485560716,1,False,False
175,35.0,2690230210272,1130.5156820345637,16.51952208945294,1,False,False
175,35.0,2690230208208,1171.3963640511379,16.575106803316412,1,False,False
175,35.0,2690230210704,1097.6461658316673,16.692780392935823,0,False,False
175,35.0,2690230210560,1213.283588679389,16.754142375398192,1,False,False
175,35.0,2690230211280,1138.7521871300453,16.780799856288596,0,False,False
175,35.0,2690230211472,1180.3500314536748,16.847412129820125,0,False,False
175,35.0,2690230210128,1254.0061441539697,16.972285971190797,1,False,False
175,35.0,2690230208784,1224.1227434867633,16.955871164608762,0,False,False
175,35.0,2690230208352,1268.0687654023952,17.140962632536887,0,False,False
175,35.0,2690230210512,1313.6197233638316,17.450166193220944,0,False,False
175,35.0,2690230210080,1358.0862055493812,17.78486209661622,0,False,False
175,35.0,2690230211568,1401.5252825806238,18.085252618899716,0,False,False
175,35.0,2690230208256,1454.3705985746774,18.621059646283484,0,False,False
175,35.0,2690230210464,1296.9220431065046,17.291210288724056,1,False,False
175,35.0,2690230210224,1515.18627824137,19.404268246553965,0,False,False
175,35.0,2690230210320,1346.2200044194938,17.815128462353986,1,False,False
175,35.0,2690230210800,1396.265673180414,18.285275189097106,1,False,False
175,35.0,2690230208640,1443.0428263457047,18.581852883107427,1,False,False
175,35.0,2690230210896,1504.5624735129798,19.321198320010375,1,False,False
175,35.0,2690230210656,1577.2687887058905,20.08154283281059,0,False,False
175,35.0,2690230209936,1575.0780358547172,20.300139012169044,1,False,False
175,35.0,2690230209696,1641.2527048610518,20.93366931149762,1,False,False
175,35.0,2690230210608,1724.2808382334003,21.889625747728395,1,False,False
175,35.0,2690230208400,1638.2732941600245,20.534222256805496,0,False,False
175,35.0,2690230210752,1706.6315580140015,21.039073551271755,0,False,False
175,35.0,2690230208592,1833.2264305996157,23.175010397841458,1,False,False
175,35.0,2690230209984,1785.5959181620456,21.476504231220897,0,False,False
176,35.2,2690230209216,353.98266768085955,2.372200909227623e-13,0,True,True
176,35.2,2690230209408,343.9826827832233,-2.117987596968129e-06,0,False,False
176,35.2,2690230209360,358.98266768085955,1.65785573374696e-13,0,False,True
176,35.2,2690230209072,677.9992622173116,4.821710171008105,0,False,False
176,35.2,2690230209840,658.7829727456381,7.297262819827242,0,False,False
176,35.2,2690230209792,720.5441864769228,3.1879776121076966,0,False,False
176,35.2,2690230210992,693.4228274322934,3.148187995420413,0,False,False
176,35.2,2690230211520,706.9106684093183,2.5835375214566167,0,False,False
176,35.2,2690230208688,675.8543410800311,8.4966330223704,1,False,False
176,35.2,2690230210416,699.6537217792888,9.943112116855218,1,False,False
176,35.2,2690230209600,736.281389571922,4.702202402423524,0,False,False
176,35.2,2690230211088,726.7015336876647,11.539687800344163,1,False,False
176,35.2,2690230208304,755.4736668525998,6.729106071092088,0,False,False
176,35.2,2690230209744,778.6614163987869,8.866344363468974,0,False,False
176,35.2,2690230209120,756.8306901080759,12.74487972229933,1,False,False
176,35.2,2690230209552,805.6682036465842,10.792276011956004,0,False,False
176,35.2,2690230210848,789.1694161523311,13.25156741024586,1,False,False
176,35.2,2690230208448,822.4124467334382,12.716078948254326,1,False,False
176,35.2,2690230211376,852.9473122551398,11.049896403654802,1,False,False
176,35.2,2690230208736,879.2889680885353,9.167699708759766,1,False,False
176,35.2,2690230208880,902.129704742924,8.384647448862196,1,False,False
176,35.2,2690230208976,835.9245180208206,12.356284596668857,0,False,False
176,35.2,2690230211184,924.5298318009095,9.208242403763853,1,False,False
176,35.2,2690230209024,868.8136234695509,13.582471786914414,0,False,False
176,35.2,2690230210032,904.2415243883003,14.589588283544327,0,False,False
176,35.2,2690230208496,940.4617972206584,15.265780242447832,0,False,False
176,35.2,2690230208928,949.8810157757397,11.106007044291202,1,False,False
176,35.2,2690230208544,979.9705903803964,13.232027313090544,1,False,False
176,35.2,2690230208832,1014.6317394434047,14.902702782502004,1,False,False
176,35.2,2690230211136,979.2084913902868,15.868647495841959,0,False,False
176,35.2,2690230211040,1017.5848878548505,16.201650452092775,0,False,False
176,35.2,2690230211328,1060.0766761846494,16.580313726571546,0,False,False
176,35.2,2690230211232,1052.1746818306933,15.783747165992812,1,False,False
176,35.2,2690230211424,1094.2038814336277,16.48593495948566,1,False,False
176,35.2,2690230210272,1133.8202781169687,16.529784350573884,1,False,False
176,35.2,2690230208208,1174.7120837172308,16.58557672299124,1,False,False
176,35.2,2690230210704,1100.9851371534937,16.69895963471592,0,False,False
176,35.2,2690230210560,1216.635305496908,16.7674780034076,1,False,False
176,35.2,2690230211280,1142.108639796172,16.78518793718269,0,False,False
176,35.2,2690230211472,1183.7198737167475,16.852832743316608,0,False,False
176,35.2,2690230210128,1257.4016680604334,16.988269672878154,1,False,False
176,35.2,2690230208784,1227.514465585278,16.964118704210023,0,False,False
176,35.2,2690230208352,1271.4977458582584,17.152797376409453,0,False,False
176,35.2,2690230210512,1317.1107627342471,17.465249207544794,0,False,False
176,35.2,2690230210080,1361.644215833306,17.80040490650882,0,False,False
176,35.2,2690230211568,1405.1433008772387,18.099741707101263,0,False,False
176,35.2,2690230208256,1458.0956847742066,18.6341455190635,0,False,False
176,35.2,2690230210464,1300.381364942349,17.307376450915882,1,False,False
176,35.2,2690230210224,1519.0679075831597,19.415877545316874,0,False,False
176,35.2,2690230210320,1349.7840402938468,17.830249127345777,1,False,False
176,35.2,2690230210800,1399.92361600486,18.298562692798757,1,False,False
176,35.2,2690230208640,1446.7599660628564,18.593364306747496,1,False,False
176,35.2,2690230210896,1508.427342612113,19.330619207631486,1,False,False
176,35.2,2690230210656,1581.2857111839046,20.090730712557452,0,False,False
176,35.2,2690230209936,1579.1386015285586,20.308190730485222,1,False,False
176,35.2,2690230209696,1645.4398416394454,20.93970031163757,1,False,False
176,35.2,2690230210608,1728.6589938889279,21.89307618883436,1,False,False
176,35.2,2690230208400,1642.3805769302398,20.540782205697045,0,False,False
176,35.2,2690230210752,1710.8396170750877,21.04272962541972,0,False,False
176,35.2,2690230208592,1837.861432679184,23.175010397841458,1,False,False
176,35.2,2690230209984,1789.8912190082895,21.476504231220897,0,False,False
177,35.4,2690230209216,353.98266768085955,1.9286871984949917e-13,0,True,True
177,35.4,2690230209408,343.982682382028,-3.4510125775594562e-06,0,False,False
177,35.4,2690230209360,358.98266768085955,1.3478981136004916e-13,0,False,True
177,35.4,2690230209072,678.9474075834776,4.580660655191281,0,False,False
177,35.4,2690230209840,660.2233777014943,7.0110764917727275,0,False,False
177,35.4,2690230209792,721.1894510756572,3.3053327721029286,0,False,False
177,35.4,2690230210992,694.0434068129348,3.015506697194554,0,False,False
177,35.4,2690230211520,707.4272402014077,2.5847232436626006,0,False,False
177,35.4,2690230208688,677.5612730213616,8.612085852267814,1,False,False
177,35.4,2690230210416,701.6527277489888,10.099000858022954,1,False,False
177,35.4,2690230209600,737.2345251576764,4.893899799989105,0,False,False
177,35.4,2690230211088,729.0187640975768,11.678170089319282,1,False,False
177,35.4,2690230208304,756.8344342540263,6.953660613621009,0,False,False
177,35.4,2690230209744,780.4493523289408,9.085926612560352,0,False,False
177,35.4,2690230209120,759.3849821526208,12.823021495222006,1,False,False
177,35.4,2690230209552,807.8392504048996,10.980262012622164,0,False,False
177,35.4,2690230210848,791.8192680344835,13.242628584582397,1,False,False
177,35.4,2690230208448,824.9480068846856,12.599478977310053,1,False,False
177,35.4,2690230211376,855.1455868397435,10.874545476769985,1,False,False
177,35.4,2690230208736,881.1148261085473,9.055046698864452,1,False,False
177,35.4,2690230208880,903.8085928021426,8.416841249017308,1,False,False
177,35.4,2690230208976,838.4055949217652,12.502582047080582,0,False,False
177,35.4,2690230211184,926.38131613681,9.357187127035203,1,False,False
177,35.4,2690230209024,871.5374056887408,13.690895168347867,0,False,False
177,35.4,2690230210032,907.1645796762625,14.665927957038399,0,False,False
177,35.4,2690230208496,943.5185680328893,15.319476928162155,0,False,False
177,35.4,2690230208928,952.1150691286933,11.298572680929633,1,False,False
177,35.4,2690230208544,982.6279965304327,13.395856061775591,1,False,False
177,35.4,2690230208832,1017.6194379335215,15.0088539469202,1,False,False
177,35.4,2690230211136,982.384519111277,15.90276549936897,0,False,False
177,35.4,2690230211040,1020.8267346724778,16.22417436109228,0,False,False
177,35.4,2690230211328,1063.3934412059637,16.590730770103193,0,False,False
177,35.4,2690230211232,1055.3350556028192,15.837368473893438,1,False,False
177,35.4,2690230211424,1097.502313341526,16.504246228493205,1,False,False
177,35.4,2690230210272,1137.1268939881709,16.539570190375784,1,False,False
177,35.4,2690230208208,1178.029896229866,16.59603262351655,1,False,False
177,35.4,2690230210704,1104.325329885004,16.704926831769658,0,False,False
177,35.4,2690230210560,1219.9896925519733,16.780859865002608,1,False,False
177,35.4,2690230211280,1145.4659695727864,16.789570755692694,0,False,False
177,35.4,2690230211472,1187.090807069941,16.858358449855672,0,False,False
177,35.4,2690230210128,1260.8003835969303,17.004176530395704,1,False,False
177,35.4,2690230208784,1230.9078459969562,16.972497578951277,0,False,False
177,35.4,2690230208352,1274.9290979053974,17.164700581845658,0,False,False
177,35.4,2690230210512,1320.6048159565028,17.480290219062027,0,False,False
177,35.4,2690230210080,1365.2053271332068,17.81583455116308,0,False,False
177,35.4,2690230211568,1408.7642087633783,18.114107651862447,0,False,False
177,35.4,2690230208256,1461.8233797281532,18.64710549907602,0,False,False
177,35.4,2690230210464,1303.8439108889058,17.323406158064948,1,False,False
177,35.4,2690230210224,1522.951850993958,19.427370409911916,0,False,False
177,35.4,2690230210320,1353.3510907240009,17.845226632610842,1,False,False
177,35.4,2690230210800,1403.584207580945,18.31171943228255,1,False,False
177,35.4,2690230208640,1450.479400394737,18.604761101464973,1,False,False
177,35.4,2690230210896,1512.2940897235226,19.339947933548526,1,False,False
177,35.4,2690230210656,1585.3044650281693,20.099825779876678,0,False,False
177,35.4,2690230209936,1583.2007726600439,20.316169395228275,1,False,False
177,35.4,2690230209696,1649.628180811589,20.945674409892028,1,False,False
177,35.4,2690230210608,1733.0378374968404,21.896494696905663,1,False,False
177,35.4,2690230208400,1646.4891672588549,20.547275908360707,0,False,False
177,35.4,2690230210752,1715.048404606696,21.046344680511066,0,False,False
177,35.4,2690230208592,1842.4964347587522,23.175010397841458,1,False,False
177,35.4,2690230209984,1794.1865198545333,21.476504231220897,0,False,False
178,35.6,2690230209216,353.98266768085955,1.568094125235632e-13,0,True,True
178,35.6,2690230209408,343.98268178861963,-4.504974285038783e-06,0,False,False
178,35.6,2690230209360,358.98266768085955,1.0958910885095552e-13,0,False,True
178,35.6,2690230209072,679.8479309966858,4.348641083024378,0,False,False
178,35.6,2690230209840,661.6064288969941,6.723445606747671,0,False,False
178,35.6,2690230209792,721.8588728165796,3.4328644758941977,0,False,False
178,35.6,2690230210992,694.6384133638308,2.8973423896465627,0,False,False
178,35.6,2690230211520,707.9450095509336,2.600240820659319,0,False,False
178,35.6,2690230208688,679.2916975892736,8.73345220602365,1,False,False
178,35.6,2690230210416,703.682942992655,10.255253251577045,1,False,False
178,35.6,2690230209600,738.226372762202,5.091081156657951,0,False,False
178,35.6,2690230211088,731.3634110254658,11.812372454911342,1,False,False
178,35.6,2690230208304,758.2402134781953,7.179637817000118,0,False,False
178,35.6,2690230209744,782.28107153047,9.303438665075793,0,False,False
178,35.6,2690230209120,761.9544189668643,12.893866242277715,1,False,False
178,35.6,2690230209552,810.047625236544,11.164176941423928,0,False,False
178,35.6,2690230210848,794.466727012296,13.22460583985767,1,False,False
178,35.6,2690230208448,827.4597268720989,12.475193155965947,1,False,False
178,35.6,2690230211376,857.3088769966004,10.700719351382393,1,False,False
178,35.6,2690230208736,882.9189352291686,8.9542216863669,1,False,False
178,35.6,2690230208880,905.4947558993703,8.461477265158683,1,False,False
178,35.6,2690230208976,840.9156306013352,12.644369202865969,0,False,False
178,35.6,2690230211184,928.2629983543515,9.512108740357984,1,False,False
178,35.6,2690230209024,874.282605725675,13.79533407428142,0,False,False
178,35.6,2690230210032,910.1026876332683,14.739064745784985,0,False,False
178,35.6,2690230208496,946.5859226438504,15.370863124197065,0,False,False
178,35.6,2690230208928,954.38756198855,11.489920823910095,1,False,False
178,35.6,2690230208544,985.3178113703078,13.554299669286815,1,False,False
178,35.6,2690230208832,1020.6280039045175,15.109595698624826,1,False,False
178,35.6,2690230211136,985.5672653795575,15.935326034650831,0,False,False
178,35.6,2690230211040,1024.0730191812345,16.245703877262077,0,False,False
178,35.6,2690230211328,1066.712255183421,16.600639030978428,0,False,False
178,35.6,2690230211232,1058.5059338793185,15.88773365856384,1,False,False
178,35.6,2690230211424,1100.8043013344575,16.520995415254056,1,False,False
178,35.6,2690230210272,1140.4354383341363,16.54893811129632,1,False,False
178,35.6,2690230208208,1181.3497996656517,16.606487334104052,1,False,False
178,35.6,2690230210704,1107.6667029549856,16.710701779464525,0,False,False
178,35.6,2690230210560,1223.3467589508468,16.794285774989365,1,False,False
178,35.6,2690230211280,1148.8241760900812,16.793958383386553,0,False,False
178,35.6,2690230211472,1190.4628526984332,16.863991653988116,0,False,False
178,35.6,2690230210128,1264.202275337773,17.020005691771548,1,False,False
178,35.6,2690230208784,1234.302910763751,16.98100438924606,0,False,False
178,35.6,2690230208352,1278.36283488577,17.17666702287235,0,False,False
178,35.6,2690230210512,1324.101874412614,17.495286011689206,0,False,False
178,35.6,2690230210080,1368.7695168248651,17.83115117940376,0,False,False
178,35.6,2690230211568,1412.3879816938775,18.128351706368317,0,False,False
178,35.6,2690230208256,1465.5536583801422,18.65994141164834,0,False,False
178,35.6,2690230210464,1307.3096537657439,17.339301060833876,1,False,False
178,35.6,2690230210224,1526.8380853141816,19.438748739001106,0,False,False
178,35.6,2690230210320,1356.9211272263956,17.86006319103246,1,False,False
178,35.6,2690230210800,1407.2474218964599,18.32474750452731,1,False,False
178,35.6,2690230208640,1454.2011065410081,18.616045138565347,1,False,False
178,35.6,2690230210896,1516.1626965093856,19.349185908548222,1,False,False
178,35.6,2690230210656,1589.3250317754532,20.108829515700275,0,False,False
178,35.6,2690230209936,1587.264534709075,20.3240760608951,1,False,False
178,35.6,2690230209696,1653.8177110544523,20.951592462430764,1,False,False
178,35.6,2690230210608,1737.4173627017085,21.899881737507993,1,False,False
178,35.6,2690230208400,1650.5990519635602,20.55370436408366,0,False,False
178,35.6,2690230210752,1719.257912448418,21.049919364439788,0,False,False
178,35.6,2690230208592,1847.1314368383205,23.175010397841458,1,False,False
178,35.6,2690230209984,1798.4818207007772,21.476504231220897,0,False,False
179,35.8,2690230209216,353.98266768085955,1.2749186013767626e-13,0,True,True
179,35.8,2690230209408,343.9826810449183,-5.307121030865131e-06,0,False,False
179,35.8,2690230209360,358.98266768085955,8.910000435171021e-14,0,False,True
179,35.8,2690230209072,680.7027005787432,4.1265701544126125,0,False,False
179,35.8,2690230209840,662.9319284819629,6.435737762687767,0,False,False
179,35.8,2690230209792,722.5544524945823,3.570055344229891,0,False,False
179,35.8,2690230210992,695.2107685518666,2.7939471069080497,0,False,False
179,35.8,2690230211520,708.4668197605906,2.629735374636855,0,False,False
179,35.8,2690230208688,681.0467622400099,8.860203042781137,1,False,False
179,35.8,2690230210416,705.7444076262544,10.411381990009335,1,False,False
179,35.8,2690230209600,739.2579980600891,5.293281155061214,0,False,False
179,35.8,2690230211088,733.7345945262178,11.941938954117722,1,False,False
179,35.8,2690230208304,759.6912618210962,7.4066301058558,0,False,False
179,35.8,2690230209744,784.1561384337683,9.518560337812467,0,False,False
179,35.8,2690230209120,764.537528435032,12.957226482565734,1,False,False
179,35.8,2690230209552,812.2925040111238,11.343876088397883,0,False,False
179,35.8,2690230210848,797.1099747893594,13.197483084057572,1,False,False
179,35.8,2690230208448,829.946105712473,12.343778385602869,1,False,False
179,35.8,2690230211376,859.4375590178922,10.529485027386832,1,False,False
179,35.8,2690230208736,884.7036899914903,8.865637280980167,1,False,False
179,35.8,2690230208880,907.1906510824332,8.518075200020741,1,False,False
179,35.8,2690230208976,843.453723370586,12.781654656636391,0,False,False
179,35.8,2690230211184,930.1760268442346,9.672304514238567,1,False,False
179,35.8,2690230209024,877.0484323235202,13.895874444405921,0,False,False
179,35.8,2690230210032,913.0552155181206,14.809116222524873,0,False,False
179,35.8,2690230208496,949.6634056855077,15.42003921590887,0,False,False
179,35.8,2690230208928,956.6982174669911,11.679557494263454,1,False,False
179,35.8,2690230208544,988.038949753525,13.707244145166953,1,False,False
179,35.8,2690230208832,1023.6563652621353,15.205077489676667,1,False,False
179,35.8,2690230211136,988.7564241331414,15.96640976056549,0,False,False
179,35.8,2690230211040,1027.3235460427,16.266291508274097,0,False,False
179,35.8,2690230211328,1070.0330187232705,16.610073489555017,0,False,False
179,35.8,2690230211232,1061.6866774064918,15.935021067515272,1,False,False
179,35.8,2690230211424,1104.1095419815003,16.536315524033533,1,False,False
179,35.8,2690230210272,1143.7458312311614,16.557942024656725,1,False,False
179,35.8,2690230208208,1184.6717945565103,16.616952057690295,1,False,False
179,35.8,2690230210704,1111.0092191714698,16.716303091757354,0,False,False
179,35.8,2690230210560,1226.7065133402912,16.807753223567715,1,False,False
179,35.8,2690230211280,1152.1832609428025,16.798360154670476,0,False,False
179,35.8,2690230211472,1193.8360322406004,16.869734350347816,0,False,False
179,35.8,2690230210128,1267.6073276872958,17.0357563132105,1,False,False
179,35.8,2690230208784,1237.6996852409422,16.989635637513683,0,False,False
179,35.8,2690230208352,1281.7989691049982,17.188691607007883,0,False,False
179,35.8,2690230210512,1327.601928854807,17.51023356895041,0,False,False
179,35.8,2690230210080,1372.3367623186414,17.846355011054793,0,False,False
179,35.8,2690230211568,1416.0145953742842,18.142475124642303,0,False,False
179,35.8,2690230208256,1469.286496036668,18.672655049274894,0,False,False
179,35.8,2690230210464,1310.7785667202088,17.35506277507115,1,False,False
179,35.8,2690230210224,1530.7265877609786,19.450014386545643,0,False,False
179,35.8,2690230210320,1360.4941217562266,17.87476095873981,1,False,False
179,35.8,2690230210800,1410.9132333548791,18.33764895140808,1,False,False
179,35.8,2690230208640,1457.9250620725074,18.62721824344494,1,False,False
179,35.8,2690230210896,1520.0331449119592,19.358334512463422,1,False,False
179,35.8,2690230210656,1593.3473932563684,20.117743366068524,0,False,False
179,35.8,2690230209936,1591.3298733450383,20.331911760887223,1,False,False
179,35.8,2690230209696,1658.008421215037,20.957455307490157,1,False,False
179,35.8,2690230210608,1741.7975632405905,21.903237766886193,1,False,False
179,35.8,2690230208400,1654.7102180604893,20.560068551074814,0,False,False
179,35.8,2690230210752,1723.4681325684874,21.053454311150386,0,False,False
179,35.8,2690230208592,1851.7664389178888,23.175010397841458,1,False,False
179,35.8,2690230209984,1802.7771215470211,21.476504231220897,0,False,False
180,36.0,2690230209216,353.98266768085955,1.0365560421267664e-13,0,True,True
180,36.0,2690230209408,343.98268018860983,-5.884653484488669e-06,0,False,False
180,36.0,2690230209360,358.98266768085955,7.244160353810157e-14,0,False,True
180,36.0,2690230209072,681.5137640631865,3.9153030368530533,0,False,False
180,36.0,2690230209840,663.7895177461343,6.157817261915708,0,False,False
180,36.0,2690230209792,723.2780875616276,3.716390379116784,0,False,False
180,36.0,2690230210992,695.7634386026381,2.705488821437579,0,False,False
180,36.0,2690230211520,708.9954406215321,2.672815412825504,0,False,False
180,36.0,2690230208688,682.8275085564773,8.991808680059126,1,False,False
180,36.0,2690230210416,707.8370648927406,10.566908778244962,1,False,False
180,36.0,2690230209600,740.3303740877722,5.500040772765401,0,False,False
180,36.0,2690230211088,736.1313645100489,12.066529356830848,1,False,False
180,36.0,2690230208304,761.1877553588166,7.634234400142799,0,False,False
180,36.0,2690230209744,786.0740542865393,9.730984529157352,0,False,False
180,36.0,2690230209120,767.1328018979026,13.012929025640442,1,False,False
180,36.0,2690230209552,814.5730348687694,11.5192329656363,0,False,False
180,36.0,2690230210848,799.7471918867415,13.161275452971598,1,False,False
180,36.0,2690230208448,832.4057580108438,12.205854370385637,1,False,False
180,36.0,2690230211376,861.5322214938508,10.361890492549726,1,False,False
180,36.0,2690230208736,886.4715610238928,8.789609874770022,1,False,False
180,36.0,2690230208880,908.8986366509282,8.5861158599489,1,False,False
180,36.0,2690230208976,846.0189741577694,12.91446030751567,0,False,False
180,36.0,2690230211184,932.1214101223418,9.837082338851916,1,False,False
180,36.0,2690230209024,879.8341118074576,13.992607943023284,0,False,False
180,36.0,2690230210032,916.0215541038732,14.876199823854389,0,False,False
180,36.0,2690230208496,952.7505816943693,15.467102959763652,0,False,False
180,36.0,2690230208928,959.0466619621292,11.867020212289,1,False,False
180,36.0,2690230208544,990.7903060437751,13.854609787998067,1,False,False
180,36.0,2690230208832,1026.703480552334,15.295459561887167,1,False,False
180,36.0,2690230211136,991.9517051980616,15.996093693225951,0,False,False
180,36.0,2690230211040,1030.578130243696,16.28598714213962,0,False,False
180,36.0,2690230211328,1073.3556392915955,16.61906710836121,0,False,False
180,36.0,2690230211232,1064.8766822276143,15.979403375436577,1,False,False
180,36.0,2690230211424,1107.4177579235475,16.55033167935969,1,False,False
180,36.0,2690230210272,1147.058003245838,16.566631521256824,1,False,False
180,36.0,2690230208208,1187.995883573734,16.6274365083933,1,False,False
180,36.0,2690230210704,1114.3528449901698,16.72174827094418,0,False,False
180,36.0,2690230210560,1230.0689638462354,16.82125942893942,1,False,False
180,36.0,2690230211280,1155.543227545541,16.802784707084836,0,False,False
180,36.0,2690230211472,1197.2103677077366,16.875588148898874,0,False,False
180,36.0,2690230210128,1271.015524882046,17.051427567148313,1,False,False
180,36.0,2690230208784,1241.098194078524,16.998387742779386,0,False,False
180,36.0,2690230208352,1285.2375118592415,17.200769377787438,0,False,False
180,36.0,2690230210512,1331.104969444904,17.52513006597537,0,False,False
180,36.0,2690230210080,1375.9070410733184,17.861446331674447,0,False,False
180,36.0,2690230211568,1419.6440257609381,18.156479160227285,0,False,False
180,36.0,2690230208256,1473.0218683605615,18.685248172127,0,False,False
180,36.0,2690230210464,1314.2506232206108,17.370692883989165,1,False,False
180,36.0,2690230210224,1534.6173359193815,19.461169163190764,0,False,False
180,36.0,2690230210320,1364.0700466962592,17.889322037544268,1,False,False
180,36.0,2690230210800,1414.5816167645069,18.350425762127706,1,False,False
180,36.0,2690230208640,1461.6512449221764,18.638282197228843,1,False,False
180,36.0,2690230210896,1523.905417147452,19.367395095105227,1,False,False
180,36.0,2690230210656,1597.3715315884683,20.12656874327682,0,False,False
180,36.0,2690230209936,1595.3967744426236,20.339677508062454,1,False,False
180,36.0,2690230209696,1662.2003003068219,20.963263765859843,1,False,False
180,36.0,2690230210608,1746.1784329411855,21.906563232202174,1,False,False
180,36.0,2690230208400,1658.8226527600432,20.566369427052052,0,False,False
180,36.0,2690230210752,1727.6790570610176,21.056950141024867,0,False,False
180,36.0,2690230208592,1856.401440997457,23.175010397841458,1,False,False
180,36.0,2690230209984,1807.072422393265,21.476504231220897,0,False,False
181,36.2,2690230209216,353.98266768085955,8.427584532135842e-14,0,True,True
181,36.2,2690230209408,343.9826792531788,-6.264255160744136e-06,0,False,False
181,36.2,2690230209360,358.98266768085955,5.889770669882984e-14,0,False,True
181,36.2,2690230209072,682.2833356292153,3.715624749414962,0,False,False
181,36.2,2690230209840,664.4073542549182,5.907976552315626,0,False,False
181,36.2,2690230209792,724.0315727108925,3.8713584848570846,0,False,False
181,36.2,2690230210992,696.2994179026771,2.632054855003544,0,False,False
181,36.2,2690230211520,709.5335615111077,2.729059053472615,0,False,False
181,36.2,2690230208688,684.6348722176984,9.127740226015693,1,False,False
181,36.2,2690230210416,709.9607630199757,10.721365163753918,1,False,False
181,36.2,2690230209600,741.4443824769658,5.710906899457121,0,False,False
181,36.2,2690230211088,738.5527038997037,12.1858193466142,1,False,False
181,36.2,2690230208304,762.7297898698255,7.862052498294554,0,False,False
181,36.2,2690230209744,788.0342598520797,9.940418450316884,0,False,False
181,36.2,2690230209120,769.7386970137072,13.060815050961416,1,False,False
181,36.2,2690230209552,816.8883418724439,11.690139396835496,0,False,False
181,36.2,2690230210848,802.3765640979562,13.1160324778551,1,False,False
181,36.2,2690230208448,834.8374264048651,12.062101618119048,1,False,False
181,36.2,2690230211376,863.5936607729677,10.198953765392124,1,False,False
181,36.2,2690230208736,888.22507591198,8.726361610055973,1,False,False
181,36.2,2690230208880,910.6209648003011,8.66504741635817,1,False,False
181,36.2,2690230208976,848.6104891164542,13.042820550794938,0,False,False
181,36.2,2690230211184,934.1000191160067,10.005763116791336,1,False,False
181,36.2,2690230209024,882.6388891740502,14.085631130946267,0,False,False
181,36.2,2690230210032,919.0011176122102,14.94043228768882,0,False,False
181,36.2,2690230208496,955.8470345741108,15.512149317498798,0,False,False
181,36.2,2690230208928,961.4324315353433,12.051879117332144,1,False,False
181,36.2,2690230208544,993.5707608673598,13.996349548258603,1,False,False
181,36.2,2690230208832,1029.768340983933,15.380910940737332,1,False,False
181,36.2,2690230211136,995.1528335641781,16.02445127470426,0,False,False
181,36.2,2690230211040,1033.8365965797657,16.304838158285218,0,False,False
181,36.2,2690230211328,1076.6800308183683,16.627650945228666,0,False,False
181,36.2,2690230211232,1068.0753785247548,16.021047251629223,1,False,False
181,36.2,2690230211424,1110.7286963145011,16.56316138755667,1,False,False
181,36.2,2690230210272,1150.3718945884616,16.575052131752546,1,False,False
181,36.2,2690230208208,1191.32207123888,16.637949039334043,1,False,False
181,36.2,2690230210704,1117.6975502965618,16.72705377288455,0,False,False
181,36.2,2690230210560,1233.4341180226174,16.834801384862022,1,False,False
181,36.2,2690230211280,1158.9040809959213,16.807240019237064,0,False,False
181,36.2,2690230211472,1200.5858814087387,16.881554298961802,0,False,False
181,36.2,2690230210128,1274.426850994504,17.067018649101684,1,False,False
181,36.2,2690230208784,1244.4984612054543,17.007257054396526,0,False,False
181,36.2,2690230208352,1288.678473462539,17.212895516691535,0,False,False
181,36.2,2690230210512,1334.6109857921176,17.539972861624786,0,False,False
181,36.2,2690230210080,1379.4803306089134,17.87642548758069,0,False,False
181,36.2,2690230211568,1423.2762490607918,18.17036506497146,0,False,False
181,36.2,2690230208256,1476.7597513645592,18.697722508572813,0,False,False
181,36.2,2690230210464,1317.725797049829,17.386192940121433,1,False,False
181,36.2,2690230210224,1538.510307733733,19.47221483759962,0,False,False
181,36.2,2690230210320,1367.6488748461193,17.903748477232774,1,False,False
181,36.2,2690230210800,1418.2525473280953,18.363079875498208,1,False,False
181,36.2,2690230208640,1465.3796333763119,18.64923873832764,1,False,False
181,36.2,2690230210896,1527.77949570008,19.37636897715708,1,False,False
181,36.2,2690230210656,1601.3974291695736,20.135307026972782,0,False,False
181,36.2,2690230209936,1599.4652240777496,20.347374295267883,1,False,False
181,36.2,2690230209696,1666.3933375063039,20.96901864135295,1,False,False
181,36.2,2690230210608,1750.5599657200314,21.909858571765444,1,False,False
181,36.2,2690230208400,1662.9363434628294,20.572607929808417,0,False,False
181,36.2,2690230210752,1731.8906781433138,21.060407461256506,0,False,False
181,36.2,2690230208592,1861.0364430770253,23.175010397841458,1,False,False
181,36.2,2690230209984,1811.367723239509,21.476504231220897,0,False,False
182,36.4,2690230209216,353.98266768085955,6.85193835738689e-14,0,True,True
182,36.4,2690230209408,343.9826782680095,-6.471708971733139e-06,0,False,False
182,36.4,2690230209360,358.98266768085955,4.7886016942693057e-14,0,False,True
182,36.4,2690230209072,683.0137814962143,3.5282448078279827,0,False,False
182,36.4,2690230209840,665.4408978865921,5.943398346187029,1,False,False
182,36.4,2690230209792,724.8166007369099,4.034453577951774,0,False,False
182,36.4,2690230210992,696.8217131394694,2.573656096781269,0,False,False
182,36.4,2690230211520,710.0837857087457,2.798019828545804,0,False,False
182,36.4,2690230208688,686.4696832448625,9.267470869351964,1,False,False
182,36.4,2690230210416,712.11525724415,10.874293357501195,1,False,False
182,36.4,2690230209600,742.6008146122496,5.925431971533374,0,False,False
182,36.4,2690230211088,740.9975318223483,12.299500640892305,1,False,False
182,36.4,2690230208304,764.3173818443779,8.089691617841444,0,False,False
182,36.4,2690230209744,790.0361383538149,10.146584850377964,0,False,False
182,36.4,2690230209120,772.3536406467007,13.100740370921505,1,False,False
182,36.4,2690230209552,819.2375286694345,11.856505475453059,0,False,False
182,36.4,2690230210848,804.9962895840032,13.061841333408848,1,False,False
182,36.4,2690230208448,837.2399935317487,11.913258270743146,1,False,False
182,36.4,2690230211376,865.622874266035,10.041652516558448,1,False,False
182,36.4,2690230208736,889.9668005389931,8.67602346547786,1,False,False
182,36.4,2690230208880,912.3597754908529,8.754291249374695,1,False,False
182,36.4,2690230208976,851.2273820680149,13.166781416828124,0,False,False
182,36.4,2690230211184,936.1125899168758,10.177682984766726,1,False,False
182,36.4,2690230209024,885.4620290166816,14.175044664218975,0,False,False
182,36.4,2690230210032,921.9933435393041,15.001929150298459,0,False,False
182,36.4,2690230208496,958.952367027411,15.55527032529572,0,False,False
182,36.4,2690230208928,963.8549785010525,12.233737915979365,1,False,False
182,36.4,2690230208544,996.3791875219096,14.13244715490552,1,False,False
182,36.4,2690230208832,1032.8499720573789,15.461607542601103,1,False,False
182,36.4,2690230211136,998.3595486756768,16.051552455391448,0,False,False
182,36.4,2690230211040,1037.098779160826,16.32288953783198,0,False,False
182,36.4,2690230211328,1080.0061133237798,16.635854261150456,0,False,False
182,36.4,2690230211232,1071.2822294003788,16.060113119450627,1,False,False
182,36.4,2690230211424,1114.0421273159889,16.574914815255465,1,False,False
182,36.4,2690230210272,1153.6874543178153,16.583245576484053,1,False,False
182,36.4,2690230208208,1194.650363659619,16.64849676140757,1,False,False
182,36.4,2690230210704,1121.0433082007225,16.73223506796849,0,False,False
182,36.4,2690230210560,1236.80198280942,16.848375903531917,1,False,False
182,36.4,2690230211280,1162.2658279452291,16.811733446535154,0,False,False
182,36.4,2690230211472,1203.9625958795186,16.887633712086437,0,False,False
182,36.4,2690230210128,1277.8412899380985,17.08252878343819,1,False,False
182,36.4,2690230208784,1247.9005098165906,17.01623986492444,0,False,False
182,36.4,2690230208352,1292.121863274497,17.225065344522626,0,False,False
182,36.4,2690230210512,1338.1199669892794,17.55475949075983,0,False,False
182,36.4,2690230210080,1383.0566085185121,17.891292881155202,0,False,False
182,36.4,2690230211568,1426.9112417309955,18.184134087912486,0,False,False
182,36.4,2690230208256,1480.500121404979,18.710079755705138,0,False,False
182,36.4,2690230210464,1321.2040622992968,17.40156446708156,1,False,False
182,36.4,2690230210224,1542.405481499378,19.48315313773807,0,False,False
182,36.4,2690230210320,1371.2305794120355,17.918042277727505,1,False,False
182,36.4,2690230210800,1421.9260006329114,18.37561318208233,1,False,False
182,36.4,2690230208640,1469.1102060661217,18.66008956391799,1,False,False
182,36.4,2690230210896,1531.6553633162985,19.385257451032874,1,False,False
182,36.4,2690230210656,1605.4250686713121,20.14395956520621,0,False,False
182,36.4,2690230209936,1603.5352085235972,20.355003095855057,1,False,False
182,36.4,2690230209696,1670.5875221496356,20.97472072126061,1,False,False
182,36.4,2690230210608,1754.942155580749,21.91312421525652,1,False,False
182,36.4,2690230208400,1667.0512777557149,20.578784977758158,0,False,False
182,36.4,2690230210752,1736.1029881532593,21.06382686621089,0,False,False
182,36.4,2690230208592,1865.6714451565936,23.175010397841458,1,False,False
182,36.4,2690230209984,1815.6630240857528,21.476504231220897,0,False,False
183,36.6,2690230209216,353.98266768085955,5.570879660050259e-14,0,True,True
183,36.6,2690230209408,343.9826772585425,-6.531592398957507e-06,0,False,False
183,36.6,2690230209360,358.98266768085955,3.8933105330592516e-14,0,False,True
183,36.6,2690230209072,683.7076045318881,3.3537931374311283,0,False,False
183,36.6,2690230209840,666.6002501423983,6.141078206895777,1,False,False
183,36.6,2690230209792,725.6347635931053,4.205175340393469,0,False,False
183,36.6,2690230210992,697.3333283324105,2.5302319017695076,0,False,False
183,36.6,2690230211520,710.6486258404999,2.879231995877399,0,False,False
183,36.6,2690230208688,688.33266649711,9.410477050607806,1,False,False
183,36.6,2690230210416,714.3002119964411,11.025247038883606,1,False,False
183,36.6,2690230209600,743.8003727182322,6.143173652520292,0,False,False
183,36.6,2690230211088,743.4647068205118,12.407281038503527,1,False,False
183,36.6,2690230208304,765.9504696124857,8.316765091810973,0,False,False
183,36.6,2690230209744,792.0790186629642,10.349223206777463,0,False,False
183,36.6,2690230209120,774.9760318221057,13.132575906341238,1,False,False
183,36.6,2690230209552,821.619682135656,12.018259390742571,0,False,False
183,36.6,2690230210848,807.604586618991,12.998830080207501,1,False,False
183,36.6,2690230208448,839.61249328251,11.760115755086467,1,False,False
183,36.6,2690230211376,867.6210517241155,9.890914478397699,1,False,False
183,36.6,2690230208736,891.6993211095136,8.638639295502651,1,False,False
183,36.6,2690230208880,914.1170914562534,8.85324734987253,1,False,False
183,36.6,2690230208976,853.8687767691413,13.286399671220165,0,False,False
183,36.6,2690230211184,938.1597269684943,10.352195397556352,1,False,False
183,36.6,2690230209024,888.3028162928448,14.260952525614544,0,False,False
183,36.6,2690230210032,924.9976923849939,15.060804301713771,0,False,False
183,36.6,2690230208496,962.0661999638012,15.596554994971056,0,False,False
183,36.6,2690230208928,966.3136781932475,12.412234631191403,1,False,False
183,36.6,2690230208544,999.2144579965907,14.262915043376573,1,False,False
183,36.6,2690230208832,1035.9474348231906,15.537730407858016,1,False,False
183,36.6,2690230211136,1001.571603738821,16.07746378751488,0,False,False
183,36.6,2690230211040,1040.3645209387878,16.340183972422835,0,False,False
183,36.6,2690230211328,1083.3338125657885,16.64370462289307,0,False,False
183,36.6,2690230211232,1074.496729616415,16.096754997035518,1,False,False
183,36.6,2690230211424,1117.3578426486426,16.58569507978328,1,False,False
183,36.6,2690230210272,1157.0046395952072,16.591250004569492,1,False,False
183,36.6,2690230208208,1197.9807682887647,16.65908565356147,1,False,False
183,36.6,2690230210704,1124.3900948440914,16.73730669808646,0,False,False
183,36.6,2690230210560,1240.172564498991,16.861979654156393,1,False,False
183,36.6,2690230211280,1165.6284764760467,16.81627175487466,0,False,False
183,36.6,2690230211472,1207.3405338169177,16.893826983833925,0,False,False
183,36.6,2690230210128,1281.2588254733107,17.097957228179848,1,False,False
183,36.6,2690230208784,1251.3043623621472,17.025332422194516,0,False,False
183,36.6,2690230208352,1295.5676897282194,17.237274322272846,0,False,False
183,36.6,2690230210512,1341.631901647532,17.56948765667053,0,False,False
183,36.6,2690230210080,1386.6358524791826,17.90604896641453,0,False,False
183,36.6,2690230211568,1430.5489804782662,18.197787474253623,0,False,False
183,36.6,2690230208256,1484.2429551754992,18.722321579874954,0,False,False
183,36.6,2690230210464,1324.6853933633251,17.416808961144348,1,False,False
183,36.6,2690230210224,1546.3028358546048,19.493985752112295,0,False,False
183,36.6,2690230210320,1374.8151339970025,17.932205391120657,1,False,False
183,36.6,2690230210800,1425.6019526412238,18.388027526204844,1,False,False
183,36.6,2690230208640,1472.8429419595743,18.67083633135186,1,False,False
183,36.6,2690230210896,1535.533002999204,19.39406178170098,1,False,False
183,36.6,2690230210656,1609.4544330328677,20.152527675434406,0,False,False
183,36.6,2690230209936,1607.6067142467446,20.362564864178164,1,False,False
183,36.6,2690230209696,1674.782843729349,20.980370776791357,1,False,False
183,36.6,2690230210608,1759.3249966123317,21.916360583943455,1,False,False
183,36.6,2690230208400,1671.1674434079844,20.58490147046361,0,False,False
183,36.6,2690230210752,1740.315979546773,21.067208937774762,0,False,False
183,36.6,2690230208592,1870.3064472361618,23.175010397841458,1,False,False
183,36.6,2690230209984,1819.9583249319967,21.476504231220897,0,False,False
184,36.8,2690230209216,353.98266768085955,4.529331492497159e-14,0,True,True
184,36.8,2690230209408,343.9826762464746,-6.467043813991546e-06,0,False,False
184,36.8,2690230209360,358.98266768085955,3.165405660063581e-14,0,False,True
184,36.8,2690230209072,684.367428126878,3.192817239005615,0,False,False
184,36.8,2690230209840,667.8193741337333,6.365597019817162,1,False,False
184,36.8,2690230209792,726.4875535790487,4.383029670795135,0,False,False
184,36.8,2690230210992,697.8372508817429,2.5016555322196448,0,False,False
184,36.8,2690230211520,711.2305003508376,2.9722153159634956,0,False,False
184,36.8,2690230208688,690.2244423948041,9.556239536321304,1,False,False
184,36.8,2690230210416,716.5152032491542,11.17379213599691,1,False,False
184,36.8,2690230209600,745.0436708871656,6.363694584069359,0,False,False
184,36.8,2690230211088,745.9530300682806,12.508884406452266,1,False,False
184,36.8,2690230208304,767.6289146212815,8.542893215095527,0,False,False
184,36.8,2690230209744,794.1621787205117,10.548090852647443,0,False,False
184,36.8,2690230209120,777.60424479163,13.156208398990401,1,False,False
184,36.8,2690230209552,824.0338759764398,12.175347123688748,0,False,False
184,36.8,2690230210848,810.1997019789187,12.927170804552183,1,False,False
184,36.8,2690230208448,841.9541211089364,11.603513283028526,1,False,False
184,36.8,2690230211376,869.589564660489,9.747608821242725,1,False,False
184,36.8,2690230208736,893.4252270357393,8.61417065150315,1,False,False
184,36.8,2690230208880,915.8948142625628,8.961299273297401,1,False,False
184,36.8,2690230208976,856.5338089974283,13.401741888301938,0,False,False
184,36.8,2690230211184,940.2419066628516,10.528673099021486,1,False,False
184,36.8,2690230209024,891.1605569401773,14.343461293860992,0,False,False
184,36.8,2690230210032,928.0136472968439,15.117169597615728,0,False,False
184,36.8,2690230208496,965.188171889733,15.63608924422071,0,False,False
184,36.8,2690230208928,968.8078358672774,12.587042127856051,1,False,False
184,36.8,2690230208544,1002.0754485667863,14.387792126079647,1,False,False
184,36.8,2690230208832,1039.059826795909,15.609464068838392,1,False,False
184,36.8,2690230211136,1004.7887650490296,16.102248527576393,0,False,False
184,36.8,2690230211040,1043.6336732568145,16.356761971051746,0,False,False
184,36.8,2690230211328,1086.663059707849,16.65122800042966,0,False,False
184,36.8,2690230211232,1077.7184043063494,16.131120409086666,1,False,False
184,36.8,2690230211424,1120.6756542020144,16.595598547056582,1,False,False
184,36.8,2690230210272,1160.3234149856055,16.59910022220189,1,False,False
184,36.8,2690230208208,1201.3132937048192,16.66972066511204,1,False,False
184,36.8,2690230210704,1127.7378892173726,16.74228232985355,0,False,False
184,36.8,2690230210560,1243.5458687098098,16.87560919755167,1,False,False
184,36.8,2690230211280,1168.9920359864957,16.82086115242192,0,False,False
184,36.8,2690230211472,1210.719718016907,16.900134414525027,0,False,False
184,36.8,2690230210128,1284.6794412146803,17.11330327894394,1,False,False
184,36.8,2690230208784,1254.710040539514,17.03453094059614,0,False,False
184,36.8,2690230208352,1299.0159603583786,17.24951805152406,0,False,False
184,36.8,2690230210512,1345.1467779295208,17.58415522367543,0,False,False
184,36.8,2690230210080,1390.2180402620204,17.920694244836987,0,False,False
184,36.8,2690230211568,1434.1894422580567,18.211326464426026,0,False,False
184,36.8,2690230208256,1487.9882297010479,18.734449617228798,0,False,False
184,36.8,2690230210464,1328.169764933733,17.431927892667442,1,False,False
184,36.8,2690230210224,1550.2023497728349,19.504714330961036,0,False,False
184,36.8,2690230210320,1378.4025125913452,17.94623972359242,1,False,False
184,36.8,2690230210800,1429.2803796811822,18.40032470784265,1,False,False
184,36.8,2690230208640,1476.5778203535237,18.681480659498817,1,False,False
184,36.8,2690230210896,1539.412398003099,19.40278320747604,1,False,False
184,36.8,2690230210656,1613.4855054549266,20.161012645485226,0,False,False
184,36.8,2690230209936,1611.679727903399,20.37006053607584,1,False,False
184,36.8,2690230209696,1678.9792918911673,20.98596956349601,1,False,False
184,36.8,2690230210608,1763.708482987476,21.91956809089175,1,False,False
184,36.8,2690230208400,1675.2848283676053,20.590958289143693,0,False,False
184,36.8,2690230210752,1744.5296448953377,21.0705542456932,0,False,False
184,36.8,2690230208592,1874.94144931573,23.175010397841458,1,False,False
184,36.8,2690230209984,1824.2536257782406,21.476504231220897,0,False,False
185,37.0,2690230209216,353.98266768085955,3.682514256418431e-14,0,True,True
185,37.0,2690230209408,343.98267524999187,-6.299592350096583e-06,0,False,False
185,37.0,2690230209360,358.98266768085955,2.5735920388783602e-14,0,False,True
185,37.0,2690230209072,684.9959795844727,3.045780574362587,0,False,False
185,37.0,2690230209840,669.0934824035162,6.607346886941583,1,False,False
185,37.0,2690230209792,727.3763646005559,4.567528886466383,0,False,False
185,37.0,2690230210992,698.3364387345366,2.487739997958298,0,False,False
185,37.0,2690230211520,711.8317308927163,3.076479269550095,0,False,False
185,37.0,2690230208688,692.1455278521524,9.704244414847224,1,False,False
185,37.0,2690230210416,718.7597210157646,11.319507571353892,1,False,False
185,37.0,2690230209600,746.3312360625836,6.586562228632431,0,False,False
185,37.0,2690230211088,748.4612485815751,12.604050621526747,1,False,False
185,37.0,2690230208304,769.3525028911675,8.767704230781623,0,False,False
185,37.0,2690230209744,796.284849178987,10.742964013256836,0,False,False
185,37.0,2690230209120,780.2366322583213,13.171541380091961,1,False,False
185,37.0,2690230209552,826.4791742580575,12.327732017480207,0,False,False
185,37.0,2690230210848,812.7799199461507,12.847082549805494,1,False,False
185,37.0,2690230208448,844.2642431571426,11.444331269508297,1,False,False
185,37.0,2690230211376,871.5299541199817,9.61253863921844,1,False,False
185,37.0,2690230208736,895.1470948311052,8.602502211670808,1,False,False
185,37.0,2690230208880,917.6947213284494,9.077818653062838,1,False,False
185,37.0,2690230208976,859.2216284504889,13.512883509564416,0,False,False
185,37.0,2690230211184,942.3594813245013,10.706509996371416,1,False,False
185,37.0,2690230209024,894.034578349072,14.422679454553451,0,False,False
185,37.0,2690230210032,931.0407136402221,15.17113452527613,0,False,False
185,37.0,2690230208496,968.3179382864812,15.673955853018002,0,False,False
185,37.0,2690230208928,971.3366936907565,12.757868394534416,1,False,False
185,37.0,2690230208544,1004.9610449345884,14.507141448164047,1,False,False
185,37.0,2690230208832,1042.1862825509365,15.676995058145959,1,False,False
185,37.0,2690230211136,1008.0108113389354,16.12596674570813,0,False,False
185,37.0,2690230211040,1046.9060954197905,16.372661964445964,0,False,False
185,37.0,2690230211328,1089.993791005783,16.658448859293365,0,False,False
185,37.0,2690230211232,1080.9468076739142,16.163350360150204,1,False,False
185,37.0,2690230211424,1123.9953927043757,16.60471513326051,1,False,False
185,37.0,2690230210272,1163.6437518037133,16.606827910187377,1,False,False
185,37.0,2690230208208,1204.647949412477,16.680405810601222,1,False,False
185,37.0,2690230210704,1131.0866729888444,16.747174804329486,0,False,False
185,37.0,2690230210560,1246.9219003669223,16.889261017082433,1,False,False
185,37.0,2690230211280,1172.3565170807176,16.825507319626293,0,False,False
185,37.0,2690230211472,1214.1001713168705,16.906556029007383,0,False,False
185,37.0,2690230210128,1288.103120638547,17.128566272115616,1,False,False
185,37.0,2690230208784,1258.1175652872807,17.043831611613484,0,False,False
185,37.0,2690230208352,1302.4666818293372,17.261792274419413,0,False,False
185,37.0,2690230210512,1348.6645835811134,17.598760209902995,0,False,False
185,37.0,2690230210080,1393.803149741375,17.935229261434113,0,False,False
185,37.0,2690230211568,1437.8326042735425,18.224752293231568,0,False,False
185,37.0,2690230208256,1491.7359223317958,18.746465474248268,0,False,False
185,37.0,2690230210464,1331.6571519947497,17.446922707370117,1,False,False
185,37.0,2690230210224,1554.104002555046,19.51534048740424,0,False,False
185,37.0,2690230210320,1381.9926895636581,17.9601471372197,1,False,False
185,37.0,2690230210800,1432.961258438068,18.412506484401998,1,False,False
185,37.0,2690230208640,1480.314820866099,18.69202413002539,1,False,False
185,37.0,2690230210896,1543.2935318282107,19.411422940780156,1,False,False
185,37.0,2690230210656,1617.5182693938134,20.169415734479983,0,False,False
185,37.0,2690230209936,1615.7542363357252,20.37749102933742,1,False,False
185,37.0,2690230209696,1683.1768564309023,20.99151782167865,1,False,False
185,37.0,2690230210608,1768.0926089609559,21.92274714116791,1,False,False
185,37.0,2690230208400,1679.4034207575908,20.59695629716486,0,False,False
185,37.0,2690230210752,1748.743976883592,21.073863347895497,0,False,False
185,37.0,2690230208592,1879.5764513952984,23.175010397841458,1,False,False
185,37.0,2690230209984,1828.5489266244845,21.476504231220897,0,False,False
186,37.2,2690230209216,353.98266768085955,2.994020479885089e-14,0,True,True
186,37.2,2690230209408,343.9826742840258,-6.04904389001389e-06,0,False,False
186,37.2,2690230209360,358.98266768085955,2.0924256458317692e-14,0,False,True
186,37.2,2690230209072,685.5960732663345,2.913062122948923,0,False,False
186,37.2,2690230209840,670.4222395823296,6.8596868644121605,1,False,False
186,37.2,2690230209792,728.3024934562596,4.758191727304569,0,False,False
186,37.2,2690230210992,698.8338087377322,2.4882441492744394,0,False,False
186,37.2,2690230211520,712.4545405234979,3.1915267107361203,0,False,False
186,37.2,2690230208688,694.0963374046155,9.853984029688112,1,False,False
186,37.2,2690230210416,721.0331719972603,11.46198596258971,1,False,False
186,37.2,2690230209600,747.6635089985207,6.81134882127102,0,False,False
186,37.2,2690230211088,750.9880584147147,12.692535486057855,1,False,False
186,37.2,2690230208304,771.1209466778561,8.990835442271143,0,False,False
186,37.2,2690230209744,798.4462172441025,10.933638725395632,0,False,False
186,37.2,2690230209120,782.8715288128708,13.178496406902319,1,False,False
186,37.2,2690230209552,828.9546348453233,12.475394229555954,0,False,False
186,37.2,2690230210848,815.3435718804808,12.758833927278957,1,False,False
186,37.2,2690230208448,846.5424040178361,11.283483774909868,1,False,False
186,37.2,2690230211376,873.4439170251428,9.486434650209418,1,False,False
186,37.2,2690230208736,896.8674731217061,8.603447651803721,1,False,False
186,37.2,2690230208880,919.5184638196511,9.202169292785678,1,False,False
186,37.2,2690230208976,861.9314004563324,13.619907898172519,0,False,False
186,37.2,2690230211184,944.5126835635499,10.885122945488794,1,False,False
186,37.2,2690230209024,896.9242297004096,14.498716755753295,0,False,False
186,37.2,2690230210032,934.0784185050244,15.222805920683726,0,False,False
186,37.2,2690230208496,971.4551709809238,15.710234443366332,0,False,False
186,37.2,2690230208928,973.8994377737522,12.924456566546995,1,False,False
186,37.2,2690230208544,1007.8701468950284,14.621047771519637,1,False,False
186,37.2,2690230208832,1045.3259740325475,15.740510559818741,1,False,False
186,37.2,2690230211136,1011.2375331486783,16.148675440165047,0,False,False
186,37.2,2690230211040,1050.181654285484,16.38792040663896,0,False,False
186,37.2,2690230211328,1093.3259475127898,16.66539024797497,0,False,False
186,37.2,2690230211232,1084.1815216900645,16.19357936048229,1,False,False
186,37.2,2690230211424,1127.3169064529375,16.613128607188344,1,False,False
186,37.2,2690230210272,1166.9656275028424,16.614461830845414,1,False,False
186,37.2,2690230208208,1207.9847456616283,16.69114425767027,1,False,False
186,37.2,2690230210704,1134.436430342391,16.751996183465536,0,False,False
186,37.2,2690230210560,1250.3006636883376,16.90293154623775,1,False,False
186,37.2,2690230211280,1175.7219314652455,16.830215437584805,0,False,False
186,37.2,2690230211472,1217.4819165417805,16.913091595490314,0,False,False
186,37.2,2690230210128,1291.5298470913783,17.14374558733848,1,False,False
186,37.2,2690230208784,1261.5269567813216,17.05323061364316,0,False,False
186,37.2,2690230208352,1305.9198599632384,17.27409287324372,0,False,False
186,37.2,2690230210512,1352.1853059616917,17.613300780263273,0,False,False
186,37.2,2690230210080,1397.3911589033075,17.949654601055524,0,False,False
186,37.2,2690230211568,1441.4784439744435,18.238066189060945,0,False,False
186,37.2,2690230208256,1495.4860107372608,18.75837072829018,0,False,False
186,37.2,2690230210464,1335.1475298181667,17.46179482748419,1,False,False
186,37.2,2690230210224,1558.0077738224231,19.525865798549823,0,False,False
186,37.2,2690230210320,1385.5856396521003,17.973929451682764,1,False,False
186,37.2,2690230210800,1436.6445659458932,18.42457457239063,1,False,False
186,37.2,2690230208640,1484.0539234293458,18.702468288615396,1,False,False
186,37.2,2690230210896,1547.176388215563,19.41998216887502,1,False,False
186,37.2,2690230210656,1621.5527085558094,20.177738173718385,0,False,False
186,37.2,2690230209936,1619.8302265682664,20.384857244154233,1,False,False
186,37.2,2690230209696,1687.3755272914298,20.997016276794255,1,False,False
186,37.2,2690230210608,1772.4773688680355,21.92589813203679,1,False,False
186,37.2,2690230208400,1683.5232088724624,20.60289634051528,0,False,False
186,37.2,2690230210752,1752.9589683069896,21.077136790810354,0,False,False
186,37.2,2690230208592,1884.2114534748666,23.175010397841458,1,False,False
186,37.2,2690230209984,1832.8442274707284,21.476504231220897,0,False,False
187,37.4,2690230209216,353.98266768085955,2.4342495397939807e-14,0,True,True
187,37.4,2690230209408,343.982673360525,-5.733415985135067e-06,0,False,False
187,37.4,2690230209360,358.98266768085955,1.70121954730737e-14,0,False,True
187,37.4,2690230209072,686.1705937244569,2.7949570466400955,0,False,False
187,37.4,2690230209840,671.805474706162,7.118215785703906,1,False,False
187,37.4,2690230209792,729.2671411142579,4.954543209500176,0,False,False
187,37.4,2690230210992,699.3322262191152,2.502878878897913,0,False,False
187,37.4,2690230211520,713.1010525942944,3.3168569661459464,0,False,False
187,37.4,2690230208688,696.0771845195002,10.004957863106954,1,False,False
187,37.4,2690230210416,723.3348823650819,11.600834267782755,1,False,False
187,37.4,2690230209600,749.0408452171101,7.037631444386506,0,False,False
187,37.4,2690230211088,753.5321078395563,12.774110640319646,1,False,False
187,37.4,2690230208304,772.9338863643063,9.211934433002101,0,False,False
187,37.4,2690230209744,800.6454306912138,11.119931616014604,0,False,False
187,37.4,2690230209120,785.5072546353801,13.17701457140204,1,False,False
187,37.4,2690230209552,831.4593127221715,12.61833007437999,0,False,False
187,37.4,2690230210848,817.889046285081,12.662745292316293,1,False,False
187,37.4,2690230208448,848.7883329071191,11.121910113302834,1,False,False
187,37.4,2690230211376,875.3332913470493,9.369950175653356,1,False,False
187,37.4,2690230208736,898.5888688529695,8.616755798654964,1,False,False
187,37.4,2690230208880,921.3675653352014,9.333710865221345,1,False,False
187,37.4,2690230208976,864.6623074949289,13.722905399934211,0,False,False
187,37.4,2690230211184,946.7016309798354,11.063953447323863,1,False,False
187,37.4,2690230209024,899.8288821775062,14.571683610370226,0,False,False
187,37.4,2690230210032,937.1263101590743,15.272287733675265,0,False,False
187,37.4,2690230208496,974.5995575136889,15.745001479730746,0,False,False
187,37.4,2690230208928,976.4952051858465,13.086584681702705,1,False,False
187,37.4,2690230208544,1010.8016725164994,14.729615128666168,1,False,False
187,37.4,2690230208832,1048.4781106016594,15.800197203065999,1,False,False
187,37.4,2690230211136,1014.4687322193596,16.1704286553825,0,False,False
187,37.4,2690230211040,1053.4602238758202,16.40257187344819,0,False,False
187,37.4,2690230211328,1096.6594748016157,16.672073880509604,0,False,False
187,37.4,2690230211232,1087.4221547982054,16.22193549634339,1,False,False
187,37.4,2690230211424,1130.6400601044445,16.620916890641944,1,False,False
187,37.4,2690230210272,1170.2890251044657,16.622028024457688,1,False,False
187,37.4,2690230208208,1211.3236932834964,16.701938408400167,1,False,False
187,37.4,2690230210704,1137.7871478246186,16.756757793498622,0,False,False
187,37.4,2690230210560,1253.6821621767292,16.91661719311879,1,False,False
187,37.4,2690230211280,1179.0882918509435,16.834990214873663,0,False,False
187,37.4,2690230211472,1220.864976454079,16.91974064349182,0,False,False
187,37.4,2690230210128,1294.9596037985573,17.15884064940135,1,False,False
187,37.4,2690230208784,1264.9382344327958,17.06272412112238,0,False,False
187,37.4,2690230208352,1309.3754997679873,17.28641586964813,0,False,False
187,37.4,2690230210512,1355.7089320730495,17.627775239616696,0,False,False
187,37.4,2690230210080,1400.9820458533234,17.96397088491644,0,False,False
187,37.4,2690230211568,1445.126939055693,18.25126937318207,0,False,False
187,37.4,2690230208256,1499.2384729005182,18.77016692812602,0,False,False
187,37.4,2690230210464,1338.6408739587102,17.476545652790477,1,False,False
187,37.4,2690230210224,1561.9136435092273,19.536291806560154,0,False,False
187,37.4,2690230210320,1389.181337956025,17.98758844587632,1,False,False
187,37.4,2690230210800,1440.3302795793277,18.43653064899212,1,False,False
187,37.4,2690230208640,1487.7951082821087,18.712814646134717,1,False,False
187,37.4,2690230210896,1551.0609511419923,19.428462054566506,1,False,False
187,37.4,2690230210656,1625.588806891645,20.18598116752734,0,False,False
187,37.4,2690230209936,1623.9076858044532,20.392160063556524,1,False,False
187,37.4,2690230209696,1691.5752945597476,21.002465639833456,1,False,False
187,37.4,2690230210608,1776.8627571229213,21.929021453153084,1,False,False
187,37.4,2690230208400,1687.644181174805,20.608779248262966,0,False,False
187,37.4,2690230210752,1757.1746120695186,21.08037510967061,0,False,False
187,37.4,2690230208592,1888.846455554435,23.175010397841458,1,False,False
187,37.4,2690230209984,1837.1395283169722,21.476504231220897,0,False,False
188,37.6,2690230209216,353.98266768085955,1.979135033242869e-14,0,True,True
188,37.6,2690230209408,343.9826724887342,-5.3689148303350805e-06,0,False,False
188,37.6,2690230209360,358.98266768085955,1.3831545000922734e-14,0,False,True
188,37.6,2690230209072,686.7224790361055,2.691678386509912,0,False,False
188,37.6,2690230209840,673.2429239762719,7.3799374672715015,1,False,False
188,37.6,2690230209792,730.2714139518367,5.1561143737905875,0,False,False
188,37.6,2690230210992,699.8344958088478,2.5313132974764545,0,False,False
188,37.6,2690230211520,713.773290223353,3.451968403585874,0,False,False
188,37.6,2690230208688,698.0882830804844,10.156673379675116,1,False,False
188,37.6,2690230210416,725.6641006689291,11.735674365801906,1,False,False
188,37.6,2690230209600,750.4635159898725,7.264992235446302,0,False,False
188,37.6,2690230211088,756.0920005081775,12.848563496754611,1,False,False
188,37.6,2690230208304,774.7908926026658,9.430660371822826,0,False,False
188,37.6,2690230209744,802.8816020270367,11.301680519670365,0,False,False
188,37.6,2690230209120,788.142119516813,13.167058275970563,1,False,False
188,37.6,2690230209552,833.9922631740596,12.756551267885639,0,False,False
188,37.6,2690230210848,820.4147992728041,12.559190372877568,1,False,False
188,37.6,2690230208448,851.0019481220219,10.96056579799066,1,False,False
188,37.6,2690230211376,877.2000403590931,9.263657427703995,1,False,False
188,37.6,2690230208736,900.3137347382151,8.642116921133633,1,False,False
188,37.6,2690230208880,923.2434213089392,9.47180225160822,1,False,False
188,37.6,2690230208976,867.4135505328964,13.821972420202005,0,False,False
188,37.6,2690230211184,948.9263312001437,11.242469248431176,1,False,False
188,37.6,2690230209024,902.7479290617277,14.641690546585975,0,False,False
188,37.6,2690230210032,940.1839574575728,15.319680837675495,0,False,False
188,37.6,2690230208496,977.7508005086356,15.77833028761551,0,False,False
188,37.6,2690230208928,979.1230909063626,13.24406516659153,1,False,False
188,37.6,2690230208544,1013.7545618320016,14.832964385678114,1,False,False
188,37.6,2690230208832,1051.6419388517356,15.856239995982085,1,False,False
188,37.6,2690230211136,1017.7042209102709,16.191277602222833,0,False,False
188,37.6,2690230211040,1056.7416850076336,16.416649157638915,0,False,False
188,37.6,2690230211328,1099.9943227029244,16.678520214412824,0,False,False
188,37.6,2690230211232,1090.6683406360496,16.248540537300624,1,False,False
188,37.6,2690230211424,1133.9647335256068,16.628152354759802,1,False,False
188,37.6,2690230210272,1173.6139326663742,16.629549995504863,1,False,False
188,37.6,2690230208208,1214.6648035426272,16.712789974543064,1,False,False
188,37.6,2690230210704,1141.138814200456,16.761470265501952,0,False,False
188,37.6,2690230210560,1257.0663986158409,16.93031436209523,1,False,False
188,37.6,2690230211280,1182.455611860217,16.83983591295261,0,False,False
188,37.6,2690230211472,1224.2493737070915,16.926502480939156,0,False,False
188,37.6,2690230210128,1298.3923738735077,17.173850929592426,1,False,False
188,37.6,2690230208784,1268.3514168879294,17.072308312996377,0,False,False
188,37.6,2690230208352,1312.8336054650558,17.29875742355266,0,False,False
188,37.6,2690230210512,1359.235448586937,17.642182026145324,0,False,False
188,37.6,2690230210080,1404.575788823424,17.978178767337187,0,False,False
188,37.6,2690230211568,1448.7780674559685,18.264363059094045,0,False,False
188,37.6,2690230208256,1502.99328711252,18.781855594479506,0,False,False
188,37.6,2690230210464,1342.1371602496154,17.491176561552983,1,False,False
188,37.6,2690230210224,1565.8215918558765,19.546620019679942,0,False,False
188,37.6,2690230210320,1392.779759927924,18.00112585943126,1,False,False
188,37.6,2690230210800,1444.018377045933,18.448376353549133,1,False,False
188,37.6,2690230208640,1491.5383559631423,18.723064679743793,1,False,False
188,37.6,2690230210896,1554.9472048153002,19.43686373688305,1,False,False
188,37.6,2690230210656,1629.6265485911608,20.19414589407554,0,False,False
188,37.6,2690230209936,1627.9866014232005,20.399400353836644,1,False,False
188,37.6,2690230209696,1695.7761484641062,21.007866607694954,1,False,False
188,37.6,2690230210608,1781.2487682172537,21.93211748674704,1,False,False
188,37.6,2690230208400,1691.7663262919111,20.614605832998503,0,False,False
188,37.6,2690230210752,1761.390901181483,21.083578828808122,0,False,False
188,37.6,2690230208592,1893.4814576340032,23.175010397841458,1,False,False
188,37.6,2690230209984,1841.4348291632161,21.476504231220897,0,False,False
189,37.8,2690230209216,353.98266768085955,1.60911008332398e-14,0,True,True
189,37.8,2690230209408,343.98267167547544,-4.969947782136552e-06,0,False,False
189,37.8,2690230209360,358.98266768085955,1.1245558365194662e-14,0,False,True
189,37.8,2690230209072,687.2547045423773,2.6033597022930572,0,False,False
189,37.8,2690230209840,674.7342354210091,7.642736029568698,1,False,False
189,37.8,2690230209792,731.3163249399781,5.362441969499956,0,False,False
189,37.8,2690230210992,700.3433534878299,2.573180759344336,0,False,False
189,37.8,2690230211520,714.4731762494729,3.596360503535166,0,False,False
189,37.8,2690230208688,700.1297490385463,10.308646836367133,1,False,False
189,37.8,2690230210416,728.0200008558694,11.866143563553347,1,False,False
189,37.8,2690230209600,751.9317093697715,7.493018734015826,0,False,False
189,37.8,2690230211088,758.6662986052584,12.91569722319557,1,False,False
189,37.8,2690230208304,776.6914687217093,9.64668537872783,0,False,False
189,37.8,2690230209744,805.1538127632175,11.478744918222654,0,False,False
189,37.8,2690230209120,790.7744272526686,13.14861326080196,1,False,False
189,37.8,2690230209552,836.5525448133375,12.890084085951903,0,False,False
189,37.8,2690230210848,822.9193653161097,12.448597244048553,1,False,False
189,37.8,2690230208448,853.1833596509367,10.800413019274718,1,False,False
189,37.8,2690230211376,879.0462362351766,9.168045095393635,1,False,False
189,37.8,2690230208736,902.0444579678687,8.679169031243942,1,False,False
189,37.8,2690230208880,925.1472990568208,9.615804558467499,1,False,False
189,37.8,2690230208976,870.1843501750769,13.917210525172493,0,False,False
189,37.8,2690230211184,951.1866872285179,11.420165832898947,1,False,False
189,37.8,2690230209024,905.6807857214221,14.708847706818284,0,False,False
189,37.8,2690230210032,943.2509492172891,15.365082880524662,0,False,False
189,37.8,2690230208496,980.9086170471345,15.81029108791036,0,False,False
189,37.8,2690230208928,981.782154654079,13.396744058107208,1,False,False
189,37.8,2690230208544,1016.7277800454531,14.931230849778487,1,False,False
189,37.8,2690230208832,1054.8167422205413,15.908821394694435,1,False,False
189,37.8,2690230211136,1020.9438216402557,16.21127077921561,0,False,False
189,37.8,2690230211040,1060.025924942222,16.43018336061404,0,False,False
189,37.8,2690230211328,1103.330445058956,16.684748524138275,0,False,False
189,37.8,2690230211232,1093.919736781051,16.273510073856798,1,False,False
189,37.8,2690230211424,1137.290820702432,16.634902110548,1,False,False
189,37.8,2690230210272,1176.9403427874151,16.637048888970945,1,False,False
189,37.8,2690230208208,1218.0080880035407,16.723700047044794,1,False,False
189,37.8,2690230210704,1144.4914203166861,16.76614357329045,0,False,False
189,37.8,2690230210560,1260.453375071048,16.944019472869876,1,False,False
189,37.8,2690230211280,1185.8239059392138,16.844756370239963,0,False,False
189,37.8,2690230211472,1227.6351308018068,16.9333762104612,0,False,False
189,37.8,2690230210128,1301.82814032706,17.18877594658523,1,False,False
189,37.8,2690230208784,1271.7665220294496,17.08197938055338,0,False,False
189,37.8,2690230208352,1316.2941805170474,17.31111383175839,0,False,False
189,37.8,2690230210512,1362.7648418712947,17.656519704930393,0,False,False
189,37.8,2690230210080,1408.1723661785231,17.992278932684467,0,False,False
189,37.8,2690230211568,1452.4318073560992,18.277348451942313,0,False,False
189,37.8,2690230208256,1506.7504319665206,18.79343822056122,0,False,False
189,37.8,2690230210464,1345.6363647983796,17.505688911361723,1,False,False
189,37.8,2690230210224,1569.7315994022276,19.55685191322699,0,False,False
189,37.8,2690230210320,1396.3808813656738,18.014543394152852,1,False,False
189,37.8,2690230210800,1447.7088363786906,18.4601132889619,1,False,False
189,37.8,2690230208640,1495.2836473044415,18.733219833960906,1,False,False
189,37.8,2690230210896,1558.835133669543,19.445188331729124,1,False,False
189,37.8,2690230210656,1633.6659180781278,20.202233506155498,0,False,False
189,37.8,2690230209936,1632.0669609755867,20.406578964959056,1,False,False
189,37.8,2690230209696,1699.9780793712157,21.013219863546084,1,False,False
189,37.8,2690230210608,1785.6353967186333,21.93518660780468,1,False,False
189,37.8,2690230208400,1695.8896330125162,20.62037689126309,0,False,False
189,37.8,2690230210752,1765.6078287573412,21.086748461939013,0,False,False
189,37.8,2690230208592,1898.1164597135714,23.175010397841458,1,False,False
189,37.8,2690230209984,1845.73013000946,21.476504231220897,0,False,False
190,38.0,2690230209216,353.98266768085955,1.3082660944121486e-14,0,True,True
190,38.0,2690230209408,343.98267092542557,-4.5491654122999936e-06,0,False,False
190,38.0,2690230209360,358.98266768085955,9.143055453064934e-15,0,False,True
190,38.0,2690230209072,687.7702671723016,2.5300585525436987,0,False,False
190,38.0,2690230209840,676.2789738486152,7.905057584165804,1,False,False
190,38.0,2690230209792,732.4027947623732,5.57306811199108,0,False,False
190,38.0,2690230210992,700.8614598255433,2.6280846313688926,0,False,False
190,38.0,2690230211520,715.2025335686377,3.749535474033454,0,False,False
190,38.0,2690230208688,702.2016022228942,10.460404062939986,1,False,False
190,38.0,2690230210416,730.4016853856921,11.991895024103219,1,False,False
190,38.0,2690230209600,753.4455313021215,7.721304370589861,0,False,False
190,38.0,2690230211088,761.2535260018378,12.975330803413335,1,False,False
190,38.0,2690230208304,778.6350534100086,9.859695922867726,0,False,False
190,38.0,2690230209744,807.4611177653287,11.651006190645301,0,False,False
190,38.0,2690230209120,793.4024804576518,13.121690856945836,1,False,False
190,38.0,2690230209552,839.1392224312686,13.01896845030837,0,False,False
190,38.0,2690230210848,825.4013681432176,12.33144855264498,1,False,False
190,38.0,2690230208448,855.3328698592629,10.642410865114021,1,False,False
190,38.0,2690230211376,880.8740432498392,9.083517188827294,1,False,False
190,38.0,2690230208736,903.78335017369,8.727504085224828,1,False,False
190,38.0,2690230208880,927.0803384080696,9.765083850021478,1,False,False
190,38.0,2690230208976,872.9739476383904,14.008725574963574,0,False,False
190,38.0,2690230211184,953.4825030868443,11.596567788402725,1,False,False
190,38.0,2690230209024,908.6268895038755,14.773264395047379,0,False,False
190,38.0,2690230210032,946.3268935634709,15.40858817282415,0,False,False
190,38.0,2690230208496,984.0727380501528,15.840951044791886,0,False,False
190,38.0,2690230208928,984.4714275441328,13.544499971417705,1,False,False
190,38.0,2690230208544,1019.7203202641577,15.02456195298685,1,False,False
190,38.0,2690230208832,1058.0018404244504,15.958120501843545,1,False,False
190,38.0,2690230211136,1024.1873663533302,16.230454093762628,0,False,False
190,38.0,2690230211040,1063.3128370530017,16.443203980520764,0,False,False
190,38.0,2690230211328,1106.667799491588,16.690776970237465,0,False,False
190,38.0,2690230211232,1097.176023525071,16.296953679443686,1,False,False
190,38.0,2690230211424,1140.6182287072045,16.641228292245092,1,False,False
190,38.0,2690230210272,1180.2682521468455,16.644543657025622,1,False,False
190,38.0,2690230208208,1221.3535584109247,16.734669160234898,1,False,False
190,38.0,2690230210704,1147.8449589728934,16.77078706886821,0,False,False
190,38.0,2690230210560,1263.8430928935709,16.957728977174252,1,False,False
190,38.0,2690230211280,1189.1931892747548,16.849755024948834,0,False,False
190,38.0,2690230211472,1231.0222700468632,16.940360744908148,0,False,False
190,38.0,2690230210128,1305.2668860769663,17.20361526691476,1,False,False
190,38.0,2690230208784,1275.1835669795428,17.091733534654836,0,False,False
190,38.0,2690230208352,1319.7572276549681,17.323481526299197,0,False,False
190,38.0,2690230210512,1366.2970980152154,17.670786961738823,0,False,False
190,38.0,2690230210080,1411.7717564222598,18.006272092504258,0,False,False
190,38.0,2690230211568,1456.0881371773587,18.29022674799079,0,False,False
190,38.0,2690230208256,1510.5098863526105,18.804916272599407,0,False,False
190,38.0,2690230210464,1349.1384639826808,17.52008403989399,1,False,False
190,38.0,2690230210224,1573.643646981056,19.566988930547332,0,False,False
190,38.0,2690230210320,1399.9846784050605,18.027842715380714,1,False,False
190,38.0,2690230210800,1451.401635928801,18.471743023007754,1,False,False
190,38.0,2690230208640,1499.0309634247822,18.7432815216791,1,False,False
190,38.0,2690230210896,1562.7247223604493,19.453436932514975,1,False,False
190,38.0,2690230210656,1637.706900005223,20.210245131934695,0,False,False
190,38.0,2690230209936,1636.148752181616,20.413696730957646,1,False,False
190,38.0,2690230209696,1704.181077783522,21.018526077171963,1,False,False
190,38.0,2690230210608,1790.022637269184,21.938229184242694,1,False,False
190,38.0,2690230208400,1700.0140902836147,20.62609320396243,0,False,False
190,38.0,2690230210752,1769.8253880136015,21.089884512439756,0,False,False
190,38.0,2690230208592,1902.7514617931397,23.175010397841458,1,False,False
190,38.0,2690230209984,1850.025430855704,21.476504231220897,0,False,False
191,38.2,2690230209216,353.98266768085955,1.06366878905687e-14,0,True,True
191,38.2,2690230209408,343.98267024138534,-4.117527474019278e-06,0,False,False
191,38.2,2690230209360,358.98266768085955,7.43364271502524e-15,0,False,True
191,38.2,2690230209072,688.2721705131958,2.47176070162799,0,False,False
191,38.2,2690230209840,677.876617870559,8.16571507225915,1,False,False
191,38.2,2690230209792,733.5316528659415,5.78753994749878,0,False,False
191,38.2,2690230210992,701.3913943497903,2.6956037161266937,0,False,False
191,38.2,2690230211520,715.9630857655118,3.910999454322569,0,False,False
191,38.2,2690230208688,704.3037683060695,10.611481213714692,1,False,False
191,38.2,2690230210416,732.8081884264162,12.112598112329604,1,False,False
191,38.2,2690230209600,755.0050068426722,7.949449095867473,0,False,False
191,38.2,2690230211088,763.8521714278179,13.027299203522164,1,False,False
191,38.2,2690230208304,780.621023679304,10.069394222634825,0,False,False
191,38.2,2690230209744,809.8025496387495,11.8183676655753,0,False,False
191,38.2,2690230209120,796.0245858441334,13.086330427487427,1,False,False
191,38.2,2690230209552,841.7513696631204,13.143256955909267,0,False,False
191,38.2,2690230210848,827.8595316248782,12.208280911383337,1,False,False
191,38.2,2690230208448,857.4509722133375,10.487505502765307,1,False,False
191,38.2,2690230211376,882.6857008276826,9.010393071996068,1,False,False
191,38.2,2690230208736,905.5326386217638,8.786673994937956,1,False,False
191,38.2,2690230208880,929.0435528658028,9.919013633614902,1,False,False
191,38.2,2690230208976,875.7816055547555,14.0966268947252,0,False,False
191,38.2,2690230211184,955.8134897192185,11.771230026038396,1,False,False
191,38.2,2690230209024,911.5856995399231,14.835048671737832,0,False,False
191,38.2,2690230210032,949.41141725674,15.450287610248752,0,False,False
191,38.2,2690230208496,987.2429076707164,15.870374325134346,0,False,False
191,38.2,2690230208928,987.1899185224668,13.687242831663957,1,False,False
191,38.2,2690230208544,1022.7312057744932,15.113115038480172,1,False,False
191,38.2,2690230208832,1061.196588740699,16.0043123870975,1,False,False
191,38.2,2690230211136,1027.4346960084972,16.248870982430226,0,False,False
191,38.2,2690230211040,1066.602320510541,16.455738996708828,0,False,False
191,38.2,2690230211328,1110.0063471839505,16.696622664407816,0,False,False
191,38.2,2690230211232,1100.4369026827897,16.31897509150373,1,False,False
191,38.2,2690230211424,1143.9468767216035,16.647188332458935,1,False,False
191,38.2,2690230210272,1183.597661076397,16.652051216417306,1,False,False
191,38.2,2690230208208,1224.701226582331,16.745697351038213,1,False,False
191,38.2,2690230210704,1151.1994247993448,16.775409515594355,0,False,False
191,38.2,2690230210560,1267.2355527278808,16.971439373302555,1,False,False
191,38.2,2690230211280,1192.5634777157559,16.854834936767748,0,False,False
191,38.2,2690230211472,1234.4108135215893,16.947454822131466,0,False,False
191,38.2,2690230210128,1308.7085939574845,17.218368505096603,1,False,False
191,38.2,2690230208784,1278.6025681042215,17.101567012387903,0,False,False
191,38.2,2690230208352,1323.2227489051502,17.335857072561403,0,False,False
191,38.2,2690230210512,1369.832202852678,17.68498259702013,0,False,False
191,38.2,2690230210080,1415.3739382022543,18.020158982836698,0,False,False
191,38.2,2690230211568,1459.7470355796559,18.302999134147072,0,False,False
191,38.2,2690230208256,1514.2716294523534,18.81629119036607,0,False,False
191,38.2,2690230210464,1352.6434344464403,17.534363265602877,1,False,False
191,38.2,2690230210224,1577.5577157117227,19.5770324839362,0,False,False
191,38.2,2690230210320,1403.591127512575,18.041025453275623,1,False,False
191,38.2,2690230210800,1455.0967543587435,18.48326708958714,1,False,False
191,38.2,2690230208640,1502.780285723461,18.753251125139386,1,False,False
191,38.2,2690230210896,1566.6159557609622,19.46161061076381,1,False,False
191,38.2,2690230210656,1641.7494792491523,20.21818187567733,0,False,False
191,38.2,2690230209936,1640.2319629270569,20.42075447032086,1,False,False
191,38.2,2690230209696,1708.3851343365532,21.023785905313677,1,False,False
191,38.2,2690230210608,1794.410484584151,21.941245577078174,1,False,False
191,38.2,2690230208400,1704.1396872073612,20.63175553676712,0,False,False
191,38.2,2690230210752,1774.043572266772,21.092987473614443,0,False,False
191,38.2,2690230208592,1907.386463872708,23.175010397841458,1,False,False
191,38.2,2690230209984,1854.3207317019478,21.476504231220897,0,False,False
192,38.4,2690230209216,353.98266768085955,8.648021206435708e-15,0,True,True
192,38.4,2690230209408,343.98266962453823,-3.684387725684468e-06,0,False,False
192,38.4,2690230209360,358.98266768085955,6.043826847416076e-15,0,False,True
192,38.4,2690230209072,688.7634107645073,2.428384929470988,0,False,False
192,38.4,2690230209840,679.5265553026987,8.423767167896818,1,False,False
192,38.4,2690230209792,734.7036384464076,6.0054093556499195,0,False,False
192,38.4,2690230210992,701.9356509742961,2.7752972603797863,0,False,False
192,38.4,2690230211520,716.7564579607305,4.080263355349821,0,False,False
192,38.4,2690230208688,706.4360809174522,10.761425489589593,1,False,False
192,38.4,2690230210416,735.2384791133956,12.227938657915454,1,False,False
192,38.4,2690230209600,756.6100815106697,8.177060145266855,0,False,False
192,38.4,2690230211088,766.460691686253,13.0714536719196,1,False,False
192,38.4,2690230208304,782.6486981064018,10.27549961632019,0,False,False
192,38.4,2690230209744,812.1771231117413,11.980754474151144,0,False,False
192,38.4,2690230209120,798.6390599989322,13.042601947837332,1,False,False
192,38.4,2690230209552,844.388071455568,13.263013854081565,0,False,False
192,38.4,2690230210848,830.2926904812905,12.07968340162422,1,False,False
192,38.4,2690230208448,859.5383480493892,10.336620538352205,1,False,False
192,38.4,2690230211376,884.4835066739223,8.94890859109098,1,False,False
192,38.4,2690230208736,907.2944585913316,8.856196379243578,1,False,False
192,38.4,2690230208880,931.0378312501156,10.076977133189237,1,False,False
192,38.4,2690230208976,878.6066086110412,14.181026488910673,0,False,False
192,38.4,2690230211184,958.1792711293983,11.94373883202794,1,False,False
192,38.4,2690230209024,914.5566964706542,14.894306995086366,0,False,False
192,38.4,2690230210032,952.5041650065341,15.490268626346161,0,False,False
192,38.4,2690230208496,990.4188826989229,15.898622167552533,0,False,False
192,38.4,2690230208928,989.9366205320032,13.824912391990232,1,False,False
192,38.4,2690230208544,1025.7594918828795,15.197055271365008,1,False,False
192,38.4,2690230208832,1064.400377161462,16.04756752154328,1,False,False
192,38.4,2690230211136,1030.685660093517,16.266562529588814,0,False,False
192,38.4,2690230211040,1069.8942799842414,16.46781495051274,0,False,False
192,38.4,2690230211328,1113.3460526747865,16.702301730618068,0,False,False
192,38.4,2690230211232,1103.702096437361,16.339672407032072,1,False,False
192,38.4,2690230211424,1147.2766951142562,16.652835228277098,1,False,False
192,38.4,2690230210272,1186.9285731632178,16.659586596924687,1,False,False
192,38.4,2690230208208,1228.0511043123984,16.756784213540943,1,False,False
192,38.4,2690230210704,1154.5548141413608,16.78001911923302,0,False,False
192,38.4,2690230210560,1270.6307545218765,16.98514721867644,1,False,False
192,38.4,2690230211280,1195.9347876989116,16.859998807462368,0,False,False
192,38.4,2690230211472,1237.800783041951,16.954657019054974,0,False,False
192,38.4,2690230210128,1312.153246728967,17.233035323436646,1,False,False
192,38.4,2690230208784,1282.0235410189853,17.111476083166803,0,False,False
192,38.4,2690230208352,1326.690745615786,17.34823716719771,0,False,False
192,38.4,2690230210512,1373.3701419850954,17.699105520114152,0,False,False
192,38.4,2690230210080,1418.978890314836,18.033940361703515,0,False,False
192,38.4,2690230211568,1463.4084814596354,18.315666787536976,0,False,False
192,38.4,2690230208256,1518.0356407335312,18.82756438769776,0,False,False
192,38.4,2690230210464,1356.1512530960217,17.548527888340995,1,False,False
192,38.4,2690230210224,1581.473786994024,19.58698395552612,0,False,False
192,38.4,2690230210320,1407.2002054784582,18.054093204037823,1,False,False
192,38.4,2690230210800,1458.7941706355812,18.49468698990113,1,False,False
192,38.4,2690230208640,1506.531595874228,18.763129996862634,1,False,False
192,38.4,2690230210896,1570.5088189568999,19.46971041669742,1,False,False
192,38.4,2690230210656,1645.7936409059178,20.226044818438165,0,False,False
192,38.4,2690230209936,1644.316581260359,20.427752986365135,1,False,False
192,38.4,2690230209696,1712.5902397963337,21.028999991995875,1,False,False
192,38.4,2690230210608,1798.7989334505307,21.944236140593418,1,False,False
192,38.4,2690230208400,1708.2664130380488,20.637364640500056,0,False,False
192,38.4,2690230210752,1778.2623749313634,21.096057828953505,0,False,False
192,38.4,2690230208592,1912.0214659522762,23.175010397841458,1,False,False
192,38.4,2690230209984,1858.6160325481917,21.476504231220897,0,False,False
193,38.6,2690230209216,353.98266768085955,7.0311615379139506e-15,0,True,True
193,38.6,2690230209408,343.9826690746947,-3.2575930549685326e-06,0,False,False
193,38.6,2690230209360,358.98266768085955,4.9138550723880625e-15,0,False,True
193,38.6,2690230209072,689.2469636869997,2.3997883123434147,0,False,False
193,38.6,2690230209840,681.228080317679,8.678442433250275,1,False,False
193,38.6,2690230209792,735.9194013783027,6.226232716312534,0,False,False
193,38.6,2690230210992,702.4966343976636,2.8667094996313947,0,False,False
193,38.6,2690230211520,717.584177804631,4.256843386325109,0,False,False
193,38.6,2690230208688,708.5982838990384,10.90979582722421,1,False,False
193,38.6,2690230210416,737.6914648556576,12.337619139014834,1,False,False
193,38.6,2690230209600,758.2606228033984,8.403752929682362,0,False,False
193,38.6,2690230211088,769.0775149378809,13.107662198441117,1,False,False
193,38.6,2690230208304,784.7173403455855,10.4777498714321,0,False,False
193,38.6,2690230209744,814.5838393758683,12.13811320559104,0,False,False
193,38.6,2690230209120,801.244235682381,12.990608664771566,1,False,False
193,38.6,2690230209552,847.0484263285189,13.37831400565986,0,False,False
193,38.6,2690230210848,832.6998006279927,11.94629514687777,1,False,False
193,38.6,2690230208448,861.5958614371383,10.19064776197082,1,False,False
193,38.6,2690230211376,886.2698001979561,8.899218186579377,1,False,False
193,38.6,2690230208736,909.0708468837719,8.935560004111387,1,False,False
193,38.6,2690230208880,933.0639397833957,10.238369382305523,1,False,False
193,38.6,2690230208976,881.4482640349677,14.262038302730284,0,False,False
193,38.6,2690230211184,960.579390716245,12.11371272935195,1,False,False
193,38.6,2690230209024,917.5393821053706,14.951143906909426,0,False,False
193,38.6,2690230210032,955.604798776965,15.52861517245996,0,False,False
193,38.6,2690230208496,993.6004319813151,15.925752959365605,0,False,False
193,38.6,2690230208928,992.7105163695489,13.957476564897444,1,False,False
193,38.6,2690230208544,1028.8042673481007,15.276553690584041,1,False,False
193,38.6,2690230208832,1067.6126294419462,16.088051317236815,1,False,False
193,38.6,2690230211136,1033.940116162265,16.283567583783178,0,False,False
193,38.6,2690230211040,1073.1886253599287,16.47945702236225,0,False,False
193,38.6,2690230211328,1116.6868836647873,16.707829362501148,0,False,False
193,38.6,2690230211232,1106.9713462259288,16.359138288553687,1,False,False
193,38.6,2690230211424,1150.6076245708794,16.658217797776352,1,False,False
193,38.6,2690230210272,1190.2609948819293,16.667163081224068,1,False,False
193,38.6,2690230208208,1231.4032032876958,16.767928949223702,1,False,False
193,38.6,2690230210704,1157.9111249497641,16.784623557042814,0,False,False
193,38.6,2690230210560,1274.0286975394547,16.998849140619324,1,False,False
193,38.6,2690230211280,1199.307136178431,16.86524900046878,0,False,False
193,38.6,2690230211472,1241.192200129271,16.961965765065752,0,False,False
193,38.6,2690230210128,1315.600827087391,17.247615431574285,1,False,False
193,38.6,2690230208784,1285.4465005956636,17.121457054308948,0,False,False
193,38.6,2690230208352,1330.1612184830337,17.36061863586035,0,False,False
193,38.6,2690230210512,1376.9109008027167,17.71315474366918,0,False,False
193,38.6,2690230210080,1422.5865917092813,18.047617006758944,0,False,False
193,38.6,2690230211568,1467.0724539486944,18.328230875125055,0,False,False
193,38.6,2690230208256,1521.8018999449907,18.838737253010354,0,False,False
193,38.6,2690230210464,1359.6618970965483,17.56257918992648,1,False,False
193,38.6,2690230210224,1585.3918425022164,19.596844698143567,0,False,False
193,38.6,2690230210320,1410.8118894099878,18.067047531061256,1,False,False
193,38.6,2690230210800,1462.4938640244955,18.50600419356514,1,False,False
193,38.6,2690230208640,1510.2848758194027,18.77291946054256,1,False,False
193,38.6,2690230210896,1574.403297242735,19.47773737980132,1,False,False
193,38.6,2690230210656,1649.83937028622,20.233835018729742,0,False,False
193,38.6,2690230209936,1648.4025953896423,20.43469306759711,1,False,False
193,38.6,2690230209696,1716.7963850568613,21.03416896884423,1,False,False
193,38.6,2690230210608,1803.1879787257362,21.947201222495924,1,False,False
193,38.6,2690230208400,1712.3942571791645,20.642921251511396,0,False,False
193,38.6,2690230210752,1782.4817895179442,21.099096052384322,0,False,False
193,38.6,2690230208592,1916.6564680318445,23.175010397841458,1,False,False
193,38.6,2690230209984,1862.9113333944356,21.476504231220897,0,False,False
194,38.8,2690230209216,353.98266768085955,5.716594743714335e-15,0,True,True
194,38.8,2690230209408,343.9826685905204,-2.843592782415749e-06,0,False,False
194,38.8,2690230209360,358.98266768085955,3.9951461684838055e-15,0,False,True
194,38.8,2690230209072,689.7257726324652,2.3857718387927225,0,False,False
194,38.8,2690230209840,682.9803933087529,8.929091416603079,1,False,False
194,38.8,2690230209792,737.179503103844,6.44957076374775,0,False,False
194,38.8,2690230210992,703.0766573786058,2.9693737084391283,0,False,False
194,38.8,2690230211520,718.4476765579118,4.44026131631331,0,False,False
194,38.8,2690230208688,710.7900336966412,11.056163550895246,1,False,False
194,38.8,2690230210416,740.1659946740255,12.441358793670153,1,False,False
194,38.8,2690230209600,759.9564218966591,8.629152039813647,0,False,False
194,38.8,2690230211088,771.7010440892949,13.135810155215427,1,False,False
194,38.8,2690230208304,786.826162897168,10.67590240132181,0,False,False
194,38.8,2690230209744,817.0216903447202,12.290411372648572,0,False,False
194,38.8,2690230209120,803.8384686608422,12.930489763195151,1,False,False
194,38.8,2690230209552,849.7315484262828,13.489241817906226,0,False,False
194,38.8,2690230210848,835.0799489736902,11.808801945270988,1,False,False
194,38.8,2690230208448,863.6245522281706,10.050438469183373,1,False,False
194,38.8,2690230211376,888.0469464185181,8.861397863908937,1,False,False
194,38.8,2690230208736,910.8637363969873,9.024229877888384,1,False,False
194,38.8,2690230208880,935.12252458365,10.402599163761629,1,False,False
194,38.8,2690230208976,884.3059019366043,14.339777533751695,0,False,False
194,38.8,2690230211184,963.0133177677384,12.280803128783846,1,False,False
194,38.8,2690230209024,920.5332790195961,15.005661761148943,0,False,False
194,38.8,2690230210032,958.7129970903025,15.565407721562146,0,False,False
194,38.8,2690230208496,996.7873358560936,15.95182231993247,0,False,False
194,38.8,2690230208928,995.5105841980802,14.08492959723044,1,False,False
194,38.8,2690230208544,1031.8646554340676,15.351785413874193,1,False,False
194,38.8,2690230208832,1070.8328020629417,16.12592376289569,1,False,False
194,38.8,2690230211136,1037.197929395182,16.299922871327798,0,False,False
194,38.8,2690230211040,1076.4852714726242,16.490689105252386,0,False,False
194,38.8,2690230211328,1120.0288108341663,16.713219877203706,0,False,False
194,38.8,2690230211232,1110.2444116668476,16.37746017706543,1,False,False
194,38.8,2690230211424,1153.939615275062,16.663380926546,1,False,False
194,38.8,2690230210272,1193.594935254099,16.67479233653423,1,False,False
194,38.8,2690230208208,1234.7575350113382,16.779130413155176,1,False,False
194,38.8,2690230210704,1161.2683566770222,16.789230005051117,0,False,False
194,38.8,2690230210560,1277.4293803751223,17.01254184550587,1,False,False
194,38.8,2690230211280,1202.680540559629,16.870587559543107,0,False,False
194,38.8,2690230211472,1244.585085981578,16.969379354751975,0,False,False
194,38.8,2690230210128,1319.051317673784,17.26210858579767,1,False,False
194,38.8,2690230208784,1288.8714609703436,17.131506276111224,0,False,False
194,38.8,2690230208352,1333.6341675766573,17.37299843077666,0,False,False
194,38.8,2690230210512,1380.4544645049275,17.72712937826908,0,False,False
194,38.8,2690230210080,1426.197021491591,18.061189713095363,0,False,False
194,38.8,2690230211568,1470.7389324109283,18.340692553377686,0,False,False
194,38.8,2690230208256,1525.570387111594,18.849811149807383,0,False,False
194,38.8,2690230210464,1363.1753438683322,17.576518434657658,1,False,False
194,38.8,2690230210224,1589.311864179211,19.606616036135335,0,False,False
194,38.8,2690230210320,1414.42615672499,18.07988996602778,1,False,False
194,38.8,2690230210800,1466.1958140825398,18.517220139663216,1,False,False
194,38.8,2690230208640,1514.040107764166,18.782620811901843,1,False,False
194,38.8,2690230210896,1578.2993761174832,19.485692509370235,1,False,False
194,38.8,2690230210656,1653.886652910992,20.241553513164373,0,False,False
194,38.8,2690230209936,1652.489993679759,20.44157548806496,1,False,False
194,38.8,2690230209696,1721.0035611376486,21.0392934553931,1,False,False
194,38.8,2690230210608,1807.5776153362913,21.950141164073752,1,False,False
194,38.8,2690230208400,1716.52320918052,20.64842609204156,0,False,False
194,38.8,2690230210752,1786.7018096312427,21.102102608513896,0,False,False
194,38.8,2690230208592,1921.2914701114128,23.175010397841458,1,False,False
194,38.8,2690230209984,1867.2066342406795,21.476504231220897,0,False,False
195,39.0,2690230209216,353.98266768085955,4.647803252371003e-15,0,True,True
195,39.0,2690230209408,343.98266816974746,-2.4475545610575333e-06,0,False,False
195,39.0,2690230209360,358.98266768085955,3.248201803353945e-15,0,False,True
195,39.0,2690230209072,690.2027377118956,2.38608622472998,0,False,False
195,39.0,2690230209840,684.7826032724397,9.17515610158442,1,False,False
195,39.0,2690230209792,738.4844174994902,6.674988547344573,0,False,False
195,39.0,2690230210992,703.677938787495,3.082815743378677,0,False,False
195,39.0,2690230211520,719.3482902094364,4.630044518667364,0,False,False
195,39.0,2690230208688,713.0109018786965,11.20011298158471,1,False,False
195,39.0,2690230210416,742.6608625572436,12.53889366987296,1,False,False
195,39.0,2690230209600,761.6971955528722,8.852892347928456,0,False,False
195,39.0,2690230211088,774.3296603223745,13.155801137284119,1,False,False
195,39.0,2690230208304,788.974331111626,10.869735359301897,0,False,False
195,39.0,2690230209744,819.4896627936156,12.437636698388033,0,False,False
195,39.0,2690230209120,806.4201450689777,12.862422960095406,1,False,False
195,39.0,2690230209552,852.4365693557313,13.595890178317847,0,False,False
195,39.0,2690230210848,837.4323624824617,11.667931976988827,1,False,False
195,39.0,2690230208448,865.6256274159355,9.91679552674059,1,False,False
195,39.0,2690230211376,889.8173205133378,8.835448889471845,1,False,False
195,39.0,2690230208736,912.6749516948288,9.121651983991528,1,False,False
195,39.0,2690230208880,937.2141145367088,10.569090817809633,1,False,False
195,39.0,2690230208976,887.17887551564,14.414359995620753,0,False,False
195,39.0,2690230211184,965.4804540702106,12.444694751554726,1,False,False
195,39.0,2690230209024,923.5379301015107,15.057960492715566,0,False,False
195,39.0,2690230210032,961.8284543326591,15.600723292956019,0,False,False
195,39.0,2690230208496,999.9793856053486,15.976883188964951,0,False,False
195,39.0,2690230208928,998.3358026852736,14.207290121293935,1,False,False
195,39.0,2690230208544,1034.9398146141937,15.422928003204369,1,False,False
195,39.0,2690230208832,1074.060383126447,16.161339146643645,1,False,False
195,39.0,2690230211136,1040.458972182241,16.315663106719672,0,False,False
195,39.0,2690230211040,1079.7841378537687,16.50153387462664,0,False,False
195,39.0,2690230211328,1123.371807670775,16.71848676587942,0,False,False
195,39.0,2690230211232,1113.521069529801,16.39472050897922,1,False,False
195,39.0,2690230211424,1157.2726261376745,16.668365803997837,1,False,False
195,39.0,2690230210272,1196.930405533516,16.68248453840126,1,False,False
195,39.0,2690230208208,1238.1141107365866,16.79038715642174,1,False,False
195,39.0,2690230210704,1164.6265101787321,16.79384516364885,0,False,False
195,39.0,2690230210560,1280.8328009703393,17.02622212643989,1,False,False
195,39.0,2690230211280,1206.055018636187,16.87601622652679,0,False,False
195,39.0,2690230211472,1247.9794614474645,16.976895960013042,0,False,False
195,39.0,2690230210128,1322.504701083496,17.276514588165696,1,False,False
195,39.0,2690230208784,1292.298435552279,17.14162014645123,0,False,False
195,39.0,2690230208352,1337.1095923651726,17.385373628188763,0,False,False
195,39.0,2690230210512,1384.0008181194898,17.741028627267507,0,False,False
195,39.0,2690230210080,1429.8101589278401,18.07465929119527,0,False,False
195,39.0,2690230211568,1474.4078964410103,18.353052967965795,0,False,False
195,39.0,2690230208256,1529.3410825292688,18.860787417181395,0,False,False
195,39.0,2690230210464,1366.6915710834019,17.5903468697821,1,False,False
195,39.0,2690230210224,1593.2338342309315,19.61629926616595,0,False,False
195,39.0,2690230210320,1418.0429851455674,18.092622009945153,1,False,False
195,39.0,2690230210800,1469.9000006526012,18.528336237746892,1,False,False
195,39.0,2690230208640,1517.7972741710214,18.792235319513452,1,False,False
195,39.0,2690230210896,1582.1970412807004,19.493576795034958,1,False,False
195,39.0,2690230210656,1657.9354745070623,20.249201317071964,0,False,False
195,39.0,2690230209936,1656.5787646494252,20.44840100769934,1,False,False
195,39.0,2690230209696,1725.2117591813242,21.044374059383777,1,False,False
195,39.0,2690230210608,1811.9678382765574,21.95305630034644,1,False,False
195,39.0,2690230208400,1720.653258735453,20.653879870572784,0,False,False
195,39.0,2690230210752,1790.9224289682998,21.10507795286401,0,False,False
195,39.0,2690230208592,1925.926472190981,23.175010397841458,1,False,False
195,39.0,2690230209984,1871.5019350869234,21.476504231220897,0,False,False
196,39.2,2690230209216,353.98266768085955,3.778836185038825e-15,0,True,True
196,39.2,2690230209408,343.982667809367,-2.0734837955536837e-06,0,False,False
196,39.2,2690230209360,358.98266768085955,2.6409083698972517e-15,0,False,True
196,39.2,2690230209072,690.6807061330653,2.4004377959564804,0,False,False
196,39.2,2690230209840,686.6337321112036,9.416150158345193,1,False,False
196,39.2,2690230209792,739.8345317425848,6.902055514477453,0,False,False
196,39.2,2690230210992,704.3026023326794,3.2065570805620887,0,False,False
196,39.2,2690230211520,720.2872605908459,4.8257258442477005,0,False,False
196,39.2,2690230208688,715.2603777737322,11.341241997441635,1,False,False
196,39.2,2690230210416,745.1748108247565,12.629976628881101,1,False,False
196,39.2,2690230209600,763.4825882550497,9.07462018774829,0,False,False
196,39.2,2690230211088,776.9617268058504,13.167558015403621,1,False,False
196,39.2,2690230208304,791.1609674029535,11.059048582942658,0,False,False
196,39.2,2690230209744,821.9867423455107,12.579796239498732,0,False,False
196,39.2,2690230209120,808.987689281424,12.78662693733674,1,False,False
196,39.2,2690230209552,855.1626398116501,13.698359397496667,0,False,False
196,39.2,2690230210848,839.7564163178797,11.524450631144171,1,False,False
196,39.2,2690230208448,867.6004509659836,9.790466322524157,1,False,False
196,39.2,2690230211376,891.583293149258,8.821302075160691,1,False,False
196,39.2,2690230208736,914.5062054985859,9.227257646972332,1,False,False
196,39.2,2690230208880,939.3391245222161,10.737285935629895,1,False,False
196,39.2,2690230208976,890.0665611449341,14.485901534967239,0,False,False
196,39.2,2690230211184,967.9801405861366,12.605105809776957,1,False,False
196,39.2,2690230209024,926.5528980547174,15.10813742419944,0,False,False
196,39.2,2690230210032,964.9508800658581,15.634635495002753,0,False,False
196,39.2,2690230208496,1003.17638292522,16.000985918573065,0,False,False
196,39.2,2690230208928,1001.1851557457386,14.32459911563429,1,False,False
196,39.2,2690230208544,1038.028938959758,15.490159994056846,1,False,False
196,39.2,2690230208832,1077.2948912011814,16.194445856826533,1,False,False
196,39.2,2690230211136,1043.7231237277638,16.330821099548224,0,False,False
196,39.2,2690230211040,1083.0851484921889,16.512012854745528,0,False,False
196,39.2,2690230211328,1126.7158503081068,16.72364274100963,0,False,False
196,39.2,2690230211232,1116.8011127494424,16.410996934559904,1,False,False
196,39.2,2690230211424,1160.6066240728533,16.67321014936684,1,False,False
196,39.2,2690230210272,1200.2674189157176,16.69024848698309,1,False,False
196,39.2,2690230208208,1241.4729414086976,16.801697465051568,1,False,False
196,39.2,2690230210704,1167.9855876201168,16.798475281632136,0,False,False
196,39.2,2690230210560,1284.2389566313075,17.03988686960256,1,False,False
196,39.2,2690230211280,1209.4305885309113,16.881536458282,0,False,False
196,39.2,2690230211472,1251.3753470023248,16.984513641566053,0,False,False
196,39.2,2690230210128,1325.960959875288,17.29083328546764,1,False,False
196,39.2,2690230208784,1295.7274370336893,17.15179511493764,0,False,False
196,39.2,2690230208352,1340.5874917404733,17.39774142567758,0,False,False
196,39.2,2690230210512,1387.5499465207627,17.754851781826417,0,False,False
196,39.2,2690230210080,1433.4259834471259,18.08802656502149,0,False,False
196,39.2,2690230211568,1478.0793258620138,18.365313253504286,0,False,False
196,39.2,2690230208256,1533.1139667601592,18.87166737030803,0,False,False
196,39.2,2690230210464,1370.2105566621206,17.604065725925118,1,False,False
196,39.2,2690230210224,1597.1577351208289,19.625895657987154,0,False,False
196,39.2,2690230210320,1421.6623526920314,18.105245134132417,1,False,False
196,39.2,2690230210800,1473.6064038575582,18.539353868782364,1,False,False
196,39.2,2690230208640,1521.5563577544187,18.801764225588997,1,False,False
196,39.2,2690230210896,1586.096278628584,19.50139120727126,1,False,False
196,39.2,2690230210656,1661.9858210029365,20.256779425094937,0,False,False
196,39.2,2690230209936,1660.6688969684192,20.45517037264428,1,False,False
196,39.2,2690230209696,1729.4209704512937,21.04941137705366,1,False,False
196,39.2,2690230210608,1816.3586426074894,21.955946960211595,1,False,False
196,39.2,2690230208400,1724.7843956780969,20.659283282169582,0,False,False
196,39.2,2690230210752,1795.1436413166664,21.108022532099074,0,False,False
196,39.2,2690230208592,1930.5614742705493,23.175010397841458,1,False,False
196,39.2,2690230209984,1875.7972359331673,21.476504231220897,0,False,False
197,39.4,2690230209216,353.98266768085955,3.072333775332307e-15,0,True,True
197,39.4,2690230209408,343.9826675058037,-1.7243438451214707e-06,0,False,False
197,39.4,2690230209360,358.98266768085955,2.147156316147573e-15,0,False,True
197,39.4,2690230209072,691.162463712647,2.428494314924573,0,False,False
197,39.4,2690230209840,688.5327202131967,9.65164592747964,1,False,False
197,39.4,2690230209792,741.2301472033488,7.130345727220432,0,False,False
197,39.4,2690230210992,704.9526758612744,3.3401173621470375,0,False,False
197,39.4,2690230211520,721.265736456681,5.026843367057144,0,False,False
197,39.4,2690230208688,717.5378712163867,11.479162539875258,1,False,False
197,39.4,2690230210416,747.7065334879472,12.71437731986086,1,False,False
197,39.4,2690230209600,765.3121745808253,9.293994590368222,0,False,False
197,39.4,2690230211088,779.5955926319198,13.171024206620714,1,False,False
197,39.4,2690230208304,793.385155639615,11.243664364624369,0,False,False
197,39.4,2690230209744,824.511917271607,12.716915364503677,0,False,False
197,39.4,2690230209120,811.5395722554393,12.703363519369333,1,False,False
197,39.4,2690230209552,857.9089309918514,13.796756172143429,0,False,False
197,39.4,2690230210848,842.0516408973492,11.37915452435724,1,False,False
197,39.4,2690230208448,869.5505323010293,9.672136708567184,1,False,False
197,39.4,2690230211376,893.3472167014535,8.818822516091002,1,False,False
197,39.4,2690230208736,916.3590960275528,9.340467539222159,1,False,False
197,39.4,2690230208880,941.4978589712889,10.906644949316581,1,False,False
197,39.4,2690230208976,892.9683583410122,14.554517501742078,0,False,False
197,39.4,2690230211184,970.5116641513499,12.761787935561605,1,False,False
197,39.4,2690230209024,929.57776486474,15.156287107852433,0,False,False
197,39.4,2690230210032,968.0799983489094,15.667214583228294,0,False,False
197,39.4,2690230208496,1006.3781394146569,16.02417836793648,0,False,False
197,39.4,2690230208928,1004.0576368711263,14.436917808976963,1,False,False
197,39.4,2690230208544,1041.131258245062,15.553659588348516,1,False,False
197,39.4,2690230208832,1080.5358741330072,16.225386252178616,1,False,False
197,39.4,2690230211136,1046.9902696763731,16.345427857658247,0,False,False
197,39.4,2690230211040,1086.3882316081065,16.52214648162756,0,False,False
197,39.4,2690230211328,1130.060917372559,16.72869978073051,0,False,False
197,39.4,2690230211232,1120.0843494827086,16.42636253576149,1,False,False
197,39.4,2690230211424,1163.941583318497,16.677948427414165,1,False,False
197,39.4,2690230210272,1203.6059902702902,16.6980917161886,1,False,False
197,39.4,2690230208208,1244.8340376143346,16.813059395675545,1,False,False
197,39.4,2690230210704,1171.345592387235,16.80312617880837,0,False,False
197,39.4,2690230210560,1287.6478440479445,17.053533059401847,1,False,False
197,39.4,2690230211280,1212.8072686398252,16.887149442847033,0,False,False
197,39.4,2690230211472,1254.7727627268548,16.992230359871428,0,False,False
197,39.4,2690230210128,1329.4200765801997,17.305064568048223,1,False,False
197,39.4,2690230208784,1299.1584774003609,17.162027686633248,0,False,False
197,39.4,2690230208352,1344.0678640419155,17.41009913938988,0,False,False
197,39.4,2690230210512,1391.1018344469423,17.768598216155784,0,False,False
197,39.4,2690230210080,1437.0444746441442,18.101292370237864,0,False,False
197,39.4,2690230211568,1481.7532007231864,18.37747453332551,0,False,False
197,39.4,2690230208256,1536.8890206278759,18.882452300932464,0,False,False
197,39.4,2690230210464,1373.7322787698897,17.617676217482366,1,False,False
197,39.4,2690230210224,1601.0835495645492,19.63540645518075,0,False,False
197,39.4,2690230210320,1425.2842376770257,18.117760781155948,1,False,False
197,39.4,2690230210800,1477.3150040946236,18.550274386049495,1,False,False
197,39.4,2690230208640,1525.3173414755317,18.81120874673586,1,False,False
197,39.4,2690230210896,1589.9970742501755,19.50913669789178,1,False,False
197,39.4,2690230210656,1666.0376785247006,20.264288811761244,0,False,False
197,39.4,2690230209936,1664.760379454845,20.461884315578445,1,False,False
197,39.4,2690230209696,1733.6311863294586,21.05440599341665,1,False,False
197,39.4,2690230210608,1820.7500234554216,21.95881346658731,1,False,False
197,39.4,2690230208400,1728.916609980722,20.664637008808707,0,False,False
197,39.4,2690230210752,1799.365440552648,21.110936784246935,0,False,False
197,39.4,2690230208592,1935.1964763501176,23.175010397841458,1,False,False
197,39.4,2690230209984,1880.0925367794111,21.476504231220897,0,False,False
198,39.6,2690230209216,353.98266768085955,2.497921149484993e-15,0,True,True
198,39.6,2690230209408,343.9826672550712,-1.402174848278277e-06,0,False,False
198,39.6,2690230209360,358.98266768085955,1.7457176093359826e-15,0,False,True
198,39.6,2690230209072,691.6507275441014,2.4698906407699472,0,False,False
198,39.6,2690230209840,690.4784327675326,9.881265604234448,1,False,False
198,39.6,2690230209792,742.6714803895761,7.359438220768167,0,False,False
198,39.6,2690230210992,705.6300911377273,3.483016476264277,0,False,False
198,39.6,2690230211520,722.2847745072742,5.232940043319957,0,False,False
198,39.6,2690230208688,719.8427153907504,11.613501060182916,1,False,False
198,39.6,2690230210416,750.2546796054678,12.791882146946818,1,False,False
198,39.6,2690230209600,767.1854618261551,9.510688551836814,0,False,False
198,39.6,2690230211088,782.2295970214384,13.166165160291984,1,False,False
198,39.6,2690230208304,795.6459456769707,11.423428028594817,0,False,False
198,39.6,2690230209744,827.0641820789887,12.849036607635178,0,False,False
198,39.6,2690230209120,814.0743202870788,12.612939499101813,1,False,False
198,39.6,2690230209552,860.6746358067461,13.891192577993682,0,False,False
198,39.6,2690230210848,844.317727701191,11.232864809283408,1,False,False
198,39.6,2690230208448,871.4775136450083,9.5624260131686,1,False,False
198,39.6,2690230211376,895.1114124436007,8.82781465133252,1,False,False
198,39.6,2690230208736,918.2351051177616,9.460695344492398,1,False,False
198,39.6,2690230208880,943.6905157356248,11.076648624404056,1,False,False
198,39.6,2690230208976,895.8836896321723,14.620322272511741,0,False,False
198,39.6,2690230211184,973.0742641410985,12.914525855205186,1,False,False
198,39.6,2690230209024,932.6121312361313,15.202501200175334,0,False,False
198,39.6,2690230210032,971.2155470720048,15.698527531376016,0,False,False
198,39.6,2690230208496,1009.5844760832355,16.04650599962704,0,False,False
198,39.6,2690230208928,1006.9522530389303,14.544325559771556,1,False,False
198,39.6,2690230208544,1044.246037801931,15.613603507754286,1,False,False
198,39.6,2690230208832,1083.7829078335767,16.25429659299297,1,False,False
198,39.6,2690230211136,1050.260301759321,16.359512686388506,0,False,False
198,39.6,2690230211040,1089.6933194395124,16.531954162661748,0,False,False
198,39.6,2690230211328,1133.4069898393725,16.73366917034078,0,False,False
198,39.6,2690230211232,1123.3706022095726,16.440886041730003,1,False,False
198,39.6,2690230211424,1167.2774847992218,16.68261205393118,1,False,False
198,39.6,2690230210272,1206.946135894541,16.706020596018696,1,False,False
198,39.6,2690230208208,1248.1974095379073,16.824470808152284,1,False,False
198,39.6,2690230210704,1174.7065290026205,16.807803267275776,0,False,False
198,39.6,2690230210560,1291.0594593138173,17.067157782544047,1,False,False
198,39.6,2690230211280,1216.1850775794428,16.892856114857384,0,False,False
198,39.6,2690230211472,1258.1717282877003,17.000043985499296,0,False,False
198,39.6,2690230210128,1332.8820337101786,17.319208368522734,1,False,False
198,39.6,2690230208784,1302.5915679429643,17.172314425373713,0,False,False
198,39.6,2690230208352,1347.5507070798424,17.42244420118571,0,False,False
198,39.6,2690230210512,1394.6564665163667,17.782267382950756,0,False,False
198,39.6,2690230210080,1440.6656122814163,18.114457552553077,0,False,False
198,39.6,2690230211568,1485.4295012976795,18.38953791928427,0,False,False
198,39.6,2690230208256,1540.666225212841,18.89314347784795,0,False,False
198,39.6,2690230210464,1377.2567158139263,17.63117954298054,1,False,False
198,39.6,2690230210224,1605.011260524747,19.64483287587574,0,False,False
198,39.6,2690230210320,1428.908618699838,18.130170365719295,1,False,False
198,39.6,2690230210800,1481.0257820298648,18.56109911599584,1,False,False
198,39.6,2690230208640,1529.0802085371868,18.820570074684785,1,False,False
198,39.6,2690230210896,1593.8994144236597,19.516814200521488,1,False,False
198,39.6,2690230210656,1670.0910333920335,20.271730432036552,0,False,False
198,39.6,2690230209936,1668.8532010724616,20.468543556027026,1,False,False
198,39.6,2690230209696,1737.8423983139883,21.0593584825352,1,False,False
198,39.6,2690230210608,1825.1419760108802,21.96165613655053,1,False,False
198,39.6,2690230208400,1733.049891751137,20.669941719698866,0,False,False
198,39.6,2690230210752,1803.5878206395905,21.113821138912968,0,False,False
198,39.6,2690230208592,1939.8314784296858,23.175010397841458,1,False,False
198,39.6,2690230209984,1884.387837625655,21.476504231220897,0,False,False
199,39.8,2690230209216,353.98266768085955,2.0309024101294283e-15,0,True,True
199,39.8,2690230209408,343.98266705290956,-1.1082092368991743e-06,0,False,False
199,39.8,2690230209360,358.98266768085955,1.4193330725979069e-15,0,False,True
199,39.8,2690230209072,692.1481397813691,2.5242341268238997,0,False,False
199,39.8,2690230209840,692.469666411383,10.10467504587498,1,False,False
199,39.8,2690230209792,744.1586639726919,7.588917507453531,0,False,False
199,39.8,2690230210992,706.3366840088735,3.6347762023459973,0,False,False
199,39.8,2690230211520,723.3453403396913,5.443563322270801,0,False,False
199,39.8,2690230208688,722.1741697588526,11.743898902766581,1,False,False
199,39.8,2690230210416,752.8178566326791,12.862294252243743,1,False,False
199,39.8,2690230209600,769.1018928833021,9.72439030632175,0,False,False
199,39.8,2690230211088,784.8620738401673,13.152970048340464,1,False,False
199,39.8,2690230208304,797.9423579913974,11.598208299580135,0,False,False
199,39.8,2690230209744,829.6425408619012,12.97621842080839,0,False,False
199,39.8,2690230209120,816.5905241040705,12.51570801558866,1,False,False
199,39.8,2690230209552,863.4589698899493,13.981785101184597,0,False,False
199,39.8,2690230210848,846.5545337022232,11.086419894248937,1,False,False
199,39.8,2690230208448,873.3831564433001,9.461883165065563,1,False,False
199,39.8,2690230211376,896.8781587653485,8.848027526156066,1,False,False
199,39.8,2690230208736,920.1355970516804,9.587351100943241,1,False,False
199,39.8,2690230208880,945.9171902487109,11.24679945611593,1,False,False
199,39.8,2690230208976,898.8120003347271,14.683428825614376,0,False,False
199,39.8,2690230211184,975.6671390540109,13.063136810600646,1,False,False
199,39.8,2690230209024,935.6556160065337,15.246868366421497,0,False,False
199,39.8,2690230210032,974.3572773054698,15.72863811318,0,False,False
199,39.8,2690230208496,1012.795222878306,16.068011976728734,0,False,False
199,39.8,2690230208928,1009.8680281971724,14.64691774190281,1,False,False
199,39.8,2690230208544,1047.372578155293,15.67016600170413,1,False,False
199,39.8,2690230208832,1087.0355950588653,16.28130702541017,1,False,False
199,39.8,2690230211136,1053.5331174603925,16.373103283766643,0,False,False
199,39.8,2690230211040,1093.0003480402477,16.541454332999926,0,False,False
199,39.8,2690230211328,1136.7540508966922,16.738561541158315,0,False,False
199,39.8,2690230211232,1126.6597068766625,16.45463204056303,1,False,False
199,39.8,2690230211424,1170.6143155297475,16.687229591212994,1,False,False
199,39.8,2690230210272,1210.2878732872011,16.714040428448463,1,False,False
199,39.8,2690230208208,1251.5630669242441,16.835929395370343,1,False,False
199,39.8,2690230210704,1178.0684030450939,16.812511571477557,0,False,False
199,39.8,2690230210560,1294.4737979468214,17.080758231138738,1,False,False
199,39.8,2690230211280,1219.5640341370804,16.898657170274245,0,False,False
199,39.8,2690230211472,1261.572262920142,17.007952308957304,0,False,False
199,39.8,2690230210128,1336.3468137664424,17.333264660404232,1,False,False
199,39.8,2690230208784,1306.0267192690108,17.1826519567043,0,False,False
199,39.8,2690230208352,1351.0360181585313,17.434774155722252,0,False,False
199,39.8,2690230210512,1398.213827242916,17.795858809022178,0,False,False
199,39.8,2690230210080,1444.2893762911945,18.12752296618047,0,False,False
199,39.8,2690230211568,1489.108208080242,18.40150451159195,0,False,False
199,39.8,2690230208256,1544.4455618477298,18.903742147366312,0,False,False
199,39.8,2690230210464,1380.7838464401125,17.644576885409897,1,False,False
199,39.8,2690230210224,1608.9408512060427,19.65417611344085,0,False,False
199,39.8,2690230210320,1432.5354746408825,18.142475275509696,1,False,False
199,39.8,2690230210800,1484.7387185928926,18.571829359048703,1,False,False
199,39.8,2690230208640,1532.844942378934,18.82984937698935,1,False,False
199,39.8,2690230210896,1597.8032856127572,19.524424631057567,1,False,False
199,39.8,2690230210656,1674.1458721143306,20.279105221856486,0,False,False
199,39.8,2690230209936,1672.9473509280717,20.475148800664705,1,False,False
199,39.8,2690230209696,1742.0545980171487,21.06426940778413,1,False,False
199,39.8,2690230210608,1829.5344955274238,21.964475281471593,1,False,False
199,39.8,2690230208400,1737.184231230158,20.675198071590636,0,False,False
199,39.8,2690230210752,1807.8107756262104,21.116676017487606,0,False,False
199,39.8,2690230208592,1944.466480509254,23.175010397841458,1,False,False
199,39.8,2690230209984,1888.683138471899,21.476504231220897,0,False,False
