step,time_sec,vehicle_id,x_position,speed,lane_index,is_controlled,crashed
0,0.0,2690269374656,228.42950517701286,25.0,1,True,False
0,0.0,2690269373072,241.81801969296762,23.111028148287176,1,False,False
0,0.0,2690269374704,255.07864531954402,21.281595924062596,0,False,False
0,0.0,2690269374752,269.2672155523578,22.077613142503154,0,False,False
0,0.0,2690269377776,282.20467895120294,21.82874396228215,1,False,False
0,0.0,2690269376192,295.1070713745556,21.001806571374633,1,False,False
0,0.0,2690269376000,307.5373282345629,21.55853924199556,1,False,False
0,0.0,2690269377392,320.93535599785287,22.802873313613198,0,False,False
0,0.0,2690269373600,333.5234408860774,22.816107149733977,1,False,False
0,0.0,2690269375424,345.85666517670415,21.673426333363132,0,False,False
0,0.0,2690269376864,358.7209664459652,21.386994614735478,1,False,False
0,0.0,2690269377680,373.72007970981684,23.813872970594375,0,False,False
0,0.0,2690269377632,388.4411362566912,23.173586301232177,0,False,False
0,0.0,2690269375472,402.94024255062567,22.545339475929698,1,False,False
0,0.0,2690269377008,417.96503986659525,23.516996843114303,1,False,False
0,0.0,2690269375520,430.8460068620816,21.83745050320657,0,False,False
0,0.0,2690269377200,443.45416155237655,21.17968982831656,1,False,False
0,0.0,2690269377872,457.21063876769676,23.85714832618298,0,False,False
0,0.0,2690269376144,469.47782326158796,22.95810281665721,0,False,False
0,0.0,2690269377920,482.580260487337,22.289548326055556,0,False,False
0,0.0,2690269375136,496.126185874849,21.588345726826677,0,False,False
0,0.0,2690269375808,549.123910836675,25.0,0,True,False
0,0.0,2690269375616,562.6265610930125,23.390657408480003,0,False,False
0,0.0,2690269376672,575.5261266769991,21.00883514539446,0,False,False
0,0.0,2690269376528,587.719203735113,21.214428930079034,0,False,False
0,0.0,2690269374992,599.608579826324,21.124622483439882,0,False,False
0,0.0,2690269377440,611.6914523076313,21.82025857486854,1,False,False
0,0.0,2690269376720,626.4906473553717,23.824292682979745,0,False,False
0,0.0,2690269375328,640.7399403083565,22.06178428981417,0,False,False
0,0.0,2690269376768,654.8632455812685,21.822270191863527,0,False,False
0,0.0,2690269375088,667.1992763028112,23.194661453202762,1,False,False
0,0.0,2690269378160,680.5019097758684,23.600076324653543,0,False,False
0,0.0,2690269375952,695.5145455792161,23.404176833354732,0,False,False
0,0.0,2690269375760,708.5987268671072,21.136965661279604,1,False,False
0,0.0,2690269378064,721.1785109472436,23.875333642465133,0,False,False
0,0.0,2690269377104,735.0536432006735,23.34053432046957,0,False,False
0,0.0,2690269375568,747.425157334667,22.722507189808947,1,False,False
0,0.0,2690269376240,762.0992165627665,22.631579915706176,0,False,False
0,0.0,2690269374944,776.0768510328513,22.25653058631151,1,False,False
0,0.0,2690269377056,788.9973905040173,21.350045811703282,1,False,False
0,0.0,2690269375232,803.2535455894055,21.60619818446323,0,False,False
0,0.0,2690269377152,816.3878573096722,23.537763974435475,0,False,False
0,0.0,2690269376432,877.6152746165216,25.0,0,True,False
0,0.0,2690269375040,890.7565159890057,23.450239201873146,0,False,False
0,0.0,2690269375904,905.3746863912806,22.494903519342067,1,False,False
0,0.0,2690269376960,918.6616617474319,21.925218664373546,1,False,False
0,0.0,2690269378256,931.9453299961874,23.342376991822682,1,False,False
0,0.0,2690269376624,946.2901028805537,21.77284527687416,1,False,False
0,0.0,2690269377584,959.2668723474095,21.569751266142966,1,False,False
0,0.0,2690269374848,973.5111773017223,22.422083557973274,0,False,False
0,0.0,2690269377344,985.9326447478923,23.38704252702863,1,False,False
0,0.0,2690269377296,998.5541189330298,22.646455568186067,1,False,False
0,0.0,2690269374896,1012.4841855575687,22.498796801239443,1,False,False
0,0.0,2690269376816,1026.6382682792723,22.302692820676096,0,False,False
0,0.0,2690269378208,1039.5599175361788,23.120175697041475,0,False,False
0,0.0,2690269377248,1053.4285230627945,23.620559235339716,1,False,False
0,0.0,2690269375856,1066.1715133893629,22.495326586185644,1,False,False
0,0.0,2690269378016,1079.998910789841,22.386222091496183,1,False,False
0,0.0,2690269375712,1093.6343943014676,23.970145941755177,1,False,False
0,0.0,2690269375376,1107.4007096894431,22.444476162487035,0,False,False
0,0.0,2690269377968,1121.6034020639927,22.2041680170902,1,False,False
0,0.0,2690269375184,1135.8757431890235,22.200619485412943,1,False,False
0,0.0,2690269377536,1149.1888638016505,21.695831077305357,1,False,False
1,0.2,2690269374656,233.32250929223918,23.511659807956104,1,True,False
1,0.2,2690269373072,246.38329468902757,22.277759744834327,1,False,False
1,0.2,2690269374704,259.2549645043565,20.0815959240626,0,False,False
1,0.2,2690269374752,273.65756746107564,21.702136277750558,0,False,False
1,0.2,2690269377776,286.4904277436594,20.628743962282154,1,False,False
1,0.2,2690269376192,299.2274326888305,19.801806571374637,1,False,False
1,0.2,2690269376000,311.769036082962,20.370075552258353,1,False,False
1,0.2,2690269377392,325.4159306605755,21.602873313613202,0,False,False
1,0.2,2690269373600,338.00666231602423,21.61610714973398,1,False,False
1,0.2,2690269375424,350.1240067637274,20.701624150800694,0,False,False
1,0.2,2690269376864,362.9676201299092,20.930888191388014,1,False,False
1,0.2,2690269377680,378.4028543039357,22.61387297059438,0,False,False
1,0.2,2690269377632,393.0235576028777,22.40655152610785,0,False,False
1,0.2,2690269375472,407.3693104458116,21.345339475929702,1,False,False
1,0.2,2690269377008,422.5884392352181,22.316996843114307,1,False,False
1,0.2,2690269375520,435.13629535690336,20.730544442466577,0,False,False
1,0.2,2690269377200,447.68785643219326,21.146636468463996,1,False,False
1,0.2,2690269377872,461.90206843293333,22.657148326182984,0,False,False
1,0.2,2690269376144,473.9894438249194,21.758102816657214,0,False,False
1,0.2,2690269377920,486.9581701525481,21.08954832605556,0,False,False
1,0.2,2690269375136,500.4287185639115,21.367886389219283,0,False,False
1,0.2,2690269375808,554.0540587505541,25.0,0,True,False
1,0.2,2690269375616,567.2246925747085,22.190657408480007,0,False,False
1,0.2,2690269376672,579.6478937060779,19.808835145394465,0,False,False
1,0.2,2690269376528,591.8820895211287,20.01442893007904,0,False,False
1,0.2,2690269374992,603.769563424001,20.201061629354747,0,False,False
1,0.2,2690269377440,616.036015608992,21.531462220651804,1,False,False
1,0.2,2690269376720,631.1755058919676,22.62429268297975,0,False,False
1,0.2,2690269375328,645.0722971663193,20.861784289814175,0,False,False
1,0.2,2690269376768,659.1476996196412,20.649568935490322,0,False,False
1,0.2,2690269375088,671.77887445876,22.34047280075877,1,False,False
1,0.2,2690269378160,685.1419250407992,22.400076324653547,0,False,False
1,0.2,2690269375952,700.1153809458871,22.204176833354737,0,False,False
1,0.2,2690269375760,712.7893958570309,20.59588829865998,1,False,False
1,0.2,2690269378064,725.8735776757366,22.675333642465137,0,False,False
1,0.2,2690269377104,739.6417500647674,22.140534320469573,0,False,False
1,0.2,2690269375568,751.8896587726289,21.52250718980895,1,False,False
1,0.2,2690269376240,766.5741162352704,21.877950124290358,0,False,False
1,0.2,2690269374944,780.4481571501136,21.056530586311514,1,False,False
1,0.2,2690269377056,793.2629170107748,21.282165468503987,1,False,False
1,0.2,2690269375232,807.4947852262981,20.406198184463236,0,False,False
1,0.2,2690269377152,821.0774075451089,23.262934753949516,0,False,False
1,0.2,2690269376432,882.5082787317479,23.511659807956104,0,True,False
1,0.2,2690269375040,895.4330824145195,23.25203276535206,0,False,False
1,0.2,2690269375904,909.793667095149,21.29490351934207,1,False,False
1,0.2,2690269376960,922.9667054803066,20.72521866437355,1,False,False
1,0.2,2690269378256,936.5338053945519,22.142376991822687,1,False,False
1,0.2,2690269376624,950.5646719359286,20.572845276874165,1,False,False
1,0.2,2690269377584,963.5044183851799,20.474538278126353,1,False,False
1,0.2,2690269374848,977.9682556568367,22.013942334523897,0,False,False
1,0.2,2690269377344,990.530053253298,22.187042527028634,1,False,False
1,0.2,2690269377296,1003.003410046667,21.44645556818607,1,False,False
1,0.2,2690269374896,1016.9450849314522,21.923148429652013,1,False,False
1,0.2,2690269376816,1031.0188068434077,21.1026928206761,0,False,False
1,0.2,2690269378208,1044.1653430359463,22.850974246461472,0,False,False
1,0.2,2690269377248,1058.0726349098627,22.42055923533972,1,False,False
1,0.2,2690269375856,1070.5905787066,21.29532658618565,1,False,False
1,0.2,2690269378016,1084.3961552081403,21.186222091496187,1,False,False
1,0.2,2690269375712,1098.3484234898185,22.77014594175518,1,False,False
1,0.2,2690269375376,1111.8896049219404,22.444476162487035,0,False,False
1,0.2,2690269377968,1125.9642356674108,21.004168017090205,1,False,False
1,0.2,2690269375184,1140.2358670861063,21.000619485412948,1,False,False
1,0.2,2690269377536,1153.5280300171116,21.695831077305357,1,False,False
2,0.4,2690269374656,237.9496946241951,22.46635092136286,1,True,False
2,0.4,2690269373072,250.78748337195648,21.520940626826945,1,False,False
2,0.4,2690269374704,263.19128368916904,18.881595924062605,0,False,False
2,0.4,2690269374752,277.97333747872835,21.333060559133305,0,False,False
2,0.4,2690269377776,290.5361765361158,19.42874396228216,1,False,False
2,0.4,2690269376192,303.1077940031054,18.60180657137464,1,False,False
2,0.4,2690269376000,315.7720385828478,19.345769908894464,1,False,False
2,0.4,2690269377392,329.6565053232981,20.402873313613206,0,False,False
2,0.4,2690269373600,342.24988374597103,20.416107149733985,1,False,False
2,0.4,2690269375424,354.20722206715175,19.86970742607,0,False,False
2,0.4,2690269376864,367.12439251425087,20.492799757899917,1,False,False
2,0.4,2690269377680,382.8456288980546,21.413872970594383,0,False,False
2,0.4,2690269377632,397.45766008385357,21.714010253524066,0,False,False
2,0.4,2690269375472,411.55837834099754,20.145339475929706,1,False,False
2,0.4,2690269377008,426.971838603841,21.11699684311431,1,False,False
2,0.4,2690269375520,439.2187322944758,19.807486358089925,0,False,False
2,0.4,2690269377200,451.9145546650831,21.09829701014018,1,False,False
2,0.4,2690269377872,466.35349809816995,21.45714832618299,0,False,False
2,0.4,2690269376144,478.2610643882509,20.558102816657218,0,False,False
2,0.4,2690269377920,491.09607981775923,19.889548326055564,0,False,False
2,0.4,2690269375136,504.68862578756745,21.157595535791835,0,False,False
2,0.4,2690269375808,558.8589966461913,23.511659807956104,0,True,False
2,0.4,2690269375616,571.5828240564044,20.99065740848001,0,False,False
2,0.4,2690269376672,583.5296607351568,18.60883514539447,0,False,False
2,0.4,2690269376528,595.8049753071446,18.814428930079043,0,False,False
2,0.4,2690269374992,607.7553439779697,19.407711424714265,0,False,False
2,0.4,2690269377440,620.3239106157781,21.259323583681223,1,False,False
2,0.4,2690269376720,635.6203644285637,21.424292682979754,0,False,False
2,0.4,2690269375328,649.1646540242822,19.66178428981418,0,False,False
2,0.4,2690269376768,663.2094777165465,19.666615497375584,0,False,False
2,0.4,2690269375088,676.197513843252,21.62494825310019,1,False,False
2,0.4,2690269378160,689.5419403057299,21.20007632465355,0,False,False
2,0.4,2690269375952,704.476216312558,21.00417683335474,0,False,False
2,0.4,2690269375760,716.8744704950808,20.090594790018255,1,False,False
2,0.4,2690269378064,730.3286444042296,21.47533364246514,0,False,False
2,0.4,2690269377104,743.9898569288614,20.940534320469578,0,False,False
2,0.4,2690269375568,756.1141602105906,20.339863673359353,1,False,False
2,0.4,2690269376240,770.9030150309655,21.189003066317103,0,False,False
2,0.4,2690269374944,784.5794632673759,19.856530586311518,1,False,False
2,0.4,2690269377056,797.5146629212077,21.211067854861017,1,False,False
2,0.4,2690269375232,811.4960248631908,19.20619818446324,0,False,False
2,0.4,2690269377152,825.7109105254623,22.975824331219062,0,False,False
2,0.4,2690269376432,887.1354640637037,22.46635092136286,0,True,False
2,0.4,2690269375040,900.0711538279971,23.0703441271157,0,False,False
2,0.4,2690269375904,913.9726477990174,20.094903519342076,1,False,False
2,0.4,2690269376960,927.0317492131813,19.525218664373554,1,False,False
2,0.4,2690269378256,940.8822807929164,20.94237699182269,1,False,False
2,0.4,2690269376624,954.5992409913034,19.37284527687417,1,False,False
2,0.4,2690269377584,967.5363603855823,19.561705660802634,1,False,False
2,0.4,2690269374848,982.3441781112941,21.611625868080928,0,False,False
2,0.4,2690269377344,994.8874617587037,20.98704252702864,1,False,False
2,0.4,2690269377296,1007.2127011603043,20.246455568186075,1,False,False
2,0.4,2690269374896,1021.2928129397845,21.374400676038455,1,False,False
2,0.4,2690269376816,1035.1593454075428,19.902692820676105,0,False,False
2,0.4,2690269378208,1048.7197563269333,22.622439434520917,0,False,False
2,0.4,2690269377248,1062.4767467569304,21.220559235339724,1,False,False
2,0.4,2690269375856,1074.769644023837,20.095326586185653,1,False,False
2,0.4,2690269378016,1088.5533996264396,19.98622209149619,1,False,False
2,0.4,2690269375712,1102.8224526781696,21.570145941755186,1,False,False
2,0.4,2690269375376,1116.3785001544377,22.444476162487035,0,False,False
2,0.4,2690269377968,1130.0850692708286,19.80416801709021,1,False,False
2,0.4,2690269375184,1144.3559909831888,19.800619485412952,1,False,False
2,0.4,2690269377536,1157.8671962325727,21.695831077305357,1,False,False
3,0.6,2690269374656,242.39018692866895,21.732197080573094,1,True,False
3,0.6,2690269373072,255.0439515145958,20.813797707861315,1,False,False
3,0.6,2690269374704,266.88760287398156,17.68159592406261,0,False,False
3,0.6,2690269374752,282.2154282785025,20.964863522082027,0,False,False
3,0.6,2690269377776,294.34192532857224,18.228743962282163,1,False,False
3,0.6,2690269376192,306.74815531738034,17.401806571374646,1,False,False
3,0.6,2690269376000,319.5810364653894,18.469283263697996,1,False,False
3,0.6,2690269377392,333.6570799860208,19.20287331361321,0,False,False
3,0.6,2690269373600,346.2531051759178,19.24953037811005,1,False,False
3,0.6,2690269375424,358.13069586273434,19.128963221554987,0,False,False
3,0.6,2690269376864,371.19429448040285,20.06418934081804,1,False,False
3,0.6,2690269377680,387.04840349217346,20.213872970594387,0,False,False
3,0.6,2690269377632,401.7577354450614,21.086355532056686,0,False,False
3,0.6,2690269375472,415.5074462361835,18.94533947592971,1,False,False
3,0.6,2690269377008,431.11523797246383,19.927184244522017,1,False,False
3,0.6,2690269375520,443.1251259419582,19.00175687653374,0,False,False
3,0.6,2690269377200,456.1302181112607,21.037888451240057,1,False,False
3,0.6,2690269377872,470.56492776340656,20.257148326182993,0,False,False
3,0.6,2690269376144,482.2926849515823,19.358102816657222,0,False,False
3,0.6,2690269377920,494.99398948297033,18.68954832605557,0,False,False
3,0.6,2690269375136,508.9054745573696,20.938080607494328,0,False,False
3,0.6,2690269375808,563.4275632072449,22.46635092136286,1,True,False
3,0.6,2690269375616,575.7009555381005,19.790657408480016,0,False,False
3,0.6,2690269376672,587.1714277642357,17.408835145394473,0,False,False
3,0.6,2690269376528,599.4878610931604,17.614428930079047,0,False,False
3,0.6,2690269374992,611.5886780478222,18.69991432018254,0,False,False
3,0.6,2690269377440,624.558528408168,21.004434330509476,1,False,False
3,0.6,2690269376720,639.8252229651596,20.22429268297976,0,False,False
3,0.6,2690269375328,653.017010882245,18.461784289814183,0,False,False
3,0.6,2690269376768,667.085024528511,18.824498723436363,0,False,False
3,0.6,2690269375088,680.4803523235231,21.012518763075303,1,False,False
3,0.6,2690269378160,693.7019555706605,20.000076324653556,0,False,False
3,0.6,2690269375952,708.5976892464067,19.845826101351644,0,False,False
3,0.6,2690269375760,720.8602811127408,19.61187569025248,1,False,False
3,0.6,2690269378064,734.5437111327227,20.275333642465146,0,False,False
3,0.6,2690269377104,748.102810461065,19.873581060524664,0,False,False
3,0.6,2690269375568,760.1107729495735,19.301781040275067,1,False,False
3,0.6,2690269376240,775.0971549442288,20.54108124312879,0,False,False
3,0.6,2690269374944,788.4707693846383,18.656530586311522,1,False,False
3,0.6,2690269377056,801.7519395917748,21.13606972894637,1,False,False
3,0.6,2690269375232,815.2572645000834,18.006198184463244,0,False,False
3,0.6,2690269377152,830.2869772859061,22.69111293696426,0,False,False
3,0.6,2690269376432,891.5759563681776,21.732197080573094,0,True,False
3,0.6,2690269375040,904.6738381098362,22.90231981771641,0,False,False
3,0.6,2690269375904,917.9116285028858,18.89490351934208,1,False,False
3,0.6,2690269376960,930.8567929460561,18.32521866437356,1,False,False
3,0.6,2690269378256,944.990756191281,19.742376991822695,1,False,False
3,0.6,2690269376624,958.3938100466783,18.172845276874174,1,False,False
3,0.6,2690269377584,971.3941902899888,18.764462913701877,1,False,False
3,0.6,2690269374848,986.6397426885643,21.209754149738465,0,False,False
3,0.6,2690269377344,999.0048702641094,19.787042527028643,1,False,False
3,0.6,2690269377296,1011.1819922739414,19.04645556818608,1,False,False
3,0.6,2690269374896,1025.5320501998863,20.84253297065596,1,False,False
3,0.6,2690269376816,1039.059883971678,18.70269282067611,0,False,False
3,0.6,2690269378208,1053.2307984859783,22.4275688046256,0,False,False
3,0.6,2690269377248,1066.6408586039984,20.02055923533973,1,False,False
3,0.6,2690269375856,1078.7087093410742,18.895326586185657,1,False,False
3,0.6,2690269378016,1092.4706440447387,18.786222091496196,1,False,False
3,0.6,2690269375712,1107.0564818665207,20.37014594175519,1,False,False
3,0.6,2690269375376,1120.867395386935,22.444476162487035,0,False,False
3,0.6,2690269377968,1133.9659028742467,18.604168017090213,1,False,False
3,0.6,2690269375184,1148.2361148802713,18.600619485412956,1,False,False
3,0.6,2690269377536,1162.2063624480338,21.695831077305357,1,False,False
4,0.8,2690269374656,246.69955875293593,21.216577373461487,1,True,False
4,0.8,2690269373072,259.16126183932084,20.137040846936756,1,False,False
4,0.8,2690269374704,270.3439220587941,16.481595924062614,0,False,False
4,0.8,2690269374752,286.38367622935044,20.593177618641846,0,False,False
4,0.8,2690269377776,297.90767412102866,17.028743962282167,1,False,False
4,0.8,2690269376192,310.1485166316553,16.20180657137465,1,False,False
4,0.8,2690269376000,323.22217956276455,17.702590947021164,1,False,False
4,0.8,2690269377392,337.419825112758,18.097452240366266,0,False,False
4,0.8,2690269373600,350.0388430545662,18.34348755999064,1,False,False
4,0.8,2690269375424,361.9103915319686,18.448141606980013,0,False,False
4,0.8,2690269376864,375.17872412317325,19.637834891018848,1,False,False
4,0.8,2690269377680,391.0111780862924,19.01387297059439,0,False,False
4,0.8,2690269377632,405.93605918110364,20.51309480166344,0,False,False
4,0.8,2690269375472,419.2165141313694,17.745339475929715,1,False,False
4,0.8,2690269377008,435.03457357342234,19.00824047077744,1,False,False
4,0.8,2690269375520,446.87596858135294,18.27280427044668,0,False,False
4,0.8,2690269377200,460.3337258181268,20.97704722675209,1,False,False
4,0.8,2690269377872,474.53635742864316,19.057148326182997,0,False,False
4,0.8,2690269376144,486.08430551491375,18.158102816657227,0,False,False
4,0.8,2690269377920,498.6518991481814,17.489548326055573,0,False,False
4,0.8,2690269375136,513.0788160636229,20.726771460328408,0,False,False
4,0.8,2690269375808,567.8371822323106,21.732197080573094,1,True,False
4,0.8,2690269375616,579.5790870197965,18.59065740848002,0,False,False
4,0.8,2690269376672,590.5731947933145,16.208835145394477,0,False,False
4,0.8,2690269376528,602.9307468791761,16.41442893007905,0,False,False
4,0.8,2690269374992,615.2845757233753,18.048709558920653,0,False,False
4,0.8,2690269377440,628.7433004865485,20.76635323210981,1,False,False
4,0.8,2690269376720,643.7900815017555,19.024292682979763,0,False,False
4,0.8,2690269375328,656.6293677402078,17.261784289814187,0,False,False
4,0.8,2690269376768,670.7986920350202,18.07170599764244,0,False,False
4,0.8,2690269375088,684.646255184305,20.478893424052508,1,False,False
4,0.8,2690269378160,697.6219708355912,18.80007632465356,0,False,False
4,0.8,2690269375952,712.4982289828489,18.84730749118449,0,False,False
4,0.8,2690269375760,724.752107442196,19.159238588696446,1,False,False
4,0.8,2690269378064,738.5187778612157,19.07533364246515,0,False,False
4,0.8,2690269377104,752.0185514410897,19.028834487046883,0,False,False
4,0.8,2690269375568,763.9084397693476,18.382658304468176,1,False,False
4,0.8,2690269376240,779.163512572606,19.916860953775082,0,False,False
4,0.8,2690269374944,792.1220755019006,17.456530586311526,1,False,False
4,0.8,2690269377056,805.9739198229006,21.056455774735433,1,False,False
4,0.8,2690269375232,818.778504136976,16.857803182665126,0,False,False
4,0.8,2690269377152,834.8067771556354,22.418092664796557,0,False,False
4,0.8,2690269376432,895.8853281924445,21.216577373461487,0,True,False
4,0.8,2690269375040,909.2436953005924,22.74543016486921,0,False,False
4,0.8,2690269375904,921.6106092067542,17.694903519342084,1,False,False
4,0.8,2690269376960,934.4418366789307,17.125218664373563,1,False,False
4,0.8,2690269378256,948.8592315896454,18.5423769918227,1,False,False
4,0.8,2690269376624,961.9483791020531,16.972845276874178,1,False,False
4,0.8,2690269377584,975.0980458124254,18.042177224332526,1,False,False
4,0.8,2690269374848,990.8547051381722,20.80341438630728,0,False,False
4,0.8,2690269377344,1002.8822787695151,18.587042527028647,1,False,False
4,0.8,2690269377296,1014.9112833875787,17.846455568186084,1,False,False
4,0.8,2690269374896,1029.6656018653891,20.319312702074033,1,False,False
4,0.8,2690269376816,1042.7204225358132,17.502692820676113,0,False,False
4,0.8,2690269378208,1057.704815367369,22.260838358070917,0,False,False
4,0.8,2690269377248,1070.5649704510665,18.820559235339733,1,False,False
4,0.8,2690269375856,1082.4077746583114,17.69532658618566,1,False,False
4,0.8,2690269378016,1096.147888463038,17.5862220914962,1,False,False
4,0.8,2690269375712,1111.0505110548715,19.170145941755194,1,False,False
4,0.8,2690269375376,1125.3562906194322,22.444476162487035,0,False,False
4,0.8,2690269377968,1137.606736477665,17.404168017090218,1,False,False
4,0.8,2690269375184,1151.876238777354,17.40061948541296,1,False,False
4,0.8,2690269377536,1166.545528663495,21.695831077305357,1,False,False
5,1.0,2690269374656,250.9168404731344,20.8544411731307,1,True,False
5,1.0,2690269373072,263.14446615566646,19.476136424679765,1,False,False
5,1.0,2690269374704,273.5651142594732,15.463452512329344,0,False,False
5,1.0,2690269374752,290.4775437927404,20.222948890344412,0,False,False
5,1.0,2690269377776,301.2334229134851,15.82874396228217,1,False,False
5,1.0,2690269376192,313.3088779459302,15.00180657137465,1,False,False
5,1.0,2690269376000,326.717065166372,17.040211909152678,1,False,False
5,1.0,2690269377392,340.9783120135906,17.22425771024259,0,False,False
5,1.0,2690269373600,353.65849077802704,17.644842581120805,1,False,False
5,1.0,2690269375424,365.5567560874615,17.805835905517792,0,False,False
5,1.0,2690269376864,379.0777004944182,19.20741967754353,1,False,False
5,1.0,2690269377680,394.7339526804112,17.813872970594396,0,False,False
5,1.0,2690269377632,410.0028367040501,19.984328648161505,0,False,False
5,1.0,2690269375472,422.6855820265554,16.54533947592972,1,False,False
5,1.0,2690269377008,438.7894850663162,18.35445616347698,1,False,False
5,1.0,2690269375520,450.4846849493249,17.593945461384656,0,False,False
5,1.0,2690269377200,464.52515932808876,20.917946638122395,1,False,False
5,1.0,2690269377872,478.26778709387975,17.857148326183,0,False,False
5,1.0,2690269376144,489.6359260782452,16.95810281665723,0,False,False
5,1.0,2690269377920,502.06980881339257,16.289548326055577,0,False,False
5,1.0,2690269375136,517.210850076696,20.524092144729664,0,False,False
5,1.0,2690269375808,572.1320199611738,21.216577373461487,1,True,False
5,1.0,2690269375616,583.2172185014924,17.390657408480024,0,False,False
5,1.0,2690269376672,593.7349618223935,15.008835145394476,0,False,False
5,1.0,2690269376528,606.133632665192,15.214428930079052,0,False,False
5,1.0,2690269374992,618.8529196329728,17.434068274589475,0,False,False
5,1.0,2690269377440,632.8815282335528,20.544093767177028,1,False,False
5,1.0,2690269376720,647.5149400383515,17.824292682979767,0,False,False
5,1.0,2690269375328,660.0017245981707,16.06178428981419,0,False,False
5,1.0,2690269376768,674.3659818741768,17.3758335039266,0,False,False
5,1.0,2690269375088,688.7097632787968,20.007015990644458,1,False,False
5,1.0,2690269378160,701.301986100522,17.600076324653564,0,False,False
5,1.0,2690269375952,716.2073260565868,17.961918137236637,0,False,False
5,1.0,2690269375760,728.5550246470503,18.730083641585477,1,False,False
5,1.0,2690269378064,742.2538445897087,17.875333642465154,0,False,False
5,1.0,2690269377104,755.7761794860584,18.33464905609786,0,False,False
5,1.0,2690269375568,767.5279911462436,17.54196448405803,1,False,False
5,1.0,2690269376240,783.1064422599728,19.31926812336464,0,False,False
5,1.0,2690269374944,795.5333816191628,16.25653058631153,1,False,False
5,1.0,2690269377056,810.1796304012009,20.971462868858854,1,False,False
5,1.0,2690269375232,822.0950637358634,16.116417877561066,0,False,False
5,1.0,2690269377152,839.2730489850346,22.162030162547346,0,False,False
5,1.0,2690269376432,900.1026099126428,20.8544411731307,0,True,False
5,1.0,2690269375040,913.7827969604803,22.59739167762625,0,False,False
5,1.0,2690269375904,925.0695899106227,16.49490351934209,1,False,False
5,1.0,2690269376960,937.7868804118054,15.925218664373565,1,False,False
5,1.0,2690269378256,952.48770698801,17.342376991822704,1,False,False
5,1.0,2690269376624,965.2629481574279,15.77284527687418,1,False,False
5,1.0,2690269377584,978.6609856917893,17.36814120642506,1,False,False
5,1.0,2690269374848,994.9878616354188,20.38853146904724,0,False,False
5,1.0,2690269377344,1006.5196872749209,17.38704252702865,1,False,False
5,1.0,2690269377296,1018.4005745012159,16.646455568186088,1,False,False
5,1.0,2690269374896,1033.6947170208948,19.797769288183098,1,False,False
5,1.0,2690269376816,1046.1426655633593,16.421338957779295,0,False,False
5,1.0,2690269378208,1062.1471259649995,22.117823560263556,0,False,False
5,1.0,2690269377248,1074.2490822981342,17.620559235339737,1,False,False
5,1.0,2690269375856,1085.8668399755484,16.495326586185666,1,False,False
5,1.0,2690269378016,1099.5851328813374,16.386222091496204,1,False,False
5,1.0,2690269375712,1114.8046386442531,17.99129256224212,1,False,False
5,1.0,2690269375376,1129.8451858519295,22.444476162487035,0,False,False
5,1.0,2690269377968,1141.0075700810828,16.204168017090222,1,False,False
5,1.0,2690269375184,1155.2763626744365,16.245396953590216,1,False,False
5,1.0,2690269377536,1170.884694878956,21.695831077305357,1,False,False
6,1.2,2690269374656,255.06944436989932,20.600101345189188,1,True,False
6,1.2,2690269373072,266.9959387817076,18.81972034847669,1,False,False
6,1.2,2690269374704,276.6104357365404,14.81278372041875,0,False,False
6,1.2,2690269374752,294.4978538123875,19.86106401510055,0,False,False
6,1.2,2690269377776,304.3191717059415,14.628743962282169,1,False,False
6,1.2,2690269376192,316.22923926020513,13.801806571374648,1,False,False
6,1.2,2690269376000,330.0858748411959,16.47096858102266,1,False,False
6,1.2,2690269377392,344.3735236781384,16.50862023917498,0,False,False
6,1.2,2690269373600,357.14847140177795,17.08555611034266,1,False,False
6,1.2,2690269375424,369.0763930112411,17.186583395419827,0,False,False
6,1.2,2690269376864,382.8900242050397,18.767248387469312,1,False,False
6,1.2,2690269377680,398.2167272745301,16.6138729705944,0,False,False
6,1.2,2690269377632,413.96635793670293,19.491153208932914,0,False,False
6,1.2,2690269375472,425.91464992174133,15.34533947592972,1,False,False
6,1.2,2690269377008,442.42647376266024,17.87874687177071,1,False,False
6,1.2,2690269375520,453.95995975144507,16.946541362841486,0,False,False
6,1.2,2690269377200,468.7049516889899,20.861716938801223,1,False,False
6,1.2,2690269377872,481.7592167591163,16.657148326183005,0,False,False
6,1.2,2690269376144,492.94754664157665,15.758102816657233,0,False,False
6,1.2,2690269377920,505.2507159444437,15.237827731027338,0,False,False
6,1.2,2690269375136,521.3014441285701,20.307342751000494,0,False,False
6,1.2,2690269375808,576.3428668413856,20.8544411731307,1,True,False
6,1.2,2690269375616,586.6153499831885,16.19065740848003,0,False,False
6,1.2,2690269376672,596.6567288514724,13.808835145394475,0,False,False
6,1.2,2690269376528,609.0965184512078,14.01442893007905,0,False,False
6,1.2,2690269374992,622.29998606579,16.84139003346706,0,False,False
6,1.2,2690269377440,636.9762952570516,20.336408414409448,1,False,False
6,1.2,2690269376720,650.9997985749474,16.62429268297977,0,False,False
6,1.2,2690269375328,663.1340814561335,14.86178428981419,0,False,False
6,1.2,2690269376768,677.796704389289,16.715037421356005,0,False,False
6,1.2,2690269375088,692.6823367591792,19.584337142624776,1,False,False
6,1.2,2690269378160,704.7420013654527,16.40007632465357,0,False,False
6,1.2,2690269375952,719.7447357546342,17.150452376916636,0,False,False
6,1.2,2690269375760,732.2734715314832,18.320351290993262,1,False,False
6,1.2,2690269378064,745.7489113182017,16.67533364246516,0,False,False
6,1.2,2690269377104,759.4026974611261,17.749477788724132,0,False,False
6,1.2,2690269375568,770.9831599853155,16.75551444382144,1,False,False
6,1.2,2690269376240,786.9328982719427,18.77038574845201,0,False,False
6,1.2,2690269374944,798.7090149580196,15.24683530994628,1,False,False
6,1.2,2690269377056,814.3679414587872,20.880263688691578,1,False,False
6,1.2,2690269375232,825.2849073384638,15.662620167119277,0,False,False
6,1.2,2690269377152,843.6893844917091,21.925437244432107,0,False,False
6,1.2,2690269376432,904.2552138094077,20.600101345189188,0,True,False
6,1.2,2690269375040,918.2927733012864,22.456207281619452,0,False,False
6,1.2,2690269375904,928.288570614491,15.294903519342089,1,False,False
6,1.2,2690269376960,940.8919241446802,14.725218664373564,1,False,False
6,1.2,2690269378256,955.8761823863746,16.142376991822708,1,False,False
6,1.2,2690269376624,968.3375172128028,14.57284527687418,1,False,False
6,1.2,2690269377584,982.0913251461752,16.72370747773666,1,False,False
6,1.2,2690269374848,999.0378907196912,19.97666226290842,0,False,False
6,1.2,2690269377344,1009.9170957803266,16.187042527028655,1,False,False
6,1.2,2690269377296,1021.6498656148531,15.446455568186089,1,False,False
6,1.2,2690269374896,1037.6193154181371,19.27183931654616,1,False,False
6,1.2,2690269376816,1049.379021523038,15.78038445277573,0,False,False
6,1.2,2690269378208,1066.5622232631263,21.99493392888742,0,False,False
6,1.2,2690269377248,1077.6931941452021,16.42055923533974,1,False,False
6,1.2,2690269375856,1089.0859052927856,15.295326586185666,1,False,False
6,1.2,2690269378016,1102.7823772996364,15.186222091496203,1,False,False
6,1.2,2690269375712,1118.3309086624297,16.937247287485718,1,False,False
6,1.2,2690269375376,1134.3340810844268,22.444476162487035,0,False,False
6,1.2,2690269377968,1144.1684036845008,15.00416801709022,1,False,False
6,1.2,2690269375184,1158.4712239470844,15.52688089215015,1,False,False
6,1.2,2690269377536,1175.223861094417,21.695831077305357,1,False,False
7,1.4,2690269374656,259.1766229640607,20.421470354920253,1,True,False
7,1.4,2690269373072,270.7159394130381,18.158635578976167,1,False,False
7,1.4,2690269374704,279.54138337438144,14.375633156925845,0,False,False
7,1.4,2690269374752,298.4465219453259,19.51059598426199,0,False,False
7,1.4,2690269377776,307.1649204983979,13.428743962282168,1,False,False
7,1.4,2690269376192,318.90960057448007,12.601806571374647,1,False,False
7,1.4,2690269376000,333.3463676288379,15.981843095154415,1,False,False
7,1.4,2690269377392,347.63353897412935,15.903639202211368,0,False,False
7,1.4,2690269373600,360.5335701362314,16.623378398006764,1,False,False
7,1.4,2690269375424,372.4730897192704,16.57871213573069,0,False,False
7,1.4,2690269376864,386.61338749577914,18.312754749796987,1,False,False
7,1.4,2690269377680,401.459501868649,15.41559242388357,0,False,False
7,1.4,2690269377632,417.8332002614684,19.025669237009893,0,False,False
7,1.4,2690269375472,428.9056157521907,14.251560704098317,1,False,False
7,1.4,2690269377008,445.97734441493634,17.52941106000409,1,False,False
7,1.4,2690269375520,457.30711446767447,16.316923760627855,0,False,False
7,1.4,2690269377200,472.87372571494006,20.809008015267647,1,False,False
7,1.4,2690269377872,485.01064642435296,15.457148326183006,0,False,False
7,1.4,2690269376144,496.01916720490806,14.558102816657232,0,False,False
7,1.4,2690269377920,508.25078578082815,14.594498685542426,0,False,False
7,1.4,2690269375136,525.3476278873213,20.07413164109919,0,False,False
7,1.4,2690269375808,580.4927232491908,20.600101345189188,1,True,False
7,1.4,2690269375616,589.7734814648844,14.990657408480027,0,False,False
7,1.4,2690269376672,599.3384958805512,12.608835145394474,0,False,False
7,1.4,2690269376528,611.8194042372236,12.81442893007905,0,False,False
7,1.4,2690269374992,625.6293845709478,16.259549820630543,0,False,False
7,1.4,2690269377440,641.030427037299,20.14194552499059,1,False,False
7,1.4,2690269376720,654.2446571115433,15.424292682979772,0,False,False
7,1.4,2690269375328,666.0264383140964,13.66178428981419,0,False,False
7,1.4,2690269376768,681.0967657333032,16.073769524824947,0,False,False
7,1.4,2690269375088,696.5731389810638,19.20124755466192,1,False,False
7,1.4,2690269378160,707.9420166303834,15.200076324653569,0,False,False
7,1.4,2690269375952,723.1233682655918,16.386993773489905,0,False,False
7,1.4,2690269375760,735.9110582951893,17.926452305592814,1,False,False
7,1.4,2690269378064,749.0039780466948,15.47533364246516,0,False,False
7,1.4,2690269377104,762.9180863748071,17.248540398327084,0,False,False
7,1.4,2690269375568,774.2855199599253,16.044776930439077,1,False,False
7,1.4,2690269376240,790.653266481049,18.277247435288203,0,False,False
7,1.4,2690269374944,801.7156543853326,14.676741682742701,1,False,False
7,1.4,2690269377056,818.5375524835811,20.781949145931197,1,False,False
7,1.4,2690269375232,828.3966520119125,15.381141561579009,0,False,False
7,1.4,2690269377152,848.0597471235009,21.70904974917402,0,False,False
7,1.4,2690269376432,908.362392403569,20.421470354920253,0,True,False
7,1.4,2690269375040,922.7748962460541,22.32056084777462,0,False,False
7,1.4,2690269375904,931.2675513183594,14.094903519342088,1,False,False
7,1.4,2690269376960,943.7569678775549,13.525218664373563,1,False,False
7,1.4,2690269378256,959.0246577847391,14.942376991822707,1,False,False
7,1.4,2690269376624,971.1720862681776,13.372845276874179,1,False,False
7,1.4,2690269377584,985.3940148807767,16.095204152913976,1,False,False
7,1.4,2690269374848,1003.0068015488233,19.586290210044055,0,False,False
7,1.4,2690269377344,1013.0745042857324,14.987042527028654,1,False,False
7,1.4,2690269377296,1024.6704769414946,14.502201629574492,1,False,False
7,1.4,2690269374896,1041.4381513706348,18.736123718005597,1,False,False
7,1.4,2690269376816,1052.5073304541424,15.409140645829492,0,False,False
7,1.4,2690269378208,1070.9539274577612,21.88922277862033,0,False,False
7,1.4,2690269377248,1080.8973059922703,15.220559235339742,1,False,False
7,1.4,2690269375856,1092.0649706100228,14.095326586185665,1,False,False
7,1.4,2690269378016,1105.7396217179357,13.986222091496202,1,False,False
7,1.4,2690269375712,1121.6533245123371,15.979003073304316,1,False,False
7,1.4,2690269375376,1138.822976316924,22.444476162487035,0,False,False
7,1.4,2690269377968,1147.089237287919,13.80416801709022,1,False,False
7,1.4,2690269375184,1161.5466682971498,15.1307804103389,1,False,False
7,1.4,2690269377536,1179.5630273098782,21.695831077305357,1,False,False
8,1.6,2690269374656,263.25189791633863,20.29601210112369,1,True,False
8,1.6,2690269373072,274.3030105132857,17.485333860104312,1,False,False
8,1.6,2690269374704,282.39482627782166,14.074900288061816,0,False,False
8,1.6,2690269374752,302.3259146897757,19.172429291645084,0,False,False
8,1.6,2690269377776,309.77066929085436,12.228743962282167,1,False,False
8,1.6,2690269376192,321.363362050971,11.691019595814751,1,False,False
8,1.6,2690269376000,336.5137311722931,15.560590271175785,1,False,False
8,1.6,2690269377392,350.77823763916035,15.378212467137757,0,False,False
8,1.6,2690269373600,363.8311789065557,16.23045794448837,1,False,False
8,1.6,2690269375424,375.7486383120048,15.981271170692091,0,False,False
8,1.6,2690269376864,390.24530912290436,17.85497775515972,1,False,False
8,1.6,2690269377680,404.47695236820476,14.512312460905942,0,False,False
8,1.6,2690269377632,421.608422204667,18.58085928011463,0,False,False
8,1.6,2690269375472,431.70209183800165,13.509431447941022,1,False,False
8,1.6,2690269377008,449.4649608197234,17.27331361007497,1,False,False
8,1.6,2690269375520,460.52897197729675,15.694659906437243,0,False,False
8,1.6,2690269377200,477.0322125029193,20.760166912499,1,False,False
8,1.6,2690269377872,488.0220760895895,14.257148326183005,0,False,False
8,1.6,2690269376144,498.8507877682395,13.358102816657231,0,False,False
8,1.6,2690269377920,511.140169586351,14.185171334519783,0,False,False
8,1.6,2690269375136,529.277064063541,19.820717474948726,0,False,False
8,1.6,2690269375808,584.5987549274917,20.421470354920253,1,True,False
8,1.6,2690269375616,592.6916129465804,13.790657408480026,0,False,False
8,1.6,2690269376672,601.7802629096302,11.408835145394473,0,False,False
8,1.6,2690269376528,614.3057360941895,11.764471484307503,0,False,False
8,1.6,2690269374992,628.8426677712768,15.679747620102697,0,False,False
8,1.6,2690269377440,645.046476602975,19.95933608520986,1,False,False
8,1.6,2690269376720,657.2495156481393,14.22429268297977,0,False,False
8,1.6,2690269375328,668.6800584371855,12.545563313077801,0,False,False
8,1.6,2690269376768,684.269253545385,15.440470823142597,0,False,False
8,1.6,2690269375088,700.3895613099429,18.850275238957856,1,False,False
8,1.6,2690269378160,710.902031895314,14.000076324653568,0,False,False
8,1.6,2690269375952,726.3515295831866,15.65345791946218,0,False,False
8,1.6,2690269375760,739.4708774038222,17.547868472270526,1,False,False
8,1.6,2690269378064,752.0190447751878,14.275333642465158,0,False,False
8,1.6,2690269377104,766.338018464572,16.8155837262203,0,False,False
8,1.6,2690269375568,777.4520316579674,15.429672988140057,1,False,False
8,1.6,2690269376240,794.2787190313392,17.83921876535759,0,False,False
8,1.6,2690269374944,804.6266688848317,14.353221380229666,1,False,False
8,1.6,2690269377056,822.6869747107531,20.675509115626312,1,False,False
8,1.6,2690269375232,831.4602435387212,15.211954485252244,0,False,False
8,1.6,2690269377152,852.3881667994933,21.512518589078628,0,False,False
8,1.6,2690269376432,912.4376673558469,20.29601210112369,0,True,False
8,1.6,2690269375040,927.2302174861671,22.189700711473247,0,False,False
8,1.6,2690269375904,934.0065320222279,12.894903519342087,1,False,False
8,1.6,2690269376960,946.3820116104296,12.325218664373562,1,False,False
8,1.6,2690269378256,961.9331331831037,13.742376991822706,1,False,False
8,1.6,2690269376624,973.7666553235524,12.223196130339977,1,False,False
8,1.6,2690269377584,988.5715064924866,15.47219866419054,1,False,False
8,1.6,2690269374848,1006.8995264665322,19.225222606056526,0,False,False
8,1.6,2690269377344,1015.9919127911381,13.787042527028653,1,False,False
8,1.6,2690269377296,1027.524415532737,13.85376235110004,1,False,False
8,1.6,2690269374896,1045.1489346041378,18.185721746774767,1,False,False
8,1.6,2690269376816,1055.5734124670396,15.201803780591389,0,False,False
8,1.6,2690269378208,1075.3255048126266,21.798248015314364,0,False,False
8,1.6,2690269377248,1083.8614178393382,14.020559235339741,1,False,False
8,1.6,2690269375856,1094.8040359272597,12.895326586185664,1,False,False
8,1.6,2690269378016,1108.458381718598,12.86801041105051,1,False,False
8,1.6,2690269375712,1124.7887501743573,15.08489911997169,1,False,False
8,1.6,2690269375376,1143.3118715494213,22.444476162487035,0,False,False
8,1.6,2690269377968,1149.770070891337,12.604168017090219,1,False,False
8,1.6,2690269375184,1164.5568205326888,14.92339253131876,1,False,False
8,1.6,2690269377536,1183.9021935253393,21.695831077305357,1,False,False
9,1.8,2690269374656,267.30476592123074,20.20789875963694,1,True,False
9,1.8,2690269373072,277.75427151330547,16.79350158001535,1,False,False
9,1.8,2690269374704,285.1947862603392,13.86661346189525,0,False,False
9,1.8,2690269374752,306.13848175238917,18.84621540706265,0,False,False
9,1.8,2690269377776,312.1364180833108,11.028743962282165,1,False,False
9,1.8,2690269376192,323.65801203472785,11.090876679726833,1,False,False
9,1.8,2690269376000,339.6008016498371,15.196517973277183,1,False,False
9,1.8,2690269377392,353.82204721714356,14.912478085942347,0,False,False
9,1.8,2690269373600,367.053846754801,15.889119338772188,1,False,False
9,1.8,2690269375424,378.9068421352633,15.420836770459752,0,False,False
9,1.8,2690269376864,393.786444443305,17.411522047676566,1,False,False
9,1.8,2690269377680,407.33506319697864,13.895782331239674,0,False,False
9,1.8,2690269377632,425.29572962542136,18.150434025939685,0,False,False
9,1.8,2690269375472,434.3676689080137,13.008103441024296,1,False,False
9,1.8,2690269377008,452.9063519878342,17.087987876274628,1,False,False
9,1.8,2690269375520,463.6264273439217,15.071521780593024,0,False,False
9,1.8,2690269377200,481.18119668770714,20.593550791123572,1,False,False
9,1.8,2690269377872,490.7935057548261,13.057148326183004,0,False,False
9,1.8,2690269376144,501.44240833157096,12.15810281665723,0,False,False
9,1.8,2690269377920,513.9547369427878,13.866973880434816,0,False,False
9,1.8,2690269375136,533.1061923715744,19.53599874604703,0,False,False
9,1.8,2690269375808,588.6735580370472,20.29601210112369,1,True,False
9,1.8,2690269375616,595.3697444282765,12.590657408480025,0,False,False
9,1.8,2690269376672,603.982029938709,10.208835145394472,0,False,False
9,1.8,2690269376528,616.6080186330961,11.063223347363806,0,False,False
9,1.8,2690269374992,631.939744423219,15.094803187784743,0,False,False
9,1.8,2690269377440,649.0267249376271,19.787246957057704,1,False,False
9,1.8,2690269376720,660.0143741847353,13.02429268297977,0,False,False
9,1.8,2690269375328,671.1317920625751,11.742963336090387,0,False,False
9,1.8,2690269376768,687.3151362181949,14.80624795118686,0,False,False
9,1.8,2690269375088,704.1376211237566,18.525666679814,1,False,False
9,1.8,2690269378160,713.6220471602447,12.814707895807611,0,False,False
9,1.8,2690269375952,729.4342682765251,14.936677107450965,0,False,False
9,1.8,2690269375760,742.9560458582131,17.18551886857647,1,False,False
9,1.8,2690269378064,754.7941115036808,13.082405713288633,0,False,False
9,1.8,2690269377104,769.6752710265744,16.439133790606775,0,False,False
9,1.8,2690269375568,780.5018951458754,14.908742839552607,1,False,False
9,1.8,2690269376240,797.8200710263794,17.45286095058774,0,False,False
9,1.8,2690269374944,807.4839850716746,14.179572308502124,1,False,False
9,1.8,2690269377056,826.8145095175155,20.5598108990843,1,False,False
9,1.8,2690269375232,834.4955518224676,15.120051488269201,0,False,False
9,1.8,2690269377152,856.6785567106608,21.334873483452547,0,False,False
9,1.8,2690269376432,916.4905353607389,20.20789875963694,0,True,False
9,1.8,2690269375040,931.6596603312775,22.06316236588695,0,False,False
9,1.8,2690269375904,936.5055127260963,11.694903519342086,1,False,False
9,1.8,2690269376960,948.7705282221397,11.234395171780763,1,False,False
9,1.8,2690269378256,964.6016085814682,12.542376991822705,1,False,False
9,1.8,2690269376624,976.1523115588177,11.4033675462701,1,False,False
9,1.8,2690269377584,991.6243242216804,14.846470591767282,1,False,False
9,1.8,2690269374848,1010.7221429677285,18.8959260277722,0,False,False
9,1.8,2690269377344,1018.6693212965438,12.587042527028652,1,False,False
9,1.8,2690269377296,1030.261614985211,13.380814829685285,1,False,False
9,1.8,2690269374896,1048.7484218357752,17.616120240070202,1,False,False
9,1.8,2690269376816,1058.6058091686666,15.101817129699526,0,False,False
9,1.8,2690269378208,1079.679761224434,21.719968412822116,0,False,False
9,1.8,2690269377248,1086.585529686406,12.82055923533974,1,False,False
9,1.8,2690269375856,1097.303101244497,11.695326586185663,1,False,False
9,1.8,2690269378016,1110.9716573341339,12.011601728590657,1,False,False
9,1.8,2690269375712,1127.748456471653,14.236246684015647,1,False,False
9,1.8,2690269375376,1147.8007667819186,22.444476162487035,0,False,False
9,1.8,2690269377968,1152.2154823099654,11.582700221190372,1,False,False
9,1.8,2690269375184,1167.5342487550054,14.836134817394841,1,False,False
9,1.8,2690269377536,1188.2413597408004,21.695831077305357,1,False,False
10,2.0,2690269374656,271.341896810812,20.146013943668194,1,True,False
10,2.0,2690269373072,281.06564870330186,16.077830050581834,1,False,False
10,2.0,2690269374704,287.9577499251802,13.72337989843474,0,False,False
10,2.0,2690269374752,309.8865582542314,18.531060793290855,0,False,False
10,2.0,2690269377776,314.26216687576726,9.828743962282164,1,False,False
10,2.0,2690269376192,325.8468740114185,10.686284892517492,1,False,False
10,2.0,2690269376000,342.618392663282,14.880663556881444,1,False,False
10,2.0,2690269377392,356.7760586193675,14.495026665126172,0,False,False
10,2.0,2690269373600,370.2110682162966,15.588074816200894,1,False,False
10,2.0,2690269375424,381.956213424402,14.910604580315317,0,False,False
10,2.0,2690269376864,397.2403540943633,16.991380451351898,1,False,False
10,2.0,2690269377680,410.08286208875563,13.45691387956518,0,False,False
10,2.0,2690269377632,428.8976113343267,17.728685785890807,0,False,False
10,2.0,2690269375472,436.94477398561713,12.670450178504346,1,False,False
10,2.0,2690269377008,456.3135685794583,16.93681963432223,1,False,False
10,2.0,2690269375520,466.5988420486688,14.440851549104558,0,False,False
10,2.0,2690269377200,485.2743418927003,20.22290557695077,1,False,False
10,2.0,2690269377872,493.32493542006273,11.857148326183003,0,False,False
10,2.0,2690269376144,503.7940288949024,10.95810281665723,0,False,False
10,2.0,2690269377920,516.7120817893929,13.64983586344182,0,False,False
10,2.0,2690269375136,536.9148439127089,19.318634240006066,1,False,False
10,2.0,2690269375808,592.7262337929672,20.20789875963694,1,True,False
10,2.0,2690269375616,597.8078759099725,11.390657408480024,0,False,False
10,2.0,2690269376672,605.943796967788,9.008835145394471,0,False,False
10,2.0,2690269376528,618.7852651612554,10.567524338123695,0,False,False
10,2.0,2690269374992,634.9191708299543,14.498712716827455,0,False,False
10,2.0,2690269377440,652.973190671324,19.624414752634866,1,False,False
10,2.0,2690269376720,662.5392327213312,11.824292682979769,0,False,False
10,2.0,2690269375328,673.4383364212426,11.148448900057712,0,False,False
10,2.0,2690269376768,690.2340004793831,14.173673860250895,0,False,False
10,2.0,2690269375088,707.8222793553888,18.223001673106516,1,False,False
10,2.0,2690269378160,716.1185533498234,11.882238588840046,0,False,False
10,2.0,2690269375952,732.374478387664,14.237665291319189,0,False,False
10,2.0,2690269375760,746.369881427871,16.84042991815681,1,False,False
10,2.0,2690269378064,757.3466023628553,12.208289995231718,0,False,False
10,2.0,2690269377104,772.9405416182809,16.110652193347313,0,False,False
10,2.0,2690269375568,783.4534417116658,14.473726898892323,1,False,False
10,2.0,2690269376240,801.2873755098744,17.1138857499047,0,False,False
10,2.0,2690269374944,810.313630827898,14.102962135853963,1,False,False
10,2.0,2690269377056,830.9182223283195,20.433574813207528,1,False,False
10,2.0,2690269375232,837.5164217254006,15.083341819610194,0,False,False
10,2.0,2690269377152,860.9346110989545,21.17482324311106,0,False,False
10,2.0,2690269376432,920.5276662503202,20.146013943668194,0,True,False
10,2.0,2690269375040,936.0640666124438,21.940631929713643,0,False,False
10,2.0,2690269375904,938.7644934299647,10.494903519342085,1,False,False
10,2.0,2690269376960,950.955874293627,10.346143593877343,1,False,False
10,2.0,2690269378256,967.0300839798327,11.342376991822704,1,False,False
10,2.0,2690269376624,978.3910178027702,10.813141945192635,1,False,False
10,2.0,2690269377584,994.5514610209052,14.211382702356358,1,False,False
10,2.0,2690269374848,1014.4810273952145,18.598362629898833,0,False,False
10,2.0,2690269377344,1021.1067298019495,11.387042527028651,1,False,False
10,2.0,2690269377296,1032.912319666123,13.0184072859835,1,False,False
10,2.0,2690269374896,1052.2324891534925,17.023124779154653,1,False,False
10,2.0,2690269376816,1061.6235156723676,15.075613561368083,0,False,False
10,2.0,2690269378208,1084.019116845761,21.652665061765575,0,False,False
10,2.0,2690269377248,1089.0696415334742,11.620559235339739,1,False,False
10,2.0,2690269375856,1099.5621665617343,10.495326586185662,1,False,False
10,2.0,2690269378016,1113.3266661264072,11.334536752067187,1,False,False
10,2.0,2690269375712,1130.542390145416,13.45476385733674,1,False,False
10,2.0,2690269375376,1152.2896620144159,22.444476162487035,0,False,False
10,2.0,2690269377968,1154.4852940930427,10.947999610756732,1,False,False
10,2.0,2690269375184,1170.5000498106997,14.829476119286841,1,False,False
10,2.0,2690269377536,1192.5805259562615,21.695831077305357,1,False,False
11,2.2,2690269374656,275.36797502132725,20.102550259476153,1,True,False
11,2.2,2690269373072,284.2320661627129,15.333882151187508,1,False,False
11,2.2,2690269374704,290.695412500674,13.627007752217121,0,False,False
11,2.2,2690269374752,313.5722877976386,18.225937006885086,0,False,False
11,2.2,2690269377776,316.1479156682237,8.628743962282163,1,False,False
11,2.2,2690269376192,327.96437178867274,10.414459161060135,1,False,False
11,2.2,2690269376000,345.5756335858342,14.605634883618118,1,False,False
11,2.2,2690269377392,359.6494050787203,14.118640494088577,0,False,False
11,2.2,2690269373600,373.3103512836375,15.319674473756535,1,False,False
11,2.2,2690269375424,384.90706071073726,14.453109928001561,0,False,False
11,2.2,2690269376864,400.6120248487344,16.598612050577657,1,False,False
11,2.2,2690269377680,412.7513938772755,13.135470349240707,0,False,False
11,2.2,2690269377632,432.41544665107733,17.31036201943944,0,False,False
11,2.2,2690269375472,439.4625872578774,12.447854961123095,1,False,False
11,2.2,2690269377008,459.69190293347543,16.805843353193822,1,False,False
11,2.2,2690269375520,469.4443287180034,13.797162291123763,0,False,False
11,2.2,2690269377200,489.29745598544713,19.914360741544577,1,False,False
11,2.2,2690269377872,495.6163650852993,10.657148326183002,0,False,False
11,2.2,2690269376144,505.90864910226975,9.90482121273439,0,False,False
11,2.2,2690269377920,519.4334421096664,13.543588697876496,0,False,False
11,2.2,2690269375136,540.7346212086813,19.28224936739059,1,False,False
11,2.2,2690269375808,596.7632868626906,20.146013943668194,1,True,False
11,2.2,2690269375616,600.0060073916685,10.190657408480023,0,False,False
11,2.2,2690269376672,607.6729224622558,8.010182671029417,0,False,False
11,2.2,2690269376528,620.8727643312627,10.199955184283501,0,False,False
11,2.2,2690269374992,637.778365491748,13.886367786687652,0,False,False
11,2.2,2690269377440,656.8876454604261,19.469664399807222,1,False,False
11,2.2,2690269376720,664.8240912579272,10.624292682979767,0,False,False
11,2.2,2690269375328,675.6357320855981,10.688496549948596,0,False,False
11,2.2,2690269376768,693.027730630911,13.565976736887908,0,False,False
11,2.2,2690269375088,711.44768443656,17.938870297283845,1,False,False
11,2.2,2690269378160,718.445576144979,11.182075218757856,0,False,False
11,2.2,2690269375952,735.1778381906938,13.588617919567294,0,False,False
11,2.2,2690269375760,749.7158921735238,16.51337216738278,1,False,False
11,2.2,2690269378064,759.7467161311902,11.637170257148716,0,False,False
11,2.2,2690269377104,776.142960224983,15.823537096577779,0,False,False
11,2.2,2690269375568,786.3232059287748,14.11484612369582,1,False,False
11,2.2,2690269376240,804.6898172777902,16.817952396182733,0,False,False
11,2.2,2690269374944,813.1326691054173,14.09148305079489,1,False,False
11,2.2,2690269377056,834.9959114123715,20.295346242204932,1,False,False
11,2.2,2690269375232,840.5328244691457,15.08704722832736,0,False,False
11,2.2,2690269377152,865.1597549838885,21.030944284767468,0,False,False
11,2.2,2690269376432,924.5537444608353,20.102550259476153,0,True,False
11,2.2,2690269375040,940.444221575858,21.82187781570309,0,False,False
11,2.2,2690269375904,940.7834741338331,9.294903519342084,1,False,False
11,2.2,2690269376960,952.9728122234742,9.583845862638709,1,False,False
11,2.2,2690269378256,969.2185593781974,10.142376991822703,1,False,False
11,2.2,2690269376624,980.5221366023623,10.365583550389651,1,False,False
11,2.2,2690269377584,997.3506663117822,13.561488257059999,1,False,False
11,2.2,2690269374848,1018.1824569573637,18.33132154350299,0,False,False
11,2.2,2690269377344,1023.3041383073553,10.18704252702865,1,False,False
11,2.2,2690269377296,1035.4957489639617,12.727141465164816,1,False,False
11,2.2,2690269374896,1055.5961929572522,16.40282431154248,1,False,False
11,2.2,2690269376816,1064.639727278209,15.10175387537875,0,False,False
11,2.2,2690269378208,1088.3456662951742,21.594881005160236,0,False,False
11,2.2,2690269377248,1091.313753380542,10.420559235339738,1,False,False
11,2.2,2690269375856,1101.5812318789713,9.33943268044577,1,False,False
11,2.2,2690269378016,1115.5552357089473,10.78344359217822,1,False,False
11,2.2,2690269375712,1133.185730889058,12.760749962238467,1,False,False
11,2.2,2690269375376,1156.7785572469131,22.444476162487035,0,False,False
11,2.2,2690269377968,1156.6459183706615,10.55726279249483,1,False,False
11,2.2,2690269375184,1173.4685388610424,14.878737051239138,1,False,False
11,2.2,2690269377536,1196.9196921717225,21.695831077305357,1,False,False
12,2.4,2690269374656,279.38629058207323,20.072024324899573,1,True,False
12,2.4,2690269373072,287.2476147506038,14.55901487136028,1,False,False
12,2.4,2690269374704,293.416237332366,13.564818878775972,0,False,False
12,2.4,2690269374752,317.1976092071244,17.92985203484585,0,False,False
12,2.4,2690269377776,317.7954850978177,7.539355833667982,1,False,False
12,2.4,2690269376192,330.0342604007976,10.237272750753714,1,False,False
12,2.4,2690269376000,348.48026666180283,14.365350594787614,1,False,False
12,2.4,2690269377392,362.4499371210896,13.778219910701328,0,False,False
12,2.4,2690269373600,376.357835809619,15.07846501473834,1,False,False
12,2.4,2690269375424,387.7698390625783,14.046342567858673,0,False,False
12,2.4,2690269376864,403.907050266903,16.234578821739568,1,False,False
12,2.4,2690269377680,415.36143716641845,12.894491065475266,0,False,False
12,2.4,2690269377632,435.84958920348015,16.890562075898647,0,False,False
12,2.4,2690269375472,441.9418422545876,12.309113209151759,1,False,False
12,2.4,2690269377008,463.04537510091194,16.69473077556848,1,False,False
12,2.4,2690269375520,472.1599667313738,13.135885055835503,0,False,False
12,2.4,2690269377200,493.26263603396774,19.659403850776574,1,False,False
12,2.4,2690269377872,497.6677947505359,9.457148326183,0,False,False
12,2.4,2690269376144,507.84196857744473,9.269614178283609,0,False,False
12,2.4,2690269377920,522.1489111844132,13.786540552246183,0,False,False
12,2.4,2690269375136,544.5696733070313,19.255500136360077,1,False,False
12,2.4,2690269375808,600.78933371376,20.102550259476153,1,True,False
12,2.4,2690269375616,601.9641388733645,8.990657408480022,0,False,False
12,2.4,2690269376672,609.2263336526925,7.337812741704391,0,False,False
12,2.4,2690269376528,622.8927738898037,9.914767065324128,0,False,False
12,2.4,2690269374992,640.5137752077125,13.253379680996781,0,False,False
12,2.4,2690269377440,660.7716323054852,19.321917102002413,1,False,False
12,2.4,2690269376720,666.8689497945231,9.424292682979766,0,False,False
12,2.4,2690269375328,677.7478307838305,10.321980539443173,0,False,False
12,2.4,2690269376768,695.7022983892642,12.995530699133703,0,False,False
12,2.4,2690269375088,715.0173569313151,17.670627804014238,1,False,False
12,2.4,2690269378160,720.6437765282935,10.637798292008355,0,False,False
12,2.4,2690269375952,737.8556346607554,13.00483925456448,0,False,False
12,2.4,2690269375760,752.9977198341084,16.204814732815485,1,False,False
12,2.4,2690269378064,762.0465587381166,11.257776100034231,0,False,False
12,2.4,2690269377104,779.290433184646,15.572536635454046,0,False,False
12,2.4,2690269375568,789.1257730604377,13.822636636975293,1,False,False
12,2.4,2690269376240,808.0357275476446,16.56097714285513,0,False,False
12,2.4,2690269374944,815.9526217204783,14.124401049406632,1,False,False
12,2.4,2690269377056,839.0450708184654,20.143463425771742,1,False,False
12,2.4,2690269375232,843.5521021303899,15.120826860369974,0,False,False
12,2.4,2690269377152,869.3571261890293,20.901795055997052,0,False,False
12,2.4,2690269376432,928.5720600215814,20.072024324899573,0,True,False
12,2.4,2690269375040,944.8008676582982,21.706715569155172,0,False,False
12,2.4,2690269375904,942.5624548377015,8.094903519342083,1,False,False
12,2.4,2690269376960,954.8431805127043,8.901923671622681,1,False,False
12,2.4,2690269378256,971.1670347765619,8.942376991822702,1,False,False
12,2.4,2690269376624,982.5704634909912,10.010035280187264,1,False,False
12,2.4,2690269377584,1000.0186659715166,12.892824382953226,1,False,False
12,2.4,2690269374848,1021.8324255490129,18.093075311524213,0,False,False
12,2.4,2690269377344,1025.2625054213,9.076244282823279,1,False,False
12,2.4,2690269377296,1038.0242498543191,12.480961796395233,1,False,False
12,2.4,2690269374896,1058.8338257562614,15.751583759065277,1,False,False
12,2.4,2690269376816,1067.663869587433,15.165775965008004,0,False,False
12,2.4,2690269378208,1092.6612277444228,21.54537423237798,0,False,False
12,2.4,2690269377248,1093.31786522761,9.220559235339737,1,False,False
12,2.4,2690269375856,1103.388235181389,8.490109496968923,1,False,False
12,2.4,2690269378016,1117.6802902629383,10.327577641119564,1,False,False
12,2.4,2690269375712,1135.6963113284462,12.156965779397929,1,False,False
12,2.4,2690269375376,1161.2674524794104,22.444476162487035,0,False,False
12,2.4,2690269377968,1158.740356200644,10.332912459687401,1,False,False
12,2.4,2690269375184,1176.4497172159479,14.967579321557857,1,False,False
12,2.4,2690269377536,1201.2588583871836,21.695831077305357,1,False,False
13,2.6,2690269374656,283.3991541857796,20.050584985389,1,True,False
13,2.6,2690269373072,290.1070107240135,13.775332980285663,1,False,False
13,2.6,2690269374704,296.12640791970654,13.527640992846328,0,False,False
13,2.6,2690269374752,320.7642691991562,17.641916524713416,0,False,False
13,2.6,2690269377776,319.25189129350207,6.839657500369599,1,False,False
13,2.6,2690269376192,332.07366123241593,10.129806437675672,1,False,False
13,2.6,2690269376000,351.33889206731726,14.15479112098994,1,False,False
13,2.6,2690269377392,365.1845733013562,13.469845513849426,0,False,False
13,2.6,2690269373600,379.35867322112125,14.860396777319293,1,False,False
13,2.6,2690269375424,390.55445255879397,13.686445247750967,0,False,False
13,2.6,2690269376864,407.13118980091673,15.899254428038992,1,False,False
13,2.6,2690269377680,417.92731495517893,12.709475777538197,0,False,False
13,2.6,2690269377632,439.19943162033894,16.464656906815332,0,False,False
13,2.6,2690269375472,444.39780409786397,12.233380795517137,1,False,False
13,2.6,2690269377008,466.3779034472984,16.602512390398353,1,False,False
13,2.6,2690269375520,474.7419741282138,12.453210428094161,0,False,False
13,2.6,2690269377200,497.17974531733654,19.445964974922674,1,False,False
13,2.6,2690269377872,499.4792244157725,8.257148326183,0,False,False
13,2.6,2690269376144,509.6701809518136,8.937415622953738,0,False,False
13,2.6,2690269377920,524.9304323233251,14.140635407337477,0,False,False
13,2.6,2690269375136,548.4106997784663,19.235370520140908,1,False,False
13,2.6,2690269375808,604.8076366766552,20.072024324899573,1,True,False
13,2.6,2690269375616,603.6822703550605,7.790657408480021,0,False,False
13,2.6,2690269376672,610.6606454298703,6.8776295509129906,0,False,False
13,2.6,2690269376528,624.8596181126275,9.682252281545786,0,False,False
13,2.6,2690269374992,643.1210111830702,12.595974937165712,0,False,False
13,2.6,2690269377440,664.6264849710134,19.180191701032413,1,False,False
13,2.6,2690269376720,668.6738083311192,8.224292682979765,0,False,False
13,2.6,2690269375328,679.7914646974649,10.023547994232047,0,False,False
13,2.6,2690269376768,698.2655172652146,12.466608989469783,0,False,False
13,2.6,2690269375088,718.5343297108072,17.416214193305116,1,False,False
13,2.6,2690269378160,722.7411211948363,10.206101309429757,0,False,False
13,2.6,2690269375952,740.4212226639505,12.48913069496574,0,False,False
13,2.6,2690269375760,756.2190820447142,15.91497128937943,1,False,False
13,2.6,2690269378064,764.279909812748,11.008882051784791,0,False,False
13,2.6,2690269377104,782.3898862689421,15.353380648316262,0,False,False
13,2.6,2690269375568,791.8738908288127,13.588518514341871,1,False,False
13,2.6,2690269376240,811.3326439559468,16.339232807678027,0,False,False
13,2.6,2690269374944,818.7813432535818,14.187440972897873,1,False,False
13,2.6,2690269377056,843.0628465429309,19.9763262427675,1,False,False
13,2.6,2690269375232,846.579735859804,15.177183986776972,0,False,False
13,2.6,2690269377152,873.5295767370166,20.785982431341683,0,False,False
13,2.6,2690269376432,932.5849236252876,20.050584985389,0,True,False
13,2.6,2690269375040,949.1347125196075,21.594989589881134,0,False,False
13,2.6,2690269375904,944.1042423169964,7.018662577472608,1,False,False
13,2.6,2690269376960,956.5809036124906,8.270679658458166,1,False,False
13,2.6,2690269378256,972.8755101749264,7.742376991822701,1,False,False
13,2.6,2690269376624,984.5520486983914,9.714479086179269,1,False,False
13,2.6,2690269377584,1002.5524099888667,12.225319394187979,1,False,False
13,2.6,2690269374848,1025.4365657940625,17.881710567425195,0,False,False
13,2.6,2690269377344,1027.0252619059836,8.363683776044446,1,False,False
13,2.6,2690269377296,1040.505522712961,12.26139196859194,1,False,False
13,2.6,2690269374896,1061.938972148101,15.066060795433946,1,False,False
13,2.6,2690269376816,1070.7027904465363,15.257503057196622,0,False,False
13,2.6,2690269378208,1096.9673833105726,21.50308063255443,0,False,False
13,2.6,2690269377248,1095.081977074678,8.020559235339736,1,False,False
13,2.6,2690269375856,1105.0425712722108,7.877804156616696,1,False,False
13,2.6,2690269378016,1119.7194417355936,9.947178290502075,1,False,False
13,2.6,2690269375712,1138.0919658144562,11.639374920666045,1,False,False
13,2.6,2690269375376,1165.7563477119077,22.444476162487035,0,False,False
13,2.6,2690269377968,1160.7984277160233,10.227832952874527,1,False,False
13,2.6,2690269375184,1179.450688709765,15.084688177530568,1,False,False
13,2.6,2690269377536,1205.5980246026447,21.695831077305357,1,False,False
14,2.8,2690269374656,287.2996297026853,20.03552745201532,1,True,False
14,2.8,2690269373072,292.81089184944585,13.015077095057169,1,False,False
14,2.8,2690269374704,298.8304424027934,13.508639631773567,0,False,False
14,2.8,2690269374752,324.27384476415176,17.361365260960316,0,False,False
14,2.8,2690269377776,320.5876074130553,6.403216676763081,1,False,False
14,2.8,2690269376192,334.09528409836935,10.074874641335255,1,False,False
14,2.8,2690269376000,354.1571657012887,13.9697899218751,1,False,False
14,2.8,2690269377392,367.85950123202764,13.19032104460522,0,False,False
14,2.8,2690269373600,382.3172733414819,14.662368106498352,1,False,False
14,2.8,2690269375424,393.2699800994706,13.368929263044228,0,False,False
14,2.8,2690269376864,410.2901443617137,15.591923199837188,1,False,False
14,2.8,2690269377680,420.45898675073187,12.563157183029686,0,False,False
14,2.8,2690269377632,442.46345564141785,16.028230643250964,0,False,False
14,2.8,2690269375472,446.84202858304843,12.206048711023328,1,False,False
14,2.8,2690269377008,469.69317394914435,16.527728186898138,1,False,False
14,2.8,2690269375520,477.1858523774771,11.745992742157913,0,False,False
14,2.8,2690269377200,501.05646301708225,19.265376205594787,1,False,False
14,2.8,2690269377872,501.0506540810091,7.057148326182999,0,False,False
14,2.8,2690269376144,511.44624409735127,8.801002513833343,0,False,False
14,2.8,2690269377920,527.7799518200936,14.451320407351933,0,False,False
14,2.8,2690269375136,552.2529686592774,19.219832683846853,1,False,False
14,2.8,2690269375808,608.8204952304591,20.050584985389,1,True,False
14,2.8,2690269375616,605.1604018367566,6.59065740848002,0,False,False
14,2.8,2690269376672,612.0134597868212,6.564291685147268,0,False,False
14,2.8,2690269376528,626.7823477183114,9.481647006697992,0,False,False
14,2.8,2690269374992,645.594967810928,11.910940492478522,0,False,False
14,2.8,2690269377440,668.4533473917286,19.043602249083676,1,False,False
14,2.8,2690269376720,670.2386668677151,7.076678465040389,0,False,False
14,2.8,2690269375328,681.7790346904233,9.776376975623839,0,False,False
14,2.8,2690269376768,700.7257644519516,11.97975210065277,0,False,False
14,2.8,2690269375088,722.0012554843481,17.174021972996133,1,False,False
14,2.8,2690269378160,724.758142768653,9.859782245106873,0,False,False
14,2.8,2690269375952,742.8881042228068,12.039119962634773,0,False,False
14,2.8,2690269375760,759.383725322975,15.643860567510677,1,False,False
14,2.8,2690269378064,766.4701329117688,10.853193934691063,0,False,False
14,2.8,2690269377104,785.4474433429602,15.162536301847801,0,False,False
14,2.8,2690269375568,794.578656721113,13.404895123791537,1,False,False
14,2.8,2690269376240,814.5873833510512,16.149358770427778,0,False,False
14,2.8,2690269374944,821.624127231098,14.270395284858832,1,False,False
14,2.8,2690269377056,847.0462862308157,19.79670659974765,1,False,False
14,2.8,2690269375232,849.6198452243991,15.25052793252337,0,False,False
14,2.8,2690269377152,877.6796852788767,20.682197561353192,0,False,False
14,2.8,2690269376432,936.5939581453118,20.03552745201532,0,True,False
14,2.8,2690269375040,953.4464340888649,21.486563637916444,0,False,False
14,2.8,2690269375904,945.4529138339572,6.246151878500808,1,False,False
14,2.8,2690269376960,958.194707464919,7.674481172802187,1,False,False
14,2.8,2690269378256,974.3536138644242,6.784344944238402,1,False,False
14,2.8,2690269376624,986.4774610068723,9.459865496539782,1,False,False
14,2.8,2690269377584,1004.9545814833522,11.591597371062033,1,False,False
14,2.8,2690269374848,1029.000124644682,17.695294165634348,0,False,False
14,2.8,2690269377344,1028.665213629585,7.918219223334234,1,False,False
14,2.8,2690269377296,1042.9439098245896,12.054527831034052,1,False,False
14,2.8,2690269374896,1064.9045696022843,14.343243693959069,1,False,False
14,2.8,2690269376816,1073.7615040120027,15.36953034615408,0,False,False
14,2.8,2690269378208,1101.2655125710805,21.467084475251497,0,False,False
14,2.8,2690269377248,1096.6060889217458,6.820559235339735,1,False,False
14,2.8,2690269375856,1106.5861999623503,7.429485980581498,1,False,False
14,2.8,2690269378016,1121.6868029012796,9.628562451942088,1,False,False
14,2.8,2690269375712,1140.3895236244325,11.20158303643106,1,False,False
14,2.8,2690269375376,1170.245242944405,22.444476162487035,0,False,False
14,2.8,2690269377968,1162.841752478588,10.211190628381004,1,False,False
14,2.8,2690269375184,1182.476527448888,15.221944742310278,1,False,False
14,2.8,2690269377536,1209.9371908181058,21.695831077305357,1,False,False
15,3.0,2690269374656,291.0516585512363,17.449731873955564,1,True,True
15,3.0,2690269373072,295.3829319881776,11.124116770732522,1,False,True
15,3.0,2690269374704,301.53160846909026,13.502602020770585,0,False,False
15,3.0,2690269374752,327.72776831369464,17.087559230208594,0,False,False
15,3.0,2690269377776,321.8487305654813,6.142815514343246,1,False,False
15,3.0,2690269376192,336.1087556030968,10.060128692759564,1,False,False
15,3.0,2690269376000,356.93995810047306,13.806866954614827,1,False,False
15,3.0,2690269377392,370.4803040205939,12.93693214853165,0,False,False
15,3.0,2690269373600,385.2374736422607,14.481948964132028,1,False,False
15,3.0,2690269375424,395.9245918255216,13.08921673026078,0,False,False
15,3.0,2690269376864,413.3894464073481,15.311547405302601,1,False,False
15,3.0,2690269377680,422.96328555911884,12.44271821598255,0,False,False
15,3.0,2690269377632,445.63927194634033,15.577043044087494,0,False,False
15,3.0,2690269375472,449.2834393657042,12.216479566923443,1,False,False
15,3.0,2690269377008,472.9945656440999,16.468748263063933,1,False,False
15,3.0,2690269375520,479.48651503139155,11.011747965581469,0,False,False
15,3.0,2690269377200,504.89892361577233,19.111561294364428,1,False,False
15,3.0,2690269377872,502.38217763688937,5.926774453927024,0,False,False
15,3.0,2690269376144,513.2044615207607,8.794995991833696,0,False,False
15,3.0,2690269377920,530.6884519706094,14.713492476815222,0,False,False
15,3.0,2690269375136,556.0945227210229,19.207748667559244,1,False,False
15,3.0,2690269375808,612.829527729281,20.03552745201532,1,True,False
15,3.0,2690269375616,606.3985333184526,5.390657408480019,0,False,False
15,3.0,2690269376672,613.311133109955,6.356420456435563,0,False,False
15,3.0,2690269376528,628.6662584309471,9.297789600021064,0,False,False
15,3.0,2690269374992,647.9305524505991,11.213629749878478,0,False,False
15,3.0,2690269377440,672.2531924403511,18.91135360159575,1,False,False
15,3.0,2690269376720,671.5977604263139,6.312381590963217,0,False,False
15,3.0,2690269375328,683.7199504108859,9.568703384472796,0,False,False
15,3.0,2690269376768,703.0913911528446,11.533789755558052,0,False,False
15,3.0,2690269375088,725.4204903592532,16.942798446722904,1,False,False
15,3.0,2690269378160,726.7105944942258,9.580486331978049,0,False,False
15,3.0,2690269375952,745.2691438072327,11.650438965941465,0,False,False
15,3.0,2690269375760,762.4953897056716,15.391357925786734,1,False,False
15,3.0,2690269378064,768.6341019170089,10.766339456403315,0,False,False
15,3.0,2690269377104,788.4685616558427,14.997038423243369,0,False,False
15,3.0,2690269375568,797.2497121433063,13.265101452595662,1,False,False
15,3.0,2690269376240,817.8061136866107,15.98833520793835,0,False,False
15,3.0,2690269374944,824.484435536456,14.365989595558744,1,False,False
15,3.0,2690269377056,850.9931927462635,19.608597536313894,1,False,False
15,3.0,2690269375232,852.6755268231003,15.336593934603316,0,False,False
15,3.0,2690269377152,881.8097752873446,20.5892326742861,0,False,False
15,3.0,2690269376432,940.6003033774824,20.024952065064255,0,True,False
15,3.0,2690269375040,957.736684061539,21.381315925417365,0,False,False
15,3.0,2690269375904,946.66144440265,5.671540802036132,1,False,False
15,3.0,2690269376960,959.692378511309,7.129291207928132,1,False,False
15,3.0,2690269378256,975.6655865475036,6.169603233888212,1,False,False
15,3.0,2690269376624,988.3540658045879,9.235063047563655,1,False,False
15,3.0,2690269377584,1007.2331036542121,11.006195219775233,1,False,False
15,3.0,2690269374848,1032.5279657019355,17.53195392777702,0,False,False
15,3.0,2690269377344,1030.2284983683835,7.643472795477159,1,False,False
15,3.0,2690269377296,1045.3411836608107,11.849348580754107,1,False,False
15,3.0,2690269374896,1067.7229780595083,13.580507128850522,1,False,False
15,3.0,2690269376816,1076.8436785288015,15.49632391333695,0,False,False
15,3.0,2690269378208,1105.5568205813227,21.43659465171359,0,False,False
15,3.0,2690269377248,1097.8902007688137,5.620559235339734,1,False,False
15,3.0,2690269375856,1108.0486438576593,7.100459164244583,1,False,False
15,3.0,2690269378016,1123.594022412238,9.361766110707634,1,False,False
15,3.0,2690269375712,1142.6044843186073,10.8366830127044,1,False,False
15,3.0,2690269375376,1174.7341381769022,22.444476162487035,0,False,False
15,3.0,2690269377968,1164.8864891174926,10.26169197802305,1,False,False
15,3.0,2690269375184,1185.530837663189,15.373356403380988,1,False,False
15,3.0,2690269377536,1214.276357033567,21.695831077305357,1,False,False
16,3.2,2690269374656,294.2282046923787,14.187278299891577,0,True,True
16,3.2,2690269373072,297.46272981997964,9.044318938930381,1,False,True
16,3.2,2690269374704,304.2322142505516,13.505478746800513,0,False,False
16,3.2,2690269374752,331.1273525745523,16.81997924067109,0,False,False
16,3.2,2690269377776,323.0666723927163,6.0069449993684145,1,False,False
16,3.2,2690269376192,338.12146343417527,10.076403189119295,1,False,False
16,3.2,2690269376000,359.6914825625506,13.663098204335226,1,False,False
16,3.2,2690269377392,373.0520463524843,12.707307343244228,0,False,False
16,3.2,2690269373600,388.1226606906452,14.317204286972753,1,False,False
16,3.2,2690269375424,398.52554958090843,12.842868692569558,0,False,False
16,3.2,2690269376864,416.43441020025733,15.056959509537883,1,False,False
16,3.2,2690269377680,425.44468932219735,12.338199798791386,0,False,False
16,3.2,2690269377632,448.72365924296025,15.107377550455285,0,False,False
16,3.2,2690269375472,451.72902444954593,12.256688807534244,1,False,False
16,3.2,2690269377008,476.28513030521526,16.423949668159207,1,False,False
16,3.2,2690269375520,481.6392208902487,10.270714115519215,0,False,False
16,3.2,2690269377200,508.7121672977261,18.980085121202283,1,False,False
16,3.2,2690269377872,503.5150927944444,5.223712326664617,0,False,False
16,3.2,2690269376144,514.9679401978166,8.87868384157587,0,False,False
16,3.2,2690269377920,533.6458740509589,14.921738567928948,0,False,False
16,3.2,2690269375136,559.9347667122842,19.198473754364393,1,False,False
16,3.2,2690269375808,616.8358721533374,20.024952065064255,1,True,False
16,3.2,2690269375616,607.3966648001485,4.190657408480018,0,False,False
16,3.2,2690269376672,614.5727369091036,6.225930596432498,0,False,False
16,3.2,2690269376528,630.5139796453042,9.121143910761909,0,False,False
16,3.2,2690269374992,650.1277441386077,10.53793827313632,0,False,False
16,3.2,2690269377440,676.0268397437085,18.782736144311446,1,False,False
16,3.2,2690269376720,672.8249264386155,5.832269680176947,0,False,False
16,3.2,2690269375328,685.6215032592802,9.391982051376273,0,False,False
16,3.2,2690269376768,705.3704555968773,11.126814710065663,0,False,False
16,3.2,2690269375088,728.7941596135938,16.72157246291688,1,False,False
16,3.2,2690269378160,728.6109502404961,9.3551802703531,0,False,False
16,3.2,2690269375952,747.5762794940749,11.318126710226947,0,False,False
16,3.2,2690269375760,765.5577828546982,15.157234364483395,1,False,False
16,3.2,2690269378064,770.784378314757,10.73154666800062,0,False,False
16,3.2,2690269377104,791.4581366636353,14.854367316831752,0,False,False
16,3.2,2690269375568,799.8954230508629,13.163312103066987,1,False,False
16,3.2,2690269376240,820.9944197594663,15.85344573725558,0,False,False
16,3.2,2690269374944,827.3644196282461,14.468927274347728,1,False,False
16,3.2,2690269377056,854.9020348916611,19.414199716206298,1,False,False
16,3.2,2690269375232,855.7490922296096,15.432069350645836,0,False,False
16,3.2,2690269377152,885.9219357503264,20.505986288685982,0,False,False
16,3.2,2690269376432,944.6047598368395,20.01752463280233,0,True,False
16,3.2,2690269375040,962.0060905958818,21.27913656786963,0,False,False
16,3.2,2690269375904,947.7648688682989,5.2339139108730475,1,False,False
16,3.2,2690269376960,961.0850821986135,6.646056568347321,1,False,False
16,3.2,2690269378256,976.8703239259204,5.770484310879235,1,False,False
16,3.2,2690269376624,990.1873125695267,9.033043379208335,1,False,False
16,3.2,2690269377584,1009.3980716788817,10.474175684939562,1,False,False
16,3.2,2690269374848,1036.024584274146,17.38991458339114,0,False,False
16,3.2,2690269377344,1031.7451424899684,7.483746671046161,1,False,False
16,3.2,2690269377296,1047.6970494504546,11.636732260140466,1,False,False
16,3.2,2690269374896,1070.3860968153142,12.77921080051838,1,False,False
16,3.2,2690269376816,1079.9519693006594,15.633658670506236,0,False,False
16,3.2,2690269378208,1109.842361454203,21.410925375785848,0,False,False
16,3.2,2690269377248,1098.9411694122523,4.6272691209711585,1,False,False
16,3.2,2690269375856,1109.4516293963934,6.86126970989075,1,False,False
16,3.2,2690269378016,1125.4509336331444,9.139279187711868,1,False,False
16,3.2,2690269375712,1144.7509747707077,10.537993748651083,1,False,False
16,3.2,2690269375376,1179.2230334093995,22.444476162487035,0,False,False
16,3.2,2690269377968,1166.9449744887495,10.364015673195594,1,False,False
16,3.2,2690269375184,1188.6161306432634,15.534399667199505,1,False,False
16,3.2,2690269377536,1218.615523249028,21.695831077305357,1,False,False
17,3.4,2690269374656,296.81085435498454,11.5347827125637,0,True,True
17,3.4,2690269373072,299.15368248678413,7.353366272125916,1,False,True
17,3.4,2690269374704,306.93381895726685,13.514079684214703,0,False,False
17,3.4,2690269374752,334.47381391856754,16.558215899040643,0,False,False
17,3.4,2690269377776,324.2639346194958,5.962537202146102,1,False,False
17,3.4,2690269376192,340.1391192621348,10.116715073302357,1,False,False
17,3.4,2690269376000,362.41539919171584,13.536013875382938,1,False,False
17,3.4,2690269377392,375.57933666766957,12.49933002271544,0,False,False
17,3.4,2690269373600,390.9758605875096,14.166575487032313,1,False,False
17,3.4,2690269375424,401.079241504498,12.625666353176959,0,False,False
17,3.4,2690269376864,419.4301133963524,14.826960373412696,1,False,False
17,3.4,2690269377680,427.9058244838152,12.241625055394353,0,False,False
17,3.4,2690269377632,451.7128198751135,14.618579446656573,0,False,False
17,3.4,2690269375472,454.18430717390544,12.320533798550835,1,False,False
17,3.4,2690269377008,479.56760021168424,16.3917967606792,1,False,False
17,3.4,2690269375520,483.64539251345866,9.560741233548724,0,False,False
17,3.4,2690269377200,512.500422841078,18.86754639580978,1,False,False
17,3.4,2690269377872,504.52950389946074,4.821602098720358,0,False,False
17,3.4,2690269376144,516.7526547651867,9.024838592025962,0,False,False
17,3.4,2690269377920,536.6410549594873,15.070312877725481,0,False,False
17,3.4,2690269375136,563.7737019032946,19.191598540288012,1,False,False
17,3.4,2690269375808,620.8403282898381,20.01752463280233,1,True,False
17,3.4,2690269375616,608.1547962818446,2.990657408480018,0,False,False
17,3.4,2690269376672,615.8123212051287,6.152853291166143,0,False,False
17,3.4,2690269376528,632.326565544206,8.946591860916568,0,False,False
17,3.4,2690269374992,652.1922477804252,9.901566449738784,0,False,False
17,3.4,2690269377440,679.7749724230596,18.657120310709548,1,False,False
17,3.4,2690269376720,673.9694108233991,5.536041928951534,0,False,False
17,3.4,2690269375328,687.4894319127358,9.239834442262584,0,False,False
17,3.4,2690269376768,707.5706124503508,10.756660066823184,0,False,False
17,3.4,2690269375088,732.1242100644997,16.509598542593594,1,False,False
17,3.4,2690269378160,730.4693265053189,9.174258871106638,0,False,False
17,3.4,2690269375952,749.8204527713135,11.037240872506297,0,False,False
17,3.4,2690269375760,768.5745611800563,14.941184054708717,1,False,False
17,3.4,2690269378064,772.9305177067954,10.736808121812425,0,False,False
17,3.4,2690269377104,794.4205847013232,14.73235816414892,0,False,False
17,3.4,2690269375568,802.5230405339737,13.094429830063508,1,False,False
17,3.4,2690269376240,824.1573613135968,15.742239087394118,0,False,False
17,3.4,2690269374944,830.2652666410911,14.57522423758569,1,False,False
17,3.4,2690269377056,858.7716430264893,19.214653134948016,1,False,False
17,3.4,2690269375232,858.8422403598685,15.534344255595624,0,False,False
17,3.4,2690269377152,890.01804239713,20.43146161616124,0,False,False
17,3.4,2690269376432,948.6078897506817,20.012308109732228,0,True,False
17,3.4,2690269375040,966.2552605900031,21.179926202760164,0,False,False
17,3.4,2690269375904,948.7878549632508,4.895994508911452,1,False,False
17,3.4,2690269376960,962.3853431917686,6.225458749544276,1,False,False
17,3.4,2690269378256,978.0057333814414,5.517003153724622,1,False,False
17,3.4,2690269376624,991.9814182855275,8.849109295178938,1,False,False
17,3.4,2690269377584,1011.4602425138391,9.996065900612999,1,False,False
17,3.4,2690269374848,1039.494127837673,17.2675103283413,0,False,False
17,3.4,2690269377344,1033.2355730045288,7.403628521086476,1,False,False
17,3.4,2690269377296,1050.0095147980928,11.409874376289851,1,False,False
17,3.4,2690269374896,1072.887785459158,11.968629909440224,1,False,False
17,3.4,2690269376816,1083.0882539257987,15.778253907192584,0,False,False
17,3.4,2690269378208,1114.1230583249812,21.389480374377662,0,False,False
17,3.4,2690269377248,1099.8206007059093,3.999518539669267,1,False,False
17,3.4,2690269375856,1110.811656745423,6.691461042936571,1,False,False
17,3.4,2690269378016,1127.265990482306,8.955301784875987,1,False,False
17,3.4,2690269375712,1146.8418162034118,10.299320870989979,1,False,False
17,3.4,2690269375376,1183.7119286418967,22.444476162487035,0,False,False
17,3.4,2690269377968,1169.026766164704,10.506769678113754,1,False,False
17,3.4,2690269375184,1191.7340878851835,15.701599805369243,1,False,False
17,3.4,2690269377536,1222.954689464489,21.695831077305357,1,False,False
18,3.6,2690269374656,298.91064418437435,9.378205559488828,0,True,True
18,3.6,2690269373072,300.52848963277273,5.978559126137338,1,False,True
18,3.6,2690269374704,309.637389742112,13.525865920383401,0,False,False
18,3.6,2690269374752,337.76829356503146,16.301958037132838,0,False,False
18,3.6,2690269377776,325.45718961394186,5.987085547973949,1,False,False
18,3.6,2690269376192,342.1661488290855,10.17562898989507,1,False,False
18,3.6,2690269376000,365.1149001449867,13.423518710745762,1,False,False
18,3.6,2690269377392,378.0663737903447,12.311077827960165,0,False,False
18,3.6,2690269373600,393.7998083112439,14.02879731283116,1,False,False
18,3.6,2690269375424,403.5912280412666,12.433634672263416,0,False,False
18,3.6,2690269376864,422.3813944137512,14.620366437806034,1,False,False
18,3.6,2690269377680,430.34783352705153,12.146628179051474,0,False,False
18,3.6,2690269377632,454.6030527743795,14.112980776472961,0,False,False
18,3.6,2690269375472,456.65367659087923,12.403192324650606,1,False,False
18,3.6,2690269377008,482.8444081448821,16.370871825678616,1,False,False
18,3.6,2690269375520,485.5127180466405,8.90072445197036,0,False,False
18,3.6,2690269377200,516.2672884019144,18.771231589864204,1,False,False
18,3.6,2690269377872,505.47777937145906,4.617017404246311,0,False,False
18,3.6,2690269376144,518.5697216150902,9.214158466500402,0,False,False
18,3.6,2690269377920,539.6616586086461,15.153835409287199,0,False,False
18,3.6,2690269375136,567.6115637826366,19.186821732962986,1,False,False
18,3.6,2690269375808,624.8434580747615,20.012308109732228,1,True,False
18,3.6,2690269375616,608.678189512116,2.010874048899465,0,False,False
18,3.6,2690269376672,617.0403251213854,6.122483387063239,0,False,False
18,3.6,2690269376528,634.1042274911412,8.77141505005549,0,False,False
18,3.6,2690269374992,654.1325534091807,9.312418815635963,0,False,False
18,3.6,2690269377440,683.4981527445342,18.533951256681647,1,False,False
18,3.6,2690269376720,675.063736251473,5.366259541570864,0,False,False
18,3.6,2690269375328,689.3283084980317,9.107407563781555,0,False,False
18,3.6,2690269376768,709.6990788869796,10.421131777779035,0,False,False
18,3.6,2690269375088,735.4124521500473,16.30631340390326,1,False,False
18,3.6,2690269378160,732.2940864304078,9.030444134672955,0,False,False
18,3.6,2690269375952,752.0116324782716,10.803108504371785,0,False,False
18,3.6,2690269375760,771.5493157927335,14.742842260806892,1,False,False
18,3.6,2690269378064,775.0799017564044,10.773254795679737,0,False,False
18,3.6,2690269377104,797.3599091039996,14.629132261789762,0,False,False
18,3.6,2690269375568,805.1388390950519,13.053977662229448,1,False,False
18,3.6,2690269376240,827.2995236655368,15.65249412262353,0,False,False
18,3.6,2690269374944,833.1874321136353,14.681804186835612,1,False,False
18,3.6,2690269377056,862.6010270983653,19.010436562423372,1,False,False
18,3.6,2690269375232,861.9561856670757,15.641339891287743,0,False,False
18,3.6,2690269377152,894.0997783179109,20.364761179614582,0,False,False
18,3.6,2690269376432,952.61008798921,20.008644378851713,0,True,False
18,3.6,2690269375040,970.4847817248815,21.08359514171441,0,False,False
18,3.6,2690269375904,949.7485593927217,4.63309731053013,1,False,False
18,3.6,2690269376960,963.605511754368,5.864372190668011,1,False,False
18,3.6,2690269378256,979.0978063132401,5.366369860831119,1,False,False
18,3.6,2690269376624,993.7397660634667,8.680006203357456,1,False,False
18,3.6,2690269377584,1013.4303088447654,9.570199457682913,1,False,False
18,3.6,2690269374848,1042.940418095729,17.163185520184754,0,False,False
18,3.6,2690269377344,1034.713979615035,7.3790602594327686,1,False,False
18,3.6,2690269377296,1052.27547748008,11.165707142601375,1,False,False
18,3.6,2690269374896,1075.228287959568,11.176326757426963,1,False,False
18,3.6,2690269376816,1086.2538034993086,15.927528993335358,0,False,False
18,3.6,2690269378208,1118.399720347446,21.371739835577912,0,False,False
18,3.6,2690269377248,1100.5912606453571,3.602349741060944,1,False,False
18,3.6,2690269375856,1112.1415499314262,6.576264017082283,1,False,False
18,3.6,2690269378016,1129.0465751111083,8.805272920741876,1,False,False
18,3.6,2690269375712,1148.8886271936922,10.11501391722858,1,False,False
18,3.6,2690269375376,1188.200823874394,22.444476162487035,0,False,False
18,3.6,2690269377968,1171.1393368737065,10.681249494299152,1,False,False
18,3.6,2690269375184,1194.8857506612474,15.87225253245144,1,False,False
18,3.6,2690269377536,1227.2938556799502,21.695831077305357,1,False,False
19,3.8,2690269374656,300.61785108566187,7.624828460811064,0,True,True
19,3.8,2690269373072,301.6462587612446,4.860789997665439,1,False,True
19,3.8,2690269374704,312.3434214553819,13.538803430136022,0,False,False
19,3.8,2690269374752,341.0118764174038,16.05098050933897,0,False,False
19,3.8,2690269377776,326.65908561826313,6.064587683077985,1,False,False
19,3.8,2690269376192,344.2059711589883,10.248839421653054,1,False,False
19,3.8,2690269376000,367.7927801368439,13.323829207753466,1,False,False
19,3.8,2690269377392,380.51698265086515,12.140778745441027,0,False,False
19,3.8,2690269373600,396.59700207019245,13.902837089086741,1,False,False
19,3.8,2690269375424,406.0662913110145,12.263049169622843,0,False,False
19,3.8,2690269376864,425.2928571508972,14.436029405994903,1,False,False
19,3.8,2690269377680,432.7706792343308,12.048188096861555,0,False,False
19,3.8,2690269377632,457.39123433402614,13.594331807132786,0,False,False
19,3.8,2690269375472,459.14062635515705,12.500814554524752,1,False,False
19,3.8,2690269377008,486.11771168136215,16.3598823203257,1,False,False
19,3.8,2690269375520,487.2518535430041,8.299046496147861,0,False,False
19,3.8,2690269377200,520.0158542550957,18.688915934352856,1,False,False
19,3.8,2690269377872,506.3950229764669,4.550480413038467,0,False,False
19,3.8,2690269376144,520.4267602794246,9.432391415699088,0,False,False
19,3.8,2690269377920,542.6948022433887,15.17719130103244,0,False,False
19,3.8,2690269375136,571.4486620711948,19.183894826184325,1,False,False
19,3.8,2690269375808,628.845656261831,20.008644378851713,1,True,False
19,3.8,2690269375616,609.0414412497815,1.5029315972781607,0,False,False
19,3.8,2690269376672,618.2645032311838,6.123668241868347,0,False,False
19,3.8,2690269376528,635.8467360028957,8.594283821221255,0,False,False
19,3.8,2690269374992,655.9583570868701,8.77351147214173,0,False,False
19,3.8,2690269377440,687.19683672556,18.41274387726917,1,False,False
19,3.8,2690269376720,676.1305580395668,5.286832442140181,0,False,False
19,3.8,2690269375328,691.1418137303278,8.99096266374221,0,False,False
19,3.8,2690269376768,711.7626376796165,10.118117328993561,0,False,False
19,3.8,2690269375088,738.6605939518163,16.11130137607558,1,False,False
19,3.8,2690269378160,734.092255217047,8.918102745295112,0,False,False
19,3.8,2690269375952,754.1588759701204,10.611411572977092,0,False,False
19,3.8,2690269375760,774.4855615327435,14.561796185675759,1,False,False
19,3.8,2690269378064,777.238293171052,10.834168957165764,0,False,False
19,3.8,2690269377104,800.2797536899002,14.54304386307218,0,False,False
19,3.8,2690269375568,807.7482341839408,13.038004442326804,1,False,False
19,3.8,2690269376240,830.4250616432366,15.582189618966586,0,False,False
19,3.8,2690269374944,836.1308026517274,14.786239451140176,1,False,False
19,3.8,2690269377056,866.3892614190491,18.801597234451787,1,False,False
19,3.8,2690269375232,865.0917556941963,15.751387436043485,0,False,False
19,3.8,2690269377152,898.1686533586271,20.305079533994565,0,False,False
19,3.8,2690269376432,956.6116318823875,20.00607122355566,0,True,False
19,3.8,2690269375040,974.6952243548051,20.990062727317035,0,False,False
19,3.8,2690269375904,950.660752429492,4.428007185744933,1,False,False
19,3.8,2690269376960,964.7572069511599,5.558423755044941,1,False,False
19,3.8,2690269378256,980.1650742967321,5.290438583036434,1,False,False
19,3.8,2690269376624,995.4651571968543,8.5234350734375,1,False,False
19,3.8,2690269377584,1015.3185487645603,9.193865195508847,1,False,False
19,3.8,2690269374848,1046.3669727348472,17.07548974874683,0,False,False
19,3.8,2690269377344,1036.1902496531798,7.392912903503343,1,False,False
19,3.8,2690269377296,1054.4914099611394,10.903637518064235,1,False,False
19,3.8,2690269374896,1077.412364809683,10.416858150006908,1,False,False
19,3.8,2690269376816,1089.4494105002998,16.079434781889386,0,False,False
19,3.8,2690269378208,1122.6730572335582,21.357249556252977,0,False,False
19,3.8,2690269377248,1101.2937886941777,3.3623642810141394,1,False,False
19,3.8,2690269375856,1113.4514531560126,6.504697931113024,1,False,False
19,3.8,2690269378016,1130.799222819106,8.685553494751364,1,False,False
19,3.8,2690269375712,1150.9019315236935,9.979942072523523,1,False,False
19,3.8,2690269375376,1192.6897191068913,22.444476162487035,0,False,False
19,3.8,2690269377968,1173.2885542660163,10.880647425265566,1,False,False
19,3.8,2690269375184,1198.0716604135926,16.044234044801044,1,False,False
19,3.8,2690269377536,1231.6330218954113,21.695831077305357,1,False,False
20,4.0,2690269374656,302.0058735262939,6.199267939693499,0,True,True
20,4.0,2690269373072,302.55504646154884,3.9520022973611746,1,False,True
20,4.0,2690269374704,315.052030098486,13.55125759059116,0,False,False
20,4.0,2690269374752,344.20560744293346,15.805131812599427,0,False,False
20,4.0,2690269377776,327.879377565088,6.183266615377759,1,False,False
20,4.0,2690269376192,346.2612040403009,10.332886831553157,1,False,False
20,4.0,2690269376000,370.4514952966879,13.235423702365477,1,False,False
20,4.0,2690269377392,382.9346420453838,11.986778543155731,0,False,False
20,4.0,2690269373600,399.3697465708299,13.787848670530222,1,False,False
20,4.0,2690269375424,408.5084851561165,12.11043327371639,0,False,False
20,4.0,2690269376864,428.16887853824505,14.272841520890852,1,False,False
20,4.0,2690269377680,435.17339730491796,11.942394170771209,0,False,False
20,4.0,2690269377632,460.07503989506796,13.066992794783749,0,False,False
20,4.0,2690269375472,461.6479319596072,12.61028350144338,1,False,False
20,4.0,2690269377008,489.3894181106906,16.357657660379065,1,False,False
20,4.0,2690269375520,488.8747314313192,7.758878111642379,0,False,False
20,4.0,2690269377200,523.7487916271853,18.61874183457918,1,False,False
20,4.0,2690269377872,507.30610765094787,4.584463590406348,0,False,False
20,4.0,2690269376144,522.3288055099783,9.669008650355357,0,False,False
20,4.0,2690269377920,545.7290671180272,15.148837511228932,0,False,False
20,4.0,2690269375136,575.2853135233103,19.18259984773356,1,False,False
20,4.0,2690269375808,632.8472001344738,20.00607122355566,1,True,False
20,4.0,2690269375616,609.3230263533113,1.264282027281302,0,False,False
20,4.0,2690269376672,619.4905576337812,6.147738148176684,0,False,False
20,4.0,2690269376528,637.55365940619,8.4147428030641,0,False,False
20,4.0,2690269374992,657.6797678195068,8.285373195605597,0,False,False
20,4.0,2690269377440,690.8713877717831,18.29307823769082,1,False,False
20,4.0,2690269376720,677.1862022294301,5.27358871269595,0,False,False
20,4.0,2690269375328,692.9329398388193,8.8875995827162,0,False,False
20,4.0,2690269376768,713.7676571849049,9.845631123264738,0,False,False
20,4.0,2690269375088,741.8702687596319,15.924266254087307,1,False,False
20,4.0,2690269378160,735.8698166998208,8.832800355235785,0,False,False
20,4.0,2690269375952,756.2704015637846,10.458198541487459,0,False,False
20,4.0,2690269375760,777.3867278186053,14.397591066830863,1,False,False
20,4.0,2690269378064,779.4102201352798,10.914356858491603,0,False,False
20,4.0,2690269377104,803.1834464260656,14.472638482190522,0,False,False
20,4.0,2690269375568,810.3558818421162,13.043005262941152,1,False,False
20,4.0,2690269376240,833.5377378069538,15.529478878699885,0,False,False
20,4.0,2690269374944,839.0948131360788,14.886577973009219,1,False,False
20,4.0,2690269377056,870.1354088439025,18.587894282340077,1,False,False
20,4.0,2690269375232,868.2494668052904,15.863140219648097,0,False,False
20,4.0,2690269377152,902.2260219975284,20.2516952435649,0,False,False
20,4.0,2690269376432,960.6127162079114,20.004264014349108,0,True,False
20,4.0,2690269375040,978.8871432736418,20.899256733582952,0,False,False
20,4.0,2690269375904,951.5351094022963,4.268291861158482,1,False,False
20,4.0,2690269376960,965.8511494195466,5.303018856162566,1,False,False
20,4.0,2690269378256,981.2210777678554,5.269697524399999,1,False,False
20,4.0,2690269376624,997.1599809209351,8.377762809585912,1,False,False
20,4.0,2690269377584,1017.1346607862024,8.863878467059537,1,False,False
20,4.0,2690269374848,1049.7770260089121,17.00307063938947,0,False,False
20,4.0,2690269377344,1037.6711692469323,7.432512275211053,1,False,False
20,4.0,2690269377296,1056.6537670499504,10.624413942416414,1,False,False
20,4.0,2690269374896,1079.4471737764104,9.698016109249034,1,False,False
20,4.0,2690269376816,1092.6754865395744,16.232334165348302,0,False,False
20,4.0,2690269378208,1126.9436917461667,21.34561185913447,0,False,False
20,4.0,2690269377248,1101.9563434046393,3.234865940350769,1,False,False
20,4.0,2690269375856,1114.7495032856848,6.468412217081898,1,False,False
20,4.0,2690269378016,1132.5297904411702,8.593202758757112,1,False,False
20,4.0,2690269375712,1152.891258850383,9.889442601781749,1,False,False
20,4.0,2690269375376,1197.1786143393886,22.444476162487035,0,False,False
20,4.0,2690269377968,1175.4790223750206,11.099530145234073,1,False,False
20,4.0,2690269375184,1201.2919652945582,16.215867756185396,1,False,False
20,4.0,2690269377536,1235.9721881108724,21.695831077305357,1,False,False
21,4.2,2690269374656,303.1343871787663,5.040234437487099,0,True,True
21,4.2,2690269373072,303.29392452069993,3.2131242382100926,1,False,True
21,4.2,2690269374704,317.7630271794388,13.56191535878228,0,False,False
21,4.2,2690269374752,347.3505055779522,15.564321770240158,0,False,False
21,4.2,2690269377776,329.1256713494145,6.334204775692783,1,False,False
21,4.2,2690269376192,348.3338190050188,10.424959679657192,1,False,False
21,4.2,2690269376000,373.09321273676903,13.157002272246588,1,False,False
21,4.2,2690269377392,385.3225064503035,11.84751611528242,0,False,False
21,4.2,2690269373600,402.1201878001389,13.68313644050444,1,False,False
21,4.2,2690269375424,410.9211842314101,11.972550164150194,0,False,False
21,4.2,2690269376864,431.0136165959239,14.129733804548115,1,False,False
21,4.2,2690269377680,437.5543054365714,11.82626224082601,0,False,False
21,4.2,2690269377632,462.6530345682247,12.535526735021124,0,False,False
21,4.2,2690269375472,464.17778518392515,12.729045800951951,1,False,False
21,4.2,2690269377008,492.66120835822176,16.363141609884778,1,False,False
21,4.2,2690269375520,490.39371628849386,7.280750044551924,0,False,False
21,4.2,2690269377200,527.4684203427502,18.559138779403728,1,False,False
21,4.2,2690269377872,508.2293179608041,4.693748771186519,0,False,False
21,4.2,2690269376144,524.2789704407556,9.916002625302117,0,False,False
21,4.2,2690269377920,548.7545386375309,15.074824915033236,0,False,False
21,4.2,2690269375136,579.1218154089096,19.182740838660987,1,False,False
21,4.2,2690269375808,636.8482844518048,20.004264014349108,1,True,False
21,4.2,2690269375616,609.5692952001951,1.1959168986737247,0,False,False
21,4.2,2690269376672,620.7225841563346,6.187815074402298,0,False,False
21,4.2,2690269376528,639.2245175029458,8.232927682967233,0,False,False
21,4.2,2690269374992,659.3069026315437,7.847252227449473,0,False,False
21,4.2,2690269377440,694.522089428407,18.17459542337324,1,False,False
21,4.2,2690269376720,678.2426904601418,5.30955620254729,0,False,False
21,4.2,2690269375328,694.7041445185512,8.795064900466947,0,False,False
21,4.2,2690269376768,715.7201179361681,9.601827719110554,0,False,False
21,4.2,2690269375088,745.0430573440267,15.745007892887255,1,False,False
21,4.2,2690269378160,737.6319312569137,8.770997848110248,0,False,False
21,4.2,2690269375952,758.3536608115195,10.339864955618086,0,False,False
21,4.2,2690269375760,780.2561504980878,14.249733351226155,1,False,False
21,4.2,2690269378064,781.5992510779804,11.00973482391177,0,False,False
21,4.2,2690269377104,806.0740353643836,14.416619816502442,0,False,False
21,4.2,2690269375568,812.9657633647997,13.065855427721397,1,False,False
21,4.2,2690269376240,836.640955893583,15.492668720184621,0,False,False
21,4.2,2690269374944,842.0785332460686,14.981223666616248,1,False,False
21,4.2,2690269377056,873.8384700328144,18.368893886876236,1,False,False
21,4.2,2690269375232,871.4295840039788,15.975508721898217,0,False,False
21,4.2,2690269377152,906.2730996056493,20.203962801172676,0,False,False
21,4.2,2690269376432,964.6134777643836,20.002994753562064,0,True,False
21,4.2,2690269375040,983.0610793600615,20.81111274054264,0,False,False
21,4.2,2690269375904,952.3800525474628,4.144756509246567,1,False,False
21,4.2,2690269376960,966.8971490051715,5.093732844692107,1,False,False
21,4.2,2690269378256,982.2758520418018,5.290070707013475,1,False,False
21,4.2,2690269376624,998.8263340895121,8.241836258259474,1,False,False
21,4.2,2690269377584,1018.887690872571,8.576862617621538,1,False,False
21,4.2,2690269374848,1053.1735478320547,16.944666151095532,0,False,False
21,4.2,2690269377344,1039.1612053167541,7.488166242573013,1,False,False
21,4.2,2690269377296,1058.759210371486,10.329551575327358,1,False,False
21,4.2,2690269374896,1081.341156899086,9.023973682788629,1,False,False
21,4.2,2690269376816,1095.9321385929304,16.38491539228348,0,False,False
21,4.2,2690269378208,1131.2121704751814,21.336477945002606,0,False,False
21,4.2,2690269377248,1102.5992993749603,3.190560704353522,1,False,False
21,4.2,2690269375856,1116.042301785384,6.460944608398037,1,False,False
21,4.2,2690269378016,1134.2435844047766,8.525814911884934,1,False,False
21,4.2,2690269375712,1154.8652345785313,9.839265164546669,1,False,False
21,4.2,2690269375376,1201.6675095718858,22.444476162487035,0,False,False
21,4.2,2690269377968,1177.7143308380628,11.333483178802908,1,False,False
21,4.2,2690269375184,1204.5465027680204,16.38582839398617,1,False,False
21,4.2,2690269377536,1240.3113543263335,21.695831077305357,1,False,False
22,4.4,2690269374656,304.0519105750283,4.097897273026549,0,True,True
22,4.4,2690269373072,303.89465974864385,2.6123890102662206,1,False,True
22,4.4,2690269374704,320.47597988050074,13.569726575146461,0,False,False
22,4.4,2690269374752,350.447575181687,15.328509415545964,0,False,False
22,4.4,2690269377776,330.4039327535975,6.510483436423578,1,False,False
22,4.4,2690269376192,350.42526082775254,10.522753152607256,1,False,False
22,4.4,2690269376000,375.7198526316127,13.087454162757092,1,False,False
22,4.4,2690269377392,387.68342331207583,11.721504540035674,0,False,False
22,4.4,2690269373600,404.85034111646826,13.588126427754553,1,False,False
22,4.4,2690269375424,413.3071312894035,11.846392679129007,0,False,False
22,4.4,2690269376864,433.83101790093957,14.005671392235651,1,False,False
22,4.4,2690269377680,439.91117879826476,11.697596324499447,0,False,False
22,4.4,2690269377632,465.12469776357983,12.004488903385116,0,False,False
22,4.4,2690269375472,466.7318980996647,12.854989444855178,1,False,False
22,4.4,2690269377008,495.93455925367215,16.375383104612794,1,False,False
22,4.4,2690269375520,491.82117480692574,6.863825586449661,0,False,False
22,4.4,2690269377200,531.1767622110444,18.508766900973463,1,False,False
22,4.4,2690269377872,509.1784438654528,4.8605798254935495,0,False,False
22,4.4,2690269376144,526.2788878188628,10.167038368120716,0,False,False
22,4.4,2690269377920,551.7624206224524,14.959990948435609,0,False,False
22,4.4,2690269375136,582.9584363790478,19.184140539420195,1,False,False
22,4.4,2690269375808,640.8490460050086,20.002994753562064,1,True,False
22,4.4,2690269375616,609.8101442037778,1.2418191473448792,0,False,False
22,4.4,2690269376672,621.9633974050954,6.238353900911256,0,False,False
22,4.4,2690269376528,640.8588873008505,8.049395370759607,0,False,False
22,4.4,2690269374992,660.8496772469153,7.457725923247906,0,False,False
22,4.4,2690269377440,698.1491573278968,18.05699377493139,1,False,False
22,4.4,2690269376720,679.3089857882023,5.3823706963893,0,False,False
22,4.4,2690269375328,696.4574704340022,8.711613847238706,0,False,False
22,4.4,2690269376768,717.6256406593222,9.384999276731874,0,False,False
22,4.4,2690269375088,748.1805057993733,15.573402363218259,1,False,False
22,4.4,2690269378160,739.3830995117337,8.729836974101536,0,False,False
22,4.4,2690269375952,760.4154059715346,10.25312315320378,0,False,False
22,4.4,2690269375760,783.0970642113838,14.11769227702582,1,False,False
22,4.4,2690269378064,783.8081963563327,11.1170473703258,0,False,False
22,4.4,2690269377104,808.9543184276419,14.373823275312535,0,False,False
22,4.4,2690269375568,815.5812575484046,13.103755826033293,1,False,False
22,4.4,2690269376240,839.7377903176607,15.470202199709933,0,False,False
22,4.4,2690269374944,845.0807325578069,15.068851090201209,1,False,False
22,4.4,2690269377056,877.4973496175114,18.144035726503997,1,False,False
22,4.4,2690269375232,874.632168891733,16.087611437920668,0,False,False
22,4.4,2690269377152,910.3109771090636,20.161304878287,0,False,False
22,4.4,2690269376432,968.6140126298345,20.002103311143728,0,True,False
22,4.4,2690269375040,987.217561094639,20.725573462099504,0,False,False
22,4.4,2690269375904,953.2023286082618,4.050490863493199,1,False,False
22,4.4,2690269376960,967.9041495013921,4.926435834904785,1,False,False
22,4.4,2690269378256,983.3368778353115,5.341079884924362,1,False,False
22,4.4,2690269376624,1000.4661079724497,8.114853940719158,1,False,False
22,4.4,2690269377584,1020.5860045801968,8.329385045533927,1,False,False
22,4.4,2690269374848,1056.55926134719,16.89909724207574,0,False,False
22,4.4,2690269377344,1040.6630350108276,7.552253666124492,1,False,False
22,4.4,2690269377296,1060.804738631587,10.021027464902236,1,False,False
22,4.4,2690269374896,1083.1034425273506,8.396941831788928,1,False,False
22,4.4,2690269376816,1099.2192295098398,16.536127724011152,0,False,False
22,4.4,2690269378208,1135.4789731658047,21.329541417596012,0,False,False
22,4.4,2690269377248,1103.237843159009,3.2092318787606207,1,False,False
22,4.4,2690269375856,1117.3352565896262,6.477226746509434,1,False,False
22,4.4,2690269378016,1135.9454590366447,8.481396332618676,1,False,False
22,4.4,2690269375712,1156.8316588500188,9.825521008552762,1,False,False
22,4.4,2690269375376,1206.156404804383,22.444476162487035,0,False,False
22,4.4,2690269377968,1179.9972408648075,11.578863115615698,1,False,False
22,4.4,2690269375184,1207.8348648524588,16.55307129722873,1,False,False
22,4.4,2690269377536,1244.6505205417945,21.695831077305357,1,False,False
23,4.6,2690269374656,304.7978910785373,3.3317422569436594,0,True,True
23,4.6,2690269373072,304.38307973841506,2.123969020494966,1,False,True
23,4.6,2690269374704,323.19026045217066,13.573858728975475,0,False,False
23,4.6,2690269374752,353.4978150850302,15.097691167575075,0,False,False
23,4.6,2690269377776,331.7188462528848,6.706618901831008,1,False,False
23,4.6,2690269376192,352.53654154601514,10.624366305929781,1,False,False
23,4.6,2690269376000,378.3331241911159,13.025831008533203,1,False,False
23,4.6,2690269377392,390.01994685298143,11.607316459702236,0,False,False
23,4.6,2690269373600,407.56211393508954,13.502342658546063,1,False,False
23,4.6,2690269375424,415.6684824497083,11.72917366528423,0,False,False
23,4.6,2690269376864,436.6248240547096,13.89964822844099,1,False,False
23,4.6,2690269377680,442.2414003518599,11.554885537783793,0,False,False
23,4.6,2690269377632,467.4904130878387,11.47831288742596,0,False,False
23,4.6,2690269375472,469.311584940402,12.986353677192989,1,False,False
23,4.6,2690269377008,499.21076393534764,16.393526834167176,1,False,False
23,4.6,2690269375520,493.1692506493947,6.506526610466535,0,False,False
23,4.6,2690269377200,534.8755841918123,18.466475113640545,1,False,False
23,4.6,2690269377872,510.16407258029307,5.071981258635475,0,False,False
23,4.6,2690269376144,528.3290062779676,10.41693365033921,0,False,False
23,4.6,2690269377920,554.7448332045172,14.808486372407348,0,False,False
23,4.6,2690269375136,586.7954146093523,19.186638824799946,1,False,False
23,4.6,2690269375808,644.849580869156,20.002103311143728,1,True,False
23,4.6,2690269375616,610.0658902745437,1.3673545565903038,0,False,False
23,4.6,2690269376672,623.2147748884099,6.294831793130312,0,False,False
23,4.6,2690269376528,642.4564791776013,7.8650117775473305,0,False,False
23,4.6,2690269374992,662.3176953654398,7.115005291541262,0,False,False
23,4.6,2690269377440,701.7527504076012,17.940025453423303,1,False,False
23,4.6,2690269376720,680.391801372739,5.482751287358089,0,False,False
23,4.6,2690269375328,698.1946396885767,8.635907841593518,0,False,False
23,4.6,2690269376768,719.4895132107991,9.193565859410786,0,False,False
23,4.6,2690269375088,751.2841396113436,15.409384856318294,1,False,False
23,4.6,2690269378160,741.1272874183944,8.70698461427364,0,False,False
23,4.6,2690269375952,762.4617512182081,10.194970220604963,0,False,False
23,4.6,2690269375760,785.9125950143746,14.000900774779575,1,False,False
23,4.6,2690269378064,786.0392597412977,11.233669964395196,0,False,False
23,4.6,2690269377104,811.8268682629127,14.343194655368698,0,False,False
23,4.6,2690269375568,818.2052026641601,13.154187640823992,1,False,False
23,4.6,2690269376240,842.8310124312684,15.46064441100735,0,False,False
23,4.6,2690269374944,848.0999302278997,15.148342898772603,1,False,False
23,4.6,2690269377056,881.1108343575572,17.912681772021838,1,False,False
23,4.6,2690269375232,877.8571186061752,16.19873701824551,0,False,False
23,4.6,2690269377152,914.3406341347301,20.12320510894405,0,False,False
23,4.6,2690269376432,972.6143882829359,20.001477222641412,0,True,False
23,4.6,2690269375040,991.3571059394972,20.64258803088413,0,False,False
23,4.6,2690269375904,954.0074206646765,3.980248479427615,1,False,False
23,4.6,2690269376960,968.8802896223292,4.797308789153798,1,False,False
23,4.6,2690269378256,984.4097184285216,5.4147253824101975,1,False,False
23,4.6,2690269376624,1002.081051924814,7.99627195098526,1,False,False
23,4.6,2690269377584,1022.2372808805015,8.118021683917236,1,False,False
23,4.6,2690269374848,1059.936659074267,16.865261281710577,0,False,False
23,4.6,2690269377344,1042.1779175106367,7.618645239915813,1,False,False
23,4.6,2690269377296,1062.787767382521,9.701112594847112,1,False,False
23,4.6,2690269374896,1084.7435198645608,7.8180500104897215,1,False,False
23,4.6,2690269376816,1102.5364267711725,16.68513264292504,0,False,False
23,4.6,2690269378208,1139.7445208188217,21.32453277365794,0,False,False
23,4.6,2690269377248,1103.883535669353,3.2763783502589767,1,False,False
23,4.6,2690269375856,1118.6328363763823,6.513243508142773,1,False,False
23,4.6,2690269378016,1137.639892365761,8.458271465069343,1,False,False
23,4.6,2690269375712,1158.7975758587816,9.84463964473088,1,False,False
23,4.6,2690269375376,1210.6453000368804,22.444476162487035,0,False,False
23,4.6,2690269377968,1182.3298268452845,11.832621534915289,1,False,False
23,4.6,2690269375184,1211.1564504741086,16.716779078023016,1,False,False
23,4.6,2690269377536,1248.9896867572556,21.695831077305357,1,False,False
24,4.8,2690269374656,305.4044008567977,2.7088298527565637,0,True,True
24,4.8,2690269373072,304.78018327972836,1.726865479181685,1,False,True
24,4.8,2690269374704,325.905087248662,13.573661350074707,0,False,False
24,4.8,2690269374752,356.5022252982533,14.87188938257206,0,False,False
24,4.8,2690269377776,333.07407448985714,6.91818142296991,1,False,False
24,4.8,2690269376192,354.66831582160444,10.728225783767202,1,False,False
24,4.8,2690269376000,380.93455659421215,12.97132454858547,1,False,False
24,4.8,2690269377392,392.334349192021,11.503572888100209,0,False,False
24,4.8,2690269373600,410.25732396532305,13.425387502082861,1,False,False
24,4.8,2690269375424,418.0068506441766,11.61831812325873,0,False,False
24,4.8,2690269376864,439.3985771139759,13.810682302110637,1,False,False
24,4.8,2690269377680,444.54209236214746,11.39722596297793,0,False,False
24,4.8,2690269377632,469.75143902162347,10.961242482488988,0,False,False
24,4.8,2690269375472,471.91782756727827,13.121661403835544,1,False,False
24,4.8,2690269377008,502.4909503896657,16.416804194839383,1,False,False
24,4.8,2690269375520,494.44973952855577,6.206834462385571,0,False,False
24,4.8,2690269377200,538.5664338880741,18.431268936166237,1,False,False
24,4.8,2690269377872,511.19442713621095,5.3181677285784765,0,False,False
24,4.8,2690269376144,530.4287967558485,10.661329586579713,0,False,False
24,4.8,2690269377920,557.6946963587773,14.624053310698782,0,False,False
24,4.8,2690269375136,590.6329588983328,19.190091600616615,1,False,False
24,4.8,2690269375808,648.8499565217373,20.001477222641412,1,True,False
24,4.8,2690269375616,610.3508099288963,1.5497532797289237,0,False,False
24,4.8,2690269376672,624.4776460833443,6.3535348310938184,0,False,False
24,4.8,2690269376528,644.0171928904884,7.680869743358829,0,False,False
24,4.8,2690269374992,663.7201869072896,6.817083853146334,0,False,False
24,4.8,2690269377440,705.3329814591592,17.823493271960178,1,False,False
24,4.8,2690269376720,681.4961478198261,5.60355600273818,0,False,False
24,4.8,2690269375328,699.9171295529407,8.566936306173858,0,False,False
24,4.8,2690269376768,721.3167153552695,9.026063136550214,0,False,False
24,4.8,2690269375088,754.3554744581375,15.252934779357101,1,False,False
24,4.8,2690269378160,742.868023074257,8.700516896081586,0,False,False
24,4.8,2690269375952,764.498227548648,10.162658017094158,0,False,False
24,4.8,2690269375760,788.705753169389,13.898756279343912,1,False,False
24,4.8,2690269378064,788.2941545122391,11.357467682608105,0,False,False
24,4.8,2690269377104,814.6940531147702,14.323772879537191,0,False,False
24,4.8,2690269375568,820.8399498997744,13.214874589930092,1,False,False
24,4.8,2690269376240,845.9231141176621,15.462670769501628,0,False,False
24,4.8,2690269374944,851.134433290604,15.218742882047483,1,False,False
24,4.8,2690269377056,884.6775802461509,17.674154101095315,1,False,False
24,4.8,2690269375232,881.1041977694829,16.308314572576847,0,False,False
24,4.8,2690269377152,918.3629507539414,20.089201496573953,0,False,False
24,4.8,2690269376432,976.6146521161156,20.00103750067545,0,True,False
24,4.8,2690269375040,995.4802215727786,20.562111254868267,0,False,False
24,4.8,2690269375904,954.799850428094,3.9300236674941504,1,False,False
24,4.8,2690269376960,969.8329638911399,4.702819771303594,1,False,False
24,4.8,2690269378256,985.4984633464222,5.50477376475765,1,False,False
24,4.8,2690269376624,1003.6728198096393,7.8857314421116715,1,False,False
24,4.8,2690269377584,1023.8485162361712,7.939387685999989,1,False,False
24,4.8,2690269374848,1063.308017797655,16.842126318601892,0,False,False
24,4.8,2690269377344,1043.705965061304,7.682329230343021,1,False,False
24,4.8,2690269377296,1064.7061805685262,9.372274045826142,1,False,False
24,4.8,2690269374896,1086.271057763782,7.287804235312598,1,False,False
24,4.8,2690269376816,1105.8832422786263,16.83126609497963,0,False,False
24,4.8,2690269378208,1144.0091827443935,21.321214692562684,0,False,False
24,4.8,2690269377248,1104.5453114644658,3.3812785967232903,1,False,False
24,4.8,2690269375856,1119.9387639284441,6.565791392956832,1,False,False
24,4.8,2690269378016,1139.3310445917114,8.45500964571339,1,False,False
24,4.8,2690269375712,1160.7693350042173,9.893332894882713,1,False,False
24,4.8,2690269375376,1215.1341952693776,22.444476162487035,0,False,False
24,4.8,2690269377968,1184.7135862752361,12.092177905804398,1,False,False
24,4.8,2690269375184,1214.5105080276871,16.87632048492446,1,False,False
24,4.8,2690269377536,1253.3288529727167,21.695831077305357,1,False,False
25,5.0,2690269374656,305.89751576984844,2.20237899732267,0,True,True
25,5.0,2690269373072,305.10304316635467,1.4040055925554205,1,False,True
25,5.0,2690269374704,328.61955913964204,13.56863738302613,0,False,False
25,5.0,2690269374752,359.4618114586314,14.651141371088027,0,False,False
25,5.0,2690269377776,334.47245006767827,7.141531054608824,1,False,False
25,5.0,2690269376192,356.8209423886451,10.833028258827502,1,False,False
25,5.0,2690269376000,383.52552571213346,12.92324785057777,1,False,False
25,5.0,2690269377392,394.6286294234699,11.408934853337728,0,False,False
25,5.0,2690269373600,412.9377137371933,13.35692516899321,1,False,False
25,5.0,2690269375424,420.32334764817216,11.511457791682075,0,False,False
25,5.0,2690269376864,442.155624135886,13.737811958317216,1,False,False
25,5.0,2690269377680,446.8102334856759,11.224258914818458,0,False,False
25,5.0,2690269377632,471.9098676139781,10.457284468434557,0,False,False
25,5.0,2690269375472,474.55132856521595,13.259667662216456,1,False,False
25,5.0,2690269377008,505.7760982213244,16.444524878598383,1,False,False
25,5.0,2690269375520,495.67401207847917,5.962430986949618,0,False,False
25,5.0,2690269377200,542.2506690912271,18.402285140959865,1,False,False
25,5.0,2690269377872,512.275931534301,5.591549016655096,0,False,False
25,5.0,2690269376144,532.5769016971576,10.896479451620596,0,False,False
25,5.0,2690269377920,560.6056603053972,14.410189660489975,0,False,False
25,5.0,2690269375136,594.4712508797569,19.194369745388844,1,False,False
25,5.0,2690269375808,652.8502203547096,20.00103750067545,1,True,False
25,5.0,2690269375616,610.675147982822,1.7733157231453933,0,False,False
25,5.0,2690269376672,625.7522435585779,6.411409967592587,0,False,False
25,5.0,2690269376528,645.5411584046019,7.498223363430723,0,False,False
25,5.0,2690269374992,665.0659700610523,6.561809395566335,0,False,False
25,5.0,2690269377440,708.8899270585539,17.707247727613094,1,False,False
25,5.0,2690269376720,682.6257166013497,5.739173125413371,0,False,False
25,5.0,2690269375328,701.6262337743761,8.503955450580461,0,False,False
25,5.0,2690269376768,723.1119410422733,8.881129813481756,0,False,False
25,5.0,2690269375088,757.3960241560485,15.104062660248871,1,False,False
25,5.0,2690269378160,744.6084723586825,8.708831246332839,0,False,False
25,5.0,2690269375952,766.5298319105308,10.153666569169433,0,False,False
25,5.0,2690269375760,791.4794261121316,13.81062180545695,1,False,False
25,5.0,2690269378064,790.5741940201426,11.486691755070801,0,False,False
25,5.0,2690269377104,817.5580544730224,14.314675978268163,0,False,False
25,5.0,2690269375568,823.4874096727757,13.283751225443988,1,False,False
25,5.0,2690269376240,849.0163291804603,15.4750572746371,0,False,False
25,5.0,2690269374944,854.1823663495369,15.279219996527388,1,False,False
25,5.0,2690269377056,888.1961066785186,17.427765954007963,1,False,False
25,5.0,2690269375232,884.3730649250774,16.41588999135612,0,False,False
25,5.0,2690269377152,922.3787179500815,20.058880464256607,0,False,False
25,5.0,2690269376432,980.6148374145902,20.00072866988454,0,True,False
25,5.0,2690269375040,999.5874069735052,20.484102864093018,0,False,False
25,5.0,2690269375904,955.583404965939,3.896751798126549,1,False,False
25,5.0,2690269376960,970.7688778302639,4.639690025714616,1,False,False
25,5.0,2690269378256,986.6060475262018,5.606288353266312,1,False,False
25,5.0,2690269376624,1005.2430029697804,7.783000752293342,1,False,False
25,5.0,2690269377584,1025.4260336383006,7.79015334769489,1,False,False
25,5.0,2690269374848,1066.6754123632797,16.828726174369997,0,False,False
25,5.0,2690269377344,1045.2463487244765,7.739168339646373,1,False,False
25,5.0,2690269377296,1066.558365206861,9.037112120919657,1,False,False
25,5.0,2690269374896,1087.6957974948682,6.806310960284486,1,False,False
25,5.0,2690269376816,1109.259065161374,16.97400870459955,0,False,False
25,5.0,2690269378208,1148.2732827199802,21.31937799249091,0,False,False
25,5.0,2690269377248,1105.2301476324837,3.515807261064397,1,False,False
25,5.0,2690269375856,1121.25616594325,6.632302716820599,1,False,False
25,5.0,2690269378016,1141.0228030325916,8.470367698423667,1,False,False
25,5.0,2690269375712,1162.7526452919694,9.968565223684244,1,False,False
25,5.0,2690269375376,1219.623090501875,22.444476162487035,0,False,False
25,5.0,2690269377968,1187.1495267165967,12.355326661120971,1,False,False
25,5.0,2690269375184,1217.8961703343657,17.03121800749811,1,False,False
25,5.0,2690269377536,1257.6680191881778,21.695831077305357,1,False,False
26,5.2,2690269374656,306.29843645767403,1.7906156944158242,0,True,True
26,5.2,2690269373072,305.3655402119554,1.1415085469546886,1,False,True
26,5.2,2690269374704,331.33268456190586,13.558419695179971,0,False,False
26,5.2,2690269374752,362.37758711773347,14.435488982672526,0,False,False
26,5.2,2690269377776,335.91612012311,7.373630803527777,1,False,False
26,5.2,2690269376192,358.9945349469557,10.937696256870925,1,False,False
26,5.2,2690269376000,386.1072772703132,12.881019297990818,1,False,False
26,5.2,2690269377392,396.90452119095676,11.322097470243127,0,False,False
26,5.2,2690269373600,415.604962006284,13.296667778874884,1,False,False
26,5.2,2690269375424,422.6186252031436,11.406428350873023,0,False,False
26,5.2,2690269376864,444.8991210676074,13.6800934510274,1,False,False
26,5.2,2690269377680,449.0427642499477,11.036119004542442,0,False,False
26,5.2,2690269377632,473.96857446912924,9.970170896893398,0,False,False
26,5.2,2690269375472,477.2125548635731,13.399319738968401,1,False,False
26,5.2,2690269377008,509.06705378929365,16.47606919102494,1,False,False
26,5.2,2690269375520,496.85295914921767,5.770766436451498,0,False,False
26,5.2,2690269377200,545.9294826125061,18.378771428868603,1,False,False
26,5.2,2690269377872,513.4136025816483,5.886080904288489,0,False,False
26,5.2,2690269376144,534.771247612094,11.119114392579815,0,False,False
26,5.2,2690269377920,563.472064273834,14.170253209536929,0,False,False
26,5.2,2690269375136,598.3104475659195,19.19935800361233,1,False,False
26,5.2,2690269375808,656.8504056531013,20.00072866988454,1,True,False
26,5.2,2690269375616,611.0463338588239,2.026772750878109,0,False,False
26,5.2,2690269376672,627.0382277064368,6.465961507031886,0,False,False
26,5.2,2690269376528,647.028764293901,7.318431914456862,0,False,False
26,5.2,2690269374992,666.3634248820965,6.34692026803929,0,False,False
26,5.2,2690269377440,712.4236369125621,17.591184169834815,1,False,False
26,5.2,2690269376720,683.7831567695932,5.885116508733178,0,False,False
26,5.2,2690269375328,703.3231125101706,8.446439198138059,0,False,False
26,5.2,2690269376768,724.879618214292,8.757495901139148,0,False,False
26,5.2,2690269375088,760.4073060924511,14.962798602208618,1,False,False
26,5.2,2690269378160,746.3514984178018,8.730578569358059,0,False,False
26,5.2,2690269375952,768.5610712463018,10.165680991320697,0,False,False
26,5.2,2690269375760,794.2363716616917,13.735827467755131,1,False,False
26,5.2,2690269378064,792.8803634478421,11.619902359954787,0,False,False
26,5.2,2690269377104,820.4208820990143,14.315089681775811,0,False,False
26,5.2,2690269375568,826.1490919444377,13.358936110927088,1,False,False
26,5.2,2690269376240,852.1126528948615,15.496672332154475,0,False,False
26,5.2,2690269374944,857.2416946456019,15.329040416307054,1,False,False
26,5.2,2690269377056,891.6647965313628,17.172848777447964,1,False,False
26,5.2,2690269375232,887.6632945581458,16.521106780921297,0,False,False
26,5.2,2690269377152,926.3886469385495,20.031871529561062,0,False,False
26,5.2,2690269376432,984.6149675556313,20.000511768149366,0,True,False
26,5.2,2690269375040,1003.6791533560695,20.408526765520257,0,False,False
26,5.2,2690269375904,956.3613093164693,3.8780897173451376,1,False,False
26,5.2,2690269376960,971.694096383136,4.604861785792924,1,False,False
26,5.2,2690269378256,987.7344876819152,5.715310924573529,1,False,False
26,5.2,2690269376624,1006.7931523808331,7.6879282078286675,1,False,False
26,5.2,2690269377584,1026.9754943688577,7.667054488757187,1,False,False
26,5.2,2690269374848,1070.0407285448223,16.824156266591924,0,False,False
26,5.2,2690269377344,1046.7974617722302,7.7857427895227955,1,False,False
26,5.2,2690269377296,1068.343234769112,8.698313624008394,1,False,False
26,5.2,2690269374896,1089.0274805416075,6.373372274789808,1,False,False
26,5.2,2690269376816,1112.6631890424753,17.112961853837447,0,False,False
26,5.2,2690269378208,1152.5371043781909,21.318838145490265,0,False,False
26,5.2,2690269377248,1105.9435277811183,3.673678004756682,1,False,False
26,5.2,2690269375856,1122.5876909173726,6.710714653285237,1,False,False
26,5.2,2690269378016,1142.7188164478587,8.503244698045584,1,False,False
26,5.2,2690269375712,1164.7526241531973,10.067529074989189,1,False,False
26,5.2,2690269375376,1224.1119857343722,22.444476162487035,0,False,False
26,5.2,2690269377968,1189.6382359104903,12.620168536783076,1,False,False
26,5.2,2690269375184,1221.3124835749923,17.181121865466135,1,False,False
26,5.2,2690269377536,1262.007185403639,21.695831077305357,1,False,False
27,5.4,2690269374656,306.6243998257906,1.4558368786598583,0,True,True
27,5.4,2690269373072,305.57896003214165,0.9280887267684935,1,False,True
27,5.4,2690269374704,334.0434061439146,13.542751409924978,0,False,False
27,5.4,2690269374752,365.2505739892611,14.224968870651535,0,False,False
27,5.4,2690269377776,337.4066573190065,7.611912271060593,1,False,False
27,5.4,2690269376192,361.1890049117634,11.041343671025016,1,False,False
27,5.4,2690269376000,388.6809469613981,12.84414877301472,1,False,False
27,5.4,2690269377392,399.1634992224215,11.24178615442532,0,False,False
27,5.4,2690269373600,418.26069252075035,13.244363578442245,1,False,False
27,5.4,2690269375424,424.89291575028193,11.30126913132953,0,False,False
27,5.4,2690269376864,447.6320362279061,13.636599691523484,1,False,False
27,5.4,2690269377680,451.23668253654876,10.833387178347566,0,False,False
27,5.4,2690269377632,475.93116157018045,9.503326609581174,0,False,False
27,5.4,2690269375472,479.9017739898264,13.539725860562461,1,False,False
27,5.4,2690269377008,512.3645438557123,16.510881104431014,1,False,False
27,5.4,2690269375520,497.9969483488896,5.629099249266321,0,False,False
27,5.4,2690269377200,549.6039233184439,18.360069916082203,1,False,False
27,5.4,2690269377872,514.6113274456121,6.196827189150598,0,False,False
27,5.4,2690269376144,537.0091345180455,11.326360856936374,0,False,False
27,5.4,2690269377920,566.2889134254661,13.90752929962111,0,False,False
27,5.4,2690269375136,602.1506838901932,19.204953842786402,1,False,False
27,5.4,2690269375808,660.8505357941094,20.000511768149366,1,True,False
27,5.4,2690269375616,611.4697528920059,2.3017372537435694,0,False,False
27,5.4,2690269376672,628.3347929731492,6.515178043930982,0,False,False
27,5.4,2690269376528,648.480675385315,7.142910201063333,0,False,False
27,5.4,2690269374992,667.6204730080012,6.170067859911094,0,False,False
27,5.4,2690269377440,715.9341426448956,17.475240046621753,1,False,False
27,5.4,2690269376720,684.9702801709101,6.037749853887849,0,False,False
27,5.4,2690269375328,705.0088330789767,8.394039012971378,0,False,False
27,5.4,2690269376768,726.6239263515068,8.653972279683906,0,False,False
27,5.4,2690269375088,763.3908444433634,14.829182110897182,1,False,False
27,5.4,2690269378160,748.0997086392243,8.764610276356963,0,False,False
27,5.4,2690269375952,770.5960021420138,10.196571619366512,0,False,False
27,5.4,2690269375760,796.9792115679987,13.673672505306751,1,False,False
27,5.4,2690269378064,795.2133774584295,11.755909967798768,0,False,False
27,5.4,2690269377104,823.2843869179362,14.32425812844192,0,False,False
27,5.4,2690269375568,828.826141444317,13.43870894245091,1,False,False
27,5.4,2690269376240,855.2138600092769,15.526469799009439,0,False,False
27,5.4,2690269374944,860.3102419631047,15.367545658673647,1,False,False
27,5.4,2690269377056,895.0819014823494,16.908777056293964,1,False,False
27,5.4,2690269375232,890.974395526111,16.623690342259493,0,False,False
27,5.4,2690269377152,930.3933774613116,20.007842563968534,0,False,False
27,5.4,2690269376432,988.615058957844,20.000359431128224,0,True,False
27,5.4,2690269375040,1007.7559449570782,20.33535032175617,0,False,False
27,5.4,2690269375904,957.1363590808779,3.872250051292619,1,False,False
27,5.4,2690269376960,972.614086248353,4.595471698756321,1,False,False
27,5.4,2690269378256,988.8850621067536,5.82864069158007,1,False,False
27,5.4,2690269376624,1008.3247919470872,7.600403264039007,1,False,False
27,5.4,2690269377584,1028.5019117084344,7.566901434036767,1,False,False
27,5.4,2690269374848,1073.405675116898,16.82757003991719,0,False,False
27,5.4,2690269377344,1048.357055877224,7.819250987865168,1,False,False
27,5.4,2690269377296,1070.0602437397106,8.358611464217269,1,False,False
27,5.4,2690269374896,1090.2757902752235,5.988514087510213,1,False,False
27,5.4,2690269376816,1116.0948348321047,17.24782815384335,0,False,False
27,5.4,2690269378208,1156.8008959302294,21.31943226369242,0,False,False
27,5.4,2690269377248,1106.689773443021,3.849941446685666,1,False,False
27,5.4,2690269375856,1123.935603084506,6.799369523096842,1,False,False
27,5.4,2690269378016,1144.4225209849994,8.552646308570104,1,False,False
27,5.4,2690269375712,1166.7738416036716,10.187624067199554,1,False,False
27,5.4,2690269375376,1228.6008809668695,22.444476162487035,0,False,False
27,5.4,2690269377968,1192.1799394059208,12.885059376904,1,False,False
27,5.4,2690269375184,1224.7584313582822,17.325788755710963,1,False,False
27,5.4,2690269377536,1266.3463516191,21.695831077305357,1,False,False
28,5.6,2690269374656,306.88942011678665,1.1836493022348598,0,True,True
28,5.6,2690269373072,305.75247825039077,0.7545705085193323,1,False,True
28,5.6,2690269374704,336.75062160136406,13.521469130948248,0,False,False
28,5.6,2690269374752,368.08180030132496,14.019603555867528,0,False,False
28,5.6,2690269377776,338.94514658822675,7.854177784827984,1,False,False
28,5.6,2690269376192,363.4040977711258,11.143248364864277,1,False,False
28,5.6,2690269376000,391.2475779180002,12.812225603510818,1,False,False
28,5.6,2690269377392,401.40678523924146,11.166754766025148,0,False,False
28,5.6,2690269373600,420.9064805586313,13.19978699984673,1,False,False
28,5.6,2690269375424,427.1460732579076,11.194225016934903,0,False,False
28,5.6,2690269376864,450.3571536105401,13.606420036858061,1,False,False
28,5.6,2690269377680,453.3891298220544,10.617045420988006,0,False,False
28,5.6,2690269377632,477.80189389587827,9.059841111967458,0,False,False
28,5.6,2690269375472,482.61908451477353,13.680130277888951,1,False,False
28,5.6,2690269377008,515.6691878927329,16.54846200999446,1,False,False
28,5.6,2690269375520,499.11578791389553,5.534529497141711,0,False,False
28,5.6,2690269377200,553.2749140713755,18.34560357441299,1,False,False
28,5.6,2690269377872,515.8720634189542,6.519655911640655,0,False,False
28,5.6,2690269376144,539.28731142891,11.515693542469446,0,False,False
28,5.6,2690269377920,569.051867525073,13.62527346514244,0,False,False
28,5.6,2690269375136,605.9920751119117,19.211066310525588,1,False,False
28,5.6,2690269375808,664.8506271963089,20.000359431128224,1,True,False
28,5.6,2690269375616,611.9492527118738,2.591751845839721,0,False,False
28,5.6,2690269376672,629.6407609744051,6.5574800339536115,0,False,False
28,5.6,2690269376528,649.8978408241618,6.973084027654454,0,False,False
28,5.6,2690269374992,668.8445615500457,6.028835783826718,0,False,False
28,5.6,2690269377440,719.4214660340012,17.359392176314174,1,False,False
28,5.6,2690269376720,686.1882176394358,6.194095173808156,0,False,False
28,5.6,2690269375328,706.6844031502978,8.34655041272307,0,False,False
28,5.6,2690269376768,728.34881202256,8.569441659273487,0,False,False
28,5.6,2690269375088,766.3481714412776,14.703253171358398,1,False,False
28,5.6,2690269378160,749.8554918241374,8.809936510919904,0,False,False
28,5.6,2690269375952,772.6382666933705,10.244376895757947,0,False,False
28,5.6,2690269375760,799.7104254971644,13.623427789321381,1,False,False
28,5.6,2690269378064,797.5737270652211,11.89373002606505,0,False,False
28,5.6,2690269377104,826.1502721729327,14.341476297383107,0,False,False
28,5.6,2690269375568,831.5193685424915,13.521490877444137,1,False,False
28,5.6,2690269376240,858.3215214231082,15.563482983089678,0,False,False
28,5.6,2690269374944,863.385704496346,15.394135515313282,1,False,False
28,5.6,2690269377056,898.44555221202,16.634992083505324,1,False,False
28,5.6,2690269375232,894.3058265326714,16.723434921648238,0,False,False
28,5.6,2690269377152,934.3934851697613,19.98649558699989,0,False,False
28,5.6,2690269376432,992.6151231525394,20.000252439969344,0,True,False
28,5.6,2690269375040,1011.8182596802135,20.264543666372365,0,False,False
28,5.6,2690269375904,957.9110225676075,3.877873012855383,1,False,False
28,5.6,2690269376960,973.5337533083635,4.60883028086631,1,False,False
28,5.6,2690269378256,990.058450935697,5.943677492269603,1,False,False
28,5.6,2690269376624,1009.8394245022861,7.520324542447693,1,False,False
28,5.6,2690269377584,1030.0096664416326,7.486588204415322,1,False,False
28,5.6,2690269374848,1076.7717952486073,16.83817588307353,0,False,False
28,5.6,2690269377344,1049.922360231464,7.837448610884795,1,False,False
28,5.6,2690269377296,1071.7093942487072,8.020745928946827,1,False,False
28,5.6,2690269374896,1091.4502968510328,5.650984457069497,1,False,False
28,5.6,2690269376816,1119.5531698514385,17.37839526792526,0,False,False
28,5.6,2690269378208,1161.0648743141624,21.32101648473645,0,False,False
28,5.6,2690269377248,1107.4722867571497,4.040642533831594,1,False,False
28,5.6,2690269375856,1125.3018580007467,6.896937290469212,1,False,False
28,5.6,2690269378016,1146.1371595282285,8.617656764961573,1,False,False
28,5.6,2690269375712,1168.8203604503567,10.32643914120905,1,False,False
28,5.6,2690269375376,1233.0897761993667,22.444476162487035,0,False,False
28,5.6,2690269377968,1194.774548854903,13.148571631481348,1,False,False
28,5.6,2690269375184,1228.2329547938398,17.465064220189937,1,False,False
28,5.6,2690269377536,1270.685517834561,21.695831077305357,1,False,False
29,5.8,2690269374656,307.1048914289329,0.9623507215799868,0,True,True
29,5.8,2690269373072,305.89355498842804,0.6134937704820883,1,False,True
29,5.8,2690269374704,339.45320143398436,13.494488386492197,0,False,False
29,5.8,2690269374752,370.87229742095485,13.819393408931024,0,False,False
29,5.8,2690269377776,340.5322541565584,8.098528399621358,1,False,False
29,5.8,2690269376192,365.6394243359692,11.24283000798371,1,False,False
29,5.8,2690269376000,393.80813587476223,12.784907945348909,1,False,False
29,5.8,2690269377392,403.6353536140805,11.095785521272457,0,False,False
29,5.8,2690269373600,423.5438575866907,13.162730319785535,1,False,False
29,5.8,2690269375424,429.37761455355866,11.08375009824231,0,False,False
29,5.8,2690269376864,453.0770762042575,13.588660914322878,1,False,False
29,5.8,2690269377680,455.49746835567095,10.388431061633977,0,False,False
29,5.8,2690269377632,479.5856307222124,8.642445255845722,0,False,False
29,5.8,2690269375472,485.36444185609855,13.81989317777962,1,False,False
29,5.8,2690269377008,518.9815091836023,16.588365113667262,1,False,False
29,5.8,2690269375520,500.218697363268,5.4840347020682465,0,False,False
29,5.8,2690269377200,556.9432671209444,18.334864995593378,1,False,False
29,5.8,2690269377872,517.1979833415577,6.851023884245053,0,False,False
29,5.8,2690269376144,541.6020442049933,11.684912866813903,0,False,False
29,5.8,2690269377920,571.7572367934896,13.326734762403499,0,False,False
29,5.8,2690269375136,609.8347190318852,19.21761492513686,1,False,False
29,5.8,2690269375808,668.850691390999,20.000252439969344,1,True,False
29,5.8,2690269375616,612.4874847977895,2.891681301146193,0,False,False
29,5.8,2690269376672,630.9546641183598,6.591680929015356,0,False,False
29,5.8,2690269376528,651.2814935531894,6.810350442576337,0,False,False
29,5.8,2690269374992,670.0426508559798,5.920760074789827,0,False,False
29,5.8,2690269377440,722.8856267045661,17.243654000594844,1,False,False
29,5.8,2690269376720,687.4375409673895,6.351697650647572,0,False,False
29,5.8,2690269375328,708.3507975989528,8.30388463631426,0,False,False
29,5.8,2690269376768,730.0580027175452,8.502850863670975,0,False,False
29,5.8,2690269375088,769.280826936924,14.585044486166039,1,False,False
29,5.8,2690269378160,751.6210476103638,8.86569297599417,0,False,False
29,5.8,2690269375952,774.6911251080484,10.307288545888802,0,False,False
29,5.8,2690269375760,802.4323455470646,13.58433874110928,1,False,False
29,5.8,2690269378064,799.9617181326415,12.032547392624398,0,False,False
29,5.8,2690269377104,829.0201031638796,14.366083850701985,0,False,False
29,5.8,2690269375568,834.2292763704112,13.605827492676779,1,False,False
29,5.8,2690269376240,861.4370197168479,15.606819387482602,0,False,False
29,5.8,2690269374944,866.4656615777917,15.408254970275047,1,False,False
29,5.8,2690269377056,901.7537733266826,16.3510253386746,1,False,False
29,5.8,2690269375232,897.6570091396262,16.820192669143395,0,False,False
29,5.8,2690269377152,938.3894881993076,19.96756304209926,0,False,False
29,5.8,2690269376432,996.6151682385256,20.000177296658855,0,True,False
29,5.8,2690269375040,1015.8665696071183,20.19607906540168,0,False,False
29,5.8,2690269375904,958.6875192226851,3.8939252220536447,1,False,False
29,5.8,2690269376960,974.4574763081334,4.642406491114431,1,False,False
29,5.8,2690269378256,991.2548481725485,6.058308152703273,1,False,False
29,5.8,2690269376624,1011.3385318261709,7.447573820798924,1,False,False
29,5.8,2690269377584,1031.502524242538,7.423102366822922,1,False,False
29,5.8,2690269374848,1080.1404773069758,16.85523442004181,0,False,False
29,5.8,2690269377344,1051.4901903131567,7.8386126263327345,1,False,False
29,5.8,2690269377296,1073.2912349704843,7.687426000187256,1,False,False
29,5.8,2690269374896,1092.5604010299458,5.3597446128726745,1,False,False
29,5.8,2690269376816,1123.0373239042594,17.504522341547098,0,False,False
29,5.8,2690269378208,1165.3292288437262,21.32346369702389,0,False,False
29,5.8,2690269377248,1108.293732143118,4.242581120403964,1,False,False
29,5.8,2690269375856,1126.6881637754852,7.00235413660214,1,False,False
29,5.8,2690269378016,1147.865795873712,8.697417017710796,1,False,False
29,5.8,2690269375712,1170.895773088269,10.481736995136714,1,False,False
29,5.8,2690269375376,1237.578671431864,22.444476162487035,0,False,False
29,5.8,2690269377968,1197.4217032682072,13.409465127083697,1,False,False
29,5.8,2690269375184,1231.734969236527,17.598867830416342,1,False,False
29,5.8,2690269377536,1275.0246840500222,21.695831077305357,1,False,False
30,6.0,2690269374656,307.2800775861267,0.7824267792638471,0,True,True
30,6.0,2690269373072,306.0082556015167,0.49879315739343716,1,False,True
30,6.0,2690269374704,342.15000383302186,13.46179081063519,0,False,False
30,6.0,2690269374752,373.62309494228447,13.624309665224638,0,False,False
30,6.0,2690269377776,342.1682834970326,8.343310542993043,1,False,False
30,6.0,2690269376192,367.8944878335984,11.339631805049288,1,False,False
30,6.0,2690269376000,396.36352228912205,12.761913349956519,1,False,False
30,6.0,2690269377392,405.84993712201486,11.027690542382457,0,False,False
30,6.0,2690269373600,426.17431434756054,13.132996727091324,1,False,False
30,6.0,2690269375424,431.586761475914,10.968512534318632,0,False,False
30,6.0,2690269376864,455.79422948225135,13.582447067275965,1,False,False
30,6.0,2690269377680,457.5593491098667,10.149189613368002,0,False,False
30,6.0,2690269377632,481.28775261837245,8.253493431007769,0,False,False
30,6.0,2690269375472,488.1376803243487,13.958474280089172,1,False,False
30,6.0,2690269377008,522.3019448426501,16.630190414055708,1,False,False
30,6.0,2690269375520,501.3142855875683,5.474509556599244,0,False,False
30,6.0,2690269377200,560.6096973779679,18.327407006892205,1,False,False
30,6.0,2690269377872,518.5905822521432,7.187821134805484,0,False,False
30,6.0,2690269376144,543.9491801041573,11.832139029742486,0,False,False
30,6.0,2690269377920,574.4019813080544,13.015162834929109,0,False,False
30,6.0,2690269375136,613.6786980048539,19.22452862334288,1,False,False
30,6.0,2690269375808,672.8507364769832,20.000177296658855,1,True,False
30,6.0,2690269375616,613.086139916577,3.197313742311678,0,False,False
30,6.0,2690269376672,632.274822079793,6.6169566883386635,0,False,False
30,6.0,2690269376528,652.6331421603861,6.6560428178808895,0,False,False
30,6.0,2690269374992,671.2212064455636,5.843351359447923,0,False,False
30,6.0,2690269377440,726.3266492664283,17.128072782456044,1,False,False
30,6.0,2690269376720,688.7183606281603,6.508529033345669,0,False,False
30,6.0,2690269375328,710.0089799786899,8.266044398044599,0,False,False
30,6.0,2690269376768,731.7550192182155,8.453204282612646,0,False,False
30,6.0,2690269375088,772.190356482421,14.474574806085926,1,False,False
30,6.0,2690269378160,753.3984097324578,8.931114478235587,0,False,False
30,6.0,2690269375952,776.7574854745625,10.38363864192078,0,False,False
30,6.0,2690269375760,805.1471513687056,13.555628558250072,1,False,False
30,6.0,2690269378064,802.3775032770976,12.171688001564466,0,False,False
30,6.0,2690269377104,831.8953158350034,14.397460130627023,0,False,False
30,6.0,2690269375568,836.956084684313,13.690373918121995,1,False,False
30,6.0,2690269376240,864.5615636718867,15.65565603568725,0,False,False
30,6.0,2690269374944,869.5475840272059,15.40938459046831,1,False,False
30,6.0,2690269377056,905.0045029484228,16.05652176392342,1,False,False
30,6.0,2690269375232,901.027338708393,16.91386438710703,0,False,False
30,6.0,2690269377152,942.381853028539,19.950804502220794,0,False,False
30,6.0,2690269376432,1000.6151999038548,20.000124521110198,0,True,False
30,6.0,2690269375040,1019.9013413840242,20.129930331646776,0,False,False
30,6.0,2690269375904,959.4678792500089,3.9196186879918273,1,False,False
30,6.0,2690269376960,975.3891377252554,4.6938161796230915,1,False,False
30,6.0,2690269378256,992.474053113974,6.170822239288332,1,False,False
30,6.0,2690269376624,1012.8235698198871,7.381995308063545,1,False,False
30,6.0,2690269377584,1032.983655075819,7.373535550820666,1,False,False
30,6.0,2690269374848,1083.5129651384782,16.878056079573145,0,False,False
30,6.0,2690269377344,1053.0570505873786,7.821520353407336,1,False,False
30,6.0,2690269377296,1074.806852285646,7.361290818624968,1,False,False
30,6.0,2690269374896,1093.6152764509372,5.113465772457107,1,False,False
30,6.0,2690269376816,1126.5464027791909,17.626128500019817,0,False,False
30,6.0,2690269378208,1169.5941244222208,21.326661555519685,0,False,False
30,6.0,2690269377248,1109.1561750745109,4.453141307187068,1,False,False
30,6.0,2690269375856,1128.0960308591234,7.114772889459947,1,False,False
30,6.0,2690269378016,1149.6113248822176,8.79110787414867,1,False,False
30,6.0,2690269375712,1173.0032353114125,10.651440341834789,1,False,False
30,6.0,2690269375376,1242.0675666643613,22.444476162487035,0,False,False
30,6.0,2690269377968,1200.1208049087206,13.666664616736481,1,False,False
30,6.0,2690269375184,1235.2633782242885,17.72718061208669,1,False,False
30,6.0,2690269377536,1279.3638502654833,21.695831077305357,1,False,False
31,6.2,2690269374656,307.4225104203014,0.6361419503111101,0,True,True
31,6.2,2690269373072,306.1015114481286,0.4055373107815086,1,False,True
31,6.2,2690269374704,344.83988712196833,13.423412714651139,0,False,False
31,6.2,2690269374752,376.33521445205037,13.434288576012179,0,False,False
31,6.2,2690269377776,343.8532215832428,8.587076276827945,1,False,False
31,6.2,2690269376192,370.1687075539324,11.433305144906749,1,False,False
31,6.2,2690269376000,398.9145856443681,12.743010326930127,1,False,False
31,6.2,2690269377392,408.0510331050535,10.961314935481719,0,False,False
31,6.2,2690269373600,428.79930264578326,13.11039463802237,1,False,False
31,6.2,2690269375424,433.77248404834864,10.847400011445174,0,False,False
31,6.2,2690269376864,458.5108651715233,13.586923219310982,1,False,False
31,6.2,2690269377680,459.5727701806635,9.901225841191117,0,False,False
31,6.2,2690269377632,482.9140852759494,7.8949517539735385,0,False,False
31,6.2,2690269375472,490.9385320886513,14.09541927961529,1,False,False
31,6.2,2690269377008,525.6308548664324,16.673580200569447,1,False,False
31,6.2,2690269375520,502.4105370548101,5.502807603987282,0,False,False
31,6.2,2690269377200,564.2748339154408,18.32283477666951,1,False,False
31,6.2,2690269377872,520.050755931471,7.5272572019149475,0,False,False
31,6.2,2690269376144,546.3242119273252,11.955816609743849,0,False,False
31,6.2,2690269377920,576.9837108354978,12.69380064304872,0,False,False
31,6.2,2690269375136,617.5240807523397,19.23174477934653,1,False,False
31,6.2,2690269375808,676.8507681423116,20.000124521110198,1,True,False
31,6.2,2690269375616,613.7461134246981,3.5050933422600794,0,False,False
31,6.2,2690269376672,633.5994125276858,6.632819830200101,0,False,False
31,6.2,2690269376528,653.9545560748307,6.511400953562815,0,False,False
31,6.2,2690269374992,672.386195482344,5.794118309076861,0,False,False
31,6.2,2690269377440,729.744569887909,17.01272672136265,1,False,False
31,6.2,2690269376720,690.0304061024686,6.662917749326577,0,False,False
31,6.2,2690269375328,711.6599193781444,8.233102974420953,0,False,False
31,6.2,2690269376768,733.4431867273032,8.419558313452413,0,False,False
31,6.2,2690269375088,775.0783081503046,14.371843294440223,1,False,False
31,6.2,2690269378160,755.1894643631911,9.005513792161576,0,False,False
31,6.2,2690269375952,778.8399310520375,10.47188822317987,0,False,False
31,6.2,2690269375760,807.8568659474635,13.5365016345132,1,False,False
31,6.2,2690269378064,804.8211084862031,12.310595972498271,0,False,False
31,6.2,2690269377104,834.777224427828,14.435020103325446,0,False,False
31,6.2,2690269375568,839.6997508815548,13.773881794663112,1,False,False
31,6.2,2690269376240,867.6962018873007,15.70923525132784,0,False,False
31,6.2,2690269374944,872.6288407932467,15.397034080843321,1,False,False
31,6.2,2690269377056,908.1956169537516,15.751262899756492,1,False,False
31,6.2,2690269375232,904.4161935870086,17.004391654988822,0,False,False
31,6.2,2690269377152,946.3709997055835,19.936003756131566,0,False,False
31,6.2,2690269376432,1004.6152221434276,20.000087455155587,0,True,False
31,6.2,2690269375040,1023.9230364949881,20.066072295866608,0,False,False
31,6.2,2690269375904,960.2539881225804,3.9543453800279758,1,False,False
31,6.2,2690269376960,976.3321525269156,4.760813263535055,1,False,False
31,6.2,2690269378256,993.7155463782796,6.27984794350868,1,False,False
31,6.2,2690269376624,1014.2959598611708,7.323379687273752,1,False,False
31,6.2,2690269377584,1034.4556547409559,7.335094545479784,1,False,False
31,6.2,2690269374848,1086.8903678788279,16.905998864641347,0,False,False
31,6.2,2690269377344,1054.6192336171412,7.785436040343032,1,False,False
31,6.2,2690269377296,1076.2578537929098,7.04487227549966,1,False,False
31,6.2,2690269374896,1094.623812032382,4.910538309431505,1,False,False
31,6.2,2690269376816,1130.0794995679616,17.743183018331088,0,False,False
31,6.2,2690269378208,1173.8597043767456,21.330510746959217,0,False,False
31,6.2,2690269377248,1110.0611901048499,4.670167689310696,1,False,False
31,6.2,2690269375856,1129.5268125472342,7.2335223670732285,1,False,False
31,6.2,2690269378016,1151.3764795431157,8.897937198556683,1,False,False
31,6.2,2690269375712,1175.145497479659,10.833619677223792,1,False,False
31,6.2,2690269375376,1246.5564618968585,22.444476162487035,0,False,False
31,6.2,2690269377968,1202.871051047199,13.919242263694528,1,False,False
31,6.2,2690269375184,1238.8170850275965,17.85003429067303,1,False,False
31,6.2,2690269377536,1283.7030164809444,21.695831077305357,1,False,False
32,6.4,2690269374656,307.53831358977567,0.517206966415907,0,True,True
32,6.4,2690269373072,306.1773319053443,0.3297168535657658,1,False,True
32,6.4,2690269374704,347.5217199908012,13.3794348010399,0,False,False
32,6.4,2690269374752,379.0096622057355,13.249226783368746,0,False,False
32,6.4,2690269377776,345.5867779089627,8.828553598041147,1,False,False
32,6.4,2690269376192,372.4614395817883,11.523596458745596,1,False,False
32,6.4,2690269376000,401.4621311237879,12.728010757412259,1,False,False
32,6.4,2690269377392,410.2389103487963,10.895541294264728,0,False,False
32,6.4,2690269373600,431.42023607274416,13.094733119963077,1,False,False
32,6.4,2690269375424,435.93354475010636,10.71952514001277,0,False,False
32,6.4,2690269376864,461.22906537346773,13.60125597752172,1,False,False
32,6.4,2690269377680,461.5361252932795,9.646653311529944,0,False,False
32,6.4,2690269377632,484.47082138717536,7.568392436858568,0,False,False
32,6.4,2690269375472,493.7666435867536,14.230348507515348,1,False,False
32,6.4,2690269377008,528.9685303161366,16.718215013640414,1,False,False
32,6.4,2690269375520,503.5148063228352,5.565781762395463,0,False,False
32,6.4,2690269377200,567.9392299749608,18.320799129835397,1,False,False
32,6.4,2690269377872,521.5788588511772,7.866777531405341,0,False,False
32,6.4,2690269376144,548.7223435262457,12.054724824267716,0,False,False
32,6.4,2690269377920,579.500682340724,12.36586452258083,0,False,False
32,6.4,2690269375136,621.3709239870145,19.239208302044513,1,False,False
32,6.4,2690269375808,680.850790381884,20.000087455155587,1,True,False
32,6.4,2690269375616,614.4676233552212,3.811938938792097,0,False,False
32,6.4,2690269376672,634.926536813943,6.639095221911219,0,False,False
32,6.4,2690269376528,655.247745127344,6.377546367779475,0,False,False
32,6.4,2690269374992,673.5430879557789,5.770591082380914,0,False,False
32,6.4,2690269377440,733.1394422855951,16.897721966326696,1,False,False
32,6.4,2690269376720,691.3730935693814,6.8134976762579065,0,False,False
32,6.4,2690269375328,713.3046032872176,8.205186086074203,0,False,False
32,6.4,2690269376768,735.1256449429015,8.401016616444359,0,False,False
32,6.4,2690269375088,777.9462282914558,14.276824869486862,1,False,False
32,6.4,2690269378160,756.9959645256569,9.088264786155245,0,False,False
32,6.4,2690269375952,780.9407453737621,10.570617210665457,0,False,False
32,6.4,2690269375760,810.5633520752347,13.526147058776873,1,False,False
32,6.4,2690269378064,807.2924554530734,12.44881487587592,0,False,False
32,6.4,2690269377104,837.6670283768738,14.478211078004511,0,False,False
32,6.4,2690269375568,842.4599885155932,13.8551877868763,1,False,False
32,6.4,2690269376240,870.8418355776583,15.766860795209013,0,False,False
32,6.4,2690269374944,875.7067045074543,15.370738833097882,1,False,False
32,6.4,2690269377056,911.3249578150281,15.435189550965205,1,False,False
32,6.4,2690269375232,907.8229428009912,17.091750091239312,0,False,False
32,6.4,2690269377152,950.3573065147507,19.922966230565297,0,False,False
32,6.4,2690269376432,1008.6152377629903,20.000061422550974,0,True,False
32,6.4,2690269375040,1027.9321114332722,20.00448033675121,0,False,False
32,6.4,2690269375904,961.0476188769667,3.997624256048611,1,False,False
32,6.4,2690269376960,977.2894952951306,4.8412827291473715,1,False,False
32,6.4,2690269378256,994.9785541085915,6.3843017705289276,1,False,False
32,6.4,2690269376624,1015.7570772629699,7.271452490584556,1,False,False
32,6.4,2690269377584,1035.9205686718415,7.305112935262691,1,False,False
32,6.4,2690269374848,1090.2736693266743,16.938466260254845,0,False,False
32,6.4,2690269377344,1056.1729166807042,7.730099186905598,1,False,False
32,6.4,2690269377296,1077.6463444805934,6.740560010121492,1,False,False
32,6.4,2690269374896,1095.5945571542134,4.7490951240828245,1,False,False
32,6.4,2690269376816,1133.635704113249,17.85569686872046,0,False,False
32,6.4,2690269378208,1178.1260929602724,21.334923469938943,0,False,False
32,6.4,2690269377248,1111.0099464892835,4.891874234866642,1,False,False
32,6.4,2690269375856,1130.9817378351383,7.358073562603721,1,False,False
32,6.4,2690269378016,1153.163835708158,9.017130404329691,1,False,False
32,6.4,2690269375712,1177.3249333287222,11.026482353009737,1,False,False
32,6.4,2690269375376,1251.0453571293558,22.444476162487035,0,False,False
32,6.4,2690269377968,1205.6714624693427,14.166403679400998,1,False,False
32,6.4,2690269375184,1242.3950021526873,17.967502047793758,1,False,False
32,6.4,2690269377536,1288.0421826964055,21.695831077305357,1,False,False
33,6.6,2690269374656,307.63246585556453,0.4205084195097034,0,True,True
33,6.6,2690269373072,306.2389767452258,0.2680720136842849,1,False,True
33,6.6,2690269374704,350.19438973974184,13.329972846335034,0,False,False
33,6.6,2690269374752,381.64742096399056,13.06897798733295,0,False,False
33,6.6,2690269377776,347.36841809685836,9.066624181478074,1,False,False
33,6.6,2690269376192,374.7719950199416,11.610335767119993,1,False,False
33,6.6,2690269376000,404.00692881832157,12.716763048873467,1,False,False
33,6.6,2690269377392,412.4136169495173,10.829295524895429,0,False,False
33,6.6,2690269373600,434.03848988370765,13.085818299344314,1,False,False
33,6.6,2690269375424,438.06854382744217,10.58423010815554,0,False,False
33,6.6,2690269376864,463.95074707304354,13.624635824841846,1,False,False
33,6.6,2690269377680,463.4482421472359,9.387743057681773,0,False,False
33,6.6,2690269377632,485.9644418078651,7.27499429421893,0,False,False
33,6.6,2690269375472,496.62158979004323,14.36294734307501,1,False,False
33,6.6,2690269377008,532.315200720039,16.763810013886452,1,False,False
33,6.6,2690269375520,504.6338204218058,5.660320751110585,0,False,False
33,6.6,2690269377200,571.6033717051575,18.320990853824313,1,False,False
33,6.6,2690269377872,523.1747469833566,8.204002195108274,0,False,False
33,6.6,2690269376144,551.1385575260584,12.127989410345503,0,False,False
33,6.6,2690269377920,581.9517927568359,12.034513445243702,0,False,False
33,6.6,2690269375136,625.2192738628771,19.24687081201333,1,False,False
33,6.6,2690269375808,684.8508060014467,20.000061422550974,1,True,False
33,6.6,2690269375616,615.2502964225644,4.115120769574326,0,False,False
33,6.6,2690269376672,636.2542808283846,6.635895638492445,0,False,False
33,6.6,2690269376528,656.5149345190607,6.25546283577951,0,False,False
33,6.6,2690269374992,674.696862481838,5.770343450755109,0,False,False
33,6.6,2690269377440,736.5113431093017,16.783189515955033,1,False,False
33,6.6,2690269376720,692.7455842904174,6.95916995038035,0,False,False
33,6.6,2690269375328,714.9440470051159,8.18245618499425,0,False,False
33,6.6,2690269376768,736.8053572298197,8.396726026402707,0,False,False
33,6.6,2690269375088,780.79565642378,14.18946646796107,1,False,False
33,6.6,2690269378160,758.8195413709282,9.178788994069363,0,False,False
33,6.6,2690269375952,783.0619354089141,10.678515410466215,0,False,False
33,6.6,2690269375760,813.2683095220199,13.523742086367537,1,False,False
33,6.6,2690269378064,809.791380390098,12.585972217284873,0,False,False
33,6.6,2690269377104,840.5658185933145,14.52651005938998,0,False,False
33,6.6,2690269375568,845.2362836064146,13.93320345208013,1,False,False
33,6.6,2690269376240,873.9992306180654,15.827894285453604,0,False,False
33,6.6,2690269374944,878.7783565426093,15.330059380594454,1,False,False
33,6.6,2690269377056,914.3903679146335,15.108423385488596,1,False,False
33,6.6,2690269375232,911.2469524624712,17.175943567283934,0,False,False
33,6.6,2690269377152,954.3411141478681,19.91151670786193,0,False,False
33,6.6,2690269376432,1012.6152487331085,20.00004313902071,0,True,False
33,6.6,2690269375040,1031.9290177826588,19.945129969854783,0,False,False
33,6.6,2690269375904,961.8504545236829,4.049058525187308,1,False,False
33,6.6,2690269376960,978.2637260392668,4.933234822137141,1,False,False
33,6.6,2690269378256,996.262102796064,6.483347660728494,1,False,False
33,6.6,2690269376624,1017.2082376753941,7.22586641565898,1,False,False
33,6.6,2690269377584,1037.3799181005272,7.2810633026201925,1,False,False
33,6.6,2690269374848,1093.6637369055786,16.974905233203394,0,False,False
33,6.6,2690269377344,1057.714255934383,7.655710259050693,1,False,False
33,6.6,2690269377296,1078.974896122079,6.450570016125517,1,False,False
33,6.6,2690269374896,1096.5356724059077,4.627047803949261,1,False,False
33,6.6,2690269376816,1137.21411084591,17.963715423194383,0,False,False
33,6.6,2690269378208,1182.3933975625162,21.339822100776132,0,False,False
33,6.6,2690269377248,1112.0032772352683,5.116776223093167,1,False,False
33,6.6,2690269375856,1132.461937885846,7.488011200462143,1,False,False
33,6.6,2690269378016,1154.9758151094702,9.147923604973652,1,False,False
33,6.6,2690269375712,1179.5435666740718,11.228362814760839,1,False,False
33,6.6,2690269375376,1255.534252361853,22.444476162487035,0,False,False
33,6.6,2690269377968,1208.5209093715425,14.407476478817628,1,False,False
33,6.6,2690269375184,1245.9960590842,18.079690554006277,1,False,False
33,6.6,2690269377536,1292.3813489118666,21.695831077305357,1,False,False
34,6.8,2690269374656,307.7090151347718,0.34188891944729666,0,True,True
34,6.8,2690269373072,306.28909628319167,0.21795247571842308,1,False,True
34,6.8,2690269374704,352.8568087176438,13.275169233461007,0,False,False
34,6.8,2690269374752,384.2494412512175,12.893350951848836,0,False,False
34,6.8,2690269377776,349.19739344830367,9.300306642803108,1,False,False
34,6.8,2690269376192,377.0996560136214,11.69342653577322,1,False,False
34,6.8,2690269376000,406.54972061013814,12.709145948392031,1,False,False
34,6.8,2690269377392,414.57498942840783,10.761553875775245,0,False,False
34,6.8,2690269373600,436.65540021611986,13.083450640713966,1,False,False
34,6.8,2690269375424,440.17596545066544,10.441089915120006,0,False,False
34,6.8,2690269376864,466.67766704592736,13.656279081805938,1,False,False
34,6.8,2690269377680,465.3084104795261,9.126872230141728,0,False,False
34,6.8,2690269377632,487.4016372233612,7.015549233957188,0,False,False
34,6.8,2690269375472,499.50288664852616,14.492958021178328,1,False,False
34,6.8,2690269377008,535.671040774553,16.810111712704398,1,False,False
34,6.8,2690269375520,505.77368813175656,5.783379307597048,0,False,False
34,6.8,2690269377200,575.2676858180683,18.32313582158812,1,False,False
34,6.8,2690269377872,524.8378095570382,8.53668171090658,0,False,False
34,6.8,2690269376144,553.5676853522743,12.175092748668051,0,False,False
34,6.8,2690269377920,584.3365650032919,11.70280978675899,0,False,False
34,6.8,2690269375136,629.0691672664966,19.25468989650178,1,False,False
34,6.8,2690269375808,688.8508169715648,20.00004313902071,1,True,False
34,6.8,2690269375616,616.0932322911973,4.412177905237112,0,False,False
34,6.8,2690269376672,637.5807708794813,6.623595819172726,0,False,False
34,6.8,2690269376528,657.7585362454786,6.14598211659336,0,False,False
34,6.8,2690269374992,675.852016385088,5.791012585695923,0,False,False
34,6.8,2690269377440,739.8603766993032,16.669282002588783,1,False,False
34,6.8,2690269376720,694.1468360071991,7.099073800800815,0,False,False
34,6.8,2690269375328,716.579300050618,8.165098857815885,0,False,False
34,6.8,2690269376768,738.4851190099461,8.405872987817968,0,False,False
34,6.8,2690269375088,783.628119431903,14.109684169334724,1,False,False
34,6.8,2690269378160,760.6617129654453,9.276544991518897,0,False,False
34,6.8,2690269375952,785.205252988965,10.794374445547287,0,False,False
34,6.8,2690269375760,815.9732728950042,13.528455489989135,1,False,False
34,6.8,2690269378064,812.3176499169743,12.72176645185781,0,False,False
34,6.8,2690269377104,843.4745832550773,14.579421615515727,0,False,False
34,6.8,2690269375568,848.0279090075879,14.006906326791112,1,False,False
34,6.8,2690269376240,877.1690288890728,15.891751844293713,0,False,False
34,6.8,2690269374944,881.8408921532765,15.274583712609227,1,False,False
34,6.8,2690269377056,917.3897270660336,14.771286630192218,1,False,False
34,6.8,2690269375232,914.6875910777987,17.256999227949205,0,False,False
34,6.8,2690269377152,958.322729436951,19.901497303208647,0,False,False
34,6.8,2690269376432,1016.615256437773,20.000030297913035,0,True,False
34,6.8,2690269375040,1035.914202220427,19.887996494296075,0,False,False
34,6.8,2690269375904,962.6641025036827,4.108301493572745,1,False,False
34,6.8,2690269376960,979.2570149029264,5.034800011459495,1,False,False
34,6.8,2690269378256,997.5650663916844,6.576362523940089,1,False,False
34,6.8,2690269376624,1018.6506821946566,7.186197219106706,1,False,False
34,6.8,2690269377584,1038.834728702536,7.260570060477644,1,False,False
34,6.8,2690269374848,1097.0613302302477,17.0148042903203,0,False,False
34,6.8,2690269377344,1059.2394773752214,7.5629107039220695,1,False,False
34,6.8,2690269377296,1080.2465106835753,6.176917780800494,1,False,False
34,6.8,2690269374896,1097.454888251642,4.542132161516056,1,False,False
34,6.8,2690269376816,1140.8138252304961,18.067312139066676,0,False,False
34,6.8,2690269378208,1186.6617106650554,21.345138020467754,0,False,False
34,6.8,2690269377248,1113.0417357211027,5.343638679701578,1,False,False
34,6.8,2690269375856,1133.9684671102664,7.623009610895693,1,False,False
34,6.8,2690269378016,1156.81468715705,9.289558898600543,1,False,False
34,6.8,2690269375712,1181.8030962347782,11.43771390521781,1,False,False
34,6.8,2690269375376,1260.0231475943503,22.444476162487035,0,False,False
34,6.8,2690269377968,1211.4181350935621,14.641900575180411,1,False,False
34,6.8,2690269375184,1249.6192085097475,18.18673309661162,1,False,False
34,6.8,2690269377536,1296.7205151273276,21.695831077305357,1,False,False
35,7.0,2690269374656,307.7712525339258,0.2779683540632243,0,True,True
35,7.0,2690269373072,306.3298453238371,0.17720343507299346,1,False,True
35,7.0,2690269374704,355.5079191191726,13.215185255203114,0,False,False
35,7.0,2690269374752,386.81663230598014,12.722108872841995,0,False,False
35,7.0,2690269377776,351.0727674358697,9.528743873366114,1,False,False
35,7.0,2690269376192,379.44368981846,11.77283656386236,1,False,False
35,7.0,2690269376000,409.0912258593757,12.70506295135431,1,False,False
35,7.0,2690269377392,416.7226633251672,10.691351034712381,0,False,False
35,7.0,2690269373600,439.2722628163345,13.08742299261616,1,False,False
35,7.0,2690269375424,442.25422438947663,10.289913542460232,0,False,False
35,7.0,2690269376864,469.41142715107037,13.69542974689875,1,False,False
35,7.0,2690269377680,467.1163999074979,8.86647371606737,0,False,False
35,7.0,2690269377632,488.7892315015495,6.790474533411042,0,False,False
35,7.0,2690269375472,502.4100019758312,14.62017256552336,1,False,False
35,7.0,2690269377008,539.036176413276,16.856895022350926,1,False,False
35,7.0,2690269375520,506.939914825624,5.932001103435426,0,False,False
35,7.0,2690269377200,578.9325463171865,18.326990793248935,1,False,False
35,7.0,2690269377872,526.5669929252768,8.862666413318268,0,False,False
35,7.0,2690269376144,556.0044790181543,12.195879480843068,0,False,False
35,7.0,2690269377920,586.6551257326923,11.373674388582176,0,False,False
35,7.0,2690269375136,632.9206329644417,19.262628438597027,1,False,False
35,7.0,2690269375808,692.8508246762293,20.000030297913035,1,True,False
35,7.0,2690269375616,616.9950534289244,4.700865148076336,0,False,False
35,7.0,2690269376672,638.904224247261,6.6028043466013795,0,False,False
35,7.0,2690269376528,658.981118002981,6.049774682475581,0,False,False
35,7.0,2690269374992,677.0125795469844,5.830315882966903,0,False,False
35,7.0,2690269377440,743.1866791928568,16.5561703652846,1,False,False
35,7.0,2690269376720,695.5756489504996,7.232563503265744,0,False,False
35,7.0,2690269375328,718.2114499821834,8.153311123228194,0,False,False
35,7.0,2690269376768,740.167565468773,8.42768040590276,0,False,False
35,7.0,2690269375088,786.4451252457638,14.037361115733896,1,False,False
35,7.0,2690269378160,762.5238911133382,9.381020065670759,0,False,False
35,7.0,2690269375952,787.3722146755333,10.917080488696403,0,False,False
35,7.0,2690269375760,818.6796101557301,13.539450714462864,1,False,False
35,7.0,2690269378064,814.8709744927237,12.85595601743343,0,False,False
35,7.0,2690269377104,846.3942131996171,14.636476162244305,0,False,False
35,7.0,2690269375568,850.8339370669141,14.075332143796302,1,False,False
35,7.0,2690269376240,880.3517589637577,15.957900928939804,0,False,False
35,7.0,2690269374944,884.8913262676471,15.203932403005181,1,False,False
35,7.0,2690269377056,920.3209937946971,14.424318828731414,1,False,False
35,7.0,2690269375232,918.1442339067795,17.33496320180626,0,False,False
35,7.0,2690269377152,962.3024286979579,19.8927656698383,0,False,False
35,7.0,2690269376432,1020.6152618490054,20.000021279192694,0,True,False
35,7.0,2690269375040,1039.8881064534128,19.83305469500621,0,False,False
35,7.0,2690269375904,963.490102817151,4.175029698827847,1,False,False
35,7.0,2690269376960,980.2711659013854,5.144224479321012,1,False,False
35,7.0,2690269378256,998.8862068397991,6.6629061247839045,1,False,False
35,7.0,2690269376624,1020.0855618711562,7.151942842030598,1,False,False
35,7.0,2690269377584,1040.2855618532865,7.241422956775212,1,False,False
35,7.0,2690269374848,1100.467109287078,17.057691572600124,0,False,False
35,7.0,2690269377344,1060.7449633188712,7.452755346932531,1,False,False
35,7.0,2690269377296,1081.464578694465,5.921396536010117,1,False,False
35,7.0,2690269374896,1098.3594732073607,4.491958853386398,1,False,False
35,7.0,2690269376816,1144.433969006164,18.166583091969116,0,False,False
35,7.0,2690269378208,1190.9311115714695,21.350810581751986,0,False,False
35,7.0,2690269377248,1114.1256428521722,5.571436720232733,1,False,False
35,7.0,2690269375856,1135.5023196690765,7.762812162316024,1,False,False
35,7.0,2690269378016,1158.6825699122187,9.441281350329211,1,False,False
35,7.0,2690269375712,1184.104918784754,11.653099151738013,1,False,False
35,7.0,2690269375376,1264.5120428268476,22.444476162487035,0,False,False
35,7.0,2690269377968,1214.3617779948968,14.86921963613656,1,False,False
35,7.0,2690269375184,1253.2634312353516,18.28878365821478,1,False,False
35,7.0,2690269377536,1301.0596813427887,21.695831077305357,1,False,False
36,7.2,2690269374656,307.82185384452686,0.2259985669776259,0,True,True
36,7.2,2690269373072,306.3629758031056,0.14407295580453158,1,False,True
36,7.2,2690269374704,358.1466962914104,13.150194140762515,0,False,False
36,7.2,2690269374752,389.34985299599896,12.554970108163335,0,False,False
36,7.2,2690269377776,352.99343987478255,9.751193339861764,1,False,False
36,7.2,2690269376192,381.80336110410036,11.848589705094875,1,False,False
36,7.2,2690269376000,411.63214600971605,12.704437257140837,1,False,False
36,7.2,2690269377392,418.85608547378683,10.617789126623203,0,False,False
36,7.2,2690269373600,441.8903314215559,13.097519303298412,1,False,False
36,7.2,2690269375424,444.3017127546452,10.13074248910224,0,False,False
36,7.2,2690269376864,472.15347997968195,13.7413611504022,1,False,False
36,7.2,2690269377680,468.87246781253515,8.60898773206553,0,False,False
36,7.2,2690269377632,490.134107874448,6.599830651101604,0,False,False
36,7.2,2690269375472,505.34236498479436,14.744426640755522,1,False,False
36,7.2,2690269377008,542.4106903054118,16.903960588805855,1,False,False
36,7.2,2690269375520,508.13742139423346,6.103334193404587,0,False,False
36,7.2,2690269377200,582.5982804251486,18.332339785219787,1,False,False
36,7.2,2690269377872,528.3608190761594,9.179886915713817,0,False,False
36,7.2,2690269376144,558.4436836212278,12.190555521354733,0,False,False
36,7.2,2690269377920,588.9081738720394,11.049839088789764,0,False,False
36,7.2,2690269375136,636.7736926213043,19.270654015586214,1,False,False
36,7.2,2690269375808,696.8508300874616,20.000021279192694,1,True,False
36,7.2,2690269375616,617.9539458961344,4.979121908825653,0,False,False
36,7.2,2690269376672,640.2229939547035,6.574333177145103,0,False,False
36,7.2,2690269376528,660.1853705600776,5.967345153064204,0,False,False
36,7.2,2690269374992,678.1821314064186,5.886064583198315,0,False,False
36,7.2,2690269377440,746.4904219584747,16.444040423463925,1,False,False
36,7.2,2690269376720,697.0307075331392,7.359189328830231,0,False,False
36,7.2,2690269375328,719.8416239943531,8.147291445716471,0,False,False
36,7.2,2690269376768,741.8551786553539,8.461404829810997,0,False,False
36,7.2,2690269375088,789.2481561526517,13.972346157845047,1,False,False
36,7.2,2690269378160,764.4073866435673,9.49172376525134,0,False,False
36,7.2,2690269375952,789.564120222752,11.045607693544946,0,False,False
36,7.2,2690269375760,821.3885217520356,13.555888778128002,1,False,False
36,7.2,2690269378064,817.4510197682783,12.988350003206829,0,False,False
36,7.2,2690269377104,849.325506996992,14.697228582008238,0,False,False
36,7.2,2690269375568,853.6532508034127,14.137568138433469,1,False,False
36,7.2,2690269376240,883.5478461715317,16.025857314716276,0,False,False
36,7.2,2690269374944,887.9266004890676,15.117766474461325,1,False,False
36,7.2,2690269377056,923.182249714499,14.068289486725163,1,False,False
36,7.2,2690269375232,921.616266504921,17.4098969065393,0,False,False
36,7.2,2690269377152,966.2804607293149,19.885193404430677,0,False,False
36,7.2,2690269376432,1024.6152656494867,20.000014945057146,0,True,False
36,7.2,2690269375040,1043.8511670980733,19.780278597556023,0,False,False
36,7.2,2690269375904,964.3299312084068,4.248922263663665,1,False,False
36,7.2,2690269376960,981.3076397844383,5.259866000919476,1,False,False
36,7.2,2690269378256,1000.2242088037347,6.742693953055394,1,False,False
36,7.2,2690269376624,1021.5139222410442,7.122525440541957,1,False,False
36,7.2,2690269377584,1041.7325486291295,7.221591213763627,1,False,False
36,7.2,2690269374848,1103.8816422351304,17.10313297113454,0,False,False
36,7.2,2690269377344,1062.2273327987066,7.326676348843981,1,False,False
36,7.2,2690269377296,1082.632833624213,5.68556088300245,1,False,False
36,7.2,2690269374896,1099.25621225538,4.474064808367485,1,False,False
36,7.2,2690269376816,1148.073684384856,18.261642246923284,0,False,False
36,7.2,2690269378208,1195.2016679392796,21.356786198327605,0,False,False
36,7.2,2690269377248,1115.2551269028459,5.799324537417682,1,False,False
36,7.2,2690269375856,1137.0644420681583,7.907213694108608,1,False,False
36,7.2,2690269378016,1160.581430551597,9.602337313217445,1,False,False
36,7.2,2690269375712,1186.4501508232088,11.873185962973034,1,False,False
36,7.2,2690269375376,1269.000938059345,22.444476162487035,0,False,False
36,7.2,2690269377968,1217.350391676957,15.089073280382355,1,False,False
36,7.2,2690269375184,1256.927739973701,18.38601182807037,1,False,False
36,7.2,2690269377536,1305.3988475582498,21.695831077305357,1,False,False
37,7.4,2690269374656,307.8629945841681,0.18374520527010532,0,True,True
37,7.4,2690269373072,306.38991210980566,0.11713664910448435,1,False,True
37,7.4,2690269374704,360.77215069251855,13.080374779873749,0,False,False
37,7.4,2690269374752,391.84990296887673,12.39161024594058,0,False,False
37,7.4,2690269377776,354.9581693060347,9.967019492766745,1,False,False
37,7.4,2690269376192,384.1779426498261,11.920758279330528,1,False,False
37,7.4,2690269376000,414.17316821953796,12.707207233942306,1,False,False
37,7.4,2690269377392,420.9745281276719,10.54004740864296,0,False,False
37,7.4,2690269373600,444.51081592484724,13.113513915902727,1,False,False
37,7.4,2690269375424,446.3168462455292,9.963846197036538,0,False,False
37,7.4,2690269376864,474.90513482016826,13.793377378587074,1,False,False
37,7.4,2690269377680,470.5773577237458,8.356816338938874,0,False,False
37,7.4,2690269377632,491.44313903363445,6.443344212214319,0,False,False
37,7.4,2690269375472,508.29937464617007,14.865594164033883,1,False,False
37,7.4,2690269377008,545.7946268379284,16.951132375469065,1,False,False
37,7.4,2690269375520,509.37056578706296,6.294639532510735,0,False,False
37,7.4,2690269377200,586.265173818274,18.338990916784883,1,False,False
37,7.4,2690269377872,530.2174008807262,9.486343905570266,0,False,False
37,7.4,2690269376144,560.8801091238823,12.159679064124198,0,False,False
37,7.4,2690269377920,591.0969396760779,10.733800096663028,0,False,False
37,7.4,2690269375136,640.6283617017556,19.278738361009335,1,False,False
37,7.4,2690269375808,700.8508338879429,20.000014945057146,1,True,False
37,7.4,2690269375616,618.9676950928398,5.245057837747025,0,False,False
37,7.4,2690269376672,641.5356072984097,6.5391650616457015,0,False,False
37,7.4,2690269376528,661.3740745092666,5.899032038945425,0,False,False
37,7.4,2690269374992,679.3638204727054,5.95617426172297,0,False,False
37,7.4,2690269377440,749.7718143392065,16.333089369450796,1,False,False
37,7.4,2690269376720,698.5106184150014,7.478680936815655,0,False,False
37,7.4,2690269375328,721.4709886234074,8.147231315894437,0,False,False
37,7.4,2690269376768,743.550294037647,8.50633390510062,0,False,False
37,7.4,2690269375088,792.0386618830358,13.914453153265821,1,False,False
37,7.4,2690269378160,766.3134135144169,9.60818299289538,0,False,False
37,7.4,2690269375952,791.782069767821,11.17901223776661,0,False,False
37,7.4,2690269375760,824.1010403112637,13.576930882700132,1,False,False
37,7.4,2690269378064,820.0574161662221,13.11880016364049,0,False,False
37,7.4,2690269377104,852.2691757652962,14.76125710762691,0,False,False
37,7.4,2690269375568,856.4845538177964,14.192747441751322,1,False,False
37,7.4,2690269376240,886.7576220674619,16.09518220702413,0,False,False
37,7.4,2690269374944,890.9435918458238,15.015797851354675,1,False,False
37,7.4,2690269377056,925.9717460950056,13.704205370846791,1,False,False
37,7.4,2690269375232,925.1030875622438,17.481873870752747,0,False,False
37,7.4,2690269377152,970.2570495035868,19.878664628457294,0,False,False
37,7.4,2690269376432,1028.6152683186863,20.0000104963913,0,True,False
37,7.4,2690269375040,1047.8038155148427,19.72964127207898,0,False,False
37,7.4,2690269375904,965.1849985873979,4.329645544895807,1,False,False
37,7.4,2690269376960,982.367576097179,5.38019014283073,1,False,False
37,7.4,2690269378256,1001.5777091170702,6.815572224333017,1,False,False
37,7.4,2690269376624,1022.9366884414278,7.097296012970639,1,False,False
37,7.4,2690269377584,1043.1754266711328,7.199238137301081,1,False,False
37,7.4,2690269374848,1107.3054128313254,17.150730257530643,0,False,False
37,7.4,2690269377344,1063.683514195781,7.186438892861999,1,False,False
37,7.4,2690269377296,1083.7553033451748,5.47071581734266,1,False,False
37,7.4,2690269374896,1100.1513954040724,4.485961845131805,1,False,False
37,7.4,2690269376816,1151.7321373480986,18.352617377047327,0,False,False
37,7.4,2690269378208,1199.4734371370607,21.36301754083544,0,False,False
37,7.4,2690269377248,1116.4301576047258,6.026610678652934,1,False,False
37,7.4,2690269375856,1138.655742418229,8.056045533748197,1,False,False
37,7.4,2690269378016,1162.5130855688212,9.771973793799692,1,False,False
37,7.4,2690269375712,1188.8396489411316,12.096739658602706,1,False,False
37,7.4,2690269375376,1273.4898332918422,22.444476162487035,0,False,False
37,7.4,2690269377968,1220.3824636778045,15.301189718868066,1,False,False
37,7.4,2690269375184,1260.611182164943,18.478598447094758,1,False,False
37,7.4,2690269377536,1309.738013773711,21.695831077305357,1,False,False
38,7.6,2690269374656,307.89644352922755,0.1493916572625686,0,True,True
38,7.6,2690269373072,306.4118123247938,0.09523643411635706,1,False,True
38,7.6,2690269374704,363.3833286411556,13.005906135340224,0,False,False
38,7.6,2690269374752,394.3175143035128,12.231665465666731,0,False,False
38,7.6,2690269377776,356.9655939660553,10.175687617838825,1,False,False
38,7.6,2690269376192,386.5667245630834,11.98945607429524,1,False,False
38,7.6,2690269376000,416.71496811835345,12.713322362258852,1,False,False
38,7.6,2690269377392,423.0771050579405,10.457392418608373,0,False,False
38,7.6,2690269373600,447.13488043340504,13.135171359092945,1,False,False
38,7.6,2690269375424,448.2981092565779,9.789714024808312,0,False,False
38,7.6,2690269376864,477.66756389117705,13.850814443051789,1,False,False
38,7.6,2690269377680,472.2322888437572,8.112281713599534,0,False,False
38,7.6,2690269377632,492.7231221407404,6.320435614773952,0,False,False
38,7.6,2690269375472,511.2804070136447,14.98358255221989,1,False,False
38,7.6,2690269377008,549.1879966297117,16.99825546996921,1,False,False
38,7.6,2690269375520,510.64316584291356,6.503293540954426,0,False,False
38,7.6,2690269377200,589.9334752583427,18.34677366077663,1,False,False
38,7.6,2690269377872,532.134455850882,9.780105939789054,0,False,False
38,7.6,2690269376144,563.3086997614823,12.104142916303283,0,False,False
38,7.6,2690269377920,593.2231346856954,10.427775532512857,0,False,False
38,7.6,2690269375136,644.4846502689763,19.28685688477454,1,False,False
38,7.6,2690269375808,704.8508365571424,20.0000104963913,1,True,False
38,7.6,2690269375616,620.0337195406623,5.496951326242116,0,False,False
38,7.6,2690269376672,642.8407977496452,6.498419410640683,0,False,False
38,7.6,2690269376528,662.5500672307879,5.845011319884985,0,False,False
38,7.6,2690269374992,680.560385741736,6.038672478474996,0,False,False
38,7.6,2690269377440,753.0311056902174,16.2235222037132,1,False,False
38,7.6,2690269376720,700.0139453490732,7.5909320978979355,0,False,False
38,7.6,2690269375328,723.1007478665629,8.153308264805064,0,False,False
38,7.6,2690269376768,745.2551065638269,8.561784049898193,0,False,False
38,7.6,2690269375088,794.8180525956215,13.863460841103274,1,False,False
38,7.6,2690269378160,768.243092024454,9.729938361167795,0,False,False
38,7.6,2690269375952,794.02697986712,11.316426904793504,0,False,False
38,7.6,2690269375760,826.8180308348476,13.601740711770116,1,False,False
38,7.6,2690269378064,822.6897669410587,13.247194055312656,0,False,False
38,7.6,2690269377104,855.2258477774473,14.828162413255546,0,False,False
38,7.6,2690269375568,859.3263791553944,14.240044590755605,1,False,False
38,7.6,2690269376240,889.9813333316516,16.16547946521212,0,False,False
38,7.6,2690269374944,893.939123792173,14.897802154953686,1,False,False
38,7.6,2690269377056,928.6879514696674,13.333311273316715,1,False,False
38,7.6,2690269375232,928.604111137378,17.550977006094534,0,False,False
38,7.6,2690269377152,974.2323965860274,19.873074724308946,0,False,False
38,7.6,2690269376432,1032.6152701933504,20.000007371951092,0,True,False
38,7.6,2690269375040,1051.7464776063498,19.681114682477684,0,False,False
38,7.6,2690269375904,966.0566476908035,4.4168422566010355,1,False,False
38,7.6,2690269376960,983.4518144995096,5.5037667397759265,1,False,False
38,7.6,2690269378256,1002.9453213499412,6.881494531755297,1,False,False
38,7.6,2690269376624,1024.3546514090433,7.075541335843639,1,False,False
38,7.6,2690269377584,1044.613579986572,7.172735873592623,1,False,False
38,7.6,2690269374848,1110.7388274825366,17.200119226517405,0,False,False
38,7.6,2690269377344,1065.1108085020746,7.034089616760888,1,False,False
38,7.6,2690269377296,1084.83625975482,5.277911031852406,1,False,False
38,7.6,2690269374896,1101.0508156393776,4.525179849989801,1,False,False
38,7.6,2690269376816,1155.4085201666642,18.439646553446504,0,False,False
38,7.6,2690269378208,1203.746467447167,21.369462826344932,0,False,False
38,7.6,2690269377248,1117.6505756170206,6.252737898826927,1,False,False
38,7.6,2690269375856,1140.2770968530726,8.209162778996431,1,False,False
38,7.6,2690269378016,1164.4792009063137,9.949438624624788,1,False,False
38,7.6,2690269375712,1191.2740290450986,12.322618251056076,1,False,False
38,7.6,2690269375376,1277.9787285243394,22.444476162487035,0,False,False
38,7.6,2690269377968,1223.4564327139472,15.50537864422176,1,False,False
38,7.6,2690269375184,1264.312841970883,18.5667319012343,1,False,False
38,7.6,2690269377536,1314.077179989172,21.695831077305357,1,False,False
39,7.8,2690269374656,307.9236387604107,0.12146095037881131,0,True,True
39,7.8,2690269373072,306.42961801069816,0.07743074821193593,1,False,True
39,7.8,2690269374704,365.97931199435527,12.926962346380957,0,False,False
39,7.8,2690269374752,396.75334391661283,12.074737125438396,0,False,False
39,7.8,2690269377776,359.0142515951142,10.37675861341717,1,False,False
39,7.8,2690269376192,388.9690221338938,12.054831867807916,1,False,False
39,7.8,2690269376000,419.25821178250743,12.722739631592564,1,False,False
39,7.8,2690269377392,425.1627896970928,10.36918829023344,0,False,False
39,7.8,2690269373600,449.76364131390477,13.1622465552347,1,False,False
39,7.8,2690269375424,450.2440981373712,9.609043579949809,0,False,False
39,7.8,2690269376864,480.4418087908593,13.913041184163724,1,False,False
39,7.8,2690269377680,473.83893751596105,7.877588859245925,0,False,False
39,7.8,2690269377632,493.9807196277345,6.230250458017598,0,False,False
39,7.8,2690269375472,514.2848216354746,15.09832850785479,1,False,False
39,7.8,2690269377008,552.5907806206835,17.045194090062292,1,False,False
39,7.8,2690269375520,511.9585222982258,6.726785916786866,0,False,False
39,7.8,2690269377200,593.6034006982428,18.355536438158996,1,False,False
39,7.8,2690269377872,534.1093199314543,10.059314135137225,0,False,False
39,7.8,2690269376144,565.7245993371138,12.0251482229164,0,False,False
39,7.8,2690269377920,595.2888936309794,10.133670129148571,0,False,False
39,7.8,2690269375136,648.3425636907006,19.29498824583345,1,False,False
39,7.8,2690269375808,708.8508384318066,20.000007371951092,1,True,False
39,7.8,2690269375616,621.1491050572736,5.733257749725687,0,False,False
39,7.8,2690269376672,644.1375299634973,6.453317373771042,0,False,False
39,7.8,2690269376528,663.7162108002891,5.805303323039419,0,False,False
39,7.8,2690269374992,681.7741794737854,6.131704003166237,0,False,False
39,7.8,2690269377440,756.2685867010445,16.115548141307386,1,False,False
39,7.8,2690269376720,701.5392410185515,7.695985975181151,0,False,False
39,7.8,2690269375328,724.7321399932167,8.16568018953263,0,False,False
39,7.8,2690269376768,746.9716762720176,8.627098323167221,0,False,False
39,7.8,2690269375088,797.5876918717347,13.8191132154792,1,False,False
39,7.8,2690269378160,770.1974513666348,9.856541580922164,0,False,False
39,7.8,2690269375952,796.2995984811517,11.457056139284921,0,False,False
39,7.8,2690269375760,829.5401913315857,13.629486415391998,1,False,False
39,7.8,2690269378064,825.3476549324622,13.373449124122333,0,False,False
39,7.8,2690269377104,858.1960728973969,14.89756686397829,0,False,False
39,7.8,2690269375568,862.1770973483227,14.278672211165265,1,False,False
39,7.8,2690269376240,893.2191501202126,16.2363929265188,0,False,False
39,7.8,2690269374944,896.909979906296,14.763633468521133,1,False,False
39,7.8,2690269377056,931.3295989063982,12.957083218634388,1,False,False
39,7.8,2690269375232,932.1187683731163,17.617296273260216,0,False,False
39,7.8,2690269377152,978.2066833097006,19.868329207765523,0,False,False
39,7.8,2690269376432,1036.615271509987,20.000005177556872,0,True,False
39,7.8,2690269375040,1055.6795735882902,19.63466957692322,0,False,False
39,7.8,2690269375904,966.9461478271036,4.510124326870301,1,False,False
39,7.8,2690269376960,984.5609153978919,5.629266617275212,1,False,False
39,7.8,2690269378256,1004.3256558034276,6.940499941749249,1,False,False
39,7.8,2690269376624,1025.7684556060415,7.056492941503965,1,False,False
39,7.8,2690269377584,1046.0460816874318,7.140679824018467,1,False,False
39,7.8,2690269374848,1114.1822219270696,17.25096785209417,0,False,False
39,7.8,2690269377344,1066.506941869242,6.87189945997255,1,False,False
39,7.8,2690269377296,1085.880167600172,5.1079402917222385,1,False,False
39,7.8,2690269374896,1101.9597750606927,4.589302954590317,1,False,False
39,7.8,2690269376816,1159.1020532528073,18.52287514033058,0,False,False
39,7.8,2690269378208,1208.0207991319826,21.376085189892436,0,False,False
39,7.8,2690269377248,1118.916118204614,6.47726633243901,1,False,False
39,7.8,2690269375856,1141.9293535417023,8.366433591834667,1,False,False
39,7.8,2690269378016,1166.4812921652106,10.133981254369894,1,False,False
39,7.8,2690269375712,1193.7536845830937,12.549767892301988,1,False,False
39,7.8,2690269375376,1282.4676237568367,22.444476162487035,0,False,False
39,7.8,2690269377968,1226.570704509975,15.701524250829516,1,False,False
39,7.8,2690269375184,1268.0318415671297,18.65060498830032,1,False,False
39,7.8,2690269377536,1318.416346204633,21.695831077305357,1,False,False
40,8.0,2690269374656,307.9457494905934,0.09875225121169133,0,True,True
40,8.0,2690269373072,306.44409469280833,0.06295406610179324,1,False,True
40,8.0,2690269374704,368.55921689260725,12.843708532816676,0,False,False
40,8.0,2690269374752,399.15796696406267,11.920397489208883,0,False,False
40,8.0,2690269377776,361.10259824148756,10.569884295408515,1,False,False
40,8.0,2690269376192,391.3841824258205,12.11706342303667,1,False,False
40,8.0,2690269376000,421.8035570192514,12.73542036792824,1,False,False
40,8.0,2690269377392,427.23043534012885,10.2749069075384,0,False,False
40,8.0,2690269373600,452.39816530355273,13.194485374368416,1,False,False
40,8.0,2690269375424,452.1535618740815,9.422725390312133,0,False,False
40,8.0,2690269376864,483.2287871090116,13.9794599083012,1,False,False
40,8.0,2690269377680,475.3994115571735,7.654793257843707,0,False,False
40,8.0,2690269377632,495.2224064850905,6.171693746716633,0,False,False
40,8.0,2690269375472,517.3119671551511,15.209794267541959,1,False,False
40,8.0,2690269377008,556.002933774272,17.091829767801904,1,False,False
40,8.0,2690269375520,513.3194411061235,6.962713945768797,0,False,False
40,8.0,2690269377200,597.2751369268171,18.36514450682048,1,False,False
40,8.0,2690269377872,536.1389626370383,10.322192734400966,0,False,False
40,8.0,2690269376144,568.1232107212375,11.924170325767964,0,False,False
40,8.0,2690269377920,597.2967098827601,9.853049514641448,0,False,False
40,8.0,2690269375136,652.202103263026,19.303113972189013,1,False,False
40,8.0,2690269375808,712.8508397484431,20.000005177556872,1,True,False
40,8.0,2690269375616,622.3106410849803,5.952624710328916,0,False,False
40,8.0,2690269376672,645.4250177971458,6.405147021798562,0,False,False
40,8.0,2690269376528,664.8753614625837,5.779782327745779,0,False,False
40,8.0,2690269374992,683.0071908785586,6.233534076394805,0,False,False
40,8.0,2690269377440,759.4845899988666,16.009377021706236,1,False,False
40,8.0,2690269376720,703.0850759397463,7.794020464612721,0,False,False
40,8.0,2690269375328,726.3664333026363,8.184480873036238,0,False,False
40,8.0,2690269376768,748.701933485338,8.701644464247133,0,False,False
40,8.0,2690269375088,800.3488898136717,13.781120321098646,1,False,False
40,8.0,2690269378160,772.177431718653,9.987553689091255,0,False,False
40,8.0,2690269375952,798.6005189991128,11.600171518353806,0,False,False
40,8.0,2690269375760,832.268053827484,13.659342294023476,1,False,False
40,8.0,2690269378064,828.0306481920497,13.49750760680502,0,False,False
40,8.0,2690269377104,861.1803268746834,14.969113883590886,0,False,False
40,8.0,2690269375568,865.0349238760351,14.307878944867788,1,False,False
40,8.0,2690269376240,896.4711738872611,16.307603822198505,0,False,False
40,8.0,2690269374944,899.8529206469022,14.613240555114157,1,False,False
40,8.0,2690269377056,933.8957313750157,12.57721338183167,1,False,False
40,8.0,2690269375232,935.6465087688497,17.6809266931171,0,False,False
40,8.0,2690269377152,982.1800727333338,19.864342720740982,0,False,False
40,8.0,2690269376432,1040.615272434703,20.000003636363672,0,True,False
40,8.0,2690269375040,1059.6035177409417,19.590275415595467,0,False,False
40,8.0,2690269375904,967.8546884067151,4.609068819501979,1,False,False
40,8.0,2690269376960,985.6951799361193,5.755458521945355,1,False,False
40,8.0,2690269378256,1005.7173352173506,6.992692515824178,1,False,False
40,8.0,2690269376624,1027.178588664428,7.039337889526034,1,False,False
40,8.0,2690269377584,1047.471739556754,7.10190207541232,1,False,False
40,8.0,2690269374848,1117.6358675484569,17.302974461083448,0,False,False
40,8.0,2690269377344,1067.8701064614122,6.702303029755182,1,False,False
40,8.0,2690269377296,1086.8916335022675,4.961345620536628,1,False,False
40,8.0,2690269374896,1102.883097748455,4.675998116939987,1,False,False
40,8.0,2690269376816,1162.8119864421528,18.602453237488827,0,False,False
40,8.0,2690269378208,1212.2964653794231,21.382852128145473,0,False,False
40,8.0,2690269377248,1120.2264417220906,6.699859065144777,1,False,False
40,8.0,2690269375856,1143.6133346823337,8.52773029504898,1,False,False
40,8.0,2690269378016,1168.5207250065098,10.324854006803752,1,False,False
40,8.0,2690269375712,1196.2788038992835,12.777218893738628,1,False,False
40,8.0,2690269375376,1286.956518989334,22.444476162487035,0,False,False
40,8.0,2690269377968,1229.723666237618,15.889578329177818,1,False,False
40,8.0,2690269375184,1271.7673418433285,18.730412291551126,1,False,False
40,8.0,2690269377536,1322.7555124200942,21.695831077305357,1,False,False
41,8.2,2690269374656,307.96372633314786,0.08028923772589067,0,True,True
41,8.2,2690269373072,306.4558647715373,0.05118398737283575,1,False,True
41,8.2,2690269374704,371.12219171322675,12.756297314541435,0,False,False
41,8.2,2690269374752,401.531871458468,11.76819648962138,0,False,False
41,8.2,2690269377776,363.2290261455913,10.754802929832374,1,False,False
41,8.2,2690269376192,393.8115896957743,12.176351924833826,1,False,False
41,8.2,2690269376000,424.3516540439508,12.751327471284133,1,False,False
41,8.2,2690269377392,429.27879734726963,10.174137536304622,0,False,False
41,8.2,2690269373600,455.0394677515361,13.231625468318192,1,False,False
41,8.2,2690269375424,454.02543946780474,9.231824067480952,0,False,False
41,8.2,2690269376864,486.0292991492648,14.049506766422475,1,False,False
41,8.2,2690269377680,476.9162184682764,7.445773786504035,0,False,False
41,8.2,2690269377632,496.45442451269696,6.143465633840192,0,False,False
41,8.2,2690269375472,520.3611861893182,15.3179642518781,1,False,False
41,8.2,2690269377008,559.4243884276447,17.138059693915224,1,False,False
41,8.2,2690269375520,514.7282544463012,7.208774496221179,0,False,False
41,8.2,2690269377200,600.9488448088883,18.37547810329309,1,False,False
41,8.2,2690269377872,538.2200046406683,10.56706451546166,0,False,False
41,8.2,2690269376144,570.5002480635621,11.802918076848503,0,False,False
41,8.2,2690269377920,599.2493664912564,9.58712572378984,0,False,False
41,8.2,2690269375136,656.0632667611262,19.311218123363798,1,False,False
41,8.2,2690269375808,716.850840673159,20.000003636363672,1,True,False
41,8.2,2690269375616,623.5148604006703,6.153911711503186,0,False,False
41,8.2,2690269376672,646.7027354191202,6.355229548830045,0,False,False
41,8.2,2690269376528,666.0303411775876,5.768188307529444,0,False,False
41,8.2,2690269374992,684.2610703450082,6.342550153640691,0,False,False
41,8.2,2690269377440,762.6794900357564,15.905215756798627,1,False,False
41,8.2,2690269376720,704.6500644211699,7.88533331629847,0,False,False
41,8.2,2690269375328,728.0049210593045,8.209816584288042,0,False,False
41,8.2,2690269376768,750.4476836255604,8.784813090816225,0,False,False
41,8.2,2690269375088,803.1028963264021,13.749159396178324,1,False,False
41,8.2,2690269378160,774.1838860262365,10.1225439546052,0,False,False
41,8.2,2690269375952,800.9301933826678,11.745107586071436,0,False,False
41,8.2,2690269375760,835.0019856936698,13.690490209285027,1,False,False
41,8.2,2690269378064,830.7383046389219,13.619332137611764,0,False,False
41,8.2,2690269377104,864.1790155186332,15.042467406984125,0,False,False
41,8.2,2690269375568,867.8979262984484,14.326948701227769,1,False,False
41,8.2,2690269376240,899.737444696017,16.378828280996288,0,False,False
41,8.2,2690269374944,902.7647034166517,14.446683858788344,1,False,False
41,8.2,2690269377056,936.3857435256773,12.1955863989723,1,False,False
41,8.2,2690269375232,939.1868010759888,17.74196666039362,0,False,False
41,8.2,2690269377152,986.1527114050008,19.861038130297825,0,False,False
41,8.2,2690269376432,1044.6152730841607,20.000002553934433,0,True,False
41,8.2,2690269375040,1063.5187181484998,19.54790033164202,0,False,False
41,8.2,2690269375904,968.7833718292202,4.713216321561938,1,False,False
41,8.2,2690269376960,986.8546693834937,5.881206209452535,1,False,False
41,8.2,2690269378256,1007.1190064822922,7.0382223632418235,1,False,False
41,8.2,2690269376624,1028.5853732922278,7.023231099405149,1,False,False
41,8.2,2690269377584,1048.8891441965964,7.055483084790816,1,False,False
41,8.2,2690269374848,1121.0999773253989,17.355865929545427,0,False,False
41,8.2,2690269377344,1069.1989890683342,6.527836793400628,1,False,False
41,8.2,2690269377296,1087.875356122423,4.838425975734472,1,False,False
41,8.2,2690269374896,1103.8251478452203,4.783036263954577,1,False,False
41,8.2,2690269376816,1166.5375997911947,18.678533518686017,0,False,False
41,8.2,2690269378208,1216.573493141525,21.38973500656645,0,False,False
41,8.2,2690269377248,1121.5811413358065,6.920269436004996,1,False,False
41,8.2,2690269375856,1145.3298368263718,8.692922091925421,1,False,False
41,8.2,2690269378016,1170.5987158290836,10.521313693594935,1,False,False
41,8.2,2690269375712,1198.8493868260573,13.004082224031398,1,False,False
41,8.2,2690269375376,1291.4454142218312,22.444476162487035,0,False,False
41,8.2,2690269377968,1232.9136995778074,16.069553424026033,1,False,False
41,8.2,2690269375184,1275.518542608736,18.806347999985665,1,False,False
41,8.2,2690269377536,1327.0946786355553,21.695831077305357,1,False,False
42,8.4,2690269374656,307.9783421719536,0.06527812394662046,0,True,True
42,8.4,2690269373072,306.46543428147277,0.04161447743735149,1,False,True
42,8.4,2690269374704,373.66741437614087,12.664866062427764,0,False,False
42,8.4,2690269374752,403.87545430211327,11.617669404690659,0,False,False
42,8.4,2690269377776,365.3918807339406,10.931334774818461,1,False,False
42,8.4,2690269376192,396.25066972932257,12.23291683573804,1,False,False
42,8.4,2690269376000,426.90314563109996,12.770423043289291,1,False,False
42,8.4,2690269377392,431.306557218171,10.06659554581789,0,False,False
42,8.4,2690269373600,457.6885110428358,13.273397325333917,1,False,False
42,8.4,2690269375424,455.85889332712907,9.03755628210281,0,False,False
42,8.4,2690269376864,488.84403471038206,14.12265188692748,1,False,False
42,8.4,2690269377680,478.39222858798144,7.252211046806874,0,False,False
42,8.4,2690269377632,497.68274375314724,6.144097374644671,0,False,False
42,8.4,2690269375472,523.4318195598281,15.422842067880747,1,False,False
42,8.4,2690269377008,562.8550573206671,17.183795206669988,1,False,False
42,8.4,2690269375520,516.1868400358039,7.462754763094281,0,False,False
42,8.4,2690269377200,604.6246621686562,18.386430802900136,1,False,False
42,8.4,2690269377872,540.348738710476,10.792369936185862,0,False,False
42,8.4,2690269376144,572.8517805195844,11.663288356237583,0,False,False
42,8.4,2690269377920,601.1498651218758,9.336754700158265,0,False,False
42,8.4,2690269375136,659.9260489250539,19.3192869908479,1,False,False
42,8.4,2690269375808,720.8508413226166,20.000002553934433,1,True,False
42,8.4,2690269375616,624.7580829264015,6.336211769896401,0,False,False
42,8.4,2690269376672,647.9704217727863,6.304887364796009,0,False,False
42,8.4,2690269376528,667.1839116268005,5.770140227339511,0,False,False
42,8.4,2690269374992,685.5371539397528,6.457262526116635,0,False,False
42,8.4,2690269377440,765.853702269952,15.803264853330523,1,False,False
42,8.4,2690269376720,706.2328875258405,7.970326933931944,0,False,False
42,8.4,2690269375328,729.6489158145066,8.24176364699952,0,False,False
42,8.4,2690269376768,752.210611676518,8.876016048085935,0,False,False
42,8.4,2690269375088,805.8508946473005,13.722876291725257,1,False,False
42,8.4,2690269378160,776.2175816056589,10.261089327358468,0,False,False
42,8.4,2690269375952,803.2889444983402,11.891258003620687,0,False,False
42,8.4,2690269375760,837.7421912402353,13.722120761530471,1,False,False
42,8.4,2690269378064,833.470175878799,13.738901970866578,0,False,False
42,8.4,2690269377104,867.1924787672036,15.117311389437104,0,False,False
42,8.4,2690269375568,870.7640313315605,14.335201307210713,1,False,False
42,8.4,2690269376240,903.0179480362748,16.449814917463975,0,False,False
42,8.4,2690269374944,905.6421060368303,14.264152475513598,1,False,False
42,8.4,2690269377056,938.7994181611563,11.81424725587395,1,False,False
42,8.4,2690269375232,942.7391338743192,17.800516522505767,0,False,False
42,8.4,2690269377152,990.1247309520451,19.858345721711174,0,False,False
42,8.4,2690269376432,1048.6152735402954,20.00000179370978,0,True,False
42,8.4,2690269375040,1067.4255764326167,19.507511121432284,0,False,False
42,8.4,2690269375904,969.7332061845295,4.822071267470632,1,False,False
42,8.4,2690269376960,988.0392239479589,6.005465627951158,1,False,False
42,8.4,2690269378256,1008.5293486729158,7.077268398264096,1,False,False
42,8.4,2690269376624,1029.9889617386507,7.007309020839414,1,False,False
42,8.4,2690269377584,1050.2967193539143,7.0007607923259885,1,False,False
42,8.4,2690269374848,1124.5747114228393,17.409395908391005,0,False,False
42,8.4,2690269377344,1070.4927873985253,6.351078387211782,1,False,False
42,8.4,2690269377296,1088.8360783426251,4.7392500083321725,1,False,False
42,8.4,2690269374896,1104.7898514014967,4.908306667765905,1,False,False
42,8.4,2690269376816,1170.2782039664405,18.751269419839222,0,False,False
42,8.4,2690269378208,1220.8519038783024,21.39670862255899,0,False,False
42,8.4,2690269377248,1122.9797682958101,7.138329592271284,1,False,False
42,8.4,2690269375856,1147.0796298461512,8.861869249332319,1,False,False
42,8.4,2690269378016,1172.7163327891185,10.72262349319065,1,False,False
42,8.4,2690269375712,1201.4652606025193,13.229546389035866,1,False,False
42,8.4,2690269375376,1295.9343094543285,22.444476162487035,0,False,False
42,8.4,2690269377968,1236.1391924195968,16.241516078755616,1,False,False
42,8.4,2690269375184,1279.2846823887785,18.87860412101931,1,False,False
42,8.4,2690269377536,1331.4338448510164,21.695831077305357,1,False,False
43,8.6,2690269374656,307.9902253902301,0.05307353247689675,0,True,True
43,8.6,2690269373072,306.4732146474766,0.03383411143350889,1,False,True
43,8.6,2690269374704,376.19408914943614,12.56953489616093,0,False,False
43,8.6,2690269374752,406.1890189091271,11.468345310022992,0,False,False
43,8.6,2690269377776,367.5894767139599,11.09937748320375,1,False,False
43,8.6,2690269376192,398.70089317438226,12.286991157017798,1,False,False
43,8.6,2690269376000,429.45866681581583,12.792666384721246,1,False,False
43,8.6,2690269377392,433.31234832925685,9.952129824067114,0,False,False
43,8.6,2690269373600,460.34620324484433,13.31952549162026,1,False,False
43,8.6,2690269375424,457.6533380665719,8.841266020548664,0,False,False
43,8.6,2690269376864,491.6735798785876,14.198399279332255,1,False,False
43,8.6,2690269377680,479.83063427417915,7.075571104126566,0,False,False
43,8.6,2690269377632,498.9130310620513,6.171986198599518,0,False,False
43,8.6,2690269375472,526.5232099476506,15.524447823840676,1,False,False
43,8.6,2690269377008,566.2948363315434,17.22896041151763,1,False,False
43,8.6,2690269375520,517.6966385538258,7.722522676467083,0,False,False
43,8.6,2690269377200,608.3027063581472,18.397908069342375,1,False,False
43,8.6,2690269377872,542.5211546625335,10.996688807769326,0,False,False
43,8.6,2690269376144,575.1742666639124,11.507317798769355,0,False,False
43,8.6,2690269377920,603.001355289914,9.102445647218865,0,False,False
43,8.6,2690269375136,663.7904418879492,19.32730883244431,1,False,False
43,8.6,2690269375808,724.8508417787515,20.00000179370978,1,True,False
43,8.6,2690269375616,626.036463864742,6.498872532069514,0,False,False
43,8.6,2690269376672,649.2280788248956,6.2554148406326195,0,False,False
43,8.6,2690269376528,668.3387509539626,5.785150343739354,0,False,False
43,8.6,2690269374992,686.836487971938,6.5763041373957405,0,False,False
43,8.6,2690269377440,769.0076816584794,15.70371504640531,1,False,False
43,8.6,2690269376720,707.832312972912,8.04949288582534,0,False,False
43,8.6,2690269375328,731.2997433005364,8.280366867418056,0,False,False
43,8.6,2690269376768,753.992286327234,8.974684905795135,0,False,False
43,8.6,2690269375088,808.5939951746944,13.701887101241557,1,False,False
43,8.6,2690269378160,778.2792016662354,10.402774317044033,0,False,False
43,8.6,2690269375952,805.6769776987098,12.038071972021266,0,False,False
43,8.6,2690269375760,840.4887135326117,13.753434285055834,1,False,False
43,8.6,2690269378064,836.2258103047714,13.85620974485247,0,False,False
43,8.6,2690269377104,870.2209946602717,15.19334935021803,0,False,False
43,8.6,2690269375568,873.6310321495613,14.33199461479805,1,False,False
43,8.6,2690269376240,906.3126211651456,16.520342504342846,0,False,False
43,8.6,2690269374944,908.4819535665217,14.06598016090461,1,False,False
43,8.6,2690269377056,941.1369557597536,11.435361498444417,1,False,False
43,8.6,2690269375232,946.303015880053,17.856677390415374,0,False,False
43,8.6,2690269377152,994.0962495153224,19.85620247490706,0,False,False
43,8.6,2690269376432,1052.6152738606536,20.000001259779708,0,True,False
43,8.6,2690269375040,1071.3244874857448,19.469073260333786,0,False,False
43,8.6,2690269375904,970.7050981236287,4.935103740149693,1,False,False
43,8.6,2690269376960,989.2484810286484,6.12728212606189,1,False,False
43,8.6,2690269378256,1009.9470777567137,7.110023001879953,1,False,False
43,8.6,2690269376624,1031.3893330709361,6.9907044180929105,1,False,False
43,8.6,2690269377584,1051.6927738544566,6.9373363373879595,1,False,False
43,8.6,2690269374848,1128.0601824304506,17.463343084860707,0,False,False
43,8.6,2690269377344,1071.7512144191828,6.17458913097942,1,False,False
43,8.6,2690269377296,1089.7785422444258,4.6636723939862685,1,False,False
43,8.6,2690269374896,1105.7807206944283,5.04982551842455,1,False,False
43,8.6,2690269376816,1174.0331402923216,18.82081363534859,0,False,False
43,8.6,2690269378208,1225.1317142176188,21.40375081803129,0,False,False
43,8.6,2690269377248,1124.4218449840887,7.3539399646202845,1,False,False
43,8.6,2690269375856,1148.8634548291955,9.034418598144367,1,False,False
43,8.6,2690269378016,1174.8744972094887,10.928055029239685,1,False,False
43,8.6,2690269375712,1204.126095189543,13.452874599940193,1,False,False
43,8.6,2690269375376,1300.4232046868258,22.444476162487035,0,False,False
43,8.6,2690269377968,1239.3985492158577,16.405580209693547,1,False,False
43,8.6,2690269375184,1283.065037887714,18.947369036265172,1,False,False
43,8.6,2690269377536,1335.7730110664775,21.695831077305357,1,False,False
44,8.8,2690269374656,307.999886886808,0.04315074759010509,0,True,True
44,8.8,2690269373072,306.4795403731994,0.027508385710681003,1,False,True
44,8.8,2690269374704,378.70144310495874,12.470405441749147,0,False,False
44,8.8,2690269374752,408.47277456190733,11.319756152175803,0,False,False
44,8.8,2690269377776,369.82011323494305,11.258901275277262,1,False,False
44,8.8,2690269376192,401.1617779535538,12.338817084136705,1,False,False
44,8.8,2690269376000,432.01884421844437,12.818012342471336,1,False,False
44,8.8,2690269377392,435.29478304666935,9.830728497427069,0,False,False
44,8.8,2690269373600,463.0133970068925,13.369729911904884,1,False,False
44,8.8,2690269375424,459.40846420508535,8.644397715931431,0,False,False
44,8.8,2690269376864,494.5184237863065,14.27628652739684,1,False,False
44,8.8,2690269377680,481.23490618791016,6.917094507093369,0,False,False
44,8.8,2690269377632,500.150625519686,6.2254279548086835,0,False,False
44,8.8,2690269375472,529.6347050288136,15.622815723370929,1,False,False
44,8.8,2690269377008,569.7436069444685,17.27349091949438,1,False,False
44,8.8,2690269375520,519.258669166535,7.986017738461028,0,False,False
44,8.8,2690269377200,611.983076546913,18.409825969226077,1,False,False
44,8.8,2690269377872,544.7329687500273,11.178763195414563,0,False,False
44,8.8,2690269376144,577.4645791707296,11.337133804173659,0,False,False
44,8.8,2690269377920,604.8070662107053,8.884381260367455,0,False,False
44,8.8,2690269375136,667.6564355531842,19.335273636818343,1,False,False
44,8.8,2690269375808,728.8508420991095,20.000001259779708,1,True,False
44,8.8,2690269375616,627.3460459031874,6.64151458314321,0,False,False
44,8.8,2690269376672,650.4759641730598,6.208052319537131,0,False,False
44,8.8,2690269376528,669.4974334060902,5.812639005076681,0,False,False
44,8.8,2690269374992,688.1598534806365,6.698429831229988,0,False,False
44,8.8,2690269377440,772.141920485751,15.606744079889381,1,False,False
44,8.8,2690269376720,709.4472119286368,8.123396261410434,0,False,False
44,8.8,2690269375328,732.9587360621761,8.32563871449414,0,False,False
44,8.8,2690269376768,755.7941638242322,9.08026960184288,0,False,False
44,8.8,2690269375088,811.3332296332374,13.685779941200625,1,False,False
44,8.8,2690269378160,780.369346832203,10.547191207012627,0,False,False
44,8.8,2690269375952,808.0943917042912,12.185050888813086,0,False,False
44,8.8,2690269375760,843.2414363978763,13.783641720904937,1,False,False
44,8.8,2690269378064,839.0047555835541,13.971258723492518,0,False,False
44,8.8,2690269377104,873.2647832229565,15.270303932295645,0,False,False
44,8.8,2690269375568,876.4965962073642,14.316728094724496,1,False,False
44,8.8,2690269376240,909.6213589878948,16.590217729480102,0,False,False
44,8.8,2690269374944,911.2811482071168,13.852659366227057,1,False,False
44,8.8,2690269377056,943.398995591828,11.06116906359833,1,False,False
44,8.8,2690269375232,949.8779760299703,17.910550152129115,0,False,False
44,8.8,2690269377152,998.0673730437954,19.85455141493465,0,False,False
44,8.8,2690269376432,1056.6152740856512,20.000000884783553,0,True,False
44,8.8,2690269375040,1075.2158392091533,19.432550940426122,0,False,False
44,8.8,2690269375904,971.6998461672629,5.051752358474263,1,False,False
44,8.8,2690269376960,990.481892907821,6.245787611440122,1,False,False
44,8.8,2690269378256,1011.3709483722612,7.13667878139788,1,False,False
44,8.8,2690269376624,1032.7862934703633,6.972562034943039,1,False,False
44,8.8,2690269377584,1053.075554413552,6.865075626135147,1,False,False
44,8.8,2690269374848,1131.5564602561542,17.517509486456618,0,False,False
44,8.8,2690269377344,1072.974491506378,6.000861497546571,1,False,False
44,8.8,2690269377296,1090.7074475603038,4.611353105217904,1,False,False
44,8.8,2690269374896,1106.8008799296067,5.205739766082472,1,False,False
44,8.8,2690269376816,1177.8017805169325,18.887316884920207,0,False,False
44,8.8,2690269378208,1229.4129365405622,21.410842135629313,0,False,False
44,8.8,2690269377248,1125.9068779071304,7.567059443078618,1,False,False
44,8.8,2690269375856,1150.6820211532695,9.210400215004015,1,False,False
44,8.8,2690269378016,1177.0739854153933,11.136890597866474,1,False,False
44,8.8,2690269375712,1206.8314180329992,13.673402140455398,1,False,False
44,8.8,2690269375376,1304.912099919323,22.444476162487035,0,False,False
44,8.8,2690269377968,1242.6902000253433,16.561900666126068,1,False,False
44,8.8,2690269375184,1286.8589231829746,19.01282635574439,1,False,False
44,8.8,2690269377536,1340.1121772819386,21.695831077305357,1,False,False
45,9.0,2690269374656,308.00774204135905,0.03508315596659211,0,True,True
45,9.0,2690269373072,306.4846834224982,0.022365336411884054,1,False,True
45,9.0,2690269374704,381.18872237652425,12.367560356792232,0,False,False
45,9.0,2690269374752,410.72683761492135,11.171446273084406,0,False,False
45,9.0,2690269377776,372.0820880657543,11.409943839892382,1,False,False
45,9.0,2690269376192,403.6328908333883,12.388642048011725,1,False,False
45,9.0,2690269376000,434.5842950607589,12.84640998469733,1,False,False
45,9.0,2690269377392,437.25248085111053,9.702522594162856,0,False,False
45,9.0,2690269373600,465.690888733594,13.423727346779486,1,False,False
45,9.0,2690269375424,461.1242563840082,8.448467937293337,0,False,False
45,9.0,2690269376864,497.378965296512,14.355884291418695,1,False,False
45,9.0,2690269377680,482.6087477218185,6.777790354014312,0,False,False
45,9.0,2690269377632,501.40052017421493,6.302646623706074,0,False,False
45,9.0,2690269375472,532.7656601462841,15.717991910650182,1,False,False
45,9.0,2690269377008,573.2012384723206,17.317332693799642,1,False,False
45,9.0,2690269375520,520.8735432811189,8.251242911464276,0,False,False
45,9.0,2690269377200,615.6658557645247,18.422110030725076,1,False,False
45,9.0,2690269377872,546.9796576440758,11.337520186604346,0,False,False
45,9.0,2690269376144,579.7200197523193,11.154906804440582,0,False,False
45,9.0,2690269377920,606.5702433406276,8.682447200977554,0,False,False
45,9.0,2690269375136,671.5240179262555,19.34317291492624,1,False,False
45,9.0,2690269375808,732.8508423241072,20.000000884783553,1,True,False
45,9.0,2690269375616,628.6828147825453,6.764044858500451,0,False,False
45,9.0,2690269376672,651.7145786974177,6.163963835530437,0,False,False
45,9.0,2690269376528,670.6624119446102,5.8519495131750565,0,False,False
45,9.0,2690269374992,689.5077905424218,6.822515183962667,0,False,False
45,9.0,2690269377440,775.2569455598184,15.512513667734376,1,False,False
45,9.0,2690269376720,711.0765726684149,8.192660074613217,0,False,False
45,9.0,2690269375328,734.6272269689975,8.377559149502535,0,False,False
45,9.0,2690269376768,757.617591562345,9.192237232524466,0,False,False
45,9.0,2690269375088,814.0695456026526,13.674116829857928,1,False,False
45,9.0,2690269378160,782.4885367254861,10.693940523684937,0,False,False
45,9.0,2690269375952,810.5411888305428,12.33174520454524,0,False,False
45,9.0,2690269375760,846.000086600908,13.811965434627727,1,False,False
45,9.0,2690269378064,841.8065606190165,14.08406046063113,0,False,False
45,9.0,2690269377104,876.3240102611871,15.34791646378633,0,False,False
45,9.0,2690269375568,879.3582738806545,14.288847903230337,1,False,False
45,9.0,2690269376240,912.9440194958635,16.659273038576938,0,False,False
45,9.0,2690269374944,914.036701829278,13.624852278942269,1,False,False
45,9.0,2690269377056,945.5866272670224,10.693933524249635,1,False,False
45,9.0,2690269375232,953.4635633803941,17.962234662690875,0,False,False
45,9.0,2690269377152,1002.0381964637274,19.85334102828627,0,False,False
45,9.0,2690269376432,1060.6152742436743,20.00000062141177,0,True,False
45,9.0,2690269375040,1079.10001225977,19.397907126782954,0,False,False
45,9.0,2690269375904,972.7181346472163,5.171427926072205,1,False,False
45,9.0,2690269376960,991.7387438675232,6.360197589914609,1,False,False
45,9.0,2690269378256,1012.7997531080134,7.157417591018151,1,False,False
45,9.0,2690269376624,1034.1794797069797,6.9520548861262,1,False,False
45,9.0,2690269377584,1054.4432984510179,6.784106144070755,1,False,False
45,9.0,2690269374848,1135.0635766835803,17.57171883353665,0,False,False
45,9.0,2690269377344,1074.1633314917328,5.832272866678876,1,False,False
45,9.0,2690269377296,1091.6274141380993,4.5817788903517656,1,False,False
45,9.0,2690269374896,1107.853091451234,5.374327287979936,1,False,False
45,9.0,2690269376816,1181.5835263473746,18.950926916788568,0,False,False
45,9.0,2690269378208,1233.695579500712,21.417965513599007,0,False,False
45,9.0,2690269377248,1127.4343687629105,7.777696119746889,1,False,False
45,9.0,2690269375856,1152.5360029698525,9.389625157501053,1,False,False
45,9.0,2690269378016,1179.3154310232562,11.348425504147889,1,False,False
45,9.0,2690269375712,1209.580628309375,13.890533851066374,1,False,False
45,9.0,2690269375376,1309.4009951518203,22.444476162487035,0,False,False
45,9.0,2690269377968,1246.0126082822403,16.71066703586827,1,False,False
45,9.0,2690269375184,1290.665688708123,19.075154030114543,1,False,False
45,9.0,2690269377536,1344.4513434973996,21.695831077305357,1,False,False
46,9.2,2690269374656,308.01412857294076,0.0285239051769863,0,True,True
46,9.2,2690269373072,306.48886491206144,0.018183846848654768,1,False,True
46,9.2,2690269374704,383.65518837450463,12.26106362513766,0,False,False
46,9.2,2690269374752,412.95123462396987,11.022982200378424,0,False,False
46,9.2,2690269377776,374.3737107342796,11.552604961807962,1,False,False
46,9.2,2690269376192,406.11384822720896,12.43671513400805,1,False,False
46,9.2,2690269376000,437.1556259379318,12.877801582132827,1,False,False
46,9.2,2690269377392,439.1840970417185,9.567787340875991,0,False,False
46,9.2,2690269373600,468.37941804482233,13.48123282985857,1,False,False
46,9.2,2690269375424,462.80100586476334,8.25503637462331,0,False,False
46,9.2,2690269376864,500.2555195758481,14.436795639736843,1,False,False
46,9.2,2690269377680,483.9560485624129,6.658435087838114,0,False,False
46,9.2,2690269377632,502.66734944390214,6.401820073642836,0,False,False
46,9.2,2690269375472,535.9154405663727,15.81003254286583,1,False,False
46,9.2,2690269377008,576.6675900553867,17.360440995187563,1,False,False
46,9.2,2690269375520,522.5414767741664,8.516258053992136,0,False,False
46,9.2,2690269377200,619.3511127234697,18.434694228612827,1,False,False
46,9.2,2690269377872,549.2564968885139,11.472093166588152,0,False,False
46,9.2,2690269376144,581.9383247269786,10.962805519861762,0,False,False
46,9.2,2690269377920,608.2940913225285,8.49626871305496,0,False,False
46,9.2,2690269375136,675.3931754065972,19.350999515340956,1,False,False
46,9.2,2690269375808,736.8508424821302,20.00000062141177,1,True,False
46,9.2,2690269375616,630.0427571279222,6.866663421705086,0,False,False
46,9.2,2690269376672,652.9446500180924,6.1242188019344885,0,False,False
46,9.2,2690269376528,671.8360038134769,5.902362682415835,0,False,False
46,9.2,2690269374992,690.8806223223543,6.947555001206066,0,False,False
46,9.2,2690269377440,778.3533148145951,15.421166667420463,1,False,False
46,9.2,2690269376720,712.7195111348976,8.257949953492462,0,False,False
46,9.2,2690269375328,736.3065427317608,8.43607600708578,0,False,False
46,9.2,2690269376768,759.463811443354,9.31007098960959,0,False,False
46,9.2,2690269375088,816.8038014264255,13.666435619880511,1,False,False
46,9.2,2690269378160,784.6372116558431,10.842631694911146,0,False,False
46,9.2,2690269375952,813.017284597921,12.477751449388176,0,False,False
46,9.2,2690269375760,848.7642361841732,13.837640051945273,1,False,False
46,9.2,2690269378064,844.6307770741713,14.194632838150195,0,False,False
46,9.2,2690269377104,879.3987910690807,15.425946510080632,0,False,False
46,9.2,2690269375568,882.2135082144383,14.247853354311667,1,False,False
46,9.2,2690269376240,916.2804287787504,16.727364565553366,0,False,False
46,9.2,2690269374944,916.7457704574408,13.383397902020917,1,False,False
46,9.2,2690269377056,947.7013919352553,10.335888919838546,1,False,False
46,9.2,2690269375232,957.0593468547004,18.01182908738917,0,False,False
46,9.2,2690269377152,1006.0088047351488,19.852524737877495,0,False,False
46,9.2,2690269376432,1064.615274354659,20.000000436437347,0,True,False
46,9.2,2690269375040,1082.9773798093552,19.36510362918505,0,False,False
46,9.2,2690269375904,973.7605284140033,5.293517577690166,1,False,False
46,9.2,2690269376960,993.0181667029443,6.469808026183541,1,False,False
46,9.2,2690269378256,1014.2323197424065,7.172401930330264,1,False,False
46,9.2,2690269376624,1035.5683658999026,6.9284008908597805,1,False,False
46,9.2,2690269377584,1055.7942859290865,6.694808614067581,1,False,False
46,9.2,2690269374848,1138.5815296035896,17.62581494619596,0,False,False
46,9.2,2690269377344,1075.3189129278426,5.671046445435868,1,False,False
46,9.2,2690269377296,1092.5429488069794,4.574286155656997,1,False,False
46,9.2,2690269374896,1108.9397817912816,5.553994337795439,1,False,False
46,9.2,2690269376816,1185.3778087998837,19.011787716515677,0,False,False
46,9.2,2690269378208,1237.9796484847207,21.42510601484853,0,False,False
46,9.2,2690269377248,1129.0038236902196,7.985898528940323,1,False,False
46,9.2,2690269375856,1154.4260352985625,9.571884132047034,1,False,False
46,9.2,2690269378016,1181.5993277024686,11.56197047507722,1,False,False
46,9.2,2690269375712,1212.373010672204,14.103741657684122,1,False,False
46,9.2,2690269375376,1313.8898903843176,22.444476162487035,0,False,False
46,9.2,2690269377968,1249.3642773462445,16.85209775434833,1,False,False
46,9.2,2690269375184,1294.484720073535,19.13452368449863,1,False,False
46,9.2,2690269377536,1348.7905097128607,21.695831077305357,1,False,False
47,9.4,2690269374656,308.0193210596548,0.023190991349822346,0,True,True
47,9.4,2690269373072,306.4922646179464,0.014784140963765537,1,False,True
47,9.4,2690269374704,386.10011411036965,12.150961614406352,0,False,False
47,9.4,2690269374752,415.14590744100445,10.873962504314454,0,False,False
47,9.4,2690269377776,376.6933145754048,11.687040904256541,1,False,False
47,9.4,2690269376192,408.6043163064825,12.483283870230768,1,False,False
47,9.4,2690269376000,439.7334314060025,12.91212187277064,1,False,False
47,9.4,2690269377392,441.0883515283531,9.426940851519545,0,False,False
47,9.4,2690269373600,471.079667528081,13.541961132799171,1,False,False
47,9.4,2690269375424,464.4393172157288,8.065676872899644,0,False,False
47,9.4,2690269376864,503.14832452370183,14.518655229328267,1,False,False
47,9.4,2690269377680,485.2808383067288,6.559575627356024,0,False,False
47,9.4,2690269377632,503.95538140125893,6.521101735751667,0,False,False
47,9.4,2690269375472,539.0834233636724,15.899002068955879,1,False,False
47,9.4,2690269377008,580.1425124553153,17.40277941783951,1,False,False
47,9.4,2690269375520,524.2623010310634,8.779175287629284,0,False,False
47,9.4,2690269377200,623.0389034466717,18.44752008042629,1,False,False
47,9.4,2690269377872,551.5586034425578,11.581840312824347,0,False,False
47,9.4,2690269376144,584.1176619122892,10.762956593544198,0,False,False
47,9.4,2690269377920,609.9817246105678,8.325252054618986,0,False,False
47,9.4,2690269375136,679.2638930439114,19.35874746080804,1,False,False
47,9.4,2690269375808,740.8508425931149,20.000000436437347,1,True,False
47,9.4,2690269375616,631.4219191237104,6.949862349839305,0,False,False
47,9.4,2690269376672,654.1671125609276,6.089777760834365,0,False,False
47,9.4,2690269376528,673.0203789835325,5.9631108104514805,0,False,False
47,9.4,2690269374992,692.2784788032619,7.072661497229391,0,False,False
47,9.4,2690269377440,781.4316133623677,15.332824493069673,1,False,False
47,9.4,2690269376720,714.3752784661693,8.319959367813196,0,False,False
47,9.4,2690269375328,737.9979975269603,8.501105835655082,0,False,False
47,9.4,2690269376768,761.3339630318364,9.43326924415641,0,False,False
47,9.4,2690269375088,819.5367615086719,13.662251948662352,1,False,False
47,9.4,2690269378160,786.8157344523123,10.99288384141983,0,False,False
47,9.4,2690269375952,815.5225167572585,12.622709404624478,0,False,False
47,9.4,2690269375760,851.5333049797964,13.859913388971469,1,False,False
47,9.4,2690269378064,847.4769605234123,14.302998434240472,0,False,False
47,9.4,2690269377104,882.4891940456795,15.504171408471782,0,False,False
47,9.4,2690269375568,885.0596460534359,14.193304666017067,1,False,False
47,9.4,2690269376240,919.6303856289118,16.79437015251616,0,False,False
47,9.4,2690269374944,919.4056898617471,13.12931434342151,1,False,False
47,9.4,2690269377056,949.7452728159881,9.989186562114533,1,False,False
47,9.4,2690269375232,960.6649148685946,18.059429377464667,0,False,False
47,9.4,2690269377152,1009.9792738068979,19.85206043036422,0,False,False
47,9.4,2690269376432,1068.615274432607,20.000000306523898,0,True,False
47,9.4,2690269375040,1086.8483073188943,19.334101186370127,0,False,False
47,9.4,2690269375904,974.8274683958113,5.417389214573289,1,False,False
47,9.4,2690269376960,994.3191585937032,6.573991984472422,1,False,False
47,9.4,2690269378256,1015.6675069258101,7.181768782244139,1,False,False
47,9.4,2690269376624,1036.9522736107265,6.90087952625324,1,False,False
47,9.4,2690269377584,1057.1268891686873,6.597803353436152,1,False,False
47,9.4,2690269374848,1142.1102869310478,17.679660210341428,0,False,False
47,9.4,2690269377344,1076.442847042061,5.519219809421794,1,False,False
47,9.4,2690269377296,1093.4584168706294,4.58808442872224,1,False,False
47,9.4,2690269374896,1110.0630670709136,5.743271096014983,1,False,False
47,9.4,2690269376816,1189.18408740396,19.0700388935709,0,False,False
47,9.4,2690269378208,1242.2651460207815,21.43225058631251,0,False,False
47,9.4,2690269377248,1130.6147607977412,8.191747362283634,1,False,False
47,9.4,2690269375856,1156.3527099113849,9.756946980636123,1,False,False
47,9.4,2690269378016,1183.9260324232987,11.776854119836699,1,False,False
47,9.4,2690269375712,1215.207748503901,14.312562083058863,1,False,False
47,9.4,2690269375376,1318.3787856168149,22.444476162487035,0,False,False
47,9.4,2690269377968,1252.7437558974284,16.98643456882095,1,False,False
47,9.4,2690269375184,1298.3154367669047,19.19110014124897,1,False,False
47,9.4,2690269377536,1353.1296759283218,21.695831077305357,1,False,False
48,9.6,2690269374656,308.0235427436677,0.01885513489301112,0,True,True
48,9.6,2690269373072,306.4950287047458,0.012020054164317817,1,False,True
48,9.6,2690269374704,388.5227807828268,12.037284880116292,0,False,False
48,9.6,2690269374752,417.31072027388024,10.724027509706016,0,False,False
48,9.6,2690269377776,379.0392676417581,11.813458598889769,1,False,False
48,9.6,2690269376192,411.1040104939883,12.528591375687414,1,False,False
48,9.6,2690269376000,442.31829243996344,12.949297586511012,1,False,False
48,9.6,2690269377392,442.9640571792588,9.280540057188604,0,False,False
48,9.6,2690269373600,473.79226278295414,13.605628210879466,1,False,False
48,9.6,2690269375424,466.040109247453,7.881949246997563,0,False,False
48,9.6,2690269376864,506.0575470283441,14.601128354896133,1,False,False
48,9.6,2690269377680,486.5872409709461,6.4815363747557,0,False,False
48,9.6,2690269377632,505.26851411534943,6.658638141497871,0,False,False
48,9.6,2690269375472,542.2689989745232,15.98497169616172,1,False,False
48,9.6,2690269377008,583.6258496618838,17.44431900826036,1,False,False
48,9.6,2690269375520,526.0354732027944,9.038156575608669,0,False,False
48,9.6,2690269377200,626.729272720958,18.46053584063043,1,False,False
48,9.6,2690269377872,553.8809816764698,11.66635917010716,0,False,False
48,9.6,2690269376144,586.2566197918229,10.557409599897007,0,False,False
48,9.6,2690269377920,611.636126580415,8.16862841000967,0,False,False
48,9.6,2690269375136,683.1361547631008,19.36641180365105,1,False,False
48,9.6,2690269375808,744.850842671063,20.000000306523898,1,True,False
48,9.6,2690269375616,632.8164643995412,7.01441604489425,0,False,False
48,9.6,2690269376672,655.3830850416061,6.061482130208666,0,False,False
48,9.6,2690269376528,674.2175513404133,6.033390851778228,0,False,False
48,9.6,2690269374992,693.7013201285661,7.197062129034442,0,False,False
48,9.6,2690269377440,784.4924490461456,15.247584791428068,1,False,False
48,9.6,2690269376720,716.0432656180374,8.37939563719238,0,False,False
48,9.6,2690269375328,739.7028868156036,8.572535112001889,0,False,False
48,9.6,2690269376768,763.2290865375176,9.56134477617453,0,False,False
48,9.6,2690269375088,822.2690920007592,13.661061178811453,1,False,False
48,9.6,2690269378160,789.0243924593318,11.144326654455393,0,False,False
48,9.6,2690269375952,818.056653757981,12.766299398109783,0,False,False
48,9.6,2690269375760,854.3065633180353,13.878047555302324,1,False,False
48,9.6,2690269378064,850.3446712983402,14.409183182300758,0,False,False
48,9.6,2690269377104,885.5952442171359,15.58238577959929,0,False,False
48,9.6,2690269375568,887.8939507967434,14.124831779009352,1,False,False
48,9.6,2690269376240,922.9936657557296,16.860187461283452,0,False,False
48,9.6,2690269374944,922.0140112547632,12.863795700935482,1,False,False
48,9.6,2690269377056,951.7206752133226,9.655844240243484,1,False,False
48,9.6,2690269375232,964.279874858391,18.10512885990794,0,False,False
48,9.6,2690269377152,1013.9496714803197,19.851910030223358,0,False,False
48,9.6,2690269376432,1072.6152744873525,20.00000021528153,0,True,False
48,9.6,2690269375040,1090.7131523305366,19.304859560172655,0,False,False
48,9.6,2690269375904,975.9192680551597,5.54239606873289,1,False,False
48,9.6,2690269376960,995.6405962874218,6.67219603007769,1,False,False
48,9.6,2690269378256,1017.1041987932497,7.185625892463539,1,False,False
48,9.6,2690269376624,1038.3303852503925,6.8688481370121295,1,False,False
48,9.6,2690269377584,1058.4396195884574,6.493931461264605,1,False,False
48,9.6,2690269374848,1145.649790218983,17.73313410706872,0,False,False
48,9.6,2690269377344,1077.5371389131242,5.378621143087529,1,False,False
48,9.6,2690269377296,1094.3780182906585,4.622279618464336,1,False,False
48,9.6,2690269374896,1111.2247774210716,5.940805987971201,1,False,False
48,9.6,2690269376816,1193.0018492943489,19.12581522071351,0,False,False
48,9.6,2690269378208,1246.5520721408068,21.439387845182935,0,False,False
48,9.6,2690269377248,1132.2667160681417,8.395347668591988,1,False,False
48,9.6,2690269375856,1158.3165711632503,9.944562879605614,1,False,False
48,9.6,2690269378016,1186.295769198546,11.992425409076645,1,False,False
48,9.6,2690269375712,1218.0839366660744,14.516593691505824,1,False,False
48,9.6,2690269375376,1322.8676808493121,22.444476162487035,0,False,False
48,9.6,2690269377968,1256.1496422498983,17.11393740001853,1,False,False
48,9.6,2690269375184,1302.1572907693592,19.2450411025003,1,False,False
48,9.6,2690269377536,1357.468842143783,21.695831077305357,1,False,False
49,9.8,2690269374656,308.02697512912886,0.015329923006347413,0,True,True
49,9.8,2690269373072,306.4972760096873,0.009772749222781655,1,False,True
49,9.8,2690269374704,390.9224747732215,11.920050688870313,0,False,False
49,9.8,2690269374752,419.445468667412,10.572868641651366,0,False,False
49,9.8,2690269377776,381.4099824430365,11.93210971102558,1,False,False
49,9.8,2690269376192,413.61269441006624,12.57287385757169,1,False,False
49,9.8,2690269376000,444.9107748128727,12.989247205925826,1,False,False
49,9.8,2690269377392,444.8101471673626,9.129273827071364,0,False,False
49,9.8,2690269373600,476.51777275215284,13.671952606126755,1,False,False
49,9.8,2690269375424,467.60461039857677,7.705372554978883,0,False,False
49,9.8,2690269376864,508.9832890250975,14.683909885174527,1,False,False
49,9.8,2690269377680,487.8794311322816,6.4244295769648225,0,False,False
49,9.8,2690269377632,506.61027523318654,6.81258249300454,0,False,False
49,9.8,2690269375472,545.4715724554375,16.068018027812993,1,False,False
49,9.8,2690269377008,587.1174403287255,17.485037460487487,1,False,False
49,9.8,2690269375520,527.8600861361008,9.291413695937957,0,False,False
49,9.8,2690269377200,630.4222553952915,18.473695781419035,1,False,False
49,9.8,2690269377872,556.2185719715368,11.72549639072226,0,False,False
49,9.8,2690269376144,588.354190075451,10.348108020195804,0,False,False
49,9.8,2690269377920,613.260117473614,8.02549812994601,0,False,False
49,9.8,2690269375136,687.0099435614266,19.373988497905078,1,False,False
49,9.8,2690269375808,748.8508427258083,20.00000021528153,1,True,False
49,9.8,2690269375616,634.2227293995359,7.061362919896985,0,False,False
49,9.8,2690269376672,656.5938461564893,6.040047754741137,0,False,False
49,9.8,2690269376528,675.4293724463992,6.112376656442869,0,False,False
49,9.8,2690269374992,695.1489594860005,7.3200970261467075,0,False,False
49,9.8,2690269377440,787.5364475457203,15.1655193990475,1,False,False
49,9.8,2690269376720,717.7230052514944,8.436966936862431,0,False,False
49,9.8,2690269375328,741.4224814257852,8.65022175264022,0,False,False
49,9.8,2690269376768,765.1501256531858,9.693824148173226,0,False,False
49,9.8,2690269375088,825.001356874326,13.662340309947483,1,False,False
49,9.8,2690269378160,791.2633997120367,11.296601320157038,0,False,False
49,9.8,2690269375952,820.619402682786,12.90823970694819,0,False,False
49,9.8,2690269375760,857.0831349719477,13.891320307760013,1,False,False
49,9.8,2690269378064,853.2334750828508,14.513215284451423,0,False,False
49,9.8,2690269377104,888.7169266594437,15.660401012163913,0,False,False
49,9.8,2690269375568,890.7136169740087,14.042143973318511,1,False,False
49,9.8,2690269376240,926.3700256284822,16.924732178198223,0,False,False
49,9.8,2690269374944,924.5685359851194,12.588203206100907,1,False,False
49,9.8,2690269377056,953.6303966518378,9.337700097436944,1,False,False
49,9.8,2690269375232,967.9038527339973,18.14901792501943,0,False,False
49,9.8,2690269377152,1017.9200581906383,19.852039115675353,0,False,False
49,9.8,2690269376432,1076.615274525802,20.000000151199103,0,True,False
49,9.8,2690269375040,1094.5722642788962,19.277337637154005,0,False,False
49,9.8,2690269375904,977.0361107605693,5.667881277259935,1,False,False
49,9.8,2690269376960,996.9812505478193,6.763936398572472,1,False,False
49,9.8,2690269378256,1018.5412989932521,7.184050433226129,1,False,False
49,9.8,2690269376624,1039.7017607044309,6.831757497862624,1,False,False
49,9.8,2690269377584,1059.7311703558128,6.384231245297889,1,False,False
49,9.8,2690269374848,1149.1999579830147,17.786131808621846,0,False,False
49,9.8,2690269377344,1078.6041443991617,5.250852950088658,1,False,False
49,9.8,2690269377296,1095.3057684714868,4.6758963753767455,1,False,False
49,9.8,2690269374896,1112.4264802124853,6.14535928925451,1,False,False
49,9.8,2690269376816,1196.8306082199117,19.179246303826062,0,False,False
49,9.8,2690269378208,1250.8404247014867,21.446507888974867,0,False,False
49,9.8,2690269377248,1133.959247735912,8.596821568530386,1,False,False
49,9.8,2690269375856,1160.3181119045996,10.134461150508502,1,False,False
49,9.8,2690269378016,1188.7086333208103,12.208056143855336,1,False,False
49,9.8,2690269375712,1221.00059373234,14.715494430307063,1,False,False
49,9.8,2690269375376,1327.3565760818094,22.444476162487035,0,False,False
49,9.8,2690269377968,1259.5805876659879,17.234879632571936,1,False,False
49,9.8,2690269375184,1306.0097651173749,19.296496966655962,1,False,False
49,9.8,2690269377536,1361.808008359244,21.695831077305357,1,False,False
50,10.0,2690269374656,308.02976578563414,0.012463795179086608,0,True,True
50,10.0,2690269373072,306.4991031518383,0.007945607071796404,1,False,True
50,10.0,2690269374704,393.29848519152927,11.799266220440575,0,False,False
50,10.0,2690269374752,421.54989031742116,10.420237178261013,0,False,False
50,10.0,2690269377776,383.8039244940251,12.043284657254958,1,False,False
50,10.0,2690269376192,416.13017834097195,12.616358445451619,1,False,False
50,10.0,2690269376000,447.5114274416128,13.031880939073991,1,False,False
50,10.0,2690269377392,446.62570075580066,8.973953340762803,0,False,False
50,10.0,2690269373600,479.2567103293405,13.740656788909085,1,False,False
50,10.0,2690269375424,469.13434890525633,7.537400425914627,0,False,False
50,10.0,2690269376864,511.92559333518267,14.766723104389165,1,False,False
50,10.0,2690269377680,489.1615923371348,6.388168463024489,0,False,False
50,10.0,2690269377632,507.98382402736314,6.98110460647294,0,False,False
50,10.0,2690269375472,548.6905644797068,16.148221857305458,1,False,False
50,10.0,2690269377008,590.6171190528686,17.524918381539297,1,False,False
50,10.0,2690269375520,529.7348784630905,9.537210695192465,0,False,False
50,10.0,2690269377200,634.1178775404178,18.486959550276826,1,False,False
50,10.0,2690269377872,558.5663009105319,11.75935200442787,0,False,False
50,10.0,2690269376144,590.4097448664908,10.136866404701621,0,False,False
50,10.0,2690269377920,614.8563311137073,7.8948734605592,0,False,False
50,10.0,2690269375136,690.8852416811084,19.381474286289844,1,False,False
50,10.0,2690269375808,752.8508427642578,20.000000151199103,1,True,False
50,10.0,2690269375616,635.637274539058,7.091979032166015,0,False,False
50,10.0,2690269376672,657.8008092224088,6.026061962819612,0,False,False
50,10.0,2690269376528,676.6575276833349,6.199230197916102,0,False,False
50,10.0,2690269374992,696.6210854465096,7.441215941339361,0,False,False
50,10.0,2690269377440,790.5642470946282,15.086672593805027,1,False,False
50,10.0,2690269376720,719.414171097477,8.493370480790956,0,False,False
50,10.0,2690269375328,743.1580219536527,8.733996852572346,0,False,False
50,10.0,2690269376768,767.0979302767532,9.83024721936229,0,False,False
50,10.0,2690269375088,827.7340143741523,13.665549851462448,1,False,False
50,10.0,2690269378160,793.5328992977846,11.449361457438743,0,False,False
50,10.0,2690269375952,823.210416669306,13.048284054513795,0,False,False
50,10.0,2690269375760,859.8620003934351,13.899026729717722,1,False,False
50,10.0,2690269378064,856.1429433061727,14.615124346731825,0,False,False
50,10.0,2690269377104,891.8541898162273,15.738044719200479,0,False,False
50,10.0,2690269375568,893.5157867808596,13.945039940251368,1,False,False
50,10.0,2690269376240,929.7592059664695,16.987936313596638,0,False,False
50,10.0,2690269374944,927.0673480739769,12.30405061333084,1,False,False
50,10.0,2690269377056,955.4775882034862,9.036373131919829,1,False,False
50,10.0,2690269375232,971.5364922751655,18.19118379728719,0,False,False
50,10.0,2690269377152,1021.8904877140747,19.852416572093404,0,False,False
50,10.0,2690269376432,1080.6152745528063,20.000000106191962,0,True,False
50,10.0,2690269375040,1098.4259843230645,19.25149353556617,0,False,False
50,10.0,2690269375904,978.1780480691561,5.793182382081033,1,False,False
50,10.0,2690269376960,998.3397998227155,6.84879496658787,1,False,False
50,10.0,2690269378256,1019.9777246028862,7.177089937424083,1,False,False
50,10.0,2690269376624,1041.0653569984402,6.789166192561941,1,False,False
50,10.0,2690269377584,1061.0004540387388,6.26991055193608,1,False,False
50,10.0,2690269374848,1152.760688749544,17.838562843385894,0,False,False
50,10.0,2690269377344,1079.6465242831769,5.1372827705681186,1,False,False
50,10.0,2690269377296,1096.2454834266825,4.747898982012883,1,False,False
50,10.0,2690269374896,1113.6695019802678,6.355796406627885,1,False,False
50,10.0,2690269376816,1200.6699034941055,19.23045636228981,0,False,False
50,10.0,2690269378208,1255.1301996688053,21.453602126748265,0,False,False
50,10.0,2690269377248,1135.6919392445063,8.796301524280462,1,False,False
50,10.0,2690269375856,1162.3577695920656,10.326352590226994,1,False,False
50,10.0,2690269378016,1191.1645960912426,12.423143382651201,1,False,False
50,10.0,2690269375712,1223.9566736812023,14.908978844029344,1,False,False
50,10.0,2690269375376,1331.8454713143067,22.444476162487035,0,False,False
50,10.0,2690269377968,1263.03529875823,17.34954385396206,1,False,False
50,10.0,2690269375184,1309.8723724357133,19.345610756006828,1,False,False
50,10.0,2690269377536,1366.147174574705,21.695831077305357,1,False,False
51,10.2,2690269374656,308.0320346927306,0.010133527102641083,0,True,True
51,10.2,2690269373072,306.50058868607897,0.006460072831113876,1,False,True
51,10.2,2690269374704,395.6501021053323,11.674932394770748,0,False,False
51,10.2,2690269374752,423.62367758399256,10.265952183272706,0,False,False
51,10.2,2690269377776,386.2196196671303,12.147306655819852,1,False,False
51,10.2,2690269376192,418.656317295832,12.659261348673818,1,False,False
51,10.2,2690269376000,450.12078074010174,13.077100880329235,1,False,False
51,10.2,2690269377392,448.4099669827213,8.815499882679468,0,False,False
51,10.2,2690269373600,482.009533230344,13.811468422463207,1,False,False
51,10.2,2690269375424,470.63113819960057,7.379398937186655,0,False,False
51,10.2,2690269376864,514.8844492674268,14.849318475967667,1,False,False
51,10.2,2690269377680,490.43787828986336,6.372482537583367,0,False,False
51,10.2,2690269377632,509.3919552135431,7.162397683291431,0,False,False
51,10.2,2690269375472,551.9254121024958,16.225667104503678,1,False,False
51,10.2,2690269377008,594.1247175117564,17.56395062157863,1,False,False
51,10.2,2690269375520,531.6582453470654,9.773868810110852,0,False,False
51,10.2,2690269377200,637.8161574846854,18.500291595689557,1,False,False
51,10.2,2690269377872,560.9191319385263,11.768277899140717,0,False,False
51,10.2,2690269376144,592.4230096706087,9.925353621895379,0,False,False
51,10.2,2690269377920,616.4271999892377,7.775718312165394,0,False,False
51,10.2,2690269375136,694.7620307602202,19.388866600342897,1,False,False
51,10.2,2690269375808,756.850842791262,20.000000106191962,1,True,False
51,10.2,2690269375616,637.056929606167,7.10774479249197,0,False,False
51,10.2,2690269376672,659.0054964426959,6.019983756800674,0,False,False
51,10.2,2690269376528,677.9035345720963,6.293111764597965,0,False,False
51,10.2,2690269374992,698.1172836573297,7.559974645590269,0,False,False
51,10.2,2690269377440,793.5764928674841,15.011059648583178,1,False,False
51,10.2,2690269376720,721.1165750441037,8.549282017502705,0,False,False
51,10.2,2690269375328,744.9107135240693,8.823666590591776,0,False,False
51,10.2,2690269376768,769.0732591453028,9.970166795889313,0,False,False
51,10.2,2690269375088,830.467413842808,13.670135654129663,1,False,False
51,10.2,2690269378160,795.8329659046673,11.602274041316344,0,False,False
51,10.2,2690269375952,825.8293018369611,13.186219192498303,0,False,False
51,10.2,2690269375760,862.6420003105154,13.90048130559418,1,False,False
51,10.2,2690269378064,859.0726533761406,14.714940705844988,0,False,False
51,10.2,2690269377104,895.0069487058718,15.815160165740584,0,False,False
51,10.2,2690269375568,896.2975686385487,13.833417906543911,1,False,False
51,10.2,2690269376240,933.1609348953933,17.049746596824146,0,False,False
51,10.2,2690269374944,929.5088434600356,12.012984159274772,1,False,False
51,10.2,2690269377056,957.265708437972,8.753231823737341,1,False,False
51,10.2,2690269375232,975.1774544868023,18.23171037684293,0,False,False
51,10.2,2690269377152,1025.8610078079407,19.85301427903885,0,False,False
51,10.2,2690269376432,1084.6152745717723,20.00000007458201,0,True,False
51,10.2,2690269375040,1102.2746452002677,19.227284715728306,0,False,False
51,10.2,2690269375904,979.3449989010758,5.917635698197031,1,False,False
51,10.2,2690269376960,999.7148430958996,6.926415084358427,1,False,False
51,10.2,2690269378256,1021.4124003727388,7.164765337104161,1,False,False
51,10.2,2690269376624,1042.4200507369371,6.740753354519346,1,False,False
51,10.2,2690269377584,1062.2466344944378,6.1523158723388,1,False,False
51,10.2,2690269374848,1156.3318638416395,17.89034983156037,0,False,False
51,10.2,2690269377344,1080.6671969974009,5.0390402753483885,1,False,False
51,10.2,2690269377296,1097.2007690023866,4.837210351678759,1,False,False
51,10.2,2690269374896,1114.9549489981289,6.571081111083832,1,False,False
51,10.2,2690269376816,1204.5192989079796,19.279564102258362,0,False,False
51,10.2,2690269378208,1259.421391370089,21.46066312911674,0,False,False
51,10.2,2690269377248,1137.4644008966382,8.993924206778184,1,False,False
51,10.2,2690269375856,1164.4359226952834,10.519931234363305,1,False,False
51,10.2,2690269378016,1193.6635100291417,12.637111792103704,1,False,False
51,10.2,2690269375712,1226.951077022651,15.096815150414482,1,False,False
51,10.2,2690269375376,1336.334366546804,22.444476162487035,0,False,False
51,10.2,2690269377968,1266.5125390695403,17.458218050449144,1,False,False
51,10.2,2690269375184,1313.7446534622359,19.39251813550233,1,False,False
51,10.2,2690269377536,1370.4863407901662,21.695831077305357,1,False,False
52,10.4,2690269374656,308.0338793982336,0.008238932850265819,0,True,True
52,10.4,2690269373072,306.50179648043644,0.005252278473652289,1,False,True
52,10.4,2690269374704,397.9766155724083,11.547048255199156,0,False,False
52,10.4,2690269374752,425.66649152504516,10.109907397657485,0,False,False
52,10.4,2690269377776,388.6556603612964,12.244525888704683,1,False,False
52,10.4,2690269376192,421.19100871585556,12.701786321914474,1,False,False
52,10.4,2690269376000,452.73934501596835,13.12480133545294,1,False,False
52,10.4,2690269377392,450.1623857466408,8.654930333376624,0,False,False
52,10.4,2690269373600,484.7766451114721,13.88412153803628,1,False,False
52,10.4,2690269375424,472.0970580741899,7.23262742281474,0,False,False
52,10.4,2690269376864,517.8597979683778,14.931472344713105,1,False,False
52,10.4,2690269377680,491.71237721074283,6.376934388078623,0,False,False
52,10.4,2690269377632,510.8371039373218,7.354682427783225,0,False,False
52,10.4,2690269375472,555.1755693220457,16.300439881877,1,False,False
52,10.4,2690269377008,597.6400654703494,17.602127663741452,1,False,False
52,10.4,2690269375520,533.6282503719922,9.999773741923393,0,False,False
52,10.4,2690269377200,641.5171067391548,18.513660653462765,1,False,False
52,10.4,2690269377872,563.2721153318428,11.752870518493527,0,False,False
52,10.4,2690269376144,594.3940334437677,9.71508184533768,0,False,False
52,10.4,2690269377920,617.974948036294,7.666984028667394,0,False,False
52,10.4,2690269375136,698.6402919644115,19.396163472219982,1,False,False
52,10.4,2690269375808,760.850842810228,20.00000007458201,1,True,False
52,10.4,2690269375616,638.4788321219254,7.110306315527689,0,False,False
52,10.4,2690269376672,660.2095133985442,6.0221467152754915,0,False,False
52,10.4,2690269376528,679.1687430617011,6.39318912774155,0,False,False
52,10.4,2690269374992,699.6370577734357,7.67603070063599,0,False,False
52,10.4,2690269377440,796.5738310983679,14.938665689699036,1,False,False
52,10.4,2690269376720,722.8301622155068,8.605346726631703,0,False,False
52,10.4,2690269375328,746.6817209406572,8.919014248657406,0,False,False
52,10.4,2690269376768,771.0767824079508,10.113148411056109,0,False,False
52,10.4,2690269375088,833.2017929091238,13.675530706286551,1,False,False
52,10.4,2690269378160,798.1636085524609,11.755020287997475,0,False,False
52,10.4,2690269375952,828.4756237355465,13.321862561813974,0,False,False
52,10.4,2690269375760,865.4218397691085,13.895020452178855,1,False,False
52,10.4,2690269378064,862.0221887891404,14.812694919910818,0,False,False
52,10.4,2690269377104,898.1750880123278,15.891605668982411,0,False,False
52,10.4,2690269375568,899.056057758927,13.707285362709758,1,False,False
52,10.4,2690269376240,936.574930789133,17.11012296714784,0,False,False
52,10.4,2690269374944,931.8917549058676,11.71675774173468,1,False,False
52,10.4,2690269377056,958.9984716944422,8.489371852096989,1,False,False
52,10.4,2690269375232,978.8264169266822,18.270678140298195,0,False,False
52,10.4,2690269377152,1029.8316607902022,19.853806827494147,0,False,False
52,10.4,2690269376432,1088.6152745850925,20.00000005238133,0,True,False
52,10.4,2690269375040,1106.1185711017413,19.20466809212168,0,False,False
52,10.4,2690269375904,980.5367495768853,6.040580515184794,1,False,False
52,10.4,2690269376960,1001.1049119004714,6.996497353564116,1,False,False
52,10.4,2690269378256,1022.8442537091753,7.147075893662921,1,False,False
52,10.4,2690269376624,1043.7646629574426,6.686329314837791,1,False,False
52,10.4,2690269377584,1063.4691524164614,6.0328992462922795,1,False,False
52,10.4,2690269374848,1159.913349916818,17.9414272924014,0,False,False
52,10.4,2690269377344,1081.6692911538064,4.957019996387508,1,False,False
52,10.4,2690269377296,1098.1750137592915,4.9427288660541455,1,False,False
52,10.4,2690269374896,1116.2837265062428,6.79026890928652,1,False,False
52,10.4,2690269376816,1208.3783816231985,19.326682667274966,0,False,False
52,10.4,2690269378208,1263.7139927171966,21.467684494945843,0,False,False
52,10.4,2690269377248,1139.2762703199253,9.189824999381806,1,False,False
52,10.4,2690269375856,1166.5528874811057,10.714876474599315,1,False,False
52,10.4,2690269378016,1196.2051145447151,12.849415884497908,1,False,False
52,10.4,2690269375712,1229.9826613306334,15.278822177987214,1,False,False
52,10.4,2690269375376,1340.8232617793012,22.444476162487035,0,False,False
52,10.4,2690269377968,1270.0111299230182,17.561192257996375,1,False,False
52,10.4,2690269375184,1317.6261755816297,19.437347505275724,1,False,False
52,10.4,2690269377536,1374.8255070056273,21.695831077305357,1,False,False
53,10.6,2690269374656,308.03537921212995,0.006698557552927232,0,True,True
53,10.6,2690269373072,306.50277846198225,0.004270296927911669,1,False,True
53,10.6,2690269374704,400.27731558280567,11.415615823947931,0,False,False
53,10.6,2690269374752,427.677977227945,9.952076883091966,0,False,False
53,10.6,2690269377776,391.110710514661,12.335313849096167,1,False,False
53,10.6,2690269376192,423.7341898963621,12.744123422578944,1,False,False
53,10.6,2690269376000,455.3676089419808,13.17486928765215,1,False,False
53,10.6,2690269377392,451.8826058548915,8.493340723416946,0,False,False
53,10.6,2690269373600,487.55839691639267,13.958357611188333,1,False,False
53,10.6,2690269375424,473.5344322181882,7.0982224760136114,0,False,False
53,10.6,2690269376864,520.8515375095518,15.012985592751496,1,False,False
53,10.6,2690269377680,492.98907962294794,6.400937365709188,0,False,False
53,10.6,2690269377632,512.3213514358724,7.556209054519975,0,False,False
53,10.6,2690269375472,558.4405074621382,16.372627678614972,1,False,False
53,10.6,2690269377008,601.1629916699274,17.639447068995594,1,False,False
53,10.6,2690269375520,535.6426390330905,10.213385064202628,0,False,False
53,10.6,2690269377200,645.220730823661,18.527039287028558,1,False,False
53,10.6,2690269377872,565.620436335133,11.713958090007475,0,False,False
53,10.6,2690269376144,596.3231567937091,9.507400750978693,0,False,False
53,10.6,2690269377920,619.5015902718575,7.567640505731399,0,False,False
53,10.6,2690269375136,702.5200061016959,19.403363456836445,1,False,False
53,10.6,2690269375808,764.8508428235484,20.00000005238133,1,True,False
53,10.6,2690269375616,639.9004577079616,7.101433257336884,0,False,False
53,10.6,2690269376672,661.4145242786283,6.0327641624835415,0,False,False
53,10.6,2690269376528,680.454337585658,6.498645725054232,0,False,False
53,10.6,2690269374992,701.1798494993842,7.7891385621369675,0,False,False
53,10.6,2690269377440,799.5569029911247,14.869444857709802,1,False,False
53,10.6,2690269376720,724.555004325833,8.662171557485806,0,False,False
53,10.6,2690269375328,748.4721642449656,9.019802301061558,0,False,False
53,10.6,2690269376768,773.1090841630369,10.258770228002286,0,False,False
53,10.6,2690269375088,835.93727503416,13.681156907679634,1,False,False
53,10.6,2690269378160,800.5247734969853,11.907296481779998,0,False,False
53,10.6,2690269375952,831.1489133310599,13.455060028888914,0,False,False
53,10.6,2690269375760,868.2000927142805,13.882005557848428,1,False,False
53,10.6,2690269378064,864.9911391478217,14.908417398148627,0,False,False
53,10.6,2690269377104,901.3584650542224,15.967253973131895,0,False,False
53,10.6,2690269375568,901.788358604234,13.56676792212506,1,False,False
53,10.6,2690269376240,940.0009048160881,17.16903716032942,0,False,False
53,10.6,2690269374944,934.2151716677199,11.417204246775034,1,False,False
53,10.6,2690269377056,960.6797925273034,8.245603296550376,1,False,False
53,10.6,2690269375232,982.4830730167707,18.30816409115369,0,False,False
53,10.6,2690269377152,1033.802484064341,19.854771264243258,0,False,False
53,10.6,2690269376432,1092.6152745944478,20.000000036789082,0,True,False
53,10.6,2690269375040,1109.958077571057,19.183600145723428,0,False,False
53,10.6,2690269375904,981.7529546830258,6.161363113411568,1,False,False
53,10.6,2690269376960,1002.5084814892871,7.058795452578924,1,False,False
53,10.6,2690269378256,1024.2722107558795,7.124005766223147,1,False,False
53,10.6,2690269376624,1045.09798595211,6.625843728706726,1,False,False
53,10.6,2690269377584,1064.667744172626,5.9131840645361216,1,False,False
53,10.6,2690269374848,1163.5050012710622,17.99174052321945,0,False,False
53,10.6,2690269377344,1082.6560989549378,4.891888886444252,1,False,False
53,10.6,2690269377296,1099.1713850705592,5.06334292571508,1,False,False
53,10.6,2690269374896,1117.6565566290678,7.012500669186021,1,False,False
53,10.6,2690269376816,1212.246761059623,19.371919652595363,0,False,False
53,10.6,2690269378208,1268.0079954040662,21.474660732882533,0,False,False
53,10.6,2690269377248,1141.1272118773697,9.38413316878982,1,False,False
53,10.6,2690269375856,1168.7089152410567,10.91085545699109,1,False,False
53,10.6,2690269378016,1198.789042049775,13.05954210302759,1,False,False
53,10.6,2690269375712,1233.0502511542984,15.45486617569829,1,False,False
53,10.6,2690269375376,1345.3121570117985,22.444476162487035,0,False,False
53,10.6,2690269377968,1273.5299506317547,17.658755657077727,1,False,False
53,10.6,2690269375184,1321.5165313817567,19.480220151874075,1,False,False
53,10.6,2690269377536,1379.1646732210884,21.695831077305357,1,False,False
54,10.8,2690269374656,308.0365986163764,0.005446175385254022,0,True,True
54,10.8,2690269373072,306.5035768493486,0.003471909561537665,1,False,True
54,10.8,2690269374704,402.551492998465,11.280645330593384,0,False,False
54,10.8,2690269374752,429.6577801768003,9.792519232148667,0,False,False
54,10.8,2690269377776,393.58350950252907,12.420057939759527,1,False,False
54,10.8,2690269376192,426.285835178854,12.786448042712808,1,False,False
54,10.8,2690269376000,458.00603812891103,13.22718498208923,1,False,False
54,10.8,2690269377392,453.5704996759433,8.331888287456552,0,False,False
54,10.8,2690269373600,490.3550884313067,14.033926532359082,1,False,False
54,10.8,2690269375424,474.945802775336,6.977185292100453,0,False,False
54,10.8,2690269376864,523.8595277035405,15.093682263639408,1,False,False
54,10.8,2690269377680,494.27184970201677,6.443773530552113,0,False,False
54,10.8,2690269377632,513.8464309883555,7.765257722223942,0,False,False
54,10.8,2690269375472,561.7197153986758,16.442318651805678,1,False,False
54,10.8,2690269377008,604.6933246093092,17.675909971758664,1,False,False
54,10.8,2690269375520,537.6988542352807,10.413247442531823,0,False,False
54,10.8,2690269377200,648.9270300042299,18.540403475909237,1,False,False
54,10.8,2690269377872,567.9594604078153,11.652582963666992,0,False,False
54,10.8,2690269376144,598.2109793357499,9.30349628771962,0,False,False
54,10.8,2690269377920,621.0089383221115,7.476702341310492,0,False,False
54,10.8,2690269375136,706.4011537222963,19.41046556317196,1,False,False
54,10.8,2690269375808,768.8508428329037,20.000000036789082,1,True,False
54,10.8,2690269375616,641.3196418887584,7.082975096381694,0,False,False
54,10.8,2690269376672,662.6222282705022,6.051936157990387,0,False,False
54,10.8,2690269376528,681.7613406921929,6.608687914928917,0,False,False
54,10.8,2690269374992,702.745057605886,7.899143992998117,0,False,False
54,10.8,2690269377440,802.5263384816584,14.803319763716411,1,False,False
54,10.8,2690269376720,726.2912915972767,8.720319007465333,0,False,False
54,10.8,2690269375328,750.2831146961768,9.12577453687525,0,False,False
54,10.8,2690269376768,775.1706649835638,10.406623055911789,0,False,False
54,10.8,2690269375088,838.673867411443,13.68642684088013,1,False,False
54,10.8,2690269378160,802.9163472950748,12.05881472704731,0,False,False
54,10.8,2690269375952,833.8486725437386,13.585683696133408,0,False,False
54,10.8,2690269375760,870.9752072152594,13.860826567416323,1,False,False
54,10.8,2690269378064,867.9791001128127,15.002138146763286,0,False,False
54,10.8,2690269377104,904.5569126273997,16.041991601907913,0,False,False
54,10.8,2690269375568,904.4916090359974,13.41211683538406,1,False,False
54,10.8,2690269376240,943.4385632091756,17.226471390026145,0,False,False
54,10.8,2690269374944,936.4785532317724,11.11620416134769,1,False,False
54,10.8,2690269377056,962.3137282199755,8.022447158957585,1,False,False
54,10.8,2690269375232,986.1471313474801,18.344241751226264,0,False,False
54,10.8,2690269377152,1037.7735105947577,19.85588686068138,0,False,False
54,10.8,2690269376432,1096.6152746010182,20.00000002583815,0,True,False
54,10.8,2690269375040,1113.793471424865,19.16403703530178,0,False,False
54,10.8,2690269375904,982.9931387278032,6.279340588887936,1,False,False
54,10.8,2690269376960,1003.9239811794924,7.113112123574827,1,False,False
54,10.8,2690269378256,1025.6951938835625,7.09553192987308,1,False,False
54,10.8,2690269376624,1046.418811526466,6.55939080330007,1,False,False
54,10.8,2690269377584,1065.8424537877027,5.794730878269124,1,False,False
54,10.8,2690269374848,1167.1066619234007,18.04124454968318,0,False,False
54,10.8,2690269377344,1083.6310313952044,4.844097868577785,1,False,False
54,10.8,2690269377296,1100.1928279764413,5.197943211156642,1,False,False
54,10.8,2690269374896,1119.0739950388186,7.236996562797047,1,False,False
54,10.8,2690269376816,1216.1240677893745,19.415377171325787,0,False,False
54,10.8,2690269378208,1272.3033900814667,21.481587156068137,0,False,False
54,10.8,2690269377248,1143.0169151576288,9.576967723173107,1,False,False
54,10.8,2690269375856,1170.9041900136463,11.107525693967222,1,False,False
54,10.8,2690269378016,1201.4148244732735,13.267010714999806,1,False,False
54,10.8,2690269375712,1236.1526472835612,15.624857513485164,1,False,False
54,10.8,2690269375376,1349.8010522442958,22.444476162487035,0,False,False
54,10.8,2690269377968,1277.0679381562677,17.75119409267712,1,False,False
54,10.8,2690269375184,1325.4153372434791,19.521250445263103,1,False,False
54,10.8,2690269377536,1383.5038394365495,21.695831077305357,1,False,False
55,11.0,2690269374656,308.0375900371919,0.0044279422984109746,0,True,True
55,11.0,2690269373072,306.50422596784733,0.0028227910627731416,1,False,True
55,11.0,2690269374704,404.7984415575889,11.142160699405089,0,False,False
55,11.0,2690269374752,431.6055633579527,9.631380190377358,0,False,False
55,11.0,2690269377776,396.0728749747114,12.499156377899302,1,False,False
55,11.0,2690269376192,428.84595296683483,12.828920197256751,1,False,False
55,11.0,2690269376000,460.6550738220698,13.281622607231125,1,False,False
55,11.0,2690269377392,455.22617412755227,8.171772505431996,0,False,False
55,11.0,2690269373600,493.16697002693036,14.110587467071412,1,False,False
55,11.0,2690269375424,476.3339025958157,6.8703723868277455,0,False,False
55,11.0,2690269376864,526.883594643523,15.173408168069527,1,False,False
55,11.0,2690269377680,495.5644002027581,6.504611308196074,0,False,False
55,11.0,2690269377632,515.4137338749676,7.980137905218959,0,False,False
55,11.0,2690269375472,565.0126996511038,16.50960101452603,1,False,False
55,11.0,2690269377008,608.230893228372,17.711520622327612,1,False,False
55,11.0,2690269375520,539.7940541353781,10.598003248921616,0,False,False
55,11.0,2690269377200,652.6359999511255,18.553732247187824,1,False,False
55,11.0,2690269377872,570.2847746518175,11.569979847313903,0,False,False
55,11.0,2690269376144,600.0583270719815,9.104393331718729,0,False,False
55,11.0,2690269377920,622.4986108455566,7.393249971222365,0,False,False
55,11.0,2690269375136,710.283715205305,19.41746919369299,1,False,False
55,11.0,2690269375808,772.8508428394742,20.00000002583815,1,True,False
55,11.0,2690269375616,642.7345931461493,7.056817761444561,0,False,False
55,11.0,2690269376672,663.8343374487472,6.079657875582859,0,False,False
55,11.0,2690269376528,683.0906180665389,6.72255136277809,0,False,False
55,11.0,2690269374992,704.3320557833401,8.005977796958883,0,False,False
55,11.0,2690269377440,805.4827499106536,14.74018123039404,1,False,False
55,11.0,2690269376720,728.0393235279493,8.78030229998556,0,False,False
55,11.0,2690269375328,752.115591175948,9.236658186326029,0,False,False
55,11.0,2690269376768,777.2619444529204,10.55631046942012,0,False,False
55,11.0,2690269375088,841.4114592226314,13.690745566400228,1,False,False
55,11.0,2690269378160,805.338160014217,12.209303611531407,0,False,False
55,11.0,2690269375952,836.5743793531492,13.713629787126202,0,False,False
55,11.0,2690269375760,873.7455114450522,13.830906134310583,1,False,False
55,11.0,2690269378064,870.9856733102818,15.093886610571758,0,False,False
55,11.0,2690269377104,907.7702417166576,16.115718192333212,0,False,False
55,11.0,2690269375568,907.1630058534195,13.243714707791195,1,False,False
55,11.0,2690269376240,946.887609278358,17.282417122601025,0,False,False
55,11.0,2690269374944,938.6817366567348,10.815652729475959,1,False,False
55,11.0,2690269377056,963.9044211934578,7.820140545591994,1,False,False
55,11.0,2690269375232,989.8183149825536,18.378981185661377,0,False,False
55,11.0,2690269377152,1041.7447693374413,19.85713490362809,0,False,False
55,11.0,2690269376432,1100.6152746056327,20.00000001814696,0,True,False
55,11.0,2690269375040,1117.6250506957697,19.145934706583688,0,False,False
55,11.0,2690269375904,984.2566985496879,6.393884489821036,1,False,False
55,11.0,2690269376960,1005.3498039114625,7.159295441011369,1,False,False
55,11.0,2690269378256,1027.1121208370562,7.061633126820101,1,False,False
55,11.0,2690269376624,1047.7259600943737,6.487211329909816,1,False,False
55,11.0,2690269377584,1066.993638143698,5.679104267135526,1,False,False
55,11.0,2690269374848,1170.718167495255,18.089903146414958,0,False,False
55,11.0,2690269377344,1084.5975759941987,4.813896530957359,1,False,False
55,11.0,2690269377296,1101.2420663428447,5.3454327502696914,1,False,False
55,11.0,2690269374896,1120.5364464301613,7.46305035128783,1,False,False
55,11.0,2690269376816,1220.0099524470372,19.45715196206961,0,False,False
55,11.0,2690269378208,1276.6001665114966,21.488459788572943,0,False,False
55,11.0,2690269377248,1144.9450926832158,9.768433965128676,1,False,False
55,11.0,2690269375856,1173.1388268400826,11.304537828087327,1,False,False
55,11.0,2690269378016,1204.081900140627,13.471377473709316,1,False,False
55,11.0,2690269375712,1239.2886353487959,15.788747299401418,1,False,False
55,11.0,2690269375376,1354.289947476793,22.444476162487035,0,False,False
55,11.0,2690269377968,1280.6240862930463,17.838787994836697,1,False,False
55,11.0,2690269375184,1329.3222319723516,19.5605460705765,1,False,False
55,11.0,2690269377536,1387.8430056520106,21.695831077305357,1,False,False
56,11.2,2690269374656,308.03839609903406,0.0036000810864710263,0,True,True
56,11.2,2690269373072,306.5047537252282,0.0022950336818517037,1,False,True
56,11.2,2690269374704,407.01746098720525,11.000205167786667,0,False,False
56,11.2,2690269374752,433.5210247776465,9.468893573655278,0,False,False
56,11.2,2690269377776,398.5777046966614,12.573013451071116,1,False,False
56,11.2,2690269376192,431.4145826153981,12.871684049861964,1,False,False
56,11.2,2690269376000,463.31513173949435,13.338051052515295,1,False,False
56,11.2,2690269377392,456.84997783206785,8.014215642140742,0,False,False
56,11.2,2690269373600,495.99424456501123,14.188109603149842,1,False,False
56,11.2,2690269375424,477.7016258540604,6.778489623536393,0,False,False
56,11.2,2690269376864,529.9235349633432,15.252029483636527,1,False,False
56,11.2,2690269377680,496.8702708730471,6.582522384756493,0,False,False
56,11.2,2690269377632,517.0243151642806,8.199187175133053,0,False,False
56,11.2,2690269375472,568.3189843574161,16.574562511405052,1,False,False
56,11.2,2690269377008,611.7755275029856,17.746285972461962,1,False,False
56,11.2,2690269375520,541.9251325748165,10.766406072353243,0,False,False
56,11.2,2690269377200,656.347632325819,18.567007345426067,1,False,False
56,11.2,2690269377872,572.5922246600563,11.467550862238776,0,False,False
56,11.2,2690269376144,601.8662205240146,8.910961527974615,0,False,False
56,11.2,2690269377920,623.9720478556757,7.316445942991469,0,False,False
56,11.2,2690269375136,714.1676708337235,19.42437409096505,1,False,False
56,11.2,2690269375808,776.8508428440889,20.00000001814696,1,True,False
56,11.2,2690269375616,644.143897413284,7.02484231944291,0,False,False
56,11.2,2690269376672,665.0525564104341,6.115828970138241,0,False,False
56,11.2,2690269376528,684.4428847758154,6.83950662019698,0,False,False
56,11.2,2690269374992,705.9402091987125,8.109648914384234,0,False,False
56,11.2,2690269377440,808.4267256627826,14.679888303830541,1,False,False
56,11.2,2690269376720,729.7994987850992,8.842581889806668,0,False,False
56,11.2,2690269375328,753.9705570175614,9.35216602822663,0,False,False
56,11.2,2690269376768,779.3832637307725,10.707449019606784,0,False,False
56,11.2,2690269375088,844.1498202553937,13.6935124732064,1,False,False
56,11.2,2690269378160,807.7899885683299,12.358508769638963,0,False,False
56,11.2,2690269375952,839.3254924853865,13.838816608379513,0,False,False
56,11.2,2690269375760,876.5092205286246,13.791704343032421,1,False,False
56,11.2,2690269378064,874.0104662132437,15.183691592080923,0,False,False
56,11.2,2690269377104,910.9982440732038,16.188345813880897,0,False,False
56,11.2,2690269375568,909.7998313340726,13.062079016430905,1,False,False
56,11.2,2690269376240,950.3477451842639,17.336873943366648,0,False,False
56,11.2,2690269374944,940.8249373174096,10.517426936077623,1,False,False
56,11.2,2690269377056,965.4560429759131,7.638649444431465,1,False,False
56,11.2,2690269375232,993.4963607708495,18.412449055102556,0,False,False
56,11.2,2690269377152,1045.71628563015,19.858498505975383,0,False,False
56,11.2,2690269376432,1104.6152746088737,20.00000001274519,0,True,False
56,11.2,2690269375040,1121.4531045968472,19.129248998379758,0,False,False
56,11.2,2690269375904,985.542906440831,6.504384274489908,1,False,False
56,11.2,2690269376960,1006.784315086313,7.197235478350736,1,False,False
56,11.2,2690269378256,1028.5219057240492,7.022299511347107,1,False,False
56,11.2,2690269376624,1049.0183099554956,6.40969132741192,1,False,False
56,11.2,2690269377584,1068.1219656740477,5.567841705217338,1,False,False
56,11.2,2690269374848,1174.3393468985162,18.13768792637098,0,False,False
56,11.2,2690269377344,1085.5592576355782,4.80135014061411,1,False,False
56,11.2,2690269377296,1102.32160589543,5.504734959665525,1,False,False
56,11.2,2690269374896,1122.0441788748642,7.690024011887924,1,False,False
56,11.2,2690269376816,1223.904084663684,19.497335529203,0,False,False
56,11.2,2690269378208,1280.898313704081,21.495275282254635,0,False,False
56,11.2,2690269377248,1146.91147697544,9.958620734296366,1,False,False
56,11.2,2690269375856,1175.4128705798573,11.501538490394216,1,False,False
56,11.2,2690269378016,1206.7896209680478,13.672235011913497,1,False,False
56,11.2,2690269375712,1242.4569937399492,15.94652394385656,1,False,False
56,11.2,2690269375376,1358.7788427092903,22.444476162487035,0,False,False
56,11.2,2690269377968,1284.197444472428,17.921810670770178,1,False,False
56,11.2,2690269375184,1333.2368754784848,19.598208285269614,1,False,False
56,11.2,2690269377536,1392.1821718674717,21.695831077305357,1,False,False
57,11.4,2690269374656,308.0390514571659,0.002926999259637481,0,True,True
57,11.4,2690269373072,306.50518281152546,0.0018659473845929113,1,False,True
57,11.4,2690269374704,409.2078612410012,10.854846896316879,0,False,False
57,11.4,2690269374752,435.40391504544607,9.305380409180646,0,False,False
57,11.4,2690269377776,401.09697746700635,12.642035157414327,1,False,False
57,11.4,2690269376192,433.99179124082343,12.914867657079366,1,False,False
57,11.4,2690269376000,465.98660106574704,13.396334723037134,1,False,False
57,11.4,2690269377392,458.4425043728213,7.860443296118381,0,False,False
57,11.4,2690269373600,498.83706944669905,14.266272784100629,1,False,False
57,11.4,2690269375424,479.0519976850611,6.702089392332319,0,False,False
57,11.4,2690269376864,532.9791198177481,15.329431360121218,1,False,False
57,11.4,2690269377680,498.1928101755001,6.676497462326843,0,False,False
57,11.4,2690269377632,518.6788992401472,8.420769820928044,0,False,False
57,11.4,2690269375472,571.6381111496465,16.63728997289266,1,False,False
57,11.4,2690269377008,615.3270589597633,17.780215300724084,1,False,False
57,11.4,2690269375520,544.0887422455471,10.917334566027916,0,False,False
57,11.4,2690269377200,660.0619153042894,18.580212936984225,1,False,False
57,11.4,2690269377872,574.8779462151418,11.346838407388118,0,False,False
57,11.4,2690269376144,603.6358442114481,8.723923648570896,0,False,False
57,11.4,2690269377920,625.4305279885883,7.245546619210842,0,False,False
57,11.4,2690269375136,718.0530008592572,19.431180290631247,1,False,False
57,11.4,2690269375808,780.85084284733,20.00000001274519,1,True,False
57,11.4,2690269375616,645.5465145196998,6.9888871450993815,0,False,False
57,11.4,2690269376672,666.278563830757,6.160263571105028,0,False,False
57,11.4,2690269376528,685.8187125788279,6.958863951675273,0,False,False
57,11.4,2690269374992,707.5688896325966,8.210236952679946,0,False,False
57,11.4,2690269377440,811.3588238255059,14.622268519953952,1,False,False
57,11.4,2690269376720,731.5723044830182,8.907563198918275,0,False,False
57,11.4,2690269375328,755.8489172543642,9.471998461245795,0,False,False
57,11.4,2690269376768,781.5348881666037,10.859668523780163,0,False,False
57,11.4,2690269375088,846.8885998969429,13.694123221164524,1,False,False
57,11.4,2690269378160,810.2715601590692,12.506193337079612,0,False,False
57,11.4,2690269375952,842.1014556978677,13.961182590417126,0,False,False
57,11.4,2690269375760,879.2644443728053,13.742723983488558,1,False,False
57,11.4,2690269378064,877.0530920109892,15.271581231810194,0,False,False
57,11.4,2690269377104,914.240694655189,16.25979827733148,0,False,False
57,11.4,2690269375568,912.3994803134799,12.867863094946713,1,False,False
57,11.4,2690269376240,953.8186734910266,17.38984851177515,0,False,False
57,11.4,2690269374944,942.9087430976347,10.22335353823473,1,False,False
57,11.4,2690269377056,966.9727411654469,7.477687744602854,1,False,False
57,11.4,2690269375232,997.1810186700773,18.444708689483843,0,False,False
57,11.4,2690269377152,1049.6880815459438,19.859962435229676,0,False,False
57,11.4,2690269376432,1108.61527461115,20.000000008951353,0,True,False
57,11.4,2690269375040,1125.277913507145,19.113935744911068,0,False,False
57,11.4,2690269375904,986.8509139509554,6.610250604688791,1,False,False
57,11.4,2690269376960,1008.2258607689329,7.226861479375085,1,False,False
57,11.4,2690269378256,1029.923461960774,6.977542634291671,1,False,False
57,11.4,2690269376624,1050.2948260709725,6.327357227994491,1,False,False
57,11.4,2690269377584,1069.2284090063215,5.462425212938328,1,False,False
57,11.4,2690269374848,1177.9700238459864,18.18457749707942,0,False,False
57,11.4,2690269377344,1086.5196029221083,4.8063581893035305,1,False,False
57,11.4,2690269377296,1103.4337387377252,5.674799873163548,1,False,False
57,11.4,2690269374896,1123.597337123845,7.917342690152133,1,False,False
57,11.4,2690269376816,1227.8061520307326,19.536014308177396,0,False,False
57,11.4,2690269378208,1285.1978200374747,21.502030842887994,0,False,False
57,11.4,2690269377248,1148.9158171130282,10.147598322166601,1,False,False
57,11.4,2690269375856,1177.7262953015347,11.698173200511961,1,False,False
57,11.4,2690269378016,1209.5372599159186,13.869213933739259,1,False,False
57,11.4,2690269375712,1245.6565008367024,16.098209704536323,1,False,False
57,11.4,2690269375376,1363.2677379417876,22.444476162487035,0,False,False
57,11.4,2690269377968,1287.787116238035,18.0005269367125,1,False,False
57,11.4,2690269375184,1337.1589475091146,19.63433219383149,1,False,False
57,11.4,2690269377536,1396.5213380829327,21.695831077305357,1,False,False
58,11.6,2690269374656,308.03958428759967,0.0023797588054652588,0,True,True
58,11.6,2690269373072,306.50553167457724,0.0015170843328364293,1,False,True
58,11.6,2690269374704,411.36896785095513,10.706184421867603,0,False,False
58,11.6,2690269374752,437.2540546659233,9.141246278584761,0,False,False
58,11.6,2690269377776,403.6297531899798,12.706625252473193,1,False,False
58,11.6,2690269376192,436.577670492564,12.958582911536157,1,False,False
58,11.6,2690269376000,468.6698436115116,13.456334393300331,1,False,False
58,11.6,2690269377392,460.00459168646057,7.711665445388789,0,False,False
58,11.6,2690269373600,501.6955587800293,14.34486802935349,1,False,False
58,11.6,2690269375424,480.38814345501106,6.641570707105886,0,False,False
58,11.6,2690269376864,536.0500985845982,15.405516540718649,1,False,False
58,11.6,2690269377680,499.5351600692379,6.785460599886109,0,False,False
58,11.6,2690269377632,520.377885061935,8.64327568805472,0,False,False
58,11.6,2690269375472,574.9696389450338,16.697868940104893,1,False,False
58,11.6,2690269377008,618.8853211183649,17.813319874418106,1,False,False
58,11.6,2690269375520,546.2813206171783,11.049806037987686,0,False,False
58,11.6,2690269377200,663.7788340432946,18.593335345145732,1,False,False
58,11.6,2690269377872,577.1383914662779,11.209496818656756,0,False,False
58,11.6,2690269376144,605.3685179370312,8.543865844424825,0,False,False
58,11.6,2690269377920,626.8751878258266,7.1799096882083395,0,False,False
58,11.6,2690269375136,721.9396855580942,19.43788808002649,1,False,False
58,11.6,2690269375808,784.8508428496064,20.000000008951353,1,True,False
58,11.6,2690269375616,646.941767360791,6.950714645044694,0,False,False
58,11.6,2690269376672,667.5139960424383,6.212700587495121,0,False,False
58,11.6,2690269376528,687.218538153479,7.079977454263227,0,False,False
58,11.6,2690269374992,709.2174890896403,8.307884250722049,0,False,False
58,11.6,2690269377440,814.2795659172241,14.567118407947822,1,False,False
58,11.6,2690269376720,733.3583050843196,8.975595468366434,0,False,False
58,11.6,2690269375328,757.7515162793811,9.595845526651951,0,False,False
58,11.6,2690269376768,783.7170099757553,11.012612420232594,0,False,False
58,11.6,2690269375088,849.6273265242655,13.691971815960413,1,False,False
58,11.6,2690269378160,812.7825558004647,12.652138290353378,0,False,False
58,11.6,2690269375952,844.9017016777938,14.080684411380066,0,False,False
58,11.6,2690269375760,882.0091965858477,13.683516334965969,1,False,False
58,11.6,2690269378064,880.1131694779095,15.357583035635216,0,False,False
58,11.6,2690269377104,917.4973539295584,16.330010437835895,0,False,False
58,11.6,2690269375568,914.9594872795903,12.661854345046228,1,False,False
58,11.6,2690269376240,957.3000985159416,17.441353602610093,0,False,False
58,11.6,2690269374944,944.9341023166078,9.93517922330612,1,False,False
58,11.6,2690269377056,968.4585905349868,7.336740983321386,1,False,False
58,11.6,2690269375232,1000.872051086482,18.475820178704527,0,False,False
58,11.6,2690269377152,1053.6601762135272,19.861512958207957,0,False,False
58,11.6,2690269376432,1112.6152746127486,20.000000006286818,0,True,False
58,11.6,2690269375040,1129.099748977361,19.099950873727014,0,False,False
58,11.6,2690269375904,988.179756339859,6.710918492159106,1,False,False
58,11.6,2690269376960,1009.6727753636764,7.248139622732584,1,False,False
58,11.6,2690269378256,1031.3157072184863,6.927405405368895,1,False,False
58,11.6,2690269376624,1051.554587648155,6.240867671725731,1,False,False
58,11.6,2690269377584,1070.3142321541397,5.36425640700796,1,False,False
58,11.6,2690269374848,1181.6100181974098,18.230556681460648,0,False,False
58,11.6,2690269377344,1087.4821083037757,4.828673744141661,1,False,False
58,11.6,2690269377296,1104.5805490062912,5.854608794497577,1,False,False
58,11.6,2690269374896,1125.1959549200965,8.144489952560843,1,False,False
58,11.6,2690269376816,1231.7158590981853,19.57326984938372,0,False,False
58,11.6,2690269378208,1289.498673364556,21.50872416454163,0,False,False
58,11.6,2690269377248,1150.957874917107,10.335417030385873,1,False,False
58,11.6,2690269375856,1180.0790042537838,11.894089259589853,1,False,False
58,11.6,2690269378016,1212.3240186389655,14.061983577380508,1,False,False
58,11.6,2690269375712,1248.8859415481336,16.243857246843866,1,False,False
58,11.6,2690269375376,1367.7566331742848,22.444476162487035,0,False,False
58,11.6,2690269377968,1291.3922574735045,18.075192056163747,1,False,False
58,11.6,2690269375184,1341.0881464369377,19.669007033521133,1,False,False
58,11.6,2690269377536,1400.8605042983938,21.695831077305357,1,False,False
59,11.8,2690269374656,308.04001749847674,0.0019348320480582725,0,True,True
59,11.8,2690269373072,306.50581531315913,0.0012334457509046407,1,False,True
59,11.8,2690269374704,413.5001283511664,10.554351799756857,0,False,False
59,11.8,2690269374752,439.07135068034444,8.976976894662757,0,False,False
59,11.8,2690269377776,406.1751721850174,12.76718171461125,1,False,False
59,11.8,2690269376192,439.1723333261291,13.002925664704764,1,False,False
59,11.8,2690269376000,471.3651931456748,13.517908083488901,1,False,False
59,11.8,2690269377392,461.53731772101145,7.569058434742957,0,False,False
59,11.8,2690269373600,504.56978564400987,14.423697943423731,1,False,False
59,11.8,2690269375424,481.7132582308388,6.597181922551023,0,False,False
59,11.8,2690269376864,539.1362022928804,15.48020400858008,1,False,False
59,11.8,2690269377680,500.9002435558685,6.9082819676423615,0,False,False
59,11.8,2690269377632,522.1213512248113,8.86511956950774,0,False,False
59,11.8,2690269375472,578.3131436664681,16.756383352726594,1,False,False
59,11.8,2690269377008,622.4501498684732,17.845612645187526,1,False,False
59,11.8,2690269375520,548.4991185340914,11.162989189045092,0,False,False
59,11.8,2690269377200,667.4983710955502,18.606362812843106,1,False,False
59,11.8,2690269377872,579.3703494064614,11.057263751212908,0,False,False
59,11.8,2690269376144,607.0656702187284,8.371249227348063,0,False,False
59,11.8,2690269377920,628.3070424615728,7.118997907331561,0,False,False
59,11.8,2690269375136,725.8277052787479,19.444497961779234,1,False,False
59,11.8,2690269375808,788.8508428512051,20.000000006286818,1,True,False
59,11.8,2690269375616,648.3293247549756,6.9119832414751,0,False,False
59,11.8,2690269376672,668.7604326827466,6.272814058576157,0,False,False
59,11.8,2690269376528,688.6426721028521,7.20224850476758,0,False,False
59,11.8,2690269374992,710.885431796943,8.402787598421439,0,False,False
59,11.8,2690269377440,817.1894307309761,14.514204212625224,1,False,False
59,11.8,2690269376720,735.1581311395107,9.046971600250847,0,False,False
59,11.8,2690269375328,759.679135905779,9.72338887415535,0,False,False
59,11.8,2690269376768,785.9297509899939,11.16593817329477,0,False,False
59,11.8,2690269375088,852.3654073204094,13.686452860075308,1,False,False
59,11.8,2690269378160,815.3226139035432,12.796142666879238,0,False,False
59,11.8,2690269375952,847.7256555710088,14.19729520650601,0,False,False
59,11.8,2690269375760,884.7414045844229,13.613687391483486,1,False,False
59,11.8,2690269378064,883.1903228502722,15.44172393680323,0,False,False
59,11.8,2690269377104,920.7679700343629,16.398927496693492,0,False,False
59,11.8,2690269375568,917.4775529167869,12.444969538559436,1,False,False
59,11.8,2690269376240,960.791727492924,17.49140722984241,0,False,False
59,11.8,2690269374944,946.9023058760828,9.654543777827639,1,False,False
59,11.8,2690269377056,969.9175491209627,7.215093267996521,1,False,False
59,11.8,2690269375232,1004.5692322335756,18.50584047614677,0,False,False
59,11.8,2690269377152,1057.6325861075243,19.86313770032695,0,False,False
59,11.8,2690269376432,1116.6152746138716,20.000000004415433,0,True,False
59,11.8,2690269375040,1132.9188737547868,19.08725049873423,0,False,False
59,11.8,2690269375904,989.5283576504023,6.805850317483243,1,False,False
59,11.8,2690269376960,1011.1233888860646,7.261071444217814,1,False,False
59,11.8,2690269378256,1032.6975703421938,6.871971672977721,1,False,False
59,11.8,2690269376624,1052.7968138677859,6.1510021147739895,1,False,False
59,11.8,2690269377584,1071.380972969129,5.274635375437074,1,False,False
59,11.8,2690269374848,1185.2591471538415,18.275615800671883,0,False,False
59,11.8,2690269377344,1088.450212095332,4.867922953014069,1,False,False
59,11.8,2690269377296,1105.7639193639916,6.043177617147724,1,False,False
59,11.8,2690269374896,1126.8399663807065,8.371003311364118,1,False,False
59,11.8,2690269376816,1235.6329264105902,19.609179015119494,0,False,False
59,11.8,2690269378208,1293.800861106497,21.515353371291432,0,False,False
59,11.8,2690269377248,1153.037420888822,10.522106334167244,1,False,False
59,11.8,2690269375856,1182.4708304121468,12.088938590884059,1,False,False
59,11.8,2690269378016,1215.1490352658914,14.250252427899904,1,False,False
59,11.8,2690269375712,1252.1441131673032,16.383546254388087,1,False,False
59,11.8,2690269375376,1372.2455284067821,22.444476162487035,0,False,False
59,11.8,2690269377968,1295.012074435546,18.146050950808032,1,False,False
59,11.8,2690269375184,1345.0241881060424,19.702316465738566,1,False,False
59,11.8,2690269377536,1405.199670513855,21.695831077305357,1,False,False
60,12.0,2690269374656,308.0403697149647,0.0015730901155176001,0,True,True
60,12.0,2690269373072,306.50604592183134,0.0010028370786614323,1,False,True
60,12.0,2690269374704,415.60071970131713,10.399523279617329,0,False,False
60,12.0,2690269374752,440.8558123099587,8.813131996659331,0,False,False
60,12.0,2690269377776,408.73245381755,12.824093631809061,1,False,False
60,12.0,2690269376192,441.77591081149416,13.047976010037786,1,False,False
60,12.0,2690269376000,474.0729549033718,13.580911943190355,1,False,False
60,12.0,2690269377392,463.0419925746895,7.433748291023365,0,False,False
60,12.0,2690269373600,507.4597844272953,14.502577017235566,1,False,False
60,12.0,2690269375424,483.03057695011177,6.569025724170535,0,False,False
60,12.0,2690269376864,542.2371467821546,15.553427666966655,1,False,False
60,12.0,2690269377680,502.290754665978,7.043788939133126,0,False,False
60,12.0,2690269377632,523.9090609501432,9.084741433271459,0,False,False
60,12.0,2690269375472,581.668217904356,16.812915293036372,1,False,False
60,12.0,2690269377008,626.021383787992,17.87710797553357,1,False,False
60,12.0,2690269375520,550.7382312735767,11.256215432079907,0,False,False
60,12.0,2690269377200,671.2205067791434,18.619285290127216,1,False,False
60,12.0,2690269377872,581.5709606514463,10.891932111472476,0,False,False
60,12.0,2690269376144,608.7288141005903,8.20642228490216,0,False,False
60,12.0,2690269377920,629.7270065904454,7.062379524493098,0,False,False
60,12.0,2690269375136,729.7170404829212,19.451010621825905,1,False,False
60,12.0,2690269375808,792.850842852328,20.000000004415433,1,True,False
60,12.0,2690269375616,649.7091790689983,6.874224968733969,0,False,False
60,12.0,2690269376672,670.0193844021215,6.340223333867026,0,False,False
60,12.0,2690269376528,690.0913086072104,7.325128558257063,0,False,False
60,12.0,2690269374992,712.572184530367,8.49518974789099,0,False,False
60,12.0,2690269377440,820.0888483362928,14.46326281826216,1,False,False
60,12.0,2690269376720,736.9724680541959,9.121928858878794,0,False,False
60,12.0,2690269375328,761.6324938164181,9.854303665643258,0,False,False
60,12.0,2690269376768,788.173165491652,11.319317713383155,0,False,False
60,12.0,2690269375088,855.102128555052,13.676964025262809,1,False,False
60,12.0,2690269378160,817.8913338968964,12.9380236636938,0,False,False
60,12.0,2690269375952,850.5727381586464,14.311002866665598,0,False,False
60,12.0,2690269375760,887.4589209703395,13.532904432419727,1,False,False
60,12.0,2690269378064,886.2841817171486,15.52403038202742,0,False,False
60,12.0,2690269377104,924.0522808015717,16.46650430625847,0,False,False
60,12.0,2690269375568,919.9515695142744,12.218247186544342,1,False,False
60,12.0,2690269376240,964.293271566062,17.540031849486066,0,False,False
60,12.0,2690269374944,948.8149642779085,9.382956924947207,1,False,False
60,12.0,2690269377056,971.3534198303718,7.111855893630258,1,False,False
60,12.0,2690269375232,1008.2723475122458,18.5348235116141,0,False,False
60,12.0,2690269377152,1061.605325311512,19.86482551808265,0,False,False
60,12.0,2690269376432,1120.6152746146602,20.0000000031011,0,True,False
60,12.0,2690269375040,1136.7355418265104,19.075791007973113,0,False,False
60,12.0,2690269375904,990.8955363778362,6.894538742011234,1,False,False
60,12.0,2690269376960,1012.5760339648549,7.265692952073566,1,False,False
60,12.0,2690269378256,1034.0680001416,6.811375072151009,1,False,False
60,12.0,2690269376624,1054.020887136913,6.058646587105328,1,False,False
60,12.0,2690269377584,1072.4304216368942,5.194743622763413,1,False,False
60,12.0,2690269374848,1188.9172263125781,18.31975001620001,0,False,False
60,12.0,2690269377344,1089.427270375557,4.923624146486181,1,False,False
60,12.0,2690269377296,1106.9855380806823,6.239559046643065,1,False,False
60,12.0,2690269374896,1128.529216500556,8.596469994370334,1,False,False
60,12.0,2690269376816,1239.5570895830272,19.64381418508533,0,False,False
60,12.0,2690269378208,1298.1043703352234,21.521916965461262,0,False,False
60,12.0,2690269377248,1155.154230017626,10.707674604483614,1,False,False
60,12.0,2690269375856,1184.901537588253,12.282380486331144,1,False,False
60,12.0,2690269378016,1218.0113922375265,14.433768167528276,1,False,False
60,12.0,2690269375712,1255.4298305529944,16.517380122372895,1,False,False
60,12.0,2690269375376,1376.7344236392794,22.444476162487035,0,False,False
60,12.0,2690269377968,1298.645821645632,18.213337650939447,1,False,False
60,12.0,2690269375184,1348.9668047362536,19.73433886863357,1,False,False
60,12.0,2690269377536,1409.538836729316,21.695831077305357,1,False,False
61,12.2,2690269374656,308.04065608001446,0.0012789805265126801,0,True,True
61,12.2,2690269373072,306.50623341522294,0.0008153436870657689,1,False,True
61,12.2,2690269374704,417.670156606305,10.241917363243626,0,False,False
61,12.2,2690269374752,442.6075652729473,8.650337700248564,0,False,False
61,12.2,2690269377776,411.3008945350316,12.877738504655088,1,False,False
61,12.2,2690269376192,444.38854900784554,13.093798707571784,1,False,False
61,12.2,2690269376000,476.7934052705579,13.645201128999448,1,False,False
61,12.2,2690269377392,464.520147403324,7.3067956842392325,0,False,False
61,12.2,2690269373600,510.36555322014993,14.581331825867009,1,False,False
61,12.2,2690269375424,484.34334572089824,6.557066010267791,0,False,False
61,12.2,2690269376864,545.3526356006553,15.625135060234479,1,False,False
61,12.2,2690269377680,503.7091505531389,7.190775530288717,0,False,False
61,12.2,2690269377632,525.7404671897262,9.30060772163582,0,False,False
61,12.2,2690269375472,585.0344705306987,16.867544779677267,1,False,False
61,12.2,2690269377008,629.5988644084742,17.90782139370408,1,False,False
61,12.2,2690269375520,552.9946317465101,11.328988288309981,0,False,False
61,12.2,2690269377200,674.945219505957,18.632094243827098,1,False,False
61,12.2,2690269377872,583.7377266789455,10.715323236145172,0,False,False
61,12.2,2690269376144,610.3595254792887,8.049633697223722,0,False,False
61,12.2,2690269377920,631.1359154814361,7.009725826483728,0,False,False
61,12.2,2690269375136,733.607671780242,19.457426901328198,1,False,False
61,12.2,2690269375808,796.8508428531165,20.0000000031011,1,True,False
61,12.2,2690269375616,651.0816197409799,6.838828724733141,0,False,False
61,12.2,2690269376672,671.292282588311,6.414502913212328,0,False,False
61,12.2,2690269376528,691.5645355932529,7.448121312162566,0,False,False
61,12.2,2690269374992,714.2772652366731,8.585370861077703,0,False,False
61,12.2,2690269377440,822.9781942784025,14.41400285784932,1,False,False
61,12.2,2690269376720,738.8020450469674,9.200650299888897,0,False,False
61,12.2,2690269375328,763.6122423898477,9.988260413987522,0,False,False
61,12.2,2690269376768,790.4472431372999,11.472437896343006,0,False,False
61,12.2,2690269375088,857.8366563767147,13.662908792418289,1,False,False
61,12.2,2690269378160,820.4882798588784,13.077616614716835,0,False,False
61,12.2,2690269375952,853.4423686995701,14.42180842873723,0,False,False
61,12.2,2690269375760,890.1595362381369,13.440902813298177,1,False,False
61,12.2,2690269378064,889.3943809296901,15.604528432699292,0,False,False
61,12.2,2690269377104,927.3500156412946,16.532704682201086,0,False,False
61,12.2,2690269375568,922.3796446566292,11.98283706614201,1,False,False
61,12.2,2690269376240,967.8044466288051,17.587253637531035,0,False,False
61,12.2,2690269374944,950.6739802773252,9.121779254856321,1,False,False
61,12.2,2690269377056,972.7698178144027,7.025996335734703,1,False,False
61,12.2,2690269375232,1011.9811929139277,18.562820310809876,0,False,False
61,12.2,2690269377152,1065.5784057563617,19.866566383458792,0,False,False
61,12.2,2690269376432,1124.6152746152143,20.000000002178,0,True,False
61,12.2,2690269375040,1140.5499984798112,19.06552914588209,0,False,False
61,12.2,2690269375904,992.2800117154607,6.976509533562191,1,False,False
61,12.2,2690269376960,1014.0290527137574,7.262074437827953,1,False,False
61,12.2,2690269378256,1035.4259758856422,6.745806812863059,1,False,False
61,12.2,2690269376624,1055.2263733259108,5.964777049959943,1,False,False
61,12.2,2690269377584,1073.4645960384914,5.125631161381787,1,False,False
61,12.2,2690269374848,1192.5840705943049,18.36295872826567,0,False,False
61,12.2,2690269377344,1090.416536655535,4.995206079283245,1,False,False
61,12.2,2690269377296,1108.246906496677,6.44284394385275,1,False,False
61,12.2,2690269374896,1130.2634708250314,8.820522935707732,1,False,False
61,12.2,2690269376816,1243.4880984185563,19.67724346661206,0,False,False
61,12.2,2690269378208,1302.4091878459203,21.528413781670864,0,False,False
61,12.2,2690269377248,1157.308077568579,10.89210933665686,1,False,False
61,12.2,2690269375856,1187.3708220800727,12.474084221028168,1,False,False
61,12.2,2690269378016,1220.9101241306075,14.612317359674755,1,False,False
61,12.2,2690269375712,1258.7419306572424,16.645482763967852,1,False,False
61,12.2,2690269375376,1381.2233188717767,22.444476162487035,0,False,False
61,12.2,2690269377968,1302.292799686075,18.277274953504676,1,False,False
61,12.2,2690269375184,1352.9157438858933,19.76514762741009,1,False,False
61,12.2,2690269377536,1413.878002944777,21.695831077305357,1,False,False
62,12.4,2690269374656,308.040888905406,0.001039858537703939,0,True,True
62,12.4,2690269373072,306.50638585429454,0.0006629046154988059,1,False,True
62,12.4,2690269374704,419.707900598744,10.081800101564303,0,False,False
62,12.4,2690269374752,444.326864477499,8.48927748475558,0,False,False
62,12.4,2690269377776,413.87986539074075,12.928479953675206,1,False,False
62,12.4,2690269376192,447.01040593171854,13.14044373157667,1,False,False
62,12.4,2690269376000,479.52679164305636,13.710630663939165,1,False,False
62,12.4,2690269377392,465.973520442912,7.189182777940089,0,False,False
62,12.4,2690269373600,513.2870562393156,14.659801127846073,1,False,False
62,12.4,2690269375424,485.6547946035154,6.561136266616502,0,False,False
62,12.4,2690269376864,548.4823626506379,15.695286141798162,1,False,False
62,12.4,2690269377680,505.15764536921307,7.348010265228449,0,False,False
62,12.4,2690269377632,527.6147180713014,9.511213907135259,0,False,False
62,12.4,2690269375472,588.4115262749344,16.92034960532945,1,False,False
62,12.4,2690269377008,633.182436433295,17.93776937457795,1,False,False
62,12.4,2690269375520,555.2642054267557,11.380990444625654,0,False,False
62,12.4,2690269377200,678.6724860733829,18.644782487117062,1,False,False
62,12.4,2690269377872,585.8685138166188,10.52926187299443,0,False,False
62,12.4,2690269376144,611.9594240013678,7.901045189729577,0,False,False
62,12.4,2690269377920,632.5345452929154,6.9608062551139565,0,False,False
62,12.4,2690269375136,737.499579957618,19.46374777204121,1,False,False
62,12.4,2690269375808,800.8508428536704,20.000000002178,1,True,False
62,12.4,2690269375616,652.4472038212396,6.807028962819188,0,False,False
62,12.4,2690269376672,672.5804710290265,6.4951918208491985,0,False,False
62,12.4,2690269376528,693.062345294303,7.570784243017209,0,False,False
62,12.4,2690269374992,716.0002499485518,8.673640040152506,0,False,False
62,12.4,2690269377440,825.8577840109145,14.366105994046258,1,False,False
62,12.4,2690269376720,740.6476244350079,9.283266800123332,0,False,False
62,12.4,2690269375328,765.6189678896671,10.124926755766115,0,False,False
62,12.4,2690269376768,792.7519119737516,11.625000966269322,0,False,False
62,12.4,2690269375088,860.5680381731092,13.643699503444395,1,False,False
62,12.4,2690269378160,823.1129841372494,13.214774848556006,0,False,False
62,12.4,2690269375952,856.3339674571288,14.529724560018295,0,False,False
62,12.4,2690269375760,892.8409928477198,13.33749282228829,1,False,False
62,12.4,2690269378064,892.5205605312567,15.683243873759123,0,False,False
62,12.4,2690269377104,930.6608972891547,16.59750072708793,0,False,False
62,12.4,2690269375568,924.7601226398525,11.73998710555115,1,False,False
62,12.4,2690269376240,971.3249740235319,17.63310183884063,0,False,False
62,12.4,2690269374944,952.4815180073101,8.872207452185233,1,False,False
62,12.4,2690269377056,974.1701436068488,6.956366519236098,1,False,False
62,12.4,2690269375232,1015.6955744479789,18.58987911894757,0,False,False
62,12.4,2690269377152,1069.5518374361989,19.868351279128664,0,False,False
62,12.4,2690269376432,1128.6152746156033,20.000000001529678,0,True,False
62,12.4,2690269375040,1144.3624803786297,19.056422089880748,0,False,False
62,12.4,2690269375904,993.6804103607204,7.051324325798793,1,False,False
62,12.4,2690269376960,1015.4808036102831,7.250320950575663,1,False,False
62,12.4,2690269378256,1036.770519268446,6.675522113462825,1,False,False
62,12.4,2690269376624,1056.413038544473,5.870440893539817,1,False,False
62,12.4,2690269377584,1074.4857148037256,5.0682076745834035,1,False,False
62,12.4,2690269374848,1196.259495053522,18.405245027493887,0,False,False
62,12.4,2690269377344,1091.4211451188523,5.08202495971634,1,False,False
62,12.4,2690269377296,1109.5493467066149,6.652161985226785,1,False,False
62,12.4,2690269374896,1132.042424334587,9.042836968373257,1,False,False
62,12.4,2690269376816,1247.4257160678644,19.709530906493722,0,False,False
62,12.4,2690269378208,1306.7153002206985,21.53484294605059,0,False,False
62,12.4,2690269377248,1159.4987349462115,11.075377828729836,1,False,False
62,12.4,2690269375856,1189.8783148344542,12.663731501208193,1,False,False
62,12.4,2690269378016,1223.8442253941503,14.785724771987455,1,False,False
62,12.4,2690269375712,1262.0792764230735,16.76799555613796,1,False,False
62,12.4,2690269375376,1385.712214104274,22.444476162487035,0,False,False
62,12.4,2690269377968,1305.95235293998,18.33807425768666,1,False,False
62,12.4,2690269375184,1356.870767472298,19.794811419516236,1,False,False
62,12.4,2690269377536,1418.2171691602382,21.695831077305357,1,False,False
63,12.6,2690269374656,308.0410782010725,0.0008454435044324767,0,True,True
63,12.6,2690269373072,306.5065097929056,0.0005389660044233255,1,False,True
63,12.6,2690269374704,421.7134697233421,9.919487502266527,0,False,False
63,12.6,2690269374752,446.0141048327336,8.330682039513059,0,False,False
63,12.6,2690269377776,416.4688091351451,12.976665813796659,1,False,False
63,12.6,2690269376192,449.6416486419387,13.187946923428985,1,False,False
63,12.6,2690269376000,482.27333245571936,13.777056268130735,1,False,False
63,12.6,2690269377392,467.4040405374421,7.081802136386245,0,False,False
63,12.6,2690269373600,516.2242262664737,14.737835871856559,1,False,False
63,12.6,2690269375424,486.96811214583363,6.580949031939897,0,False,False
63,12.6,2690269376864,551.6260145907221,15.763852094166117,1,False,False
63,12.6,2690269377680,506.63820561459045,7.514242603760016,0,False,False
63,12.6,2690269377632,529.5306629462511,9.715088436334891,0,False,False
63,12.6,2690269375472,591.7990252699595,16.971405212948504,1,False,False
63,12.6,2690269377008,636.7719479136196,17.96696914433452,1,False,False
63,12.6,2690269375520,557.5427865192927,11.412088164411562,0,False,False
63,12.6,2690269377200,682.40228192317,18.657344026947058,1,False,False
63,12.6,2690269377872,587.961552368654,10.33555337385239,0,False,False
63,12.6,2690269376144,613.5301565171815,7.760744116682371,0,False,False
63,12.6,2690269377920,633.9236322710244,6.915481519094727,0,False,False
63,12.6,2690269375136,741.3927460038745,19.46997431473168,1,False,False
63,12.6,2690269375808,804.8508428540595,20.000000001529678,1,True,False
63,12.6,2690269375616,653.8067245941111,6.779899414593242,0,False,False
63,12.6,2690269376672,673.885199413519,6.5818024252615075,0,False,False
63,12.6,2690269376528,694.5846450761777,7.692729518530773,0,False,False
63,12.6,2690269374992,717.7407780186385,8.760327081884169,0,False,False
63,12.6,2690269377440,828.7278675955653,14.319228361222688,1,False,False
63,12.6,2690269376720,742.5099913594291,9.369859568196777,0,False,False
63,12.6,2690269375328,767.6531900040128,10.263969157755591,0,False,False
63,12.6,2690269376768,795.0870415460523,11.77672500616059,0,False,False
63,12.6,2690269375088,863.2952045648303,13.618760766340436,1,False,False
63,12.6,2690269378160,825.7649509326013,13.349369430684472,0,False,False
63,12.6,2690269375952,859.2469579291471,14.634774138159562,0,False,False
63,12.6,2690269375760,895.5010006633929,13.222566419538813,1,False,False
63,12.6,2690269378064,895.6623657095054,15.760202324131397,0,False,False
63,12.6,2690269377104,933.984643419324,16.66087216892496,0,False,False
63,12.6,2690269375568,927.0916031031751,11.491027927136976,1,False,False
63,12.6,2690269376240,974.8545811154106,17.677608182774353,0,False,False
63,12.6,2690269374944,954.2399694366854,8.635263830773132,1,False,False
63,12.6,2690269377056,975.5575618221543,6.901729515586356,1,False,False
63,12.6,2690269375232,1019.4153075939461,18.61604552649544,0,False,False
63,12.6,2690269377152,1073.5256286040672,19.87017210342701,0,False,False
63,12.6,2690269376432,1132.6152746158766,20.00000000107434,0,True,False
63,12.6,2690269375040,1148.17321565497,19.048427521182123,0,False,False
63,12.6,2690269375904,995.0952738697008,7.118583329149391,1,False,False
63,12.6,2690269376960,1016.9296685104683,7.23057336799067,1,False,False
63,12.6,2690269378256,1038.1007075582158,6.600845027468545,1,False,False
63,12.6,2690269376624,1057.5808621240064,5.776737175619215,1,False,False
63,12.6,2690269377584,1075.4961688588576,5.023237549157518,1,False,False
63,12.6,2690269374848,1199.9433155826935,18.446615196745913,0,False,False
63,12.6,2690269377344,1092.4440971732731,5.183380018940673,1,False,False
63,12.6,2690269377296,1110.8940093388778,6.866681810478157,1,False,False
63,12.6,2690269374896,1133.8657095805124,9.26312520477696,1,False,False
63,12.6,2690269376816,1251.3697182312471,19.740736701884966,0,False,False
63,12.6,2690269378208,1311.0226938844216,21.54120384005297,0,False,False
63,12.6,2690269377248,1161.725965720995,11.257428250507694,1,False,False
63,12.6,2690269375856,1192.4235840865372,12.851018715180563,1,False,False
63,12.6,2690269378016,1226.8126579270486,14.953852352789639,1,False,False
63,12.6,2690269375712,1265.440760081896,16.885074447245813,1,False,False
63,12.6,2690269375376,1390.2011093367712,22.444476162487035,0,False,False
63,12.6,2690269377968,1309.6238673086857,18.39593555013796,1,False,False
63,12.6,2690269375184,1360.831650848915,19.823394492532756,1,False,False
63,12.6,2690269377536,1422.5563353756993,21.695831077305357,1,False,False
64,12.8,2690269374656,308.0412321054603,0.00068737688182599,0,True,True
64,12.8,2690269373072,306.50661055958676,0.0004381993233000312,1,False,True
64,12.8,2690269374704,423.686448637707,9.755346939392156,0,False,False
64,12.8,2690269374752,447.6698299657449,8.175318221724382,0,False,False
64,12.8,2690269377776,419.06723695088806,13.022626594643073,1,False,False
64,12.8,2690269376192,452.28245046126017,13.236330732600205,1,False,False
64,12.8,2690269376000,485.0332173753239,13.844335151611382,1,False,False
64,12.8,2690269377392,468.81380859065763,6.985447782191157,0,False,False
64,12.8,2690269373600,519.1769670822074,14.815299117307097,1,False,False
64,12.8,2690269375424,488.28642186405216,6.616106064936139,0,False,False
64,12.8,2690269376864,554.7832730059314,15.830814205118426,1,False,False
64,12.8,2690269377680,508.15254668689494,7.688208105815348,0,False,False
64,12.8,2690269377632,531.4868593228592,9.910798135523322,0,False,False
64,12.8,2690269375472,595.1966225757155,17.020784605713366,1,False,False
64,12.8,2690269377008,640.367250386782,17.995438506851755,1,False,False
64,12.8,2690269375520,559.8261948234086,11.422332863674768,0,False,False
64,12.8,2690269377200,686.1345813708516,18.669773927504583,1,False,False
64,12.8,2690269377872,590.0154313436188,10.135963374504662,0,False,False
64,12.8,2690269376144,615.0733830203201,7.6287555271458585,0,False,False
64,12.8,2690269377920,635.3038904582979,6.873695113200268,0,False,False
64,12.8,2690269375136,745.2871511302596,19.47610770029108,1,False,False
64,12.8,2690269375808,808.8508428543327,20.00000000107434,1,True,False
64,12.8,2690269375616,655.1611792522343,6.758351299485734,0,False,False
64,12.8,2690269376672,675.2076185580519,6.6738286485596845,0,False,False
64,12.8,2690269376528,696.1312684039017,7.813624286548814,0,False,False
64,12.8,2690269374992,719.4985557262055,8.845774586510357,0,False,False
64,12.8,2690269377440,831.5886247007244,14.273002161725918,1,False,False
64,12.8,2690269376720,744.3899440389591,9.460463025196397,0,False,False
64,12.8,2690269375328,769.715361721943,10.40505455750653,0,False,False
64,12.8,2690269376768,797.4524460939944,11.927344361238456,0,False,False
64,12.8,2690269375088,866.0169721055048,13.587533248897602,1,False,False
64,12.8,2690269378160,828.4436598227863,13.48128879554507,0,False,False
64,12.8,2690269375952,862.1807688003129,14.736988927320423,0,False,False
64,12.8,2690269375760,898.1372537222929,13.096103650394383,1,False,False
64,12.8,2690269378064,898.8194467704091,15.835429343863796,0,False,False
64,12.8,2690269377104,937.3209681264372,16.722805717942602,0,False,False
64,12.8,2690269375568,929.3729564327733,11.237355433669329,1,False,False
64,12.8,2690269376240,978.3930017536073,17.720806361231944,0,False,False
64,12.8,2690269374944,955.9519190156469,8.41179002743756,1,False,False
64,12.8,2690269377056,976.9349850556104,6.860784077340077,1,False,False
64,12.8,2690269375232,1023.1402167790354,18.641362595414204,0,False,False
64,12.8,2690269377152,1077.4997859491916,19.872021584169374,0,False,False
64,12.8,2690269376432,1136.6152746160683,20.000000000754543,0,True,False
64,12.8,2690269375040,1151.9824240140795,19.04150368981279,0,False,False
64,12.8,2690269375904,996.5230665513607,7.177928007749456,1,False,False
64,12.8,2690269376960,1018.3740599126518,7.2030099645394134,1,False,False
64,12.8,2690269378256,1039.4156875936608,6.5221714655468,1,False,False
64,12.8,2690269376624,1058.7300455963432,5.684796229480746,1,False,False
64,12.8,2690269377584,1076.4984922236008,4.991338471762189,1,False,False
64,12.8,2690269374848,1203.6353495199455,18.48707825998789,0,False,False
64,12.8,2690269377344,1093.488251010392,5.298527468470032,1,False,False
64,12.8,2690269377296,1112.2818813380395,7.085610801926477,1,False,False
64,12.8,2690269374896,1135.7329041088678,9.481135596841288,1,False,False
64,12.8,2690269376816,1255.3198924025996,19.770917408223482,0,False,False
64,12.8,2690269378208,1315.3313551535723,21.547496068353922,0,False,False
64,12.8,2690269377248,1163.9895218925517,11.438191043206727,1,False,False
64,12.8,2690269375856,1195.0061384348244,13.03565896085477,1,False,False
64,12.8,2690269378016,1229.8143584289717,15.11659788362958,1,False,False
64,12.8,2690269375712,1268.8253058841558,16.996887244263863,1,False,False
64,12.8,2690269375376,1394.6900045692685,22.444476162487035,0,False,False
64,12.8,2690269377968,1313.3067679348894,18.451047514381397,1,False,False
64,12.8,2690269375184,1364.7981819373995,19.850956933099006,1,False,False
64,12.8,2690269377536,1426.8955015911604,21.695831077305357,1,False,False
65,13.0,2690269374656,308.0413572354278,0.0005588628633275605,0,True,True
65,13.0,2690269373072,306.50669248663064,0.00035627227944749204,1,False,True
65,13.0,2690269374704,425.62649892398196,9.58979748101384,0,False,False
65,13.0,2690269374752,449.2947386850249,8.023977398603462,0,False,False
65,13.0,2690269377776,421.6747249029821,13.066674282401726,1,False,False
65,13.0,2690269376192,454.93298835122414,13.285605029458852,1,False,False
65,13.0,2690269376000,487.8066076490988,13.912326761622813,1,False,False
65,13.0,2690269377392,470.20507737446695,6.900808428937977,0,False,False
65,13.0,2690269373600,522.1451558786902,14.892065875685901,1,False,False
65,13.0,2690269375424,489.6127607845819,6.666108849986988,0,False,False
65,13.0,2690269376864,557.9538163568794,15.896162803120061,1,False,False
65,13.0,2690269377680,509.7021303887051,7.8686325348245285,0,False,False
65,13.0,2690269377632,533.4815809793097,10.096955091276188,0,False,False
65,13.0,2690269375472,598.6039876867803,17.068558286281185,1,False,False
65,13.0,2690269377008,643.968198981293,18.02319568992257,1,False,False
65,13.0,2690269375520,562.1102727177849,11.41195978537853,0,False,False
65,13.0,2690269377200,689.8693578088478,18.68206818806557,1,False,False
65,13.0,2690269377872,592.0290892928485,9.932200114794105,0,False,False
65,13.0,2690269376144,616.5907649551583,7.505053516556747,0,False,False
65,13.0,2690269377920,636.6760276204581,6.8354636376019196,0,False,False
65,13.0,2690269375136,749.1827767873358,19.482149173228787,1,False,False
65,13.0,2690269375808,812.8508428545246,20.000000000754543,1,True,False
65,13.0,2690269375616,656.5117364798817,6.743135397026778,0,False,False
65,13.0,2690269376672,676.5487772308102,6.770753534921417,0,False,False
65,13.0,2690269376528,697.7019858248303,7.93319034453036,0,False,False
65,13.0,2690269374992,721.2733583353669,8.930330536369688,0,False,False
65,13.0,2690269377440,834.4401599292681,14.22703741377194,1,False,False
65,13.0,2690269376720,746.2882846191951,9.55506795594498,0,False,False
65,13.0,2690269375328,771.8058695335615,10.547851938302271,0,False,False
65,13.0,2690269376768,799.8478878307226,12.076610020555194,0,False,False
65,13.0,2690269375088,868.73204676805,13.549477887688786,1,False,False
65,13.0,2690269378160,831.1485692067864,13.610438275684606,0,False,False
65,13.0,2690269375952,865.1348356362104,14.836408350421205,0,False,False
65,13.0,2690269375760,900.7474482518895,12.9581785016436,1,False,False
65,13.0,2690269378064,901.9914591332808,15.908950534205944,0,False,False
65,13.0,2690269377104,940.6695832802317,16.78329444450853,0,False,False
65,13.0,2690269375568,931.6033355752961,10.980411889364284,1,False,False
65,13.0,2690269376240,981.9399766320424,17.762731564803623,0,False,False
65,13.0,2690269374944,957.6201073240353,8.202444584490632,1,False,False
65,13.0,2690269377056,978.3050625265104,6.83218666049536,1,False,False
65,13.0,2690269375232,1026.8701348807913,18.665870984552942,0,False,False
65,13.0,2690269377152,1081.4743147575496,19.873893200486062,0,False,False
65,13.0,2690269376432,1140.6152746162031,20.00000000052994,0,True,False
65,13.0,2690269375040,1155.7903168522473,19.03560947387787,0,False,False
65,13.0,2690269375904,997.9621838954258,7.229043731904561,1,False,False
65,13.0,2690269376960,1019.8124285615586,7.16784834809419,1,False,False
65,13.0,2690269378256,1040.714690256948,6.439970276636359,1,False,False
65,13.0,2690269376624,1059.8610175845097,5.595759264807116,1,False,False
65,13.0,2690269377584,1077.4953327454823,4.9729832039723245,1,False,False
65,13.0,2690269374848,1207.3354161695122,18.526645575088484,0,False,False
65,13.0,2690269377344,1094.5563138453447,5.426692779908869,1,False,False
65,13.0,2690269377296,1113.7137936849665,7.308194614135547,1,False,False
65,13.0,2690269374896,1137.6435372081899,9.696647672045883,1,False,False
65,13.0,2690269376816,1259.276037154707,19.800126142567382,0,False,False
65,13.0,2690269378208,1319.6412702789492,21.553719430392245,0,False,False
65,13.0,2690269377248,1166.2891404517316,11.617580590048513,1,False,False
65,13.0,2690269375856,1197.6254303056862,13.217383827912222,1,False,False
65,13.0,2690269378016,1232.8482454616972,15.273893338141821,1,False,False
65,13.0,2690269375712,1272.231872300129,17.10361109287147,1,False,False
65,13.0,2690269375376,1399.1788998017657,22.444476162487035,0,False,False
65,13.0,2690269377968,1317.00051695472,18.503587741410776,1,False,False
65,13.0,2690269375184,1368.7701604128356,19.877554925657257,1,False,False
65,13.0,2690269377536,1431.2346678066215,21.695831077305357,1,False,False
66,13.2,2690269374656,308.0414589707258,0.00045437620650987446,0,True,True
66,13.2,2690269373072,306.50675909635163,0.0002896625584604202,1,False,True
66,13.2,2690269374704,427.5333693908128,9.423309080152263,0,False,False
66,13.2,2690269374752,450.8896890858956,7.877463456315349,0,False,False
66,13.2,2690269377776,424.29091017079907,13.109101457059857,1,False,False
66,13.2,2690269376192,457.59344045355937,13.335767974471917,1,False,False
66,13.2,2690269376000,490.59363659933774,13.980893478063761,1,False,False
66,13.2,2690269377392,471.5802301273277,6.828462850637932,0,False,False
66,13.2,2690269373600,525.1286456357403,14.968022879971164,1,False,False
66,13.2,2690269375424,490.95006009247794,6.730369116725896,0,False,False
66,13.2,2690269376864,561.1373217201061,15.959896254139476,1,False,False
66,13.2,2690269377680,511.2881631964123,8.054235117314976,0,False,False
66,13.2,2690269377632,535.5128275489399,10.272224954275963,0,False,False
66,13.2,2690269375472,602.0208040295547,17.11479422137226,1,False,False
66,13.2,2690269377008,647.5746524923189,18.050259209515833,1,False,False
66,13.2,2690269375520,564.3909216886415,11.381383818857039,0,False,False
66,13.2,2690269377200,693.6065838860197,18.69422363376043,1,False,False
66,13.2,2690269377872,594.0018017921537,9.725899449344126,0,False,False
66,13.2,2690269376144,618.0839557389916,7.389571713947951,0,False,False
66,13.2,2690269377920,638.0407591765388,6.800866289296684,0,False,False
66,13.2,2690269375136,753.0796046787141,19.48810003726636,1,False,False
66,13.2,2690269375808,816.8508428546593,20.00000000052994,1,True,False
66,13.2,2690269375616,657.8597046742286,6.734847324508717,0,False,False
66,13.2,2690269376672,677.9096204470962,6.872056167463706,0,False,False
66,13.2,2690269376528,699.2965158447703,8.05120319824326,0,False,False
66,13.2,2690269374992,723.0650307054924,9.014341441025339,0,False,False
66,13.2,2690269377440,837.2824985062074,14.18092385294251,1,False,False
66,13.2,2690269376720,748.2058106655076,9.65362484306792,0,False,False
66,13.2,2690269375328,773.9250339407572,10.692033838419404,0,False,False
66,13.2,2690269376768,802.2730802941816,12.224289943602908,0,False,False
66,13.2,2690269375088,871.4390283012889,13.504080527172206,1,False,False
66,13.2,2690269378160,833.8791196479738,13.736739536373706,0,False,False
66,13.2,2690269375952,868.1086023381671,14.933078356552564,0,False,False
66,13.2,2690269375760,903.329301808899,12.808963954203461,1,False,False
66,13.2,2690269378064,905.1780633451917,15.980791627830694,0,False,False
66,13.2,2690269377104,944.03019975731,16.84233718064295,0,False,False
66,13.2,2690269375568,933.7821839928138,10.721665993254943,1,False,False
66,13.2,2690269376240,985.4952535610277,17.803420072749887,0,False,False
66,13.2,2690269374944,959.2473944773297,8.00770406367467,1,False,False
66,13.2,2690269377056,979.6701729496702,6.814570794948166,1,False,False
66,13.2,2690269375232,1030.6049027547422,18.689609073131823,0,False,False
66,13.2,2690269377152,1085.4492190573058,19.875781111918727,0,False,False
66,13.2,2690269376432,1144.6152746162977,20.000000000372196,0,True,False
66,13.2,2690269375040,1159.5970973860758,19.030704433157275,0,False,False
66,13.2,2690269375904,999.4109615293478,7.271662408914836,1,False,False
66,13.2,2690269376960,1021.2432714564856,7.125347612016196,1,False,False
66,13.2,2690269378256,1041.9970450294543,6.3547823205433165,1,False,False
66,13.2,2690269376624,1060.9744346441316,5.510758550634664,1,False,False
66,13.2,2690269377584,1078.4894233785844,4.968504095420157,1,False,False
66,13.2,2690269374848,1211.0433372435118,18.565330467485452,0,False,False
66,13.2,2690269377344,1095.6508365004527,5.567081292797592,1,False,False
66,13.2,2690269377296,1115.1904290112743,7.53371654854559,1,False,False
66,13.2,2690269374896,1139.5970960161299,9.909469445796601,1,False,False
66,13.2,2690269376816,1263.2379614648296,19.828412781102912,0,False,False
66,13.2,2690269378208,1323.952425482893,21.559873895145447,0,False,False
66,13.2,2690269377248,1168.6245402918412,11.795497099666939,1,False,False
66,13.2,2690269375856,1200.2808597570183,13.395944917420927,1,False,False
66,13.2,2690269378016,1235.9132261644843,15.425702983613359,1,False,False
66,13.2,2690269375712,1275.6594537300846,17.205430159250582,1,False,False
66,13.2,2690269375376,1403.667795034263,22.444476162487035,0,False,False
66,13.2,2690269377968,1320.7046112976,18.55372302104971,1,False,False
66,13.2,2690269375184,1372.7473969399778,19.903241000164158,1,False,False
66,13.2,2690269377536,1435.5738340220826,21.695831077305357,1,False,False
67,13.4,2690269374656,308.041541685291,0.0003694246846409172,0,True,True
67,13.4,2690269373072,306.5068132525218,0.00023550638827122755,1,False,True
67,13.4,2690269374704,429.406906136295,9.25640060636876,0,False,False
67,13.4,2690269374752,452.4557002501757,7.736580757434046,0,False,False
67,13.4,2690269377776,426.91548712312124,13.150180697728695,1,False,False
67,13.4,2690269376192,460.2639838084258,13.386806929341562,1,False,False
67,13.4,2690269376000,493.39441025337834,14.049901252106345,1,False,False
67,13.4,2690269377392,472.94175836452155,6.768877294964112,0,False,False
67,13.4,2690269373600,528.1272674463484,15.043068289598741,1,False,False
67,13.4,2690269375424,492.30112786992095,6.808219095533693,0,False,False
67,13.4,2690269376864,564.3334663319456,16.022020021184982,1,False,False
67,13.4,2690269377680,512.9115951363168,8.243731182023351,0,False,False
67,13.4,2690269377632,537.5783358555002,10.435336547998313,0,False,False
67,13.4,2690269375472,605.4467684538672,17.15955782810602,1,False,False
67,13.4,2690269377008,651.1864734311292,18.076647750437974,1,False,False
67,13.4,2690269375520,566.6641378383815,11.331192610869191,0,False,False
67,13.4,2690269377200,697.3462316661686,18.70623781793193,1,False,False
67,13.4,2690269377872,595.9331661038644,9.518612515938713,0,False,False
67,13.4,2690269376144,619.5545933181075,7.28221279688572,0,False,False
67,13.4,2690269377920,639.3988199903481,6.770033873816299,0,False,False
67,13.4,2690269375136,756.9776167720338,19.493961642785823,1,False,False
67,13.4,2690269375808,820.8508428547539,20.000000000372196,1,True,False
67,13.4,2690269375616,659.2065014018046,6.733935366821658,0,False,False
67,13.4,2690269376672,679.2909891045725,6.9772179372762535,0,False,False
67,13.4,2690269376528,700.9145355758991,8.16749052595355,0,False,False
67,13.4,2690269374992,724.8734865725203,9.098146125073907,0,False,False
67,13.4,2690269377440,840.1155823571678,14.134232993976505,1,False,False
67,13.4,2690269376720,750.1433073309297,9.75604730813652,0,False,False
67,13.4,2690269375328,776.0731102653859,10.83727779395439,0,False,False
67,13.4,2690269376768,804.7276917595883,12.370169320016545,0,False,False
67,13.4,2690269375088,874.1364155431644,13.450856988452628,1,False,False
67,13.4,2690269378160,836.6347370984845,13.860129925297686,0,False,False
67,13.4,2690269375952,871.1015223778429,15.027050381823184,0,False,False
67,13.4,2690269375760,905.8805733619985,12.648735978142959,1,False,False
67,13.4,2690269378064,908.3789251126689,16.05097856724134,0,False,False
67,13.4,2690269377104,947.4025285548886,16.899937947194857,0,False,False
67,13.4,2690269375568,935.9092395922181,10.462592466104132,1,False,False
67,13.4,2690269376240,989.0585876602698,17.842908892615064,0,False,False
67,13.4,2690269374944,960.8367239696769,7.827867277318111,1,False,False
67,13.4,2690269377056,981.0324211047829,6.8065638339200625,1,False,False
67,13.4,2690269375232,1034.3443687865683,18.71261308146513,0,False,False
67,13.4,2690269377152,1089.4245017505127,19.877680094099944,0,False,False
67,13.4,2690269376432,1148.615274616364,20.00000000026141,0,True,False
67,13.4,2690269375040,1163.4029607921002,19.026748857160563,0,False,False
67,13.4,2690269375904,1000.8676846997671,7.3055650867239645,1,False,False
67,13.4,2690269376960,1022.665140295522,7.0758105321503955,1,False,False
67,13.4,2690269378256,1043.2621942278079,6.2672175359759885,1,False,False
67,13.4,2690269376624,1062.07117820823,5.430898709933337,1,False,False
67,13.4,2690269377584,1079.483554523053,4.978099861722315,1,False,False
67,13.4,2690269374848,1214.7589372330235,18.603147901733802,0,False,False
67,13.4,2690269377344,1096.774210001897,5.718887213642906,1,False,False
67,13.4,2690269377296,1116.7123290823122,7.761496846103822,1,False,False
67,13.4,2690269374896,1141.5930310204783,10.119434513451248,1,False,False
67,13.4,2690269376816,1267.2054840793512,19.855824149886654,0,False,False
67,13.4,2690269378208,1328.2648069916643,21.565959578784273,0,False,False
67,13.4,2690269377248,1170.995419507833,11.971828646642953,1,False,False
67,13.4,2690269375856,1202.971778567644,13.571115086656457,1,False,False
67,13.4,2690269378016,1239.008202574711,15.572021266360604,1,False,False
67,13.4,2690269375712,1279.1070817645186,17.30253351818691,1,False,False
67,13.4,2690269375376,1408.1566902667603,22.444476162487035,0,False,False
67,13.4,2690269377968,1324.418580548812,18.601609696089486,1,False,False
67,13.4,2690269375184,1376.729712458271,19.9280642682222,1,False,False
67,13.4,2690269377536,1439.9130002375437,21.695831077305357,1,False,False
68,13.6,2690269374656,308.0416089352961,0.0003003559510087931,0,True,True
68,13.6,2690269373072,306.50685728349396,0.00019147541612333287,1,False,True
68,13.6,2690269374704,431.2470621402959,9.089636729662972,0,False,False
68,13.6,2690269374752,453.9939515480821,7.602122317932038,0,False,False
68,13.6,2690269377776,429.5482032920304,13.190164248416448,1,False,False
68,13.6,2690269376192,462.94479225697484,13.438699396612611,1,False,False
68,13.6,2690269376000,496.2090080973112,14.11922018421072,1,False,False
68,13.6,2690269377392,474.29223930039177,6.722404800622715,0,False,False
68,13.6,2690269373600,531.1408327792965,15.117111338610297,1,False,False
68,13.6,2690269375424,493.6686338561022,6.898921283620065,0,False,False
68,13.6,2690269376864,567.5419289485161,16.082545787086417,1,False,False
68,13.6,2690269377680,514.5731191587321,8.435834400612066,0,False,False
68,13.6,2690269377632,539.6755932480237,10.585092597018752,0,False,False
68,13.6,2690269375472,608.8815907231261,17.20291197887923,1,False,False
68,13.6,2690269377008,654.8035280516907,18.10238006187328,1,False,False
68,13.6,2690269375520,568.9260458471664,11.262137195351595,0,False,False
68,13.6,2690269377200,701.0882727677163,18.718108934896613,1,False,False
68,13.6,2690269377872,597.8230835450767,9.311795964271964,0,False,False
68,13.6,2690269376144,621.0042945581131,7.182856963603731,0,False,False
68,13.6,2690269377920,640.7509739491592,6.743137658395485,0,False,False
68,13.6,2690269375136,760.8767953075438,19.499735375913065,1,False,False
68,13.6,2690269375808,824.8508428548204,20.00000000026141,1,True,False
68,13.6,2690269375616,660.5536245585156,6.740710237456281,0,False,False
68,13.6,2690269376672,680.6936208297607,7.085728177927313,0,False,False
68,13.6,2690269376528,702.5556910391459,8.281930073833284,0,False,False
68,13.6,2690269374992,726.6987066336796,9.1820702135062,0,False,False
68,13.6,2690269377440,842.9392666104661,14.086520364139687,1,False,False
68,13.6,2690269376720,752.1015402160125,9.862215595942654,0,False,False
68,13.6,2690269375328,778.2502897415118,10.98326771364999,0,False,False
68,13.6,2690269376768,807.2113486988413,12.514050752097113,0,False,False
68,13.6,2690269375088,876.8226127755103,13.389358548493197,1,False,False
68,13.6,2690269378160,839.4148359884063,13.980561747793761,0,False,False
68,13.6,2690269375952,874.1130598300971,15.118380401209752,0,False,False
68,13.6,2690269375760,908.3990840899272,12.477876218680224,1,False,False
68,13.6,2690269378064,911.5937153482179,16.119537570129136,0,False,False
68,13.6,2690269377104,950.786281791781,16.95610540832559,0,False,False
68,13.6,2690269375568,937.9845345667654,10.204651673496173,1,False,False
68,13.6,2690269376240,992.6297414828932,17.881235445395554,0,False,False
68,13.6,2690269374944,962.3910875479646,7.663062190393541,1,False,False
68,13.6,2690269377056,982.3936375884111,6.8068012413171965,1,False,False
68,13.6,2690269375232,1038.088388468196,18.734917188269268,0,False,False
68,13.6,2690269377152,1093.400164732355,19.87958548040139,0,False,False
68,13.6,2690269376432,1152.6152746164107,20.000000000183594,0,True,False
68,13.6,2690269375040,1167.2080943556584,19.023703807801382,0,False,False
68,13.6,2690269375904,1002.3305982721713,7.330584514884822,1,False,False
68,13.6,2690269376960,1024.0766503528334,7.019585628114333,1,False,False
68,13.6,2690269378256,1044.5097065232944,6.177950079534799,1,False,False
68,13.6,2690269376624,1063.1523478890801,5.357239576837039,1,False,False
68,13.6,2690269377584,1080.4805478460346,5.001844142496262,1,False,False
68,13.6,2690269374848,1218.4820437158487,18.64011418804234,0,False,False
68,13.6,2690269377344,1097.9286638741667,5.881301111739766,1,False,False
68,13.6,2690269377296,1118.2799021361268,7.990891951722615,1,False,False
68,13.6,2690269374896,1143.6307609908315,10.326399327174414,1,False,False
68,13.6,2690269376816,1271.1784329160866,19.882404208145736,0,False,False
68,13.6,2690269378208,1332.5784010635264,21.57197672488735,0,False,False
68,13.6,2690269377248,1173.4014531113264,12.14645331664828,1,False,False
68,13.6,2690269375856,1205.6974945569555,13.742689412018482,1,False,False
68,13.6,2690269378016,1242.132077513451,15.712870525128535,1,False,False
68,13.6,2690269375712,1282.57382603583,17.395113248244954,1,False,False
68,13.6,2690269375376,1412.6455854992575,22.444476162487035,0,False,False
68,13.6,2690269377968,1328.1419848862524,18.647394063573433,1,False,False
68,13.6,2690269375184,1380.716937513307,19.95207064733307,1,False,False
68,13.6,2690269377536,1444.2521664530047,21.695831077305357,1,False,False
69,13.8,2690269374656,308.04166361204096,0.0002442005124646306,0,True,True
69,13.8,2690269373072,306.5068930823051,0.00015567660499034826,1,False,True
69,13.8,2690269374704,433.0539061591896,8.923623702946417,0,False,False
69,13.8,2690269374752,455.5057796033882,7.474858455262818,0,False,False
69,13.8,2690269377776,432.1888552958893,13.229283916835898,1,False,False
69,13.8,2690269376192,465.63603453307763,13.491413975321207,1,False,False
69,13.8,2690269376000,499.0374839411084,14.188725038929237,1,False,False
69,13.8,2690269377392,475.6343132520323,6.689286241352914,0,False,False
69,13.8,2690269373600,534.1691356680174,15.190071934622129,1,False,False
69,13.8,2690269375424,495.0550961184598,7.001677551426168,0,False,False
69,13.8,2690269376864,570.7623910344769,16.141490640342926,1,False,False
69,13.8,2690269377680,516.2731709449157,8.629258845476835,0,False,False
69,13.8,2690269377632,541.80185314352,10.72038132557498,0,False,False
69,13.8,2690269375472,612.3249930065331,17.244917021920458,1,False,False
69,13.8,2690269377008,658.4256863572873,18.127474866395954,1,False,False
69,13.8,2690269375520,571.1729309095184,11.175120427958628,0,False,False
69,13.8,2690269377200,704.8326784865754,18.72983574204188,1,False,False
69,13.8,2690269377872,599.6717400651304,9.10680460072426,0,False,False
69,13.8,2690269376144,622.4346512569983,7.091369324831505,0,False,False
69,13.8,2690269377920,642.0980213177801,6.720378357231739,0,False,False
69,13.8,2690269375136,764.7771228046006,19.505422649042558,1,False,False
69,13.8,2690269375808,828.8508428548671,20.000000000183594,1,True,False
69,13.8,2690269375616,661.9026255806514,6.755356201602656,0,False,False
69,13.8,2690269376672,682.1181519100958,7.197089184378555,0,False,False
69,13.8,2690269376528,704.2196070095362,8.394447018878155,0,False,False
69,13.8,2690269374992,728.5407355776946,9.26642134844521,0,False,False
69,13.8,2690269377440,845.7533165580757,14.037327923685893,1,False,False
69,13.8,2690269376720,754.0812489255958,9.971980049129819,0,False,False
69,13.8,2690269375328,780.4567008779601,11.129695183239528,0,False,False
69,13.8,2690269376768,809.7236392708361,12.655754351732636,0,False,False
69,13.8,2690269375088,879.4959372000646,13.319177788496944,1,False,False
69,13.8,2690269378160,842.2188221656222,14.09800147874837,0,False,False
69,13.8,2690269375952,877.1426902221358,15.207128068335926,0,False,False
69,13.8,2690269375760,910.8827386170765,12.296873136445246,1,False,False
69,13.8,2690269378064,914.8221102290108,16.186495181054156,0,False,False
69,13.8,2690269377104,954.1811736021657,17.010852354546145,0,False,False
69,13.8,2690269375568,940.0083911909646,9.94926978804212,1,False,False
69,13.8,2690269376240,996.2084850793279,17.918437292330253,0,False,False
69,13.8,2690269374944,963.9134916205928,7.513255034700354,1,False,False
69,13.8,2690269377056,983.7553812716113,6.81393866317844,1,False,False
69,13.8,2690269375232,1041.8368239970996,18.756553644062066,0,False,False
69,13.8,2690269377152,1097.3762089990917,19.881493108994615,0,False,False
69,13.8,2690269376432,1156.6152746164435,20.000000000128942,0,True,False
69,13.8,2690269375040,1171.0126776279458,19.0215311568797,0,False,False
69,13.8,2690269375904,1003.7979172386005,7.346607636055162,1,False,False
69,13.8,2690269376960,1025.4764897496727,6.957068906474149,1,False,False
69,13.8,2690269378256,1045.7392893674235,6.0877116791033234,1,False,False
69,13.8,2690269376624,1064.2192514750664,5.290780976539665,1,False,False
69,13.8,2690269377584,1081.483231908031,5.039695362804089,1,False,False
69,13.8,2690269374848,1222.212487607769,18.676246721015687,0,False,False
69,13.8,2690269377344,1099.1162658402807,6.053516046372449,1,False,False
69,13.8,2690269377296,1119.8934300754854,8.221293787831954,1,False,False
69,13.8,2690269374896,1145.7096773782548,10.530240663533398,1,False,False
69,13.8,2690269376816,1275.1566445027293,19.908194223675917,0,False,False
69,13.8,2690269378208,1336.8931940130294,21.577925686932524,0,False,False
69,13.8,2690269377248,1175.8422911790722,12.319241407388633,1,False,False
69,13.8,2690269375856,1208.457276078206,13.91048586810882,1,False,False
69,13.8,2690269378016,1245.28376000463,15.848298578196998,1,False,False
69,13.8,2690269375712,1286.0587947027227,17.483362731392738,1,False,False
69,13.8,2690269375376,1417.1344807317548,22.444476162487035,0,False,False
69,13.8,2690269377968,1331.8744130998698,18.691212809788812,1,False,False
69,13.8,2690269375184,1384.7089116323332,19.975303073176498,1,False,False
69,13.8,2690269377536,1448.5913326684658,21.695831077305357,1,False,False
70,14.0,2690269374656,308.04170806625956,0.0001985440610971693,0,True,True
70,14.0,2690269373072,306.50692218806444,0.00012657084565733797,1,False,True
70,14.0,2690269374704,434.82763070755783,8.759004122888939,0,False,False
70,14.0,2690269374752,456.99267303149,7.355526132375975,0,False,False
70,14.0,2690269377776,434.837284756227,13.26775117951143,1,False,False
70,14.0,2690269376192,468.33787254665447,13.544911321312075,1,False,False
70,14.0,2690269376000,501.87986688241193,14.25829569496478,1,False,False
70,14.0,2690269377392,476.9706613563506,6.669652890024475,0,False,False
70,14.0,2690269373600,537.2119548163596,15.261880216174834,1,False,False
70,14.0,2690269375424,496.4628694948253,7.115637473674828,0,False,False
70,14.0,2690269376864,573.9945377931225,16.198876323232597,1,False,False
70,14.0,2690269377680,518.0119291240841,8.822721069489265,0,False,False
70,14.0,2690269377632,543.9541529318477,10.840188618934194,0,False,False
70,14.0,2690269375472,615.7767093763172,17.28563081497103,1,False,False
70,14.0,2690269377008,662.0528220897728,18.15195078115551,1,False,False
70,14.0,2690269375520,573.4012682280902,11.071183549212613,0,False,False
70,14.0,2690269377200,708.5794199040115,18.74141749029942,1,False,False
70,14.0,2690269377872,601.4795855041344,8.904886272575192,0,False,False
70,14.0,2690269376144,623.8472275639023,7.007606206635019,0,False,False
70,14.0,2690269377920,643.4408039120538,6.701975505476389,0,False,False
70,14.0,2690269375136,768.6785820663558,19.511024892631834,1,False,False
70,14.0,2690269375808,832.8508428548998,20.000000000128942,1,True,False
70,14.0,2690269375616,663.2550849446368,6.777943056661673,0,False,False
70,14.0,2690269376672,683.5651201898307,7.310820637791373,0,False,False
70,14.0,2690269376528,705.9058963009873,8.505010846511857,0,False,False
70,14.0,2690269374992,730.3996782079565,9.351485151221155,0,False,False
70,14.0,2690269377440,848.5574051141234,13.986186692505902,1,False,False
70,14.0,2690269376720,756.0831413175875,10.085164530700265,0,False,False
70,14.0,2690269375328,782.6924110768698,11.276260695911413,0,False,False
70,14.0,2690269376768,812.2641168251105,12.795117745312888,0,False,False
70,14.0,2690269375088,882.1546276055315,13.239954745213101,1,False,False
70,14.0,2690269378160,845.0460956744065,14.212428922652144,0,False,False
70,14.0,2690269375952,880.1899012162949,15.293355939561266,0,False,False
70,14.0,2690269375760,913.3295463629784,12.106321393044448,1,False,False
70,14.0,2690269378064,918.0637912649886,16.25187830932749,0,False,False
70,14.0,2690269377104,957.5869209279125,17.064195215174145,0,False,False
70,14.0,2690269375568,941.9814137082909,9.697819955086109,1,False,False
70,14.0,2690269376240,999.7945960091348,17.954551899550466,0,False,False
70,14.0,2690269374944,965.4069256128445,7.3782611795139745,1,False,False
70,14.0,2690269377056,985.1189440392877,6.82666208010394,1,False,False
70,14.0,2690269375232,1045.5895438980017,18.77755288029563,0,False,False
70,14.0,2690269377152,1101.3526347457441,19.883399274821347,0,False,False
70,14.0,2690269376432,1160.6152746164664,20.00000000009056,0,True,False
70,14.0,2690269375040,1174.8168825902303,19.02019361858105,0,False,False
70,14.0,2690269375904,1005.2678377170939,7.3535779691144905,1,False,False
70,14.0,2690269376960,1026.8634290436205,6.8887051101748895,1,False,False
70,14.0,2690269378256,1046.9507999793218,5.997283406032784,1,False,False
70,14.0,2690269376624,1065.2733920260598,5.232449690748065,1,False,False
70,14.0,2690269377584,1082.4944198247658,5.091507446391094,1,False,False
70,14.0,2690269374848,1225.9501033635572,18.71156374794212,0,False,False
70,14.0,2690269377344,1100.3389226639986,6.234732477131657,1,False,False
70,14.0,2690269377296,1121.5530755165107,8.452129060300868,1,False,False
70,14.0,2690269374896,1147.8291482214822,10.73085328747222,1,False,False
70,14.0,2690269376816,1279.1399634498343,19.933232940056207,0,False,False
70,14.0,2690269378208,1341.2091722319285,21.583806912812307,0,False,False
70,14.0,2690269377248,1178.3175574429742,12.490057640637149,1,False,False
70,14.0,2690269375856,1211.2503566288221,14.074345726139184,1,False,False
70,14.0,2690269378016,1248.4621702055579,15.978376229785026,1,False,False
70,14.0,2690269375712,1289.5611346078947,17.567475151550656,1,False,False
70,14.0,2690269375376,1421.623375964252,22.444476162487035,0,False,False
70,14.0,2690269377968,1335.615480699747,18.73319346754498,1,False,False
70,14.0,2690269375184,1388.7054827414222,19.997801699979785,1,False,False
70,14.0,2690269377536,1452.930498883927,21.695831077305357,1,False,False
71,14.2,2690269374656,308.0417442091857,0.000161423675155743,0,True,True
71,14.2,2690269373072,306.5069458521248,0.00010290678532851418,1,False,True
71,14.2,2690269374704,436.5685589294783,8.596450779811711,0,False,False
71,14.2,2690269374752,458.45626510291333,7.244819190189561,0,False,False
71,14.2,2690269377776,437.4933742480566,13.305757467472418,1,False,False
71,14.2,2690269376192,471.0504598588367,13.599145101919135,1,False,False
71,14.2,2690269376000,504.73616235598155,14.32781752993443,1,False,False
71,14.2,2690269377392,478.3039838896432,6.663530276151115,0,False,False
71,14.2,2690269373600,540.2690556134344,15.332476075854078,1,False,False
71,14.2,2690269375424,497.89413564640677,7.239905820997897,0,False,False
71,14.2,2690269376864,577.2380590501833,16.25472854083738,1,False,False
71,14.2,2690269377680,519.7893159178594,9.014942398759018,0,False,False
71,14.2,2690269377632,546.1293343322228,10.943610391519407,0,False,False
71,14.2,2690269375472,619.236485312463,17.325108769832692,1,False,False
71,14.2,2690269377008,665.6848127038089,18.175826250039037,1,False,False
71,14.2,2690269375520,575.6077497130011,10.95149121872639,0,False,False
71,14.2,2690269377200,712.3284679811115,18.752853862132387,1,False,False
71,14.2,2690269377872,603.2473119675292,8.70717879490986,0,False,False
71,14.2,2690269376144,625.2435585865178,6.931420380433235,0,False,False
71,14.2,2690269377920,644.7802081847495,6.68815744164135,0,False,False
71,14.2,2690269375136,772.5811561828823,19.516543548113823,1,False,False
71,14.2,2690269375808,836.8508428549228,20.00000000009056,1,True,False
71,14.2,2690269375616,664.6125900970113,6.808438536314003,0,False,False
71,14.2,2690269376672,685.0349688124311,7.4264634580403825,0,False,False
71,14.2,2690269376528,707.6141683971844,8.613631800473062,0,False,False
71,14.2,2690269374992,732.2756948077155,9.4375219257365,0,False,False
71,14.2,2690269377440,851.3511108135766,13.932619604700887,1,False,False
71,14.2,2690269376720,758.1078884309841,10.201569761163876,0,False,False
71,14.2,2690269375328,784.9574284932003,11.422674804657593,0,False,False
71,14.2,2690269376768,814.8323034001025,12.931995982363487,0,False,False
71,14.2,2690269375088,884.7968542804675,13.151383271830607,1,False,False
71,14.2,2690269378160,847.8960533631777,14.323836333443285,0,False,False
71,14.2,2690269375952,883.2541931430518,15.377128778313459,0,False,False
71,14.2,2690269375760,915.7376426428642,11.906919314197026,1,False,False
71,14.2,2690269378064,921.3184453736324,16.31571425338281,0,False,False
71,14.2,2690269377104,961.0032442153907,17.116153600720278,0,False,False
71,14.2,2690269375568,943.904476540673,9.451604872150023,1,False,False
71,14.2,2690269376240,1003.3878593080964,17.989616437014476,0,False,False
71,14.2,2690269374944,966.874332590506,7.257757318809162,1,False,False
71,14.2,2690269377056,986.4853574485137,6.843696357807312,1,False,False
71,14.2,2690269375232,1049.3464226661035,18.79794361397839,0,False,False
71,14.2,2690269377152,1105.329441454484,19.885300686017704,0,False,False
71,14.2,2690269376432,1164.6152746164826,20.0000000000636,0,True,False
71,14.2,2690269375040,1178.6208738242494,19.019654777218335,0,False,False
71,14.2,2690269375904,1006.7385484179684,7.351497832660448,1,False,False
71,14.2,2690269376960,1028.236331026327,6.814988313773022,1,False,False
71,14.2,2690269378256,1048.1442545950695,5.907486121541327,1,False,False
71,14.2,2690269376624,1066.3164525168656,5.183088774005362,1,False,False
71,14.2,2690269377584,1083.5168891067458,5.157040968138396,1,False,False
71,14.2,2690269374848,1229.6947291334882,18.746084164099788,0,False,False
71,14.2,2690269377344,1101.5983819012022,6.424162116444213,1,False,False
71,14.2,2690269377296,1123.2588887013435,8.682858608460096,1,False,False
71,14.2,2690269374896,1149.9885215992467,10.928147817150302,1,False,False
71,14.2,2690269376816,1283.128241956693,19.957556735545555,0,False,False
71,14.2,2690269378208,1345.5263222071294,21.58962093114877,0,False,False
71,14.2,2690269377248,1180.826848321134,12.658763345013204,1,False,False
71,14.2,2690269375856,1214.0759395220698,14.234133679730597,1,False,False
71,14.2,2690269378016,1251.6662438356607,16.10319473982239,1,False,False
71,14.2,2690269375712,1293.0800311483056,17.647642184145376,1,False,False
71,14.2,2690269375376,1426.1122711967494,22.444476162487035,0,False,False
71,14.2,2690269377968,1339.3648281166102,18.773454886146396,1,False,False
71,14.2,2690269375184,1392.7065066219295,20.019604089170656,1,False,False
71,14.2,2690269377536,1457.269665099388,21.695831077305357,1,False,False
72,14.4,2690269374656,308.04177359472334,0.00013124342655625445,0,True,True
72,14.4,2690269373072,306.5069650918823,8.36670278345016e-05,1,False,True
72,14.4,2690269374704,438.27715018601606,8.436659734126973,0,False,False
72,14.4,2690269374752,459.8983245209331,7.143379624867143,0,False,False
72,14.4,2690269377776,440.1570433180937,13.343474608088858,1,False,False
72,14.4,2690269376192,473.7739403472022,13.654062935770586,1,False,False
72,14.4,2690269376000,507.6063532557545,14.39718174018616,1,False,False
72,14.4,2690269377392,479.63697943260246,6.67084309875734,0,False,False
72,14.4,2690269373600,543.3401920511764,15.401808656321997,1,False,False
72,14.4,2690269375424,499.350894551917,7.373549194791922,0,False,False
72,14.4,2690269376864,580.4926500034015,16.30907632917652,1,False,False
72,14.4,2690269377680,521.6049982666631,9.204651613108084,0,False,False
72,14.4,2690269377632,548.324066217014,11.02986476990746,0,False,False
72,14.4,2690269375472,622.704077216965,17.363403905787635,1,False,False
72,14.4,2690269377008,669.3215393282101,18.199119485709726,1,False,False
72,14.4,2690269375520,577.789307604043,10.817315366038125,0,False,False
72,14.4,2690269377200,716.0797936413117,18.7641449162613,1,False,False
72,14.4,2690269377872,604.9758317114972,8.514708712766579,0,False,False
72,14.4,2690269376144,626.625149974772,6.862665257449441,0,False,False
72,14.4,2690269377920,646.1171663581556,6.679152079015106,0,False,False
72,14.4,2690269375136,776.4848285329477,19.521980061792718,1,False,False
72,14.4,2690269375808,840.8508428549391,20.0000000000636,1,True,False
72,14.4,2690269375616,665.9767158741907,6.846720776772225,0,False,False
72,14.4,2690269376672,686.5280506964067,7.543583104681522,0,False,False
72,14.4,2690269376528,709.3440373473245,8.720356971819855,0,False,False
72,14.4,2690269374992,734.1689958944431,9.524764083395771,0,False,False
72,14.4,2690269377440,854.1339163982341,13.87614461420822,1,False,False
72,14.4,2690269376720,760.1561200742708,10.32097654519402,0,False,False
72,14.4,2690269375328,787.2517041192481,11.568659191574165,0,False,False
72,14.4,2690269376768,817.4276931965907,13.066261345804588,0,False,False
72,14.4,2690269375088,887.4207302062297,13.0532174870126,1,False,False
72,14.4,2690269378160,850.7680913141393,14.432227505665344,0,False,False
72,14.4,2690269375952,886.3350794000276,15.458512935249367,0,False,False
72,14.4,2690269375760,918.1053091263426,11.699464316887413,1,False,False
72,14.4,2690269378064,924.5857649587381,16.37803071224947,0,False,False
72,14.4,2690269377104,964.4298680227618,17.166749875386373,0,False,False
72,14.4,2690269375568,945.7787091265052,9.211841126506254,1,False,False
72,14.4,2690269376240,1006.9880674172057,18.023667608352422,0,False,False
72,14.4,2690269374944,968.318582387024,7.151294561559795,1,False,False
72,14.4,2690269377056,987.8554010065394,6.863812509154822,1,False,False
72,14.4,2690269375232,1053.1073404309298,18.817752947636365,0,False,False
72,14.4,2690269377152,1109.3066279745776,19.887194424379658,0,False,False
72,14.4,2690269376432,1168.615274616494,20.00000000004467,0,True,False
72,14.4,2690269375040,1182.4248086878479,19.019879110453225,0,False,False
72,14.4,2690269375904,1008.2082425409687,7.340430345875518,1,False,False
72,14.4,2690269376960,1029.5941605893538,6.736461726994159,1,False,False
72,14.4,2690269378256,1049.3198357329638,5.8191698916010735,1,False,False
72,14.4,2690269376624,1067.3502785050537,5.143449292838559,1,False,False
72,14.4,2690269377584,1084.5533637393728,5.235974382810812,1,False,False
72,14.4,2690269374848,1233.4462068805822,18.779827332692363,0,False,False
72,14.4,2690269377344,1102.8962343595279,6.62103088308101,1,False,False
72,14.4,2690269377296,1125.010814283936,8.912976801699312,1,False,False
72,14.4,2690269374896,1152.1871286691216,11.12204879228171,1,False,False
72,14.4,2690269376816,1287.1213393484284,19.98119977364598,0,False,False
72,14.4,2690269378208,1349.8446305360071,21.59536833920774,0,False,False
72,14.4,2690269377248,1183.3697323816075,12.825218573686058,1,False,False
72,14.4,2690269375856,1216.9332025663273,14.389737710717986,1,False,False
72,14.4,2690269378016,1254.8949360988947,16.222863298407766,1,False,False
72,14.4,2690269375712,1296.614707895588,17.72405286685727,1,False,False
72,14.4,2690269375376,1430.6011664292466,22.444476162487035,0,False,False
72,14.4,2690269377968,1343.1221189967591,18.812107706108275,1,False,False
72,14.4,2690269375184,1396.7118464039152,20.040745386604666,1,False,False
72,14.4,2690269377536,1461.608831314849,21.695831077305357,1,False,False
73,14.6,2690269374656,308.04179748625376,0.00010670576665788511,0,True,True
73,14.6,2690269373072,306.50698073451775,6.802439240825849e-05,1,False,True
73,14.6,2690269374704,439.9540042145556,8.280342778432809,0,False,False
73,14.6,2690269374752,461.3207445307082,7.051790027879644,0,False,False
73,14.6,2690269377776,442.8282446005467,13.381055400041244,1,False,False
73,14.6,2690269376192,476.508447057548,13.709607309535096,1,False,False
73,14.6,2690269376000,510.4904011165932,14.466285596820997,1,False,False
73,14.6,2690269377392,480.9723250757437,6.691420953661869,0,False,False
73,14.6,2690269373600,546.4251085396612,15.469835826076464,1,False,False
73,14.6,2690269375424,500.83495727249147,7.5156018285537725,0,False,False
73,14.6,2690269376864,583.7580118495631,16.361951480261354,1,False,False
73,14.6,2690269377680,523.4583895262795,9.390588170028533,0,False,False
73,14.6,2690269377632,550.5348698384896,11.098303678433679,0,False,False
73,14.6,2690269375472,626.1792519392667,17.40056691013791,1,False,False
73,14.6,2690269377008,672.9628867163016,18.221848420510838,1,False,False
73,14.6,2690269375520,579.9431348017455,10.670018195233997,0,False,False
73,14.6,2690269377200,719.8333678422811,18.77529103843175,1,False,False
73,14.6,2690269377872,606.6662548922083,8.328391687440341,0,False,False
73,14.6,2690269376144,627.9934782770863,6.801198102424162,0,False,False
73,14.6,2690269377920,647.4526557711367,6.675178606530053,0,False,False
73,14.6,2690269375136,780.3895827846278,19.527335879604504,1,False,False
73,14.6,2690269375808,844.8508428549504,20.00000000004467,1,True,False
73,14.6,2690269375616,667.3490074040368,6.892590554312451,0,False,False
73,14.6,2690269376672,688.0446336355681,7.661772345371375,0,False,False
73,14.6,2690269376528,711.0951288594089,8.825266101349834,0,False,False
73,14.6,2690269374992,736.0798365056713,9.613414256797716,0,False,False
73,14.6,2690269377440,856.9052080417799,13.816278074440756,1,False,False
73,14.6,2690269376720,762.2284210507979,10.443148869574808,0,False,False
73,14.6,2690269375328,789.5751340772084,11.713947648685027,0,False,False
73,14.6,2690269376768,820.0497560066153,13.197803063905917,0,False,False
73,14.6,2690269375088,890.0243235380727,12.945278162961362,1,False,False
73,14.6,2690269378160,853.6616070898248,14.537616848140747,0,False,False
73,14.6,2690269375952,889.4320867318352,15.537575799580141,0,False,False
73,14.6,2690269375760,920.4309932427539,11.48484625246665,1,False,False
73,14.6,2690269378064,927.8654479906695,16.43885578498718,0,False,False
73,14.6,2690269377104,967.8665215437748,17.21600875956087,0,False,False
73,14.6,2690269375568,947.6054777580007,8.979645561938902,1,False,False
73,14.6,2690269376240,1010.5950200795173,18.056741508455552,0,False,False
73,14.6,2690269374944,969.7424473890259,7.058312047121971,1,False,False
73,14.6,2690269377056,989.2296118306571,6.885833959397771,1,False,False
73,14.6,2690269375232,1056.8721826398512,18.83700646454085,0,False,False
73,14.6,2690269377152,1113.2841925946764,19.889077909495775,0,False,False
73,14.6,2690269376432,1172.615274616502,20.00000000003137,0,True,False
73,14.6,2690269375040,1186.2288374949724,19.02083200824213,0,False,False
73,14.6,2690269375904,1009.6751300540136,7.32050113342654,1,False,False
73,14.6,2690269376960,1030.935994492116,6.653716598855619,1,False,False
73,14.6,2690269378256,1050.4778972894412,5.733202689835815,1,False,False
73,14.6,2690269376624,1068.3768593080213,5.1141844741185825,1,False,False
73,14.6,2690269377584,1085.6064984975678,5.327915023797599,1,False,False
73,14.6,2690269374848,1237.204382463364,18.81281292716701,0,False,False
73,14.6,2690269377344,1104.2339170967493,6.824581109360826,1,False,False
73,14.6,2690269377296,1126.8086979980703,9.142010977949349,1,False,False
73,14.6,2690269374896,1154.424286333631,11.312492946252542,1,False,False
73,14.6,2690269376816,1291.1191216426528,20.004194145412104,0,False,False
73,14.6,2690269378208,1354.164083939403,21.60104979223416,0,False,False
73,14.6,2690269377248,1185.9457502237112,12.989284125782833,1,False,False
73,14.6,2690269375856,1219.8213027010268,14.541068711658756,1,False,False
73,14.6,2690269378016,1258.1472251033442,16.33750654253289,1,False,False
73,14.6,2690269375712,1300.1644260021178,17.796892640334217,1,False,False
73,14.6,2690269375376,1435.090061661744,22.444476162487035,0,False,False
73,14.6,2690269377968,1346.8870385919056,18.849254832114106,1,False,False
73,14.6,2690269375184,1400.7213720942684,20.06125848873321,1,False,False
73,14.6,2690269377536,1465.9479975303102,21.695831077305357,1,False,False
74,14.8,2690269374656,308.0418169109529,8.675574035829238e-05,0,True,True
74,14.8,2690269373072,306.5069934525597,5.530635044985519e-05,1,False,True
74,14.8,2690269374704,441.59986374856754,8.128219459901498,0,False,False
74,14.8,2690269374752,462.7255305983299,6.970567267807558,0,False,False
74,14.8,2690269377776,445.5069600556517,13.418634299954919,1,False,False
74,14.8,2690269376192,479.2541012370966,13.765716464461155,1,False,False
74,14.8,2690269376000,513.3882473430755,14.535032639784985,1,False,False
74,14.8,2690269377392,482.3126578122832,6.725004639387993,0,False,False
74,14.8,2690269373600,549.5235416165598,15.536523641372037,1,False,False
74,14.8,2690269375424,502.34793982404676,7.665070612800563,0,False,False
74,14.8,2690269376864,587.0338523002091,16.413388021580086,1,False,False
74,14.8,2690269377680,525.3486518525738,9.571506106254052,0,False,False
74,14.8,2690269377632,552.7581463112629,11.148423412065409,0,False,False
74,14.8,2690269375472,629.6617863142006,17.436646204330295,1,False,False
74,14.8,2690269377008,676.6087431870006,18.244030665308582,1,False,False
74,14.8,2690269375520,582.066701759756,10.511034664748449,0,False,False
74,14.8,2690269377200,723.5891616383307,18.78629289759748,1,False,False
74,14.8,2690269377872,608.3198674897035,8.149034297321963,0,False,False
74,14.8,2690269376144,629.3499918774895,6.746882335677528,0,False,False
74,14.8,2690269377920,648.7876966338284,6.676440219518465,0,False,False
74,14.8,2690269375136,784.2954028949233,19.532612442637063,1,False,False
74,14.8,2690269375808,848.8508428549584,20.00000000003137,1,True,False
74,14.8,2690269375616,668.7309654275547,6.945783068977059,0,False,False
74,14.8,2690269376672,689.5849059183636,7.780653508904267,0,False,False
74,14.8,2690269376528,712.8670865390116,8.928467174979573,0,False,False
74,14.8,2690269374992,738.0085101513106,9.703644059007127,0,False,False
74,14.8,2690269377440,859.6642752701432,13.752538412883286,1,False,False
74,14.8,2690269376720,764.3253279944823,10.567836859980206,0,False,False
74,14.8,2690269375328,791.927562101709,11.858286964601767,0,False,False
74,14.8,2690269376768,822.6979405783356,13.32652692610138,0,False,False
74,14.8,2690269375088,892.6056713509141,12.827458877941954,1,False,False
74,14.8,2690269378160,856.5760017937689,14.640028450841697,0,False,False
74,14.8,2690269375952,892.5447554046882,15.614385316738039,0,False,False
74,14.8,2690269375760,922.7133261169787,11.264038691703476,1,False,False
74,14.8,2690269378064,931.1571980857472,16.4982179591227,0,False,False
74,14.8,2690269377104,971.3129390540431,17.26395696193395,0,False,False
74,14.8,2690269375568,949.3863648378273,8.756023869089521,1,False,False
74,14.8,2690269376240,1014.2085242102121,18.088873505856384,0,False,False
74,14.8,2690269374944,971.1485810622115,6.978150750883829,1,False,False
74,14.8,2690269377056,990.6082955083106,6.908642072188367,1,False,False
74,14.8,2690269375232,1060.6408397603361,18.855728319193126,0,False,False
74,14.8,2690269377152,1117.2621331081577,19.89094886620831,0,False,False
74,14.8,2690269376432,1176.6152746165078,20.000000000022034,0,True,False
74,14.8,2690269375040,1190.0331036991827,19.022479787756065,0,False,False
74,14.8,2690269375904,1011.1374502890194,7.291899653080386,1,False,False
74,14.8,2690269376960,1032.2610308466335,6.567390149608952,1,False,False
74,14.8,2690269378256,1051.6189673452373,5.650458719072785,1,False,False
74,14.8,2690269376624,1069.398308166237,5.095846173790936,1,False,False
74,14.8,2690269377584,1086.678865431588,5.432409625474339,1,False,False
74,14.8,2690269374848,1240.969105688465,18.845060793810624,0,False,False
74,14.8,2690269377344,1105.612716818336,7.034073144732046,1,False,False
74,14.8,2690269377296,1128.6522932153803,9.36952091409536,1,False,False
74,14.8,2690269374896,1156.699299574264,11.499427679625885,1,False,False
74,14.8,2690269376816,1295.1214611440453,20.02657000366232,0,False,False
74,14.8,2690269378208,1358.4846692725769,21.606665994049962,0,False,False
74,14.8,2690269377248,1188.5544147557785,13.150823444887115,1,False,False
74,14.8,2690269375856,1222.7393805419001,14.688059885256845,1,False,False
74,14.8,2690269378016,1261.4221147887336,16.447262148179274,1,False,False
74,14.8,2690269375712,1303.7284834259274,17.866342546667568,1,False,False
74,14.8,2690269375376,1439.5789568942412,22.444476162487035,0,False,False
74,14.8,2690269377968,1350.65929224321,18.88499189898657,1,False,False
74,14.8,2690269375184,1404.7349601373498,20.081174198132523,1,False,False
74,14.8,2690269377536,1470.2871637457713,21.695831077305357,1,False,False
75,15.0,2690269374656,308.0418327039527,7.053563008686052e-05,0,True,True
75,15.0,2690269373072,306.50700379279886,4.4966111299082265e-05,1,False,True
75,15.0,2690269374704,443.2156155220226,7.981008846551464,0,False,False
75,15.0,2690269374752,464.1147869113957,6.900157454505535,0,False,False
75,15.0,2690269377776,448.193197351936,13.4563282008184,1,False,False
75,15.0,2690269376192,482.011011542671,13.822325246569175,1,False,False
75,15.0,2690269376000,516.2998144731001,14.603332812514282,1,False,False
75,15.0,2690269377392,483.66055721906946,6.771252818336563,0,False,False
75,15.0,2690269373600,552.6352215483694,15.60184580030222,1,False,False
75,15.0,2690269375424,503.8912580070551,7.8209394276752775,0,False,False
75,15.0,2690269376864,590.3198859967313,16.463421747287814,1,False,False
75,15.0,2690269377680,527.274699417569,9.746178726336208,0,False,False
75,15.0,2690269377632,554.9902061208417,11.179873796193364,0,False,False
75,15.0,2690269375472,633.1514667134546,17.471688014330446,1,False,False
75,15.0,2690269377008,680.2590005581507,18.265683475425917,1,False,False
75,15.0,2690269375520,584.1577698539855,10.341854743916318,0,False,False
75,15.0,2690269377200,727.3471462343887,18.797151406955887,1,False,False
75,15.0,2690269377872,609.9381096755922,7.97733704867778,0,False,False
75,15.0,2690269376144,630.6961123364579,6.699589003774177,0,False,False
75,15.0,2690269377920,650.123348400622,6.683117942159633,0,False,False
75,15.0,2690269375136,788.2022731085273,19.53781118331692,1,False,False
75,15.0,2690269375808,852.850842854964,20.000000000022034,1,True,False
75,15.0,2690269375616,670.1240339380738,7.005979108658996,0,False,False
75,15.0,2690269376672,691.1489823642903,7.899880238597602,0,False,False
75,15.0,2690269376528,714.6595772375794,9.03009189438246,0,False,False
75,15.0,2690269374992,739.9553425582677,9.79559343749186,0,False,False
75,15.0,2690269377440,862.4103116373533,13.68445011745955,1,False,False
75,15.0,2690269376720,766.4473267870184,10.694779588774704,0,False,False
75,15.0,2690269375328,794.3087821931025,12.001437711342795,0,False,False
75,15.0,2690269376768,825.3716778978395,13.452354806784488,0,False,False
75,15.0,2690269375088,895.1627945898776,12.699731737401779,1,False,False
75,15.0,2690269378160,859.5106819446241,14.739495154953318,0,False,False
75,15.0,2690269375952,895.6726392887122,15.689009567489903,0,False,False
75,15.0,2690269375760,924.9511386299008,11.038088256685544,1,False,False
75,15.0,2690269378064,934.4607245826528,16.556146089250838,0,False,False
75,15.0,2690269377104,974.7688602856891,17.310622840624358,0,False,False
75,15.0,2690269375568,951.1231460087295,8.541861517536208,1,False,False
75,15.0,2690269376240,1017.8283937446469,18.120098147159222,0,False,False
75,15.0,2690269374944,972.5394992358634,6.9100671945567385,1,False,False
75,15.0,2690269377056,991.9915380246391,6.931181151893085,1,False,False
75,15.0,2690269375232,1064.4132069999837,18.87394132310749,0,False,False
75,15.0,2690269377152,1121.2404468721668,19.892805295095226,0,False,False
75,15.0,2690269376432,1180.6152746165117,20.000000000015476,0,True,False
75,15.0,2690269375040,1193.8377440798918,19.02478970452534,0,False,False
75,15.0,2690269375904,1012.5934847736489,7.254880059961851,1,False,False
75,15.0,2690269376960,1033.5685981217944,6.478162496320537,1,False,False
75,15.0,2690269378256,1052.7437486275246,5.571806679534076,1,False,False
75,15.0,2690269376624,1070.416841847449,5.08888351388003,1,False,False
75,15.0,2690269377584,1087.7729424154531,5.548954182700957,1,False,False
75,15.0,2690269374848,1244.7402303369947,18.876590832662647,0,False,False
75,15.0,2690269377344,1107.03377356233,7.248786485823878,1,False,False
75,15.0,2690269377296,1130.541267398903,9.595098314801728,1,False,False
75,15.0,2690269374896,1159.0114634933698,11.682809729854007,1,False,False
75,15.0,2690269376816,1299.1282360652397,20.048355689305257,0,False,False
75,15.0,2690269378208,1362.806373534354,21.612217688773384,0,False,False
75,15.0,2690269377248,1191.1952118432419,13.309704372571769,1,False,False
75,15.0,2690269375856,1225.6865647924174,14.83066594377114,1,False,False
75,15.0,2690269378016,1264.7186373788822,16.552278525947873,1,False,False
75,15.0,2690269375712,1307.3062140051743,17.932578572841607,1,False,False
75,15.0,2690269375376,1444.0678521267384,22.444476162487035,0,False,False
75,15.0,2690269377968,1354.438603957824,18.91940772654713,1,False,False
75,15.0,2690269375184,1408.7524930060529,20.10052136885224,1,False,False
75,15.0,2690269377536,1474.6263299612324,21.695831077305357,1,False,False
76,15.2,2690269374656,308.0418455442465,5.734807969136157e-05,0,True,True
76,15.2,2690269373072,306.5070121997963,3.6559113897683474e-05,1,False,True
76,15.2,2690269374704,444.80228961963604,7.839421223237193,0,False,False
76,15.2,2690269374752,465.4907019583801,6.840932189758371,0,False,False
76,15.2,2690269377776,450.88698640932523,13.494237283905786,1,False,False
76,15.2,2690269376192,484.77927341620955,13.879365915328368,1,False,False
76,15.2,2690269376000,519.2250074646103,14.671102540143648,1,False,False
76,15.2,2690269377392,485.0185294826567,6.829748828553107,0,False,False
76,15.2,2690269373600,555.759873822228,15.665783094568978,1,False,False
76,15.2,2690269375424,505.46612306198256,7.98217288776045,0,False,False
76,15.2,2690269376864,593.6158348350051,16.51208979820959,1,False,False
76,15.2,2690269377680,529.2352026201379,9.913404159334407,0,False,False
76,15.2,2690269377632,557.2273003505451,11.192465565606213,0,False,False
76,15.2,2690269375472,636.6480886113357,17.505736444088274,1,False,False
76,15.2,2690269377008,683.9135540734743,18.286823722892716,1,False,False
76,15.2,2690269375520,586.2144012028693,10.164005726462955,0,False,False
76,15.2,2690269377200,731.1072930324804,18.80786768932979,1,False,False
76,15.2,2690269377872,611.52255485328,7.813898399239972,0,False,False
76,15.2,2690269376144,632.0332359750035,6.65919750731331,0,False,False
76,15.2,2690269377920,651.4607049820014,6.695365567293744,0,False,False
76,15.2,2690269375136,792.1101779558693,19.542933522180554,1,False,False
76,15.2,2690269375808,856.8508428549679,20.000000000015476,1,True,False
76,15.2,2690269375616,671.5295900056792,7.0728154795518865,0,False,False
76,15.2,2690269376672,692.7369106784507,8.019138761050515,0,False,False
76,15.2,2690269376528,716.4722954908308,9.1302911053525,0,False,False
76,15.2,2690269374992,741.9206853226104,9.889370566565399,0,False,False
76,15.2,2690269377440,865.14241622005,13.611548045032086,1,False,False
76,15.2,2690269376720,768.5948505264786,10.823707729653522,0,False,False
76,15.2,2690269375328,796.7185414211838,12.143174925925164,0,False,False
76,15.2,2690269376768,828.0703843698717,13.575224102978952,0,False,False
76,15.2,2690269375088,897.6937141254376,12.562152452740527,1,False,False
76,15.2,2690269378160,862.4650611649848,14.836057635301547,0,False,False
76,15.2,2690269375952,898.8153058599207,15.761516403606022,0,False,False
76,15.2,2690269375760,927.1434752240139,10.80810218366921,1,False,False
76,15.2,2690269378064,937.7757426139602,16.612669367033956,0,False,False
76,15.2,2690269377104,978.2340307361077,17.356036092513182,0,False,False
76,15.2,2690269375568,952.8177656285516,8.337917075047466,1,False,False
76,15.2,2690269376240,1021.4544494686273,18.150449080990928,0,False,False
76,15.2,2690269374944,973.9175641106007,6.853246828688257,1,False,False
76,15.2,2690269377056,993.379218664689,6.952463091260493,1,False,False
76,15.2,2690269375232,1068.1891840434062,18.89166702597442,0,False,False
76,15.2,2690269377152,1125.2191308609392,19.89464544569448,0,False,False
76,15.2,2690269376432,1184.6152746165144,20.00000000001087,0,True,False
76,15.2,2690269375040,1197.6428889305957,19.027729960059343,0,False,False
76,15.2,2690269375904,1014.0415702005034,7.209761520600277,1,False,False
76,15.2,2690269376960,1034.8581634656512,6.3867525780676955,1,False,False
76,15.2,2690269378256,1053.8531166385083,5.498098296329858,1,False,False
76,15.2,2690269376624,1071.4347601126533,5.0936434852984505,1,False,False
76,15.2,2690269377584,1088.8911036159664,5.677003017959713,1,False,False
76,15.2,2690269374848,1248.5176141682205,18.907422894922593,0,False,False
76,15.2,2690269377344,1108.498084584793,7.4680205490393945,1,False,False
76,15.2,2690269377296,1132.4752084548234,9.818366304164226,1,False,False
76,15.2,2690269374896,1161.3600651026836,11.862604029277495,1,False,False
76,15.2,2690269376816,1303.139330172468,20.06957785003927,0,False,False
76,15.2,2690269378208,1367.1291838746847,21.61770565353394,0,False,False
76,15.2,2690269377248,1193.8676012968144,13.465800739368422,1,False,False
76,15.2,2690269375856,1228.661976483067,14.968862133624619,1,False,False
76,15.2,2690269378016,1268.0358553814185,16.652712643207906,1,False,False
76,15.2,2690269375712,1310.8969864102871,17.99577112612435,1,False,False
76,15.2,2690269375376,1448.5567473592357,22.444476162487035,0,False,False
76,15.2,2690269377968,1358.224715075492,18.952584760188483,1,False,False
76,15.2,2690269375184,1412.7738588212828,20.119327042066427,1,False,False
76,15.2,2690269377536,1478.9654961766935,21.695831077305357,1,False,False
77,15.4,2690269374656,308.0418559838809,4.662611279202849e-05,0,True,True
77,15.4,2690269373072,306.5070190349966,2.9723913640072133e-05,1,False,True
77,15.4,2690269374704,446.36105717110127,7.704149898958739,0,False,False
77,15.4,2690269374752,466.855533442603,6.793186074863211,0,False,False
77,15.4,2690269377776,453.5883761166564,13.532445927505611,1,False,False
77,15.4,2690269376192,487.55896861902255,13.936768906581914,1,False,False
77,15.4,2690269376000,522.1637149943718,14.738264754724899,1,False,False
77,15.4,2690269377392,486.38899278819457,6.900007465152367,0,False,False
77,15.4,2690269373600,558.8972205281933,15.728322863962871,1,False,False
77,15.4,2690269375424,507.07353804058874,8.147719618000579,0,False,False
77,15.4,2690269376864,596.9214282091216,16.559430287655722,1,False,False
77,15.4,2690269377680,531.228593468702,10.072011832522335,0,False,False
77,15.4,2690269377632,559.4656532485213,11.186175643589609,0,False,False
77,15.4,2690269375472,640.1514561653795,17.538833551096033,1,False,False
77,15.4,2690269377008,687.5723023243612,18.307467874306017,1,False,False
77,15.4,2690269375520,588.2349649676923,9.979034859589213,0,False,False
77,15.4,2690269377200,734.8695736715509,18.81844304644074,1,False,False
77,15.4,2690269377872,613.0748895606172,7.659219606630192,0,False,False
77,15.4,2690269376144,633.3627355596456,6.625595679930567,0,False,False
77,15.4,2690269377920,652.8008890186969,6.71330570663127,0,False,False
77,15.4,2690269375136,796.0191022505489,19.54798086515777,1,False,False
77,15.4,2690269375808,860.8508428549708,20.00000000001087,1,True,False
77,15.4,2690269375616,672.9489356348948,7.145894632716949,0,False,False
77,15.4,2690269376672,694.3486780283382,8.138148685529293,0,False,False
77,15.4,2690269376528,718.304967044192,9.229230264010683,0,False,False
77,15.4,2690269374992,743.9049095730671,9.985052219174978,0,False,False
77,15.4,2690269377440,867.8595959953226,13.533382053494243,1,False,False
77,15.4,2690269376720,770.7682780165388,10.954346057653625,0,False,False
77,15.4,2690269375328,799.1565428579548,12.283288681912639,0,False,False
77,15.4,2690269376768,830.7934648807292,13.695087093323185,0,False,False
77,15.4,2690269375088,900.1964677702048,12.414864559845837,1,False,False
77,15.4,2690269378160,865.4385616879564,14.929763503392572,0,False,False
77,15.4,2690269375952,901.9723361328454,15.831973135262947,0,False,False
77,15.4,2690269375760,929.2896051165583,10.575234375510849,1,False,False
77,15.4,2690269378064,941.1019731711596,16.667817283863837,0,False,False
77,15.4,2690269377104,981.7082019164275,17.40022746981523,0,False,False
77,15.4,2690269375568,954.4723110676113,8.144817892670057,1,False,False
77,15.4,2690269376240,1025.0865188346504,18.179958999147377,0,False,False
77,15.4,2690269374944,975.2849709111729,6.806816909893786,1,False,False
77,15.4,2690269377056,994.771023828148,6.971571785434592,1,False,False
77,15.4,2690269375232,1071.9686748050399,18.908925792317316,0,False,False
77,15.4,2690269377152,1129.198181713939,19.89646779221771,0,False,False
77,15.4,2690269376432,1188.6152746165164,20.000000000007635,0,True,False
77,15.4,2690269375040,1201.448662248407,19.031269706188674,0,False,False
77,15.4,2690269375904,1015.4801114180839,7.156927893670426,1,False,False
77,15.4,2690269376960,1036.1293401481503,6.293913126459802,1,False,False
77,15.4,2690269378256,1054.9481155218975,5.430157392641919,1,False,False
77,15.4,2690269376624,1072.4544254214711,5.110373276819801,1,False,False
77,15.4,2690269377584,1090.0356117179576,5.815976978524892,1,False,False
77,15.4,2690269374848,1252.3011189037393,18.937576695166925,0,False,False
77,15.4,2690269377344,1110.0065083813101,7.691095187155313,1,False,False
77,15.4,2690269377296,1134.4536309818902,10.03897890384207,1,False,False
77,15.4,2690269374896,1163.7443848954788,12.038782740946797,1,False,False
77,15.4,2690269376816,1307.1546324544477,20.090261551715056,0,False,False
77,15.4,2690269378208,1371.453087600809,21.623130692071275,0,False,False
77,15.4,2690269377248,1196.5710181673073,13.618993779893856,1,False,False
77,15.4,2690269375856,1231.6647330052779,15.10264311184385,1,False,False
77,15.4,2690269378016,1271.3728631613183,16.748727990568597,1,False,False
77,15.4,2690269375712,1314.5002029993118,18.056084628412684,1,False,False
77,15.4,2690269375376,1453.045642591733,22.444476162487035,0,False,False
77,15.4,2690269377968,1362.0173830221884,18.984599494791574,1,False,False
77,15.4,2690269375184,1416.7989509979438,20.137616572523328,1,False,False
77,15.4,2690269377536,1483.3046623921546,21.695831077305357,1,False,False
78,15.6,2690269374656,308.0418644716903,3.790875659298553e-05,0,True,True
78,15.6,2690269373072,306.50702459226756,2.4166642675069018e-05,1,False,True
78,15.6,2690269374704,447.89322642319587,7.575863296924706,0,False,False
78,15.6,2690269374752,468.21159277861994,6.7571354154637335,0,False,False
78,15.6,2690269377776,456.2974312339282,13.571023657300994,1,False,False
78,15.6,2690269376192,490.35016491540335,13.994463546369138,1,False,False
78,15.6,2690269376000,525.1158107584585,14.80474887125046,1,False,False
78,15.6,2690269377392,487.77426405440303,6.9814815778448605,0,False,False
78,15.6,2690269373600,562.0469816328354,15.7894584580563,1,False,False
78,15.6,2690269375424,508.7142948077396,8.31651518862869,0,False,False
78,15.6,2690269376864,600.2364031831787,16.605481969992788,1,False,False
78,15.6,2690269377680,533.2530723207449,10.220869874694294,0,False,False
78,15.6,2690269377632,561.7014956967616,11.161150064281932,0,False,False
78,15.6,2690269375472,643.6613818121662,17.571019423183273,1,False,False
78,15.6,2690269377008,691.235147167567,18.327631973657585,1,False,False
78,15.6,2690269375520,590.2181402122403,9.788492526144944,0,False,False
78,15.6,2690269377200,738.6339600613795,18.82887893166525,1,False,False
78,15.6,2690269377872,614.5968943879282,7.513710224019824,0,False,False
78,15.6,2690269376144,634.6859619649538,6.59867931563966,0,False,False
78,15.6,2690269377920,654.1450454382602,6.737026915972931,0,False,False
78,15.6,2690269375136,799.9290310862575,19.552954601303018,1,False,False
78,15.6,2690269375808,864.8508428549727,20.000000000007635,1,True,False
78,15.6,2690269375616,674.3832914920724,7.224793452302728,0,False,False
78,15.6,2690269376672,695.9842177500485,8.256663350470763,0,False,False
78,15.6,2690269376528,720.1573514779537,9.327085016310127,0,False,False
78,15.6,2690269374992,745.9083997377174,10.082684557826015,0,False,False
78,15.6,2690269377440,870.5607691661208,13.449521947531567,1,False,False
78,15.6,2690269376720,772.9679327454094,11.086415794983692,0,False,False
78,15.6,2690269375328,801.6224486171507,12.421584546938409,0,False,False
78,15.6,2690269376768,833.540315728153,13.811910227090518,0,False,False
78,15.6,2690269375088,902.6691280708488,12.258102562349704,1,False,False
78,15.6,2690269378160,868.4306156860898,15.020666438313926,0,False,False
78,15.6,2690269375952,905.1433245338496,15.900446265485225,0,False,False
78,15.6,2690269375760,931.3890306388063,10.34067026724339,1,False,False
78,15.6,2690269378064,944.4391431617889,16.721619587444536,0,False,False
78,15.6,2690269377104,985.1911315450466,17.443228522785084,0,False,False
78,15.6,2690269375568,956.0889862970361,7.9630580751147395,1,False,False
78,15.6,2690269376240,1028.724435767411,18.208659592809745,0,False,False
78,15.6,2690269374944,976.6437370742309,6.76985874948361,1,False,False
78,15.6,2690269377056,996.166461715456,6.987667385759588,1,False,False
78,15.6,2690269375232,1075.7515871969945,18.92573687378036,0,False,False
78,15.6,2690269377152,1133.1775957792922,19.898271011523853,0,False,False
78,15.6,2690269376432,1192.6152746165178,20.00000000000536,0,True,False
78,15.6,2690269375040,1205.255181924247,19.035379046372583,0,False,False
78,15.6,2690269375904,1016.9075943117305,7.0968267029281895,1,False,False
78,15.6,2690269376960,1037.381893938369,6.200424764537856,1,False,False
78,15.6,2690269378256,1056.0299517937158,5.36876975987885,1,False,False
78,15.6,2690269376624,1073.4782432048364,5.139224066423084,1,False,False
78,15.6,2690269377584,1091.2086117289887,5.965270731349156,1,False,False
78,15.6,2690269374848,1256.0906101949997,18.96707173682141,0,False,False
78,15.6,2690269377344,1111.5597687993586,7.917351036793146,1,False,False
78,15.6,2690269377296,1136.475982414721,10.25662048166545,1,False,False
78,15.6,2690269374896,1166.163698237097,12.211324459570081,1,False,False
78,15.6,2690269376816,1311.1740368130716,20.110430382673687,0,False,False
78,15.6,2690269378208,1375.7780721821914,21.628493629118335,0,False,False
78,15.6,2690269377248,1199.3048743112454,13.769173362990227,1,False,False
78,15.6,2690269375856,1234.693951912167,15.232021701642594,1,False,False
78,15.6,2690269378016,1274.7287881180587,16.84049270547411,1,False,False
78,15.6,2690269375712,1318.115298599395,18.11367721682628,1,False,False
78,15.6,2690269375376,1457.5345378242303,22.444476162487035,0,False,False
78,15.6,2690269377968,1365.8163801473343,19.015522880300406,1,False,False
78,15.6,2690269375184,1420.827667915629,20.155413746294652,1,False,False
78,15.6,2690269377536,1487.6438286076157,21.695831077305357,1,False,False
79,15.8,2690269374656,308.04187137259373,3.0821223138119203e-05,0,True,True
79,15.8,2690269373072,306.50702911053463,1.964837555567093e-05,1,False,True
79,15.8,2690269374704,449.40023725698023,7.45519748348998,0,False,False
79,15.8,2690269374752,469.5612294051291,6.732918038069795,0,False,False
79,15.8,2690269377776,459.014229486684,13.610026124733283,1,False,False
79,15.8,2690269376192,493.1529158955943,14.052378713128174,1,False,False
79,15.8,2690269376000,528.0811547648692,14.870490718541031,1,False,False
79,15.8,2690269377392,489.1765469691397,7.073568360601047,0,False,False
79,15.8,2690269373600,565.2088761458589,15.849188709083403,1,False,False
79,15.8,2690269375424,510.38897161431436,8.487484841286191,0,False,False
79,15.8,2690269376864,603.5605045994778,16.65028394890402,1,False,False
79,15.8,2690269377680,535.3066161638401,10.35889342134532,0,False,False
79,15.8,2690269377632,563.9310990973345,11.117704353874466,0,False,False
79,15.8,2690269375472,647.1776858785383,17.602332255819846,1,False,False
79,15.8,2690269377008,694.9019936397785,18.347331629544875,1,False,False
79,15.8,2690269375520,592.1629154471409,9.593916196397279,0,False,False
79,15.8,2690269377200,742.4004244112587,18.839176925906823,1,False,False
79,15.8,2690269377872,616.0904260296152,7.377694076788985,0,False,False
79,15.8,2690269376144,636.0042457098609,6.578351242343235,0,False,False
79,15.8,2690269377920,655.494334505441,6.766581836379403,0,False,False
79,15.8,2690269375136,803.8399498332723,19.557679685926555,1,False,False
79,15.8,2690269375808,868.5478061752943,18.6666666666723,1,True,True
79,15.8,2690269375616,675.8337923340338,7.30907119915397,0,False,False
79,15.8,2690269376672,697.6434160945491,8.374469735805528,0,False,False
79,15.8,2690269376528,722.0292439595071,9.424036959649419,0,False,False
79,15.8,2690269374992,747.9315474937079,10.18228428501736,0,False,False
79,15.8,2690269377440,873.5478061752943,12.497567232805984,1,False,True
79,15.8,2690269376720,775.194082323735,11.219636804366171,0,False,False
79,15.8,2690269375328,804.1158829775064,12.55788392329298,0,False,False
79,15.8,2690269376768,836.3103274048568,13.925673352966076,0,False,False
79,15.8,2690269375088,905.1098206463948,12.092193798316652,1,False,False
79,15.8,2690269378160,871.4406664286834,15.10882535171094,0,False,False
79,15.8,2690269375952,908.3278787242325,15.967001267103186,0,False,False
79,15.8,2690269375760,933.4414924884557,10.105610879265031,1,False,False
79,15.8,2690269378064,947.7869854575425,16.774106233521373,0,False,False
79,15.8,2690269377104,988.682583691389,17.48507136735019,0,False,False
79,15.8,2690269375568,957.6700852170646,7.7929986053342395,1,False,False
79,15.8,2690269376240,1032.3680404614545,18.236581521895186,0,False,False
79,15.8,2690269374944,977.9956938398129,6.741419261223031,1,False,False
79,15.8,2690269377056,997.5648778557736,6.999990421457853,1,False,False
79,15.8,2690269375232,1079.5378329110767,18.94211847720297,0,False,False
79,15.8,2690269377152,1137.1573691529575,19.900053963144583,0,False,False
79,15.8,2690269376432,1196.615274616519,20.000000000003766,0,True,False
79,15.8,2690269375040,1209.0625599331136,19.040029034208672,0,False,False
79,15.8,2690269375904,1018.3225984286747,7.0299673412569526,1,False,False
79,15.8,2690269376960,1038.615748249228,6.107089350294443,1,False,False
79,15.8,2690269378256,1057.0999861114758,5.314674034463448,1,False,False
79,15.8,2690269376624,1074.5086429791909,5.1802559994819415,1,False,False
79,15.8,2690269377584,1092.4121261829243,6.124259161239716,1,False,False
79,15.8,2690269374848,1259.885957576726,18.995927249461477,0,False,False
79,15.8,2690269377344,1113.158459212766,8.14614976943011,1,False,False
79,15.8,2690269377296,1138.5416490540822,10.471005155968246,1,False,False
79,15.8,2690269374896,1168.6172766059312,12.380213563058792,1,False,False
79,15.8,2690269376816,1315.19744177451,20.13010655138661,0,False,False
79,15.8,2690269378208,1380.1041252543832,21.63379530548026,0,False,False
79,15.8,2690269377248,1202.0685601898808,13.916239031654005,1,False,False
79,15.8,2690269375856,1237.748754463764,15.357027554451536,1,False,False
79,15.8,2690269378016,1278.1027914984206,16.928177861045842,1,False,False
79,15.8,2690269375712,1321.741739234831,18.168700538313857,1,False,False
79,15.8,2690269375376,1462.0234330567275,22.444476162487035,0,False,False
79,15.8,2690269377968,1369.6214926408456,19.04542070783619,1,False,False
79,15.8,2690269375184,1424.8599126123063,20.172740890322466,1,False,False
79,15.8,2690269377536,1491.9829948230768,21.695831077305357,1,False,False
80,16.0,2690269374656,308.0418769832838,2.5058795938073808e-05,0,True,True
80,16.0,2690269373072,306.50703278405314,1.597485704437364e-05,1,False,True
80,16.0,2690269374704,450.88365424728687,7.3427492725929415,0,False,False
80,16.0,2690269374752,470.9068151298935,6.720594111506825,0,False,False
80,16.0,2690269377776,461.73885885728777,13.649496101103548,1,False,False
80,16.0,2690269376192,495.96726092765584,14.110443446543481,1,False,False
80,16.0,2690269376000,531.0595946095348,14.935432429239924,1,False,False
80,16.0,2690269377392,490.5979212573002,7.175615239899154,0,False,False
80,16.0,2690269373600,568.3826231822305,15.907517419452281,1,False,False
80,16.0,2690269375424,512.0979312082975,8.659546138745085,0,False,False
80,16.0,2690269376864,606.8934851308601,16.693875422302444,1,False,False
80,16.0,2690269377680,537.3869886144696,10.48505375023474,0,False,False
80,16.0,2690269377632,566.1508091593821,11.05632126531771,0,False,False
80,16.0,2690269375472,650.7001962082812,17.632808428960406,1,False,False
80,16.0,2690269377008,698.5727498681982,18.366579999135833,1,False,False
80,16.0,2690269375520,594.0685850261443,9.396815344493314,0,False,False
80,16.0,2690269377200,746.1689304779787,18.848833175764533,1,False,False
80,16.0,2690269377872,617.5574005550797,7.2514155661613175,0,False,False
80,16.0,2690269376144,637.3188982834397,6.564520037894208,0,False,False
80,16.0,2690269377920,656.8499245646101,6.8019862735414405,0,False,False
80,16.0,2690269375136,807.748236054353,19.48283572589253,1,False,False
80,16.0,2690269375808,871.4610849294529,15.17669135802927,1,True,True
80,16.0,2690269375616,677.3014839697782,7.398276624826296,0,False,False
80,16.0,2690269376672,699.3261189285708,8.491387962854281,0,False,False
80,16.0,2690269376528,723.9204761632517,9.520269647171133,0,False,False
80,16.0,2690269374992,749.974745968009,10.283840095455002,0,False,False
80,16.0,2690269377440,876.4610849294531,10.16098503313174,1,False,True
80,16.0,2690269376720,777.446938351118,11.353729632283148,0,False,False
80,16.0,2690269375328,806.6364355662527,12.69202426993905,0,False,False
80,16.0,2690269376768,839.1028872243319,14.036368898006257,0,False,False
80,16.0,2690269375088,907.5167428053794,11.91755885421058,1,False,False
80,16.0,2690269378160,874.4681692746275,15.194303592004523,0,False,False
80,16.0,2690269375952,911.5256193813312,16.031702397912632,0,False,False
80,16.0,2690269375760,935.4469717594951,9.871256466043047,1,False,False
80,16.0,2690269378064,951.1452389324609,16.825307333925874,0,False,False
80,16.0,2690269377104,992.1823288747845,17.525788476385546,0,False,False
80,16.0,2690269375568,959.217965145195,7.634869450812641,1,False,False
80,16.0,2690269376240,1036.0171791734826,18.263754395787345,0,False,False
80,16.0,2690269374944,979.3424801039779,6.720521781793936,1,False,False
80,16.0,2690269377056,998.9654714500551,7.0078657754217275,1,False,False
80,16.0,2690269375232,1083.3273272141562,18.95808782864898,0,False,False
80,16.0,2690269377152,1141.137497714025,19.901815671172503,0,False,False
80,16.0,2690269376432,1200.6152746165194,20.000000000002643,0,True,False
80,16.0,2690269375040,1212.8709025238745,19.045191669374933,0,False,False
80,16.0,2690269375904,1019.7238091902494,6.956918462620479,1,False,False
80,16.0,2690269376960,1039.8309879078327,6.01472270862705,1,False,False
80,16.0,2690269378256,1058.1597232946679,5.26855374512717,1,False,False
80,16.0,2690269376624,1075.5480605210894,5.233444077952609,1,False,False
80,16.0,2690269377584,1093.6480515650298,6.2923029081703765,1,False,False
80,16.0,2690269374848,1263.6870344085237,19.024162136633212,0,False,False
80,16.0,2690269377344,1114.803046743102,8.376874305072173,1,False,False
80,16.0,2690269377296,1140.6499619744025,10.68187614286867,1,False,False
80,16.0,2690269374896,1171.1043887139454,12.5454396987642,1,False,False
80,16.0,2690269376816,1319.2247502194155,20.14931097773175,0,False,False
80,16.0,2690269378208,1384.4312346219401,21.639036573730216,0,False,False
80,16.0,2690269377248,1204.8614468634025,14.060100851191523,1,False,False
80,16.0,2690269375856,1240.8282688997954,15.477705745045725,1,False,False
80,16.0,2690269378016,1281.4940688783058,17.01195592405809,1,False,False
80,16.0,2690269375712,1325.3790208196885,18.221299626646726,1,False,False
80,16.0,2690269375376,1466.5123282892248,22.444476162487035,0,False,False
80,16.0,2690269377968,1373.4325195260699,19.07435397570266,1,False,False
80,16.0,2690269375184,1428.895592499391,20.189618974253673,1,False,False
80,16.0,2690269377536,1496.3221610385378,21.695831077305357,1,False,False
81,16.2,2690269374656,308.0418815449827,2.037372920120727e-05,0,True,True
81,16.2,2690269373072,306.50703577075967,1.2988150438447784e-05,1,False,True
81,16.2,2690269374704,452.3451583875533,7.239070019690081,0,False,False
81,16.2,2690269374752,472.25072869967056,6.720147850392364,0,False,False
81,16.2,2690269377776,464.4714150754959,13.68946447651701,1,False,False
81,16.2,2690269376192,498.79322522749135,14.16858750202665,1,False,False
81,16.2,2690269376000,534.0509667278205,14.999522293264782,1,False,False
81,16.2,2690269377392,492.0403330960945,7.286925297985141,0,False,False
81,16.2,2690269373600,571.5679429229378,15.964452866809216,1,False,False
81,16.2,2690269375424,513.8413194774546,8.831611667311474,0,False,False
81,16.2,2690269376864,610.2351052842873,16.736295458125117,1,False,False
81,16.2,2690269377680,539.4917517935598,10.598388129641004,0,False,False
81,16.2,2690269377632,568.3570790548065,10.977645843160008,0,False,False
81,16.2,2690269375472,654.2287477915694,17.66248203484168,1,False,False
81,16.2,2690269377008,702.2473243135616,18.385332555892496,1,False,False
81,16.2,2690269375520,595.9347425991307,9.1986575021758,0,False,False
81,16.2,2690269377200,749.9391884334113,18.85512427084932,1,False,False
81,16.2,2690269377872,618.9997779547571,7.135046158800084,0,False,False
81,16.2,2690269376144,638.6312131949168,6.557098481695588,0,False,False
81,16.2,2690269377920,658.2129846559426,6.84321912390758,0,False,False
81,16.2,2690269375136,811.6338891234494,19.29532170170181,1,False,False
81,16.2,2690269375808,873.8296884557969,12.339212173757724,1,True,True
81,16.2,2690269375616,678.7873215911661,7.49195428621965,0,False,False
81,16.2,2690269376672,701.0321383092718,8.607270407236623,0,False,False
81,16.2,2690269376528,725.8309164102699,9.615964885949051,0,False,False
81,16.2,2690269374992,752.0383842458659,10.387314375204006,0,False,False
81,16.2,2690269377440,878.8296884557969,8.26125716471511,1,False,True
81,16.2,2690269376720,779.7266566814221,11.48841740479213,0,False,False
81,16.2,2690269375328,809.1836645790853,12.823859205738383,0,False,False
81,16.2,2690269376768,841.9173817796823,14.14400100761783,0,False,False
81,16.2,2690269375088,909.8881821413787,11.734710386168073,1,False,False
81,16.2,2690269378160,877.5125925089305,15.277168191983204,0,False,False
81,16.2,2690269375952,914.7361799449905,16.094612549958196,0,False,False
81,16.2,2690269375760,937.4056886967061,9.638790182117546,1,False,False
81,16.2,2690269378064,954.513648490543,16.875253102033938,0,False,False
81,16.2,2690269377104,995.6901441231088,17.565412493291113,0,False,False
81,16.2,2690269375568,960.7350208472982,7.488773447146802,1,False,False
81,16.2,2690269376240,1039.671704011482,18.290206763862987,0,False,False
81,16.2,2690269374944,980.6855383874398,6.706176176436529,1,False,False
81,16.2,2690269377056,1000.367312497162,7.010706463181524,1,False,False
81,16.2,2690269375232,1087.1199887560788,18.973661233567,0,False,False
81,16.2,2690269377152,1145.1179771565112,19.90355530784069,0,False,False
81,16.2,2690269376432,1204.6152746165199,20.000000000001858,0,True,False
81,16.2,2690269375040,1216.6803104080893,19.050839891226243,0,False,False
81,16.2,2690269375904,1021.1100295270578,6.878304540374878,1,False,False
81,16.2,2690269376960,1041.0278614398533,5.9241469164155465,1,False,False
81,16.2,2690269378256,1059.2108008391222,5.231030646873455,1,False,False
81,16.2,2690269376624,1076.5989212664647,5.2986846944611505,1,False,False
81,16.2,2690269377584,1094.918155790049,6.4687531024947384,1,False,False
81,16.2,2690269374848,1267.493717806685,19.051794933001467,0,False,False
81,16.2,2690269377344,1116.4938765238098,8.608929034955368,1,False,False
81,16.2,2690269377296,1142.8002027963892,10.889005036225363,1,False,False
81,16.2,2690269374896,1173.6243015325479,12.70699738760083,1,False,False
81,16.2,2690269376816,1323.2558691309725,20.168063378241946,0,False,False
81,16.2,2690269378208,1388.759388260519,21.644218294452042,0,False,False
81,16.2,2690269377248,1207.682888142066,14.200680067413154,1,False,False
81,16.2,2690269375856,1243.931633428364,15.594115325208298,1,False,False
81,16.2,2690269378016,1284.9018503474588,17.0919993822053,1,False,False
81,16.2,2690269375712,1329.02666783076,18.27161285088816,1,False,False
81,16.2,2690269375376,1471.001223521722,22.444476162487035,0,False,False
81,16.2,2690269377968,1377.2492717245668,19.102379235017704,1,False,False
81,16.2,2690269375184,1432.9346190966987,20.206067705039672,1,False,False
81,16.2,2690269377536,1500.661327253999,21.695831077305357,1,False,False
82,16.4,2690269374656,308.04188525381284,1.6564596423144517e-05,0,True,True
82,16.4,2690269373072,306.5070381990628,1.055984734906688e-05,1,False,True
82,16.4,2690269374704,453.7865376242285,7.1446601945037305,0,False,False
82,16.4,2690269374752,473.59534076275605,6.731489966813313,0,False,False
82,16.4,2690269377776,467.2119993086314,13.729951254051041,1,False,False
82,16.4,2690269376192,501.6308200361202,14.226741850484414,1,False,False
82,16.4,2690269376000,537.0550976145121,15.06271457910039,1,False,False
82,16.4,2690269377392,493.5055865819566,7.4067621960900505,0,False,False
82,16.4,2690269373600,574.764557478044,16.020007328317586,1,False,False
82,16.4,2690269375424,515.6190646424196,9.002591914505404,0,False,False
82,16.4,2690269376864,613.5851333593342,16.77758273940145,1,False,False
82,16.4,2690269377680,541.6182802109838,10.698010214500414,0,False,False
82,16.4,2690269377632,570.5465014113461,10.882477876451885,0,False,False
82,16.4,2690269375472,657.7631821278078,17.69138143651877,1,False,False
82,16.4,2690269377008,705.9256082416356,18.403418624917393,1,False,False
82,16.4,2690269375520,597.7612718595565,9.000855598040713,0,False,False
82,16.4,2690269377200,753.7103313972472,18.855246645207995,1,False,False
82,16.4,2690269377872,620.4195479897644,7.0286909350917295,0,False,False
82,16.4,2690269376144,639.9424667009778,6.55600182971346,0,False,False
82,16.4,2690269377920,659.5846771681164,6.890223047220345,0,False,False
82,16.4,2690269375136,815.4751523354531,19.007642295803894,1,False,False
82,16.4,2690269375808,875.7554508487713,10.032236505123317,1,True,True
82,16.4,2690269375616,680.2921693152704,7.5896501010819915,0,False,False
82,16.4,2690269376672,702.7612588571836,8.722000454296701,0,False,False
82,16.4,2690269376528,727.7604690894404,9.711299370206662,0,False,False
82,16.4,2690269374992,754.1228422328554,10.492645096542555,0,False,False
82,16.4,2690269377440,880.7554508487713,6.7167080474009655,1,False,True
82,16.4,2690269376720,782.0333380575489,11.623427578543055,0,False,False
82,16.4,2690269375328,811.7571000129193,12.953258495197934,0,False,False
82,16.4,2690269376768,844.7531992284277,14.248584657521363,0,False,False
82,16.4,2690269375088,912.2225347813597,11.544250254644208,1,False,False
82,16.4,2690269378160,880.5734180318257,15.357489162906099,0,False,False
82,16.4,2690269375952,917.9592063359624,16.155793129117036,0,False,False
82,16.4,2690269375760,939.318098206205,9.409362180997153,1,False,False
82,16.4,2690269378064,957.89196508233,16.92397379665013,0,False,False
82,16.4,2690269377104,999.2058129955564,17.603976066501463,0,False,False
82,16.4,2690269375568,962.2236594522916,7.354691732023395,1,False,False
82,16.4,2690269376240,1043.3314727225338,18.315966114390974,0,False,False
82,16.4,2690269374944,982.0261127797335,6.697388273057732,1,False,False
82,16.4,2690269377056,1001.7693596585777,7.00801713260301,1,False,False
82,16.4,2690269375232,1090.9157393893595,18.9888541332633,0,False,False
82,16.4,2690269377152,1149.098803017973,19.90527217863774,0,False,False
82,16.4,2690269376432,1208.6152746165203,20.000000000001304,0,True,False
82,16.4,2690269375040,1220.4908789474057,19.05694757025905,0,False,False
82,16.4,2690269375904,1022.4801907701889,6.794801594838352,1,False,False
82,16.4,2690269376960,1042.2067817903057,5.836182318958861,1,False,False
82,16.4,2690269378256,1060.2549761878392,5.202659410167812,1,False,False
82,16.4,2690269376624,1077.66362504668,5.375802563360135,1,False,False
82,16.4,2690269377584,1096.2240765776444,6.65295537299085,1,False,False
82,16.4,2690269374848,1271.3058885679939,19.078843769738796,0,False,False
82,16.4,2690269377344,1118.2311760113523,8.841740087747116,1,False,False
82,16.4,2690269377296,1144.9916093107374,11.092191012852542,1,False,False
82,16.4,2690269374896,1176.1762812462632,12.864885728836988,1,False,False
82,16.4,2690269376816,1327.2907093596154,20.18638234565984,0,False,False
82,16.4,2690269378208,1393.0885743182544,21.649341332967307,0,False,False
82,16.4,2690269377248,1210.5322228565253,14.337909579731651,1,False,False
82,16.4,2690269375856,1247.0579989238436,15.70632785968391,1,False,False
82,16.4,2690269378016,1288.3254004307912,17.168479537641144,1,False,False
82,16.4,2690269375712,1332.6842319744355,18.319771925207974,1,False,False
82,16.4,2690269375376,1475.4901187542193,22.444476162487035,0,False,False
82,16.4,2690269377968,1381.071571188658,19.129548915015956,1,False,False
82,16.4,2690269375184,1436.9769077858577,20.22210561476304,1,False,False
82,16.4,2690269377536,1505.00049346946,21.695831077305357,1,False,False
83,16.6,2690269374656,308.0418882692291,1.346763039558772e-05,0,True,True
83,16.6,2690269373072,306.5070401733631,8.585547000248746e-06,1,False,True
83,16.6,2690269374704,455.20967636114045,7.059964796198329,0,False,False
83,16.6,2690269374752,474.94299936452774,6.754460730684101,0,False,False
83,16.6,2690269377776,469.9607160498295,13.77096653072647,1,False,False
83,16.6,2690269376192,504.48004289326695,14.284839123631917,1,False,False
83,16.6,2690269376000,540.0718050061383,15.124969327191415,1,False,False
83,16.6,2690269377392,494.9953361481232,7.534354588812549,0,False,False
83,16.6,2690269373600,577.9721916557472,16.07419662063331,1,False,False
83,16.6,2690269375424,517.4308770429564,9.171398435242269,0,False,False
83,16.6,2690269376864,616.9433453467449,16.8177751588915,1,False,False
83,16.6,2690269377680,543.7637767552126,10.78312077960016,0,False,False
83,16.6,2690269377632,572.715838628579,10.771761875119552,0,False,False
83,16.6,2690269375472,661.3033457590793,17.71952465252361,1,False,False
83,16.6,2690269377008,709.6074511851456,18.420559816247835,1,False,False
83,16.6,2690269375520,599.5483348519837,8.80475670431115,0,False,False
83,16.6,2690269377200,757.4809630572296,18.84686239330102,1,False,False
83,16.6,2690269377872,621.818717349153,6.932395083219774,0,False,False
83,16.6,2690269376144,641.2539181805723,6.5611459941926675,0,False,False
83,16.6,2690269377920,660.9661506698569,6.942905780606681,0,False,False
83,16.6,2690269375136,819.2529549144552,18.634349784653395,1,False,False
83,16.6,2690269375808,877.3211669987925,8.15657984298026,1,True,True
83,16.6,2690269375616,681.8168007895838,7.69091619046362,0,False,False
83,16.6,2690269376672,704.5132438581264,8.835490930710701,0,False,False
83,16.6,2690269376528,729.7090734292068,9.806441680396189,0,False,False
83,16.6,2690269374992,756.2284859064825,10.599747861343966,0,False,False
83,16.6,2690269377440,882.3211669987924,5.460932409501703,1,False,True
83,16.6,2690269376720,784.3670290868904,11.75849354939001,0,False,False
83,16.6,2690269375328,814.3562468880962,13.080107919607192,0,False,False
83,16.6,2690269376768,847.6097313983927,14.35014474852799,0,False,False
83,16.6,2690269375088,914.518322946015,11.34686493238203,1,False,False
83,16.6,2690269378160,883.6501419099175,15.435338837312152,0,False,False
83,16.6,2690269375952,921.1943566520576,16.215303961426194,0,False,False
83,16.6,2690269375760,941.184882235135,9.18407453733389,1,False,False
83,16.6,2690269378064,961.2799457102101,16.97149966523861,0,False,False
83,16.6,2690269377104,1002.7291255736387,17.641511703545074,0,False,False
83,16.6,2690269375568,963.6862765445753,7.232490489536286,1,False,False
83,16.6,2690269376240,1046.9963484808968,18.34105888052899,0,False,False
83,16.6,2690269374944,983.3652487286985,6.69316869014122,1,False,False
83,16.6,2690269377056,1003.1704787990274,6.999397176926523,1,False,False
83,16.6,2690269375232,1094.7145039999368,19.003681157870307,0,False,False
83,16.6,2690269377152,1153.0799707052397,19.906965708816983,0,False,False
83,16.6,2690269376432,1212.6152746165208,20.000000000000917,0,True,False
83,16.6,2690269375040,1224.3026983391183,19.06348949764882,0,False,False
83,16.6,2690269375904,1023.8333626338673,6.7071321190337585,1,False,False
83,16.6,2690269376960,1043.3683254392527,5.751639462017748,1,False,False
83,16.6,2690269378256,1061.294113031519,5.183923688197478,1,False,False
83,16.6,2690269376624,1078.7445322254757,5.464557825571564,1,False,False
83,16.6,2690269377584,1097.5673205853348,6.844253212880577,1,False,False
83,16.6,2690269374848,1275.1234310871002,19.105326347169303,0,False,False
83,16.6,2690269377344,1120.0150593537921,9.074755662719504,1,False,False
83,16.6,2690269377296,1147.2233809376517,11.291259958616225,1,False,False
83,16.6,2690269374896,1178.759594153175,13.019108188376743,1,False,False
83,16.6,2690269376816,1331.3291854032925,20.204285423127832,0,False,False
83,16.6,2690269378208,1397.4187811165102,21.65440655649137,0,False,False
83,16.6,2690269377248,1213.4087772108219,14.471734236736154,1,False,False
83,16.6,2690269375856,1250.206531331924,15.814425966116024,1,False,False
83,16.6,2690269378016,1291.7640177792262,17.241565461150355,1,False,False
83,16.6,2690269375712,1336.3512908591413,18.365901970729933,1,False,False
83,16.6,2690269375376,1479.9790139867166,22.444476162487035,0,False,False
83,16.6,2690269377968,1384.899250097694,19.155911628312122,1,False,False
83,16.6,2690269375184,1441.022377580859,20.237750142135205,1,False,False
83,16.6,2690269377536,1509.3396596849211,21.695831077305357,1,False,False
84,16.8,2690269374656,308.04189072087416,1.094968231273858e-05,0,True,True
84,16.8,2690269373072,306.50704177854243,6.980367694424463e-06,1,False,True
84,16.8,2690269374704,456.34791538024604,6.986944817710455,0,False,False
84,16.8,2690269374752,476.29601608835367,6.788833498626927,0,False,False
84,16.8,2690269377776,472.71767120121063,13.812511457984149,1,False,False
84,16.8,2690269376192,507.34087799641975,14.342814005643294,1,False,False
84,16.8,2690269376000,543.1008990203151,15.186252119256904,1,False,False
84,16.8,2690269377392,496.51107983176877,7.668900044349645,0,False,False
84,16.8,2690269373600,581.1905736400679,16.127039647669346,1,False,False
84,16.8,2690269375424,519.2762495820356,9.336947407641947,0,False,False
84,16.8,2690269376864,620.3095247354792,16.856909271896274,1,False,False
84,16.8,2690269377680,545.925290839228,10.853018536469186,0,False,False
84,16.8,2690269377632,574.8620510343108,10.646574776131729,0,False,False
84,16.8,2690269375472,664.8490879588111,17.746916022737672,1,False,False
84,16.8,2690269377008,713.2926412168298,18.43639640771137,1,False,False
84,16.8,2690269375520,601.2963581278727,8.611632284777752,0,False,False
84,16.8,2690269377200,761.2492485906743,18.828054697686984,1,False,False
84,16.8,2690269377872,623.1992980971683,6.846150240993919,0,False,False
84,16.8,2690269376144,642.5668101431825,6.572445701578833,0,False,False
84,16.8,2690269377920,662.35853304159,7.001141988743195,0,False,False
84,16.8,2690269375136,822.9511342062614,18.18957405473548,1,False,False
84,16.8,2690269375808,878.5941522182468,6.631601507892691,1,True,True
84,16.8,2690269375616,683.3619007206936,7.795315056738958,0,False,False
84,16.8,2690269376672,706.2878410317797,8.947682249912221,0,False,False
84,16.8,2690269376528,731.6767016946962,9.901549668794816,0,False,False
84,16.8,2690269374992,758.3556629841015,10.708518050114721,0,False,False
84,16.8,2690269377440,883.5941522182468,4.439940305680793,1,False,True
84,16.8,2690269376720,786.7277235291192,11.893356120644572,0,False,False
84,16.8,2690269375328,816.9805884373961,13.204309037988835,0,False,False
84,16.8,2690269376768,850.4863757119534,14.44871519458582,0,False,False
84,16.8,2690269375088,916.7742114771122,11.143319204676272,1,False,False
84,16.8,2690269378160,886.7422747992138,15.510791261859096,0,False,False
84,16.8,2690269375952,924.441300847171,16.273203222868766,0,False,False
84,16.8,2690269375760,943.0069392091305,8.96396734102066,1,False,False
84,16.8,2690269378064,964.6773534223684,17.017860887324083,0,False,False
84,16.8,2690269377104,1006.2598784242259,17.678051643275182,0,False,False
84,16.8,2690269375568,965.1252336800156,7.121928760633981,1,False,False
84,16.8,2690269376240,1050.6661996777011,18.36551045228155,0,False,False
84,16.8,2690269374944,984.7037945591437,6.692541136915077,1,False,False
84,16.8,2690269377056,1004.569462117541,6.984543336164517,1,False,False
84,16.8,2690269375232,1098.5162103482958,19.01815617599351,0,False,False
84,16.8,2690269377152,1157.0614755175318,19.90863543117151,0,False,False
84,16.8,2690269376432,1216.6152746165212,20.000000000000643,0,True,False
84,16.8,2690269375040,1228.115853799514,19.070441373055417,0,False,False
84,16.8,2690269375904,1025.1687621324656,6.6160592577449195,1,False,False
84,16.8,2690269376960,1044.5132299078161,5.671311122404198,1,False,False
84,16.8,2690269378256,1062.3301669136943,5.175233542720393,1,False,False
84,16.8,2690269376624,1079.8439512581904,5.564653133412333,1,False,False
84,16.8,2690269377584,1098.9492631764992,7.041990794121928,1,False,False
84,16.8,2690269374848,1278.946233268864,19.131259913775153,0,False,False
84,16.8,2690269377344,1121.8455318312358,9.307446443280753,1,False,False
84,16.8,2690269377296,1149.4946840062214,11.486063514099005,1,False,False
84,16.8,2690269374896,1181.3735075277225,13.169672453823294,1,False,False
84,16.8,2690269376816,1335.3712152022283,20.22178917333343,0,False,False
84,16.8,2690269378208,1401.74999715009,21.65941483166909,0,False,False
84,16.8,2690269377248,1216.31186718315,14.602110964149048,1,False,False
84,16.8,2690269375856,1253.3764137839323,15.918501878329785,1,False,False
84,16.8,2690269378016,1295.2170346616945,17.311423099240763,1,False,False
84,16.8,2690269375712,1340.0274466831715,18.410121620930838,1,False,False
84,16.8,2690269375376,1484.4679092192139,22.444476162487035,0,False,False
84,16.8,2690269377968,1388.732150114064,19.18151245660587,1,False,False
84,16.8,2690269375184,1445.0709509145054,20.25301770808952,1,False,False
84,16.8,2690269377536,1513.6788259003822,21.695831077305357,1,False,False
85,17.0,2690269374656,308.0418927141524,8.902497264045825e-06,0,True,True
85,17.0,2690269373072,306.50704308361264,5.675297467703918e-06,1,False,True
85,17.0,2690269374704,457.15606854880036,6.926580044841589,0,False,False
85,17.0,2690269374752,477.656652926404,6.834318575270104,0,False,False
85,17.0,2690269377776,475.4829703474511,13.854579175414328,1,False,False
85,17.0,2690269376192,510.21329663470317,14.400603572384805,1,False,False
85,17.0,2690269376000,546.1421832475208,15.246533826809035,1,False,False
85,17.0,2690269377392,498.0541532939254,7.809568505651085,0,False,False
85,17.0,2690269373600,584.4194355782879,16.17855795055188,1,False,False
85,17.0,2690269375424,521.1544589116486,9.498163664840186,0,False,False
85,17.0,2690269376864,623.6834622044568,16.89501967515763,1,False,False
85,17.0,2690269377680,548.0997387006031,10.907110744235595,0,False,False
85,17.0,2690269377632,576.9823224443545,10.50811164793838,0,False,False
85,17.0,2690269375472,668.4002578394668,17.77354410085882,1,False,False
85,17.0,2690269377008,716.9808902058176,18.45050899522498,1,False,False
85,17.0,2690269375520,603.0060170545718,8.422670007602253,0,False,False
85,17.0,2690269377200,765.0129939524751,18.797249851310827,1,False,False
85,17.0,2690269377872,624.5632973743142,6.769900602536426,0,False,False
85,17.0,2690269376144,643.8823678706506,6.589812693452928,0,False,False
85,17.0,2690269377920,663.7629250075003,7.064775547261141,0,False,False
85,17.0,2690269375136,826.556255649592,17.685813560558213,1,False,False
85,17.0,2690269375808,879.629136349264,5.391737640787421,1,True,True
85,17.0,2690269375616,684.9280671968,7.902423145904717,0,False,False
85,17.0,2690269376672,708.0847879123717,9.05854031248499,0,False,False
85,17.0,2690269376528,733.6633568883627,9.99676824257862,0,False,False
85,17.0,2690269374992,760.5046990256582,10.818833038180447,0,False,False
85,17.0,2690269377440,884.629136349264,3.609835910752028,1,False,True
85,17.0,2690269376720,789.1153638683621,12.027764832644097,0,False,False
85,17.0,2690269375328,819.6295892401909,13.325778843765654,0,False,False
85,17.0,2690269376768,853.382536927961,14.544338013975313,0,False,False
85,17.0,2690269375088,918.9890229947436,10.934448241837215,1,False,False
85,17.0,2690269378160,889.8493422500934,15.583921640723464,0,False,False
85,17.0,2690269375952,927.6997203976716,16.32954738960575,0,False,False
85,17.0,2690269375760,944.785370782422,8.75000625711761,1,False,False
85,17.0,2690269378064,968.0839572954678,17.06308751878754,0,False,False
85,17.0,2690269377104,1009.7978745381754,17.71362774491325,0,False,False
85,17.0,2690269375568,966.5428375225853,7.022667079812689,1,False,False
85,17.0,2690269376240,1054.3408997133786,18.38934519341035,0,False,False
85,17.0,2690269374944,986.0424046206679,6.694550268682195,1,False,False
85,17.0,2690269377056,1005.965047757739,6.963251652236347,1,False,False
85,17.0,2690269375232,1102.3207889203077,19.032292341217065,0,False,False
85,17.0,2690269377152,1161.0433126672165,19.910280974958322,0,False,False
85,17.0,2690269376432,1220.6152746165214,20.00000000000045,0,True,False
85,17.0,2690269375040,1231.9304257446763,19.077779790882087,0,False,False
85,17.0,2690269375904,1026.4857612875305,6.522380320063392,1,False,False
85,17.0,2690269376960,1045.6423896860333,5.595964612003962,1,False,False
85,17.0,2690269378256,1063.3651704088982,5.176924171314779,1,False,False
85,17.0,2690269376624,1080.9641276579828,5.675740553690595,1,False,False
85,17.0,2690269377584,1100.3711487191995,7.245515321265396,1,False,False
85,17.0,2690269374848,1282.7741864368807,19.15666125076061,0,False,False
85,17.0,2690269377344,1123.7224943846234,9.539306095098873,1,False,False
85,17.0,2690269377296,1151.8046568376308,11.676478041476841,1,False,False
85,17.0,2690269374896,1184.0172904581298,13.316590340447554,1,False,False
85,17.0,2690269376816,1339.4167199471951,20.238909242920304,0,False,False
85,17.0,2690269378208,1406.0822110869747,21.664367022446317,0,False,False
85,17.0,2690269377248,1219.2408009416426,14.729008737023474,1,False,False
85,17.0,2690269375856,1256.5668484262594,16.018656049814993,1,False,False
85,17.0,2690269378016,1298.6838162882761,17.37821452488203,1,False,False
85,17.0,2690269375712,1343.7123249460994,18.45254316293413,1,False,False
85,17.0,2690269375376,1488.9568044517112,22.444476162487035,0,False,False
85,17.0,2690269377968,1392.5701216950727,19.206393217454284,1,False,False
85,17.0,2690269375184,1449.122553439608,20.267923785873514,1,False,False
85,17.0,2690269377536,1518.0179921158433,21.695831077305357,1,False,False
86,17.2,2690269374656,308.0418943347614,7.238059997790147e-06,0,True,True
86,17.2,2690269373072,306.50704414468305,4.614227037445794e-06,1,False,True
86,17.2,2690269374704,458.39163034558135,7.023654384218969,1,False,False
86,17.2,2690269374752,479.0271099381746,6.8905672790806305,0,False,False
86,17.2,2690269377776,478.2567172140354,13.897155712455977,1,False,False
86,17.2,2690269376192,513.097257687185,14.45814757985257,1,False,False
86,17.2,2690269376000,549.1954557913417,15.305790341778394,1,False,False
86,17.2,2690269377392,499.6257245036272,7.955505344786441,0,False,False
86,17.2,2690269373600,587.6585140784,16.228775257732607,1,False,False
86,17.2,2690269375424,523.0645674604361,9.653985271811196,0,False,False
86,17.2,2690269376864,627.0649551881163,16.932138366512724,1,False,False
86,17.2,2690269377680,550.283925793722,10.944923297209302,0,False,False
86,17.2,2690269377632,579.0740827460224,10.357669713303554,0,False,False
86,17.2,2690269375472,671.9567011055027,17.799380481887386,1,False,False
86,17.2,2690269377008,720.6718230395708,18.462434639925323,1,False,False
86,17.2,2690269375520,604.6782185931203,8.23896715576033,0,False,False
86,17.2,2690269377200,768.7697087291208,18.753130563869625,1,False,False
86,17.2,2690269377872,625.9127083004546,6.7035487220822585,0,False,False
86,17.2,2690269376144,645.2017987050104,6.613154025976218,0,False,False
86,17.2,2690269377920,665.1803941480453,7.133622161814375,0,False,False
86,17.2,2690269375136,830.0572503055463,17.133528140531947,1,False,False
86,17.2,2690269375808,880.4706167805265,4.383682395946869,1,True,True
86,17.2,2690269375616,686.5158146841062,8.011833841263703,0,False,False
86,17.2,2690269376672,709.9038167953738,9.168054205496565,0,False,False
86,17.2,2690269376528,735.6690700339099,10.092227546382832,0,False,False
86,17.2,2690269374992,762.6758939823402,10.930554444797236,0,False,False
86,17.2,2690269377440,885.4706167805265,2.934930293067723,1,False,True
86,17.2,2690269376720,791.5298431421129,12.161479154975558,0,False,False
86,17.2,2690269375328,822.302698281344,13.44444932440811,0,False,False
86,17.2,2690269376768,856.2976287025947,14.637062432787442,0,False,False
86,17.2,2690269375088,921.1617513673503,10.721148183147417,1,False,False
86,17.2,2690269378160,892.9708849043199,15.654805829387467,0,False,False
86,17.2,2690269375952,930.9693079600576,16.384391205907725,0,False,False
86,17.2,2690269375760,946.52146621009,8.543071781967987,1,False,False
86,17.2,2690269378064,971.4995324062812,17.107209437683714,0,False,False
86,17.2,2690269377104,1013.3429232478211,17.748271392577077,0,False,False
86,17.2,2690269375568,967.9413207514887,6.934276710198891,1,False,False
86,17.2,2690269376240,1058.0203267937584,18.412586462404676,0,False,False
86,17.2,2690269374944,987.3815439810622,6.698269176595883,1,False,False
86,17.2,2690269377056,1007.3559397589838,6.9354186419233,1,False,False
86,17.2,2690269375232,1106.1281727871713,19.04610213564477,0,False,False
86,17.2,2690269377152,1165.0254772984154,19.911902055865795,0,False,False
86,17.2,2690269376432,1224.6152746165212,20.000000000000316,0,True,False
86,17.2,2690269375040,1235.7464899684446,19.085482225163833,0,False,False
86,17.2,2690269375904,1027.7838934980582,6.426919728120137,1,False,False
86,17.2,2690269376960,1046.75685064822,5.526334516163686,1,False,False
86,17.2,2690269378256,1064.4012181286153,5.189255846688237,1,False,False
86,17.2,2690269376624,1082.1072343236392,5.797428160382752,1,False,False
86,17.2,2690269377584,1101.8340913297213,7.454179013834434,1,False,False
86,17.2,2690269374848,1286.6071852392522,19.18154666144891,0,False,False
86,17.2,2690269377344,1125.6457482496353,9.769851844863032,1,False,False
86,17.2,2690269377296,1154.1524146167003,11.862403516981331,1,False,False
86,17.2,2690269374896,1186.6902146676491,13.459877733327664,1,False,False
86,17.2,2690269376816,1343.4656239003657,20.25566042246361,0,False,False
86,17.2,2690269378208,1410.4154117676583,21.669263988238217,0,False,False
86,17.2,2690269377248,1222.1948812448968,14.852408409596011,1,False,False
86,17.2,2690269375856,1259.7770579739222,16.114995811674813,1,False,False
86,17.2,2690269378016,1302.1637599925339,17.44209732152465,1,False,False
86,17.2,2690269375712,1347.4055731904793,18.493272707842408,1,False,False
86,17.2,2690269375376,1493.4456996842084,22.444476162487035,0,False,False
86,17.2,2690269377968,1396.4130234569454,19.23059271284451,1,False,False
86,17.2,2690269375184,1453.177113843854,20.282482966023018,1,False,False
86,17.2,2690269377536,1522.3571583313044,21.695831077305357,1,False,False
87,17.4,2690269374656,308.0418956523766,5.884810854499604e-06,0,True,True
87,17.4,2690269373072,306.50704500737265,3.751537478741114e-06,1,False,True
87,17.4,2690269374704,459.7599787061329,7.256103551890093,1,False,False
87,17.4,2690269374752,480.4095137296882,6.957176096565006,0,False,False
87,17.4,2690269377776,481.0390123034798,13.94022085367803,1,False,False
87,17.4,2690269376192,515.9927081755818,14.515388703750457,1,False,False
87,17.4,2690269376000,552.2605102537887,15.364002291928035,1,False,False
87,17.4,2690269377392,501.2267890091602,8.105834076902333,0,False,False
87,17.4,2690269373600,590.9075506166038,16.27771703579647,1,False,False
87,17.4,2690269375424,525.0054264157203,9.803368696278422,0,False,False
87,17.4,2690269376864,630.4538073146975,16.968294123015408,1,False,False
87,17.4,2690269377680,552.4745711474055,10.966109955839714,0,False,False
87,17.4,2690269377632,581.1350271925021,10.196631050478139,0,False,False
87,17.4,2690269375472,675.5182566189072,17.824379274177264,1,False,False
87,17.4,2690269377008,724.3649697139246,18.47167769960167,1,False,False
87,17.4,2690269375520,606.3140828649694,8.06152563686194,0,False,False
87,17.4,2690269377200,772.5166517889711,18.69455320375293,1,False,False
87,17.4,2690269377872,627.2495020156333,6.6469609620304295,0,False,False
87,17.4,2690269376144,646.526291005225,6.642370513726178,0,False,False
87,17.4,2690269377920,666.6119694539145,7.207472232444683,0,False,False
87,17.4,2690269375136,833.4450058989563,16.541193099189243,1,False,False
87,17.4,2690269375808,881.1547715370848,3.5640961465120617,1,True,True
87,17.4,2690269375616,688.1255775863644,8.123159932955456,0,False,False
87,17.4,2690269376672,711.7446592130299,9.276233746698964,0,False,False
87,17.4,2690269376528,737.6938971231012,10.188041538347653,0,False,False
87,17.4,2690269374992,764.8695191956554,11.043530385068435,0,False,False
87,17.4,2690269377440,886.1547715370848,2.386207029386024,1,False,True
87,17.4,2690269376720,793.9710069994916,12.294269542457146,0,False,False
87,17.4,2690269375328,824.9993519160047,13.560266932525757,0,False,False
87,17.4,2690269376768,859.2310749721634,14.7269440089418,0,False,False
87,17.4,2690269375088,923.2915732089785,10.504365426020025,1,False,False
87,17.4,2690269378160,896.1064585941352,15.723519878023254,0,False,False
87,17.4,2690269375952,934.2497670232456,16.43778766729926,0,False,False
87,17.4,2690269375760,948.216684693551,8.343950357868763,1,False,False
87,17.4,2690269378064,974.9238597926167,17.15025629211186,0,False,False
87,17.4,2690269377104,1016.8948401263335,17.782013414006766,0,False,False
87,17.4,2690269375568,969.3228248441854,6.856249267838531,1,False,False
87,17.4,2690269376240,1061.7043637305858,18.435256636726557,0,False,False
87,17.4,2690269374944,988.721494596959,6.702806580341215,1,False,False
87,17.4,2690269377056,1008.7408281832079,6.901041558861298,1,False,False
87,17.4,2690269375232,1109.9382974738737,19.05959741064805,0,False,False
87,17.4,2690269377152,1169.007964503672,19.91349846692829,0,False,False
87,17.4,2690269376432,1228.615274616521,20.00000000000022,0,True,False
87,17.4,2690269375040,1239.5641178172689,19.093527013251272,0,False,False
87,17.4,2690269375904,1029.0628584691112,6.33052152354086,1,False,False
87,17.4,2690269376960,1047.857803052494,5.463116008556243,1,False,False
87,17.4,2690269378256,1065.4404517900862,5.212414952773623,1,False,False
87,17.4,2690269376624,1083.2753631599999,5.929286220598345,1,False,False
87,17.4,2690269377584,1103.3390759922318,7.667340801278593,1,False,False
87,17.4,2690269374848,1290.4451275525255,19.20593196486157,0,False,False
87,17.4,2690269377344,1127.6149997111957,9.998625128547268,1,False,False
87,17.4,2690269377296,1156.5370540372946,12.043762355732742,1,False,False
87,17.4,2690269374896,1189.3915553259405,13.599554552308266,1,False,False
87,17.4,2690269376816,1347.5178542278802,20.272056702295586,0,False,False
87,17.4,2690269378208,1414.7495882041326,21.674106582359794,0,False,False
87,17.4,2690269377248,1225.1734077997305,14.972302417372651,1,False,False
87,17.4,2690269375856,1263.0062869999717,16.207634096717236,1,False,False
87,17.4,2690269378016,1305.656294298964,17.5032240893545,1,False,False
87,17.4,2690269375712,1351.106859779229,18.53241038402062,1,False,False
87,17.4,2690269375376,1497.9345949167057,22.444476162487035,0,False,False
87,17.4,2690269377968,1400.2607215873802,19.2541469603741,1,False,False
87,17.4,2690269375184,1457.2345636773457,20.296709016579605,1,False,False
87,17.4,2690269377536,1526.6963245467655,21.695831077305357,1,False,False
88,17.6,2690269374656,308.0418967236465,4.784569180665752e-06,0,True,True
88,17.6,2690269373072,306.5070457087712,3.0501389160490715e-06,1,False,True
88,17.6,2690269374704,461.2024495469024,7.538834847130934,1,False,False
88,17.6,2690269374752,481.8059067640365,7.033690823125849,0,False,False
88,17.6,2690269377776,483.8299517019931,13.983748964077128,1,False,False
88,17.6,2690269376192,518.899583861736,14.572272732404656,1,False,False
88,17.6,2690269376000,555.3371366628172,15.421154743620818,1,False,False
88,17.6,2690269377392,502.8581657333591,8.259658811262113,0,False,False
88,17.6,2690269373600,594.1662918551124,16.32541004308229,1,False,False
88,17.6,2690269375424,526.975679780884,9.94529460039954,0,False,False
88,17.6,2690269376864,633.8498277226473,17.003511920067865,1,False,False
88,17.6,2690269377680,554.6683334941514,10.970460385096983,0,False,False
88,17.6,2690269377632,583.1631321692878,10.02644435975962,0,False,False
88,17.6,2690269375472,679.0847528884185,17.84847695767689,1,False,False
88,17.6,2690269377008,728.0597592650465,18.47771595301439,1,False,False
88,17.6,2690269375520,607.91492382603,7.891248563863639,0,False,False
88,17.6,2690269377200,776.2508609873626,18.620474977991304,1,False,False
88,17.6,2690269377872,628.5756207846866,6.599972546692665,0,False,False
88,17.6,2690269376144,647.8570128042675,6.6773553541702375,0,False,False
88,17.6,2690269377920,668.0586364649046,7.286093881412964,0,False,False
88,17.6,2690269375136,836.7119866859741,15.915582735776157,1,False,False
88,17.6,2690269375808,881.7110146932316,2.897742170675288,1,True,True
88,17.6,2690269375616,689.7577142655517,8.23603560462534,0,False,False
88,17.6,2690269376672,713.6070499108118,9.383106920478054,0,False,False
88,17.6,2690269376528,739.7379158033875,10.284306946710075,0,False,False
88,17.6,2690269374992,767.0858148456884,11.157597698396296,0,False,False
88,17.6,2690269377440,886.7110146932316,1.9400746929289632,1,False,True
88,17.6,2690269376720,796.4386559616698,12.425918355874867,0,False,False
88,17.6,2690269375328,827.7189767231997,13.673191977867074,0,False,False
88,17.6,2690269376768,862.1823111624668,14.814043784032052,0,False,False
88,17.6,2690269375088,925.3778571601978,10.285084860420126,1,False,False
88,17.6,2690269378160,899.2556343532726,15.790139623160476,0,False,False
88,17.6,2690269375952,937.5408115583865,16.48978801667707,0,False,False
88,17.6,2690269375760,949.8726360782518,8.153327440333161,1,False,False
88,17.6,2690269378064,978.3567264039782,17.19225745058047,0,False,False
88,17.6,2690269377104,1020.4534468717065,17.81488401225055,0,False,False
88,17.6,2690269375568,970.6893848004179,6.788006549997427,1,False,False
88,17.6,2690269376240,1065.3928977470714,18.4573771396422,0,False,False
88,17.6,2690269374944,990.0623629060306,6.707313775246252,1,False,False
88,17.6,2690269377056,1010.1184092273743,6.8602176310876875,1,False,False
88,17.6,2690269375232,1113.7511008356228,19.072789424986855,0,False,False
88,17.6,2690269377152,1172.990769338861,19.91507007030049,0,False,False
88,17.6,2690269376432,1232.6152746165208,20.000000000000156,0,True,False
88,17.6,2690269375040,1243.383376361731,19.101893338446285,0,False,False
88,17.6,2690269375904,1030.3225256192004,6.234041567432978,1,False,False
88,17.6,2690269376960,1048.9465732480853,5.406958862098824,1,False,False
88,17.6,2690269378256,1066.4850455585822,5.246515983011692,1,False,False
88,17.6,2690269376624,1084.4705179048358,6.070852908055679,1,False,False
88,17.6,2690269377584,1104.8869600023252,7.884367807689288,1,False,False
88,17.6,2690269374848,1294.2879143845946,19.22983249289795,0,False,False
88,17.6,2690269377344,1129.6298649914097,10.22519229192434,1,False,False
88,17.6,2690269377296,1158.957657708633,12.220498177753798,1,False,False
88,17.6,2690269374896,1192.1205918543399,13.735644727985994,1,False,False
88,17.6,2690269376816,1351.5733408433175,20.28811132445409,0,False,False
88,17.6,2690269378208,1419.084729578574,21.678895650687803,0,False,False
88,17.6,2690269377248,1228.1756795516312,15.088694366805067,1,False,False
88,17.6,2690269375856,1266.253802974622,16.296688238850255,1,False,False
88,17.6,2690269378016,1309.160877899262,17.56174206241694,1,False,False
88,17.6,2690269375712,1354.8158727129164,18.570050547966208,1,False,False
88,17.6,2690269375376,1502.423490149203,22.444476162487035,0,False,False
88,17.6,2690269377968,1404.1130893032162,19.277089407895147,1,False,False
88,17.6,2690269375184,1461.2948371918858,20.31061493889161,1,False,False
88,17.6,2690269377536,1531.0354907622266,21.695831077305357,1,False,False
89,17.8,2690269374656,308.04189759462867,3.890031950147207e-06,0,True,True
89,17.8,2690269373072,306.5070462790342,2.479875906855897e-06,1,False,True
89,17.8,2690269374704,462.7148658097215,7.851512528021561,1,False,False
89,17.8,2690269374752,483.21823749465096,7.119610605244067,0,False,False
89,17.8,2690269377776,486.62962604838054,14.02770977157954,1,False,False
89,17.8,2690269376192,521.8178098806878,14.628748715427419,1,False,False
89,17.8,2690269376000,558.4251223396877,15.477236894438827,1,False,False
89,17.8,2690269377392,504.5204932459849,8.416066525199735,0,False,False
89,17.8,2690269373600,597.4344898710159,16.371881888973743,1,False,False
89,17.8,2690269375424,528.9737696327709,10.078774255274823,0,False,False
89,17.8,2690269376864,637.2528302641878,17.037812401636426,1,False,False
89,17.8,2690269377680,556.8618389106014,10.957906676669662,0,False,False
89,17.8,2690269377632,585.1566672723638,9.848606196369925,0,False,False
89,17.8,2690269375472,682.6560045446276,17.871592412715437,1,False,False
89,17.8,2690269377008,731.7555146508215,18.480002760888254,1,False,False
89,17.8,2690269375520,609.4822293588367,7.728938349697839,0,False,False
89,17.8,2690269377200,779.969169112028,18.52989345091194,1,False,False
89,17.8,2690269377872,629.8929720849222,6.562392196636589,0,False,False
89,17.8,2690269376144,649.1951102046012,6.717992959645765,0,False,False
89,17.8,2690269377920,669.521333021425,7.369236071947857,0,False,False
89,17.8,2690269375136,839.851917334754,15.262139496685634,1,False,False
89,17.8,2690269375808,882.1632609807775,2.355971708543108,1,True,True
89,17.8,2690269375616,691.4125114296825,8.350117975245723,0,False,False
89,17.8,2690269376672,715.4907303062794,9.4887172523299,0,False,False
89,17.8,2690269376528,741.8012218812883,10.381102588199848,0,False,False
89,17.8,2690269374992,769.3249878422835,11.272584130751373,0,False,False
89,17.8,2690269377440,887.1632609807775,1.5773525799695038,1,False,True
89,17.8,2690269376720,798.9325478574798,12.556220648524814,0,False,False
89,17.8,2690269375328,830.4609922330789,13.78319795047101,0,False,False
89,17.8,2690269376768,865.1507852307129,14.898427469258852,0,False,False
89,17.8,2690269375088,927.4201707596818,10.064317324392166,1,False,False
89,17.8,2690269378160,902.4179983494329,15.85474032588747,0,False,False
89,17.8,2690269375952,940.8421656686637,16.540441751397726,0,False,False
89,17.8,2690269375760,951.4910602969477,7.971782546873461,1,False,False
89,17.8,2690269378064,981.7979250424835,17.233241955220816,0,False,False
89,17.8,2690269377104,1024.018571177884,17.846912709127682,0,False,False
89,17.8,2690269375568,972.0429158371181,6.728910410028867,1,False,False
89,17.8,2690269376240,1069.0858202889485,18.478968469039373,0,False,False
89,17.8,2690269374944,991.4040887939611,6.710991363551907,1,False,False
89,17.8,2690269377056,1011.4874051102493,6.813142183461078,1,False,False
89,17.8,2690269375232,1117.5665229417373,19.085688880462953,0,False,False
89,17.8,2690269377152,1176.973886836504,19.91661678981223,0,False,False
89,17.8,2690269376432,1236.6152746165205,20.00000000000011,0,True,False
89,17.8,2690269375040,1247.204328564529,19.110561211736226,0,False,False
89,17.8,2690269375904,1031.5629359147063,6.138339578818419,1,False,False
89,17.8,2690269376960,1050.0246142363262,5.35846225040852,1,False,False
89,17.8,2690269378256,1067.53719184591,5.291604353598747,1,False,False
89,17.8,2690269376624,1085.6946080647592,6.221639505991112,1,False,False
89,17.8,2690269377584,1106.478474697136,8.104636695186384,1,False,False
89,17.8,2690269374848,1298.1354497772516,19.25326309059538,0,False,False
89,17.8,2690269377344,1131.6898752799646,10.449145321087933,1,False,False
89,17.8,2690269377296,1161.4132983114105,12.392574525569021,1,False,False
89,17.8,2690269374896,1194.876608726522,13.868176178593583,1,False,False
89,17.8,2690269376816,1355.6320162613088,20.303836831013015,0,False,False
89,17.8,2690269378208,1423.4208252417786,21.68363203052676,0,False,False
89,17.8,2690269377248,1231.2009968864609,15.201598528325222,1,False,False
89,17.8,2690269375856,1269.5188970696447,16.382278854556453,1,False,False
89,17.8,2690269378016,1312.676998558811,17.61779282522261,1,False,False
89,17.8,2690269375712,1358.5323184901456,18.606282008078765,1,False,False
89,17.8,2690269375376,1506.9123853817002,22.444476162487035,0,False,False
89,17.8,2690269377968,1407.9700063499765,19.299451132505304,1,False,False
89,17.8,2690269375184,1465.3578711911437,20.324213019318286,1,False,False
89,17.8,2690269377536,1535.3746569776877,21.695831077305357,1,False,False
90,18.0,2690269374656,308.04189830276937,3.162740050727092e-06,0,True,True
90,18.0,2690269373072,306.50704674267917,2.0162309595296535e-06,1,False,True
90,18.0,2690269374704,464.29756628848577,8.181324687178718,1,False,False
90,18.0,2690269374752,484.64835129678363,7.214391816167846,0,False,False
90,18.0,2690269377776,489.43811965648024,14.072069104621848,1,False,False
90,18.0,2690269376192,524.7473014006632,14.684769070718087,1,False,False
90,18.0,2690269376000,561.5242527042998,15.532241758099897,1,False,False
90,18.0,2690269377392,506.21422648380593,8.57412925258515,0,False,False
90,18.0,2690269373600,600.7119022975361,16.41716060180581,1,False,False
90,18.0,2690269375424,530.9979427024437,10.202856553804217,0,False,False
90,18.0,2690269376864,640.6626326064138,17.07121140196644,1,False,False
90,18.0,2690269377680,559.051709645757,10.928528059228842,0,False,False
90,18.0,2690269377632,587.1142036182615,9.664642071188414,0,False,False
90,18.0,2690269375472,686.2318088229547,17.893626946609885,1,False,False
90,18.0,2690269377008,735.4514478387928,18.477965999325892,1,False,False
90,18.0,2690269375520,611.0176410804436,7.5752962329246385,0,False,False
90,18.0,2690269377200,783.6682085911929,18.421798939820995,1,False,False
90,18.0,2690269377872,631.2034235919588,6.534006330862162,0,False,False
90,18.0,2690269376144,650.5417055548825,6.7641580148321925,0,False,False
90,18.0,2690269377920,671.000945642478,7.456631754898653,0,False,False
90,18.0,2690269375136,842.8595417744432,14.585347332053244,1,False,False
90,18.0,2690269375808,882.5309539624145,1.9154922572569744,1,True,True
90,18.0,2690269375616,693.0901888011614,8.46508823102051,0,False,False
90,18.0,2690269376672,717.395451421116,9.593121167476518,0,False,False
90,18.0,2690269376528,743.8839257123874,10.47848902484175,0,False,False
90,18.0,2690269374992,771.5872101485669,11.388310451281676,0,False,False
90,18.0,2690269377440,887.5309539624147,1.2824460679811316,1,False,True
90,18.0,2690269376720,801.452400407449,12.684984819835101,0,False,False
90,18.0,2690269375328,833.2248135147582,13.890270785754403,0,False,False
90,18.0,2690269376768,868.1359585471713,14.980164670659475,0,False,False
90,18.0,2690269375088,929.4182847703762,9.84308658001689,1,False,False
90,18.0,2690269378160,905.5931517473973,15.917396354485945,0,False,False
90,18.0,2690269375952,944.1535632411458,16.589796639551157,0,False,False
90,18.0,2690269375760,953.073805953676,7.79978625713677,1,False,False
90,18.0,2690269378064,985.2472542946299,17.273238478124497,0,False,False
90,18.0,2690269377104,1027.5900465953057,17.878128299345224,0,False,False
90,18.0,2690269375568,973.3852020545514,6.678272551191515,1,False,False
90,18.0,2690269376240,1072.7830268413968,18.500050227709444,0,False,False
90,18.0,2690269374944,992.7464558937136,6.713095774311814,1,False,False
90,18.0,2690269377056,1012.8465835058878,6.76010558351592,1,False,False
90,18.0,2690269375232,1121.3845059665111,19.098305955258354,0,False,False
90,18.0,2690269377152,1180.9573120176472,19.91813860423166,0,False,False
90,18.0,2690269376432,1240.6152746165203,20.000000000000078,0,True,False
90,18.0,2690269375040,1251.0270334447553,19.119511452763927,0,False,False
90,18.0,2690269375904,1032.7843021089186,6.0442711601151515,1,False,False
90,18.0,2690269376960,1051.0934952483597,5.318170407780521,1,False,False
90,18.0,2690269378256,1068.599087717965,5.3476598783860085,1,False,False
90,18.0,2690269376624,1086.9494438568001,6.381135085697836,1,False,False
90,18.0,2690269377584,1108.1142274478714,8.327534925603155,1,False,False
90,18.0,2690269374848,1301.9876407089698,19.276238119007285,0,False,False
90,18.0,2690269377344,1133.7944819113068,10.670102576942243,1,False,False
90,18.0,2690269377296,1163.9030424948044,12.559973544938368,1,False,False
90,18.0,2690269374896,1197.6588962641513,13.99718077936843,1,False,False
90,18.0,2690269376816,1359.693815460591,20.31924510903992,0,False,False
90,18.0,2690269378208,1427.7578647113814,21.688316549654733,0,False,False
90,18.0,2690269377248,1234.2486637251488,15.311039248574247,1,False,False
90,18.0,2690269375856,1272.8008847447861,16.4645288110134,1,False,False
90,18.0,2690269378016,1316.204171972542,17.671512117668133,1,False,False
90,18.0,2690269375712,1362.2559210133393,18.64118825726652,1,False,False
90,18.0,2690269375376,1511.4012806141975,22.444476162487035,0,False,False
90,18.0,2690269377968,1411.8313585402118,19.321261024778913,1,False,False
90,18.0,2690269375184,1469.4236048909052,20.337514877136446,1,False,False
90,18.0,2690269377536,1539.7138231931488,21.695831077305357,1,False,False
91,18.2,2690269374656,308.041898878514,2.571424799761523e-06,0,True,True
91,18.2,2690269373072,306.5070471196397,1.6392704453183315e-06,1,False,True
91,18.2,2690269374704,465.9508158103559,8.52031227528397,1,False,False
91,18.2,2690269374752,486.0979821603045,7.3174517151843395,0,False,False
91,18.2,2690269377776,492.25550978203825,14.116789583308936,1,False,False
91,18.2,2690269376192,527.687964301825,14.74028965252763,1,False,False
91,18.2,2690269376000,564.6343120171205,15.586165844047043,1,False,False
91,18.2,2690269377392,507.93963390758216,8.732906281760814,0,False,False
91,18.2,2690269373600,603.9982923795735,16.461274207946953,1,False,False
91,18.2,2690269375424,533.0462583958988,10.316635569538635,0,False,False
91,18.2,2690269376864,644.0790552398612,17.103719512086723,1,False,False
91,18.2,2690269377680,561.2345937569581,10.882553543945662,0,False,False
91,18.2,2690269377632,589.0346183857868,9.476087808618866,0,False,False
91,18.2,2690269375472,689.8119420445703,17.914464183568295,1,False,False
91,18.2,2690269377008,739.1466545007286,18.471004430161358,1,False,False
91,18.2,2690269375520,612.5229341455306,7.430923128865851,0,False,False
91,18.2,2690269377200,787.3444075253383,18.295139451564836,1,False,False
91,18.2,2690269377872,632.5087989770255,6.51458283507972,0,False,False
91,18.2,2690269376144,651.8978954537582,6.815714769516213,0,False,False
91,18.2,2690269377920,672.4983065319803,7.5480009896580755,0,False,False
91,18.2,2690269375136,845.730454625472,13.889067554665766,1,False,False
91,18.2,2690269375808,882.8299019747442,1.5573661493075963,1,True,True
91,18.2,2690269375616,694.7909039858794,8.580652379622537,0,False,False
91,18.2,2690269376672,719.3209762861032,9.696385377058744,0,False,False
91,18.2,2690269376528,745.9861485438759,10.576508532221403,0,False,False
91,18.2,2690269374992,773.8726175225381,11.504592486710331,0,False,False
91,18.2,2690269377440,887.8299019747442,1.0426761512711777,1,False,True
91,18.2,2690269376720,803.9978939297816,12.812033137733678,0,False,False
91,18.2,2690269375328,836.0098536138821,13.994408082617047,0,False,False
91,18.2,2690269376768,871.1373066247172,15.059328157798475,0,False,False
91,18.2,2690269375088,931.3721748849274,9.622416119460086,1,False,False
91,18.2,2690269378160,908.7807105115085,15.978180909128362,0,False,False
91,18.2,2690269375952,947.4747476024236,16.637898743841262,0,False,False
91,18.2,2690269375760,954.6228084339699,7.637699083110859,1,False,False
91,18.2,2690269378064,988.7045184545468,17.31227528100735,0,False,False
91,18.2,2690269377104,1031.1677123829304,17.90855881420809,0,False,False
91,18.2,2690269375568,974.7178870505477,6.635364141986909,1,False,False
91,18.2,2690269376240,1076.4844167520987,18.52064115464433,0,False,False
91,18.2,2690269374944,994.0891031737102,6.712945549189446,1,False,False
91,18.2,2690269377056,1014.1947762861718,6.70148898355736,1,False,False
91,18.2,2690269375232,1125.2049940865975,19.110650335104477,0,False,False
91,18.2,2690269377152,1184.941039902431,19.919635541171363,0,False,False
91,18.2,2690269376432,1244.61527461652,20.000000000000057,0,True,False
91,18.2,2690269375040,1254.8515462383255,19.128725670161614,0,False,False
91,18.2,2690269375904,1033.9870073929656,5.9526799566188116,1,False,False
91,18.2,2690269376960,1052.1548905144086,5.286569188830257,1,False,False
91,18.2,2690269378256,1069.672922033396,5.4146007521174635,1,False,False
91,18.2,2690269376624,1088.2367320509459,6.548810667417461,1,False,False
91,18.2,2690269377584,1109.7947039018861,8.552461990161166,1,False,False
91,18.2,2690269374848,1305.8443969984178,19.298771460288553,0,False,False
91,18.2,2690269377344,1135.9430616875127,10.887709505061475,1,False,False
91,18.2,2690269377296,1166.4259545078003,12.722694640969582,1,False,False
91,18.2,2690269374896,1200.4667514255466,14.122694317696357,1,False,False
91,18.2,2690269376816,1363.7586757558379,20.3343474324122,0,False,False
91,18.2,2690269378208,1432.0958376698954,21.692950025527388,0,False,False
91,18.2,2690269377248,1237.3179894962525,15.417050297417303,1,False,False
91,18.2,2690269375856,1276.0991061337277,16.54356228342598,1,False,False
91,18.2,2690269378016,1319.7419405871046,17.723029717516457,1,False,False
91,18.2,2690269375712,1365.9864205414494,18.67484771089875,1,False,False
91,18.2,2690269375376,1515.8901758466948,22.444476162487035,0,False,False
91,18.2,2690269377968,1415.6970373277506,19.342545959127417,1,False,False
91,18.2,2690269375184,1473.4919797886662,20.35053150892943,1,False,False
91,18.2,2690269377536,1544.0529894086098,21.695831077305357,1,False,False
92,18.4,2690269374656,308.0418993466157,2.0906636001616654e-06,0,True,True
92,18.4,2690269373072,306.5070474261226,1.3327875857640006e-06,1,False,True
92,18.4,2690269374704,467.67451432183367,8.86326069915953,1,False,False
92,18.4,2690269374752,487.56874509812417,7.42817185817229,0,False,False
92,18.4,2690269377776,495.08186602466856,14.161831263212035,1,False,False
92,18.4,2690269376192,530.6396958661875,14.795269783414945,1,False,False
92,18.4,2690269376000,567.7550840567936,15.639008833983812,1,False,False
92,18.4,2690269377392,509.6967951042507,8.891446458984053,0,False,False
92,18.4,2690269373600,607.2934289459199,16.504250323913663,1,False,False
92,18.4,2690269375424,535.1165983589699,10.419258580647877,0,False,False
92,18.4,2690269376864,647.5019204027826,17.135341679375276,1,False,False
92,18.4,2690269377680,563.407195126664,10.820362308988724,0,False,False
92,18.4,2690269377632,590.9170956656232,9.284471526670455,0,False,False
92,18.4,2690269375472,693.3961560606481,17.9339697149937,1,False,False
92,18.4,2690269377008,742.8401078408253,18.458482082272024,1,False,False
92,18.4,2690269375520,613.9999973017738,7.296321681852753,0,False,False
92,18.4,2690269377200,790.993979508766,18.148797496471836,1,False,False
92,18.4,2690269377872,633.810874429333,6.503874403931421,0,False,False
92,18.4,2690269376144,653.2647486280792,6.8725165691192815,0,False,False
92,18.4,2690269377920,674.0141912051719,7.643053994626302,0,False,False
92,18.4,2690269375136,848.4609962239833,13.176818626239779,1,False,False
92,18.4,2690269375808,883.0729577809168,1.266196359614828,1,True,True
92,18.4,2690269375616,696.5147574695524,8.696541656850522,0,False,False
92,18.4,2690269376672,721.2670818272911,9.798584332260011,0,False,False
92,18.4,2690269376528,748.1080188699975,10.67518534976767,0,False,False
92,18.4,2690269374992,776.1813086593177,11.621243059599681,0,False,False
92,18.4,2690269377440,888.0729577809168,0.8477343286186998,1,False,True
92,18.4,2690269376720,806.5686741421721,12.937202131977426,0,False,False
92,18.4,2690269375328,838.8155258312532,14.095618285705033,0,False,False
92,18.4,2690269376768,874.154319705181,15.135993179070468,0,False,False
92,18.4,2690269375088,933.2820207969887,9.403316108045153,1,False,False
92,18.4,2690269378160,911.9803051557625,16.037165786070037,0,False,False
92,18.4,2690269375952,950.8054711794566,16.684792451684068,0,False,False
92,18.4,2690269375760,956.1400679076597,7.485772086158012,1,False,False
92,18.4,2690269378064,992.1695274394106,17.350380178335847,0,False,False
92,18.4,2690269377104,1034.751413353589,17.93823149392641,0,False,False
92,18.4,2690269375568,976.0424664421456,6.599425184493822,1,False,False
92,18.4,2690269376240,1080.1898930606012,18.54075915696214,0,False,False
92,18.4,2690269374944,995.4315377651609,6.709927343878565,1,False,False
92,18.4,2690269377056,1015.5308973317635,6.637758869297404,1,False,False
92,18.4,2690269375232,1129.0279333844917,19.122731242420482,0,False,False
92,18.4,2690269377152,1188.9250655194855,19.921107671577936,0,False,False
92,18.4,2690269376432,1248.6152746165199,20.00000000000004,0,True,False
92,18.4,2690269375040,1258.677918554438,19.138186241367766,0,False,False
92,18.4,2690269375904,1035.1716024949174,5.864390090313244,1,False,False
92,18.4,2690269376960,1053.2105674059133,5.264083542718056,1,False,False
92,18.4,2690269378256,1070.7608634050791,5.492287894117767,1,False,False
92,18.4,2690269376624,1089.558072611458,6.724122887018234,1,False,False
92,18.4,2690269377584,1111.520270470678,8.778830646517122,1,False,False
92,18.4,2690269374848,1309.7056312091145,19.320876524624737,0,False,False
92,18.4,2690269377344,1138.1349223399443,11.101639291039875,1,False,False
92,18.4,2690269377296,1168.9810995607488,12.88075312212078,1,False,False
92,18.4,2690269374896,1203.299478584148,14.244756428970252,1,False,False
92,18.4,2690269376816,1367.8265366776573,20.349154500709908,0,False,False
92,18.4,2690269378208,1436.4347339626015,21.69753326462118,0,False,False
92,18.4,2690269377248,1240.4082909743624,15.519674164816143,1,False,False
92,18.4,2690269375856,1279.4129262475162,16.619503902365768,1,False,False
92,18.4,2690269378016,1323.289872404171,17.77246939023633,1,False,False
92,18.4,2690269375712,1369.7235726904548,18.70733394713189,1,False,False
92,18.4,2690269375376,1520.379071079192,22.444476162487035,0,False,False
92,18.4,2690269377968,1419.5669394151457,19.36333095116386,1,False,False
92,18.4,2690269375184,1477.5629395418819,20.363273329719505,1,False,False
92,18.4,2690269377536,1548.392155624071,21.695831077305357,1,False,False
93,18.6,2690269374656,308.0418997271998,1.699786938916625e-06,0,True,True
93,18.6,2690269373072,306.5070476753045,1.083605669729309e-06,1,False,True
93,18.6,2690269374704,469.468243373647,9.206536774544004,1,False,False
93,18.6,2690269374752,489.062129219222,7.545901243942424,0,False,False
93,18.6,2690269377776,497.91724985538906,14.207152231377236,1,False,False
93,18.6,2690269376192,533.6023854716643,14.849672252989864,1,False,False
93,18.6,2690269376000,570.8863527329656,15.69077325748328,1,False,False
93,18.6,2690269377392,511.4855988617715,9.0487906922479,0,False,False
93,18.6,2690269373600,610.5970863008174,16.546115762475917,1,False,False
93,18.6,2690269375424,537.2066776725765,10.509934449844827,0,False,False
93,18.6,2690269376864,650.9310509267762,17.166076825084364,1,False,False
93,18.6,2690269377680,565.5663033981881,10.742481694410381,0,False,False
93,18.6,2690269377632,592.7611237648639,9.091296569625554,0,False,False
93,18.6,2690269375472,696.9841746065031,17.95199043212141,1,False,False
93,18.6,2690269377008,746.5306511934247,18.439721131322077,1,False,False
93,18.6,2690269375520,615.4508134286191,7.171899379585786,0,False,False
93,18.6,2690269377200,794.6129095687405,17.981578073973875,1,False,False
93,18.6,2690269377872,635.1113758192563,6.501621473034037,0,False,False
93,18.6,2690269376144,654.6433037329101,6.934405619086462,0,False,False
93,18.6,2690269377920,675.5493167184692,7.741494090694957,0,False,False
93,18.6,2690269375136,851.0481994918994,12.451993819835348,1,False,False
93,18.6,2690269375808,883.270571153402,1.0294645365283224,1,True,True
93,18.6,2690269375616,698.2617976737065,8.812512614191764,0,False,False
93,18.6,2690269376672,723.233560249446,9.899797782858736,0,False,False
93,18.6,2690269376528,750.2496688547527,10.774526182045724,0,False,False
93,18.6,2690269374992,778.5133447140241,11.738073818918231,0,False,False
93,18.6,2690269377440,888.270571153402,0.6892394067347296,1,False,True
93,18.6,2690269376720,809.1643550338274,13.060342861342981,0,False,False
93,18.6,2690269375328,841.6412458360966,14.193919842805235,0,False,False
93,18.6,2690269376768,877.1865032119864,15.210236825805865,0,False,False
93,18.6,2690269375088,935.1482026855796,9.186770756402378,1,False,False
93,18.6,2690269378160,915.1915804492328,16.094421178636892,0,False,False
93,18.6,2690269375952,954.1454951667899,16.730520510307223,0,False,False
93,18.6,2690269375760,957.6276275636658,7.34414908532432,1,False,False
93,18.6,2690269378064,995.642096697719,17.387580503993288,0,False,False
93,18.6,2690269377104,1038.3409997143242,17.967172767589407,0,False,False
93,18.6,2690269375568,977.3602822420642,6.5696735933482655,1,False,False
93,18.6,2690269376240,1083.8993623340864,18.560421342132397,0,False,False
93,18.6,2690269374944,996.7731489669324,6.7035015686638815,1,False,False
93,18.6,2690269377056,1016.8539591754814,6.5694604641201995,1,False,False
93,18.6,2690269375232,1132.8532717577111,19.13455746355203,0,False,False
93,18.6,2690269377152,1192.9093839142574,19.922555104751048,0,False,False
93,18.6,2690269376432,1252.6152746165196,20.00000000000003,0,True,False
93,18.6,2690269375040,1262.5061985279679,19.147876292037306,0,False,False
93,18.6,2690269375904,1036.3388012907506,5.7801989973508014,1,False,False
93,18.6,2690269376960,1054.2623741331493,5.251075892123106,1,False,False
93,18.6,2690269378256,1071.865049047115,5.5805295145404274,1,False,False
93,18.6,2690269376624,1090.914956040389,6.906517204905978,1,False,False
93,18.6,2690269377584,1113.2911770673606,9.006068192120889,1,False,False
93,18.6,2690269374848,1313.5712585555807,19.342566258684332,0,False,False
93,18.6,2690269377344,1140.3693081167828,11.311593431448413,1,False,False
93,18.6,2690269377296,1171.5675469155608,13.03417884447973,1,False,False
93,18.6,2690269374896,1206.1563902926805,14.363410509655989,1,False,False
93,18.6,2690269376816,1371.8973398601809,20.3636764753898,0,False,False
93,18.6,2690269378208,1440.7745435953157,21.70206706189867,0,False,False
93,18.6,2690269377248,1243.5188939752873,15.618961321875709,1,False,False
93,18.6,2690269375856,1282.741735013435,16.692477990380578,1,False,False
93,18.6,2690269378016,1326.8475597776985,17.81994889665594,1,False,False
93,18.6,2690269375712,1373.467147481951,18.738715947104502,1,False,False
93,18.6,2690269375376,1524.8679663116893,22.444476162487035,0,False,False
93,18.6,2690269377968,1423.440966391768,19.383639302923253,1,False,False
93,18.6,2690269375184,1481.6364298542385,20.375750211086995,1,False,False
93,18.6,2690269377536,1552.731321839532,21.695831077305357,1,False,False
94,18.8,2690269374656,308.0419000366287,1.381989736411028e-06,0,True,True
94,18.8,2690269373072,306.50704787789863,8.810115430332515e-07,1,False,True
94,18.8,2690269374704,471.3313044225545,9.54745895692215,1,False,False
94,18.8,2690269374752,490.57949141322496,7.669959196451463,0,False,False
94,18.8,2690269377776,500.7617142601716,14.252709154568828,1,False,False
94,18.8,2690269376192,536.5759152838032,14.903463286369943,1,False,False
94,18.8,2690269376000,574.0279026342714,15.741464168607509,1,False,False
94,18.8,2690269377392,513.3057417628739,9.203974746934872,0,False,False
94,18.8,2690269373600,613.9090440376785,16.586896152712796,1,False,False
94,18.8,2690269375424,539.314057740818,10.587942224085493,0,False,False
94,18.8,2690269376864,654.3662690062329,17.195917462563983,1,False,False
94,18.8,2690269377680,567.7088233477685,10.64958275437101,0,False,False
94,18.8,2690269377632,594.5664891768197,8.898025680347516,0,False,False
94,18.8,2690269375472,700.5756894978832,17.968353481518086,1,False,False
94,18.8,2690269377008,750.2169891186071,18.413993694573644,1,False,False
94,18.8,2690269375520,616.8774407620539,7.057972580375834,0,False,False
94,18.8,2690269377200,798.1969384135708,17.792207212009977,1,False,False
94,18.8,2690269377872,636.4119764216985,6.507554763199379,0,False,False
94,18.8,2690269376144,656.0345671195636,7.001212973886245,0,False,False
94,18.8,2690269377920,677.104340479322,7.843020508597159,0,False,False
94,18.8,2690269375136,853.4897761896318,11.718017195267796,1,False,False
94,18.8,2690269375808,883.4312381442462,0.8369927965136938,1,True,True
94,18.8,2690269375616,700.0320260093291,8.928346914723079,0,False,False
94,18.8,2690269376672,725.2202199398677,10.000108472240493,0,False,False
94,18.8,2690269376528,752.4112308699513,10.874520919330104,0,False,False
94,18.8,2690269374992,780.8687491830798,11.854896953465996,0,False,False
94,18.8,2690269377440,888.4312381442462,0.5603771650607698,1,False,True
94,18.8,2690269376720,811.7845217827035,13.18132105837156,0,False,False
94,18.8,2690269375328,844.4864336096981,14.28934034796938,0,False,False
94,18.8,2690269376768,880.2333780789367,15.282137446479458,0,False,False
94,18.8,2690269375088,936.9712952165391,8.97372638834568,1,False,False
94,18.8,2690269378160,918.4141950840024,16.150015512237513,0,False,False
94,18.8,2690269375952,957.494589201068,16.77512406579253,0,False,False
94,18.8,2690269375760,959.0875523834183,7.212870278657173,1,False,False
94,18.8,2690269378064,999.1220471111383,17.42390308151086,0,False,False
94,18.8,2690269377104,1041.9363269031892,17.995408239940055,0,False,False
94,18.8,2690269375568,978.6725190304932,6.545313965249948,1,False,False
94,18.8,2690269376240,1087.6127345095929,18.57964405022221,0,False,False
94,18.8,2690269374944,998.1132233494567,6.693207568437841,1,False,False
94,18.8,2690269377056,1018.1630882544832,6.497210076095896,1,False,False
94,18.8,2690269375232,1136.6809588333037,19.146137374234485,0,False,False
94,18.8,2690269377152,1196.8939901563735,19.923977983842878,0,False,False
94,18.8,2690269376432,1256.6152746165194,20.000000000000018,0,True,False
94,18.8,2690269375040,1266.3364309677202,19.15777967514716,0,False,False
94,18.8,2690269375904,1037.4894750157873,5.7008707839613075,1,False,False
94,18.8,2690269376960,1055.3122271774328,5.247845384576809,1,False,False
94,18.8,2690269378256,1072.9875745433535,5.679085778887575,1,False,False
94,18.8,2690269376624,1092.3087613346904,7.095430703180198,1,False,False
94,18.8,2690269377584,1115.1075601022708,9.23361779246429,1,False,False
94,18.8,2690269374848,1317.4411968112638,19.363853155311944,0,False,False
94,18.8,2690269377344,1142.6454054776304,11.517302191751916,1,False,False
94,18.8,2690269377296,1174.1843727053986,13.18301486823654,1,False,False
94,18.8,2690269374896,1209.0368080282935,14.478703605482945,1,False,False
94,18.8,2690269376816,1375.9710289357192,20.377923013432802,0,False,False
94,18.8,2690269378208,1445.1152567320555,21.706552200380987,0,False,False
94,18.8,2690269377248,1246.649134901759,15.714969459432746,1,False,False
94,18.8,2690269375856,1286.0849471670483,16.762607885845977,1,False,False
94,18.8,2690269378016,1330.414618216113,17.865580049606628,1,False,False
94,18.8,2690269375712,1377.2169284396575,18.76905833291354,1,False,False
94,18.8,2690269375376,1529.3568615441866,22.444476162487035,0,False,False
94,18.8,2690269377968,1427.31902440018,19.403492736761763,1,False,False
94,18.8,2690269375184,1485.7123983693616,20.38797151650236,1,False,False
94,18.8,2690269377536,1557.0704880549931,21.695831077305357,1,False,False
95,19.0,2690269374656,308.04190028820585,1.123608840507218e-06,0,True,True
95,19.0,2690269373072,306.5070480426151,7.162950145431828e-07,1,False,True
95,19.0,2690269374704,473.26273940765265,9.88394903176913,1,False,False
95,19.0,2690269374752,492.12205059445756,7.799637997032465,0,False,False
95,19.0,2690269377776,503.6153034899757,14.298457780174852,1,False,False
95,19.0,2690269376192,539.5601609393436,14.956612485276072,1,False,False
95,19.0,2690269376000,577.1795195118034,15.79108882523934,1,False,False
95,19.0,2690269377392,515.1567273618878,9.356032419005581,0,False,False
95,19.0,2690269373600,617.2290867776989,16.62661557294373,1,False,False
95,19.0,2690269375424,541.4361609054885,10.652639793217134,0,False,False
95,19.0,2690269376864,657.8073948905194,17.22484929760304,1,False,False
95,19.0,2690269377680,569.8318032050175,10.542473393180853,0,False,False
95,19.0,2690269377632,596.3332674806304,8.706066649604443,0,False,False
95,19.0,2690269375472,704.1703565907478,17.982864797251708,1,False,False
95,19.0,2690269377008,753.8976768037186,18.380512908038735,1,False,False
95,19.0,2690269375520,618.2819949776692,6.954771298261361,0,False,False
95,19.0,2690269377200,801.7415470658245,17.579340570892118,1,False,False
95,19.0,2690269377872,637.7142951238313,6.521397464144874,0,False,False
95,19.0,2690269376144,657.439510615732,7.072758737055727,0,False,False
95,19.0,2690269377920,678.6798596072435,7.9473310374298585,0,False,False
95,19.0,2690269375136,855.7841304348532,10.97844176745789,1,False,False
95,19.0,2690269375808,883.5618663584319,0.6805061432988373,1,True,True
95,19.0,2690269375616,701.8254018716533,9.043850864212406,0,False,False
95,19.0,2690269376672,727.2268859217496,10.09959999600037,0,False,False
95,19.0,2690269376528,754.5928341903498,10.975143545717506,0,False,False
95,19.0,2690269374992,783.247508119988,11.97152678062868,0,False,False
95,19.0,2690269377440,888.5618663584319,0.45560738990422295,1,False,True
95,19.0,2690269376720,814.428733693757,13.300017156225133,0,False,False
95,19.0,2690269375328,847.3505152172419,14.381915680410213,0,False,False
95,19.0,2690269376768,883.2944809652139,15.351774111512434,0,False,False
95,19.0,2690269375088,938.7520592162906,8.765080437341066,1,False,False
95,19.0,2690269378160,921.647821312221,16.204015310606707,0,False,False
95,19.0,2690269375952,960.8525310435716,16.818642705145542,0,False,False
95,19.0,2690269375760,960.5219087228536,7.091877085683105,1,False,False
95,19.0,2690269378064,1002.609204890631,17.45937419784349,0,False,False
95,19.0,2690269377104,1045.5372554238138,18.022962684149153,0,False,False
95,19.0,2690269375568,979.9802018599083,6.525546036269822,1,False,False
95,19.0,2690269376240,1091.329922742677,18.598442885929533,0,False,False
95,19.0,2690269374944,999.4509608579183,6.678668223909368,1,False,False
95,19.0,2690269377056,1019.457538567473,6.421686510144538,1,False,False
95,19.0,2690269375232,1140.5109458873364,19.1574789633976,0,False,False
95,19.0,2690269377152,1200.8788793461335,19.925376481793464,0,False,False
95,19.0,2690269376432,1260.6152746165192,20.000000000000014,0,True,False
95,19.0,2690269375040,1270.1686575004903,19.167880949891064,0,False,False
95,19.0,2690269375904,1038.6246451870725,5.627130198235276,1,False,False
95,19.0,2690269376960,1056.3620986291776,5.254627964000847,1,False,False
95,19.0,2690269378256,1074.1304845496413,5.787673462686225,1,False,False
95,19.0,2690269376624,1093.7407544779915,7.290294523500502,1,False,False
95,19.0,2690269377584,1116.9694457483945,9.460939872731105,1,False,False
95,19.0,2690269374848,1321.3153662184734,19.384749264214935,0,False,False
95,19.0,2690269377344,1144.9623488707737,11.71852492494344,1,False,False
95,19.0,2690269377296,1176.8306624870604,13.327316137507259,1,False,False
95,19.0,2690269374896,1211.9400629136273,14.590686273950853,1,False,False
95,19.0,2690269376816,1380.0475494359873,20.391903298644387,0,False,False
95,19.0,2690269378208,1449.4568636926288,21.71098945081404,0,False,False
95,19.0,2690269377248,1249.7983621360065,15.807762716456235,1,False,False
95,19.0,2690269375856,1289.4420020146829,16.83001535097183,1,False,False
95,19.0,2690269378016,1333.990685198665,17.909468811488274,1,False,False
95,19.0,2690269375712,1380.9727117332818,18.798421601655107,1,False,False
95,19.0,2690269375376,1533.8457567766839,22.444476162487035,0,False,False
95,19.0,2690269377968,1431.2010238285757,19.42291151872402,1,False,False
95,19.0,2690269375184,1489.7907945714126,20.399946134081507,1,False,False
95,19.0,2690269377536,1561.4096542704542,21.695831077305357,1,False,False
96,19.2,2690269374656,308.0419004927474,9.135356024746092e-07,0,True,True
96,19.2,2690269373072,306.50704817653576,5.823743762685907e-07,1,False,True
96,19.2,2690269374704,475.2613457587652,10.214335149599744,1,False,False
96,19.2,2690269374752,493.6908824570627,7.934205293139316,0,False,False
96,19.2,2690269377776,506.4780529078459,14.344353390557062,1,False,False
96,19.2,2690269376192,542.5549922163214,15.0090927446569,1,False,False
96,19.2,2690269376000,580.3409906987029,15.83965637255371,1,False,False
96,19.2,2690269377392,517.0378660254711,9.503999163215079,0,False,False
96,19.2,2690269373600,620.5570038358127,16.665296194435747,1,False,False
96,19.2,2690269375424,543.5702867869501,10.703472425603213,0,False,False
96,19.2,2690269376864,661.254245494036,17.252850791514874,1,False,False
96,19.2,2690269377680,571.9324614444158,10.422089191008943,0,False,False
96,19.2,2690269377632,598.0618114791453,8.516759626214903,0,False,False
96,19.2,2690269375472,707.7677914172784,17.99530717255203,1,False,False
96,19.2,2690269377008,757.5711076503012,18.33842362842573,1,False,False
96,19.2,2690269375520,619.6666322731511,6.862444589570122,0,False,False
96,19.2,2690269377200,805.241943867409,17.34158174310752,1,False,False
96,19.2,2690269377872,639.0198950471224,6.54286708852294,0,False,False
96,19.2,2690269376144,658.8590693588428,7.148852455417757,0,False,False
96,19.2,2690269377920,680.2764108130311,8.054124497201668,0,False,False
96,19.2,2690269375136,857.9303882986723,10.236995844544879,1,False,False
96,19.2,2690269375808,883.6680719346468,0.553276698433188,1,True,True
96,19.2,2690269375616,703.6418475248905,9.15885470410171,0,False,False
96,19.2,2690269376672,729.253399891345,10.198354846108526,0,False,False
96,19.2,2690269376528,756.7946018812924,11.076353203625576,0,False,False
96,19.2,2690269374992,785.6495706602387,12.087781204675528,0,False,False
96,19.2,2690269377440,888.6680719346468,0.37042568233990747,1,False,True
96,19.2,2690269376720,817.0965271349858,13.41632620311208,0,False,False
96,19.2,2690269375328,850.2329244076348,14.471689148503694,0,False,False
96,19.2,2690269376768,886.3693643667051,15.41922612843826,0,False,False
96,19.2,2690269375088,940.4914312171345,8.561671564687042,1,False,False
96,19.2,2690269378160,924.892144558349,16.256485090509972,0,False,False
96,19.2,2690269375952,964.2191062713279,16.861114500604764,0,False,False
96,19.2,2690269375760,961.9327449341043,6.981018014000537,1,False,False
96,19.2,2690269378064,1006.1034014675749,17.49401958063154,0,False,False
96,19.2,2690269377104,1049.1436506788868,18.049860039849893,0,False,False
96,19.2,2690269375568,981.2841958309522,6.509572836217482,1,False,False
96,19.2,2690269376240,1095.0508432624526,18.616832750209173,0,False,False
96,19.2,2690269374944,1000.785491790376,6.65959384323973,1,False,False
96,19.2,2690269377056,1020.7367035597562,6.3436216984817,1,False,False
96,19.2,2690269375232,1144.34318576904,19.168589855421917,0,False,False
96,19.2,2690269377152,1204.8640466202182,19.926750797661402,0,False,False
96,19.2,2690269376432,1264.615274616519,20.000000000000014,0,True,False
96,19.2,2690269375040,1274.0029167108937,19.17816536044981,0,False,False
96,19.2,2690269375904,1039.745475365371,5.559657296065694,1,False,False
96,19.2,2690269376960,1057.4140035914845,5.27159719378185,1,False,False
96,19.2,2690269378256,1075.295764421526,5.905970505935642,1,False,False
96,19.2,2690269376624,1095.2120873988913,7.490536001834898,1,False,False
96,19.2,2690269377584,1118.8767534893661,9.68751357178543,1,False,False
96,19.2,2690269374848,1325.1936894005069,19.40526620342746,0,False,False
96,19.2,2690269377344,1147.3192265636771,11.915050228100585,1,False,False
96,19.2,2690269377296,1179.5055135314221,13.467148193676936,1,False,False
96,19.2,2690269374896,1214.8654964086777,14.69941242145326,1,False,False
96,19.2,2690269376816,1384.1268486994416,20.40562607077583,0,False,False
96,19.2,2690269378208,1453.799354950161,21.715379571416676,0,False,False
96,19.2,2690269377248,1252.9659372779101,15.897410909323675,1,False,False
96,19.2,2690269375856,1292.8123630829198,16.894820060039674,1,False,False
96,19.2,2690269378016,1337.5754190136406,17.95171542545377,1,False,False
96,19.2,2690269375712,1384.7343053688553,18.826862354139433,1,False,False
96,19.2,2690269375376,1538.3346520091811,22.444476162487035,0,False,False
96,19.2,2690269377968,1435.086879027228,19.44191457213155,1,False,False
96,19.2,2690269375184,1493.8715696920776,20.411682506959284,1,False,False
96,19.2,2690269377536,1565.7488204859153,21.695831077305357,1,False,False
97,19.4,2690269374656,308.0419006590472,7.427382794638008e-07,0,True,True
97,19.4,2690269373072,306.5070482854182,4.734919373277076e-07,1,False,True
97,19.4,2690269374704,477.32569225482285,10.537238454756618,1,False,False
97,19.4,2690269374752,495.28691469882483,8.072906320671033,0,False,False
97,19.4,2690269377776,509.3499889238295,14.390351211936299,1,False,False
97,19.4,2690269376192,545.5602736860119,15.060880147665367,1,False,False
97,19.4,2690269376000,583.5121054667827,15.887177531747144,1,False,False
97,19.4,2690269377392,518.9482755328678,9.646916243043211,0,False,False
97,19.4,2690269373600,623.8925888159554,16.70295793279535,1,False,False
97,19.4,2690269375424,545.7136303137363,10.739980982192712,0,False,False
97,19.4,2690269376864,664.7066329153803,17.279892667076762,1,False,False
97,19.4,2690269377680,574.0082115967856,10.289482100206948,0,False,False
97,19.4,2690269377632,599.752736916641,8.331366216853533,0,False,False
97,19.4,2690269375472,711.3675644038647,18.005437839610583,1,False,False
97,19.4,2690269377008,761.2354989941113,18.28679310429468,1,False,False
97,19.4,2690269375520,621.0335335601694,6.781066387170167,0,False,False
97,19.4,2690269377200,808.6930557759968,17.07750996800016,1,False,False
97,19.4,2690269377872,640.3302825198905,6.57167702929397,0,False,False
97,19.4,2690269376144,660.2941397202179,7.22929368823412,0,False,False
97,19.4,2690269377920,681.8944707600866,8.16310302293624,0,False,False
97,19.4,2690269375136,859.9284335936264,9.497585041092929,1,False,False
97,19.4,2690269375808,883.7544210016495,0.44983444755575347,1,True,True
97,19.4,2690269375616,705.4812528310734,9.27321169314283,0,False,False
97,19.4,2690269376672,731.2996198772425,10.29645265737047,0,False,False
97,19.4,2690269376528,759.0166479081067,11.17809538459117,0,False,False
97,19.4,2690269374992,788.0748498289473,12.203483040421279,0,False,False
97,19.4,2690269377440,888.7544210016495,0.30116979921206105,1,False,True
97,19.4,2690269376720,819.7874184491816,13.530157670639003,0,False,False
97,19.4,2690269375328,853.1331040429196,14.558710647401812,0,False,False
97,19.4,2690269376768,889.4575966336779,15.484572606576574,0,False,False
97,19.4,2690269375088,942.1905111090591,8.364271049318011,1,False,False
97,19.4,2690269378160,928.1468630120991,16.307487282196576,0,False,False
97,19.4,2690269375952,967.5941079771974,16.90257605551724,0,False,False
97,19.4,2690269375760,963.32207321863,6.880055355173156,1,False,False
97,19.4,2690269378064,1009.6044733805605,17.527864378856705,0,False,False
97,19.4,2690269377104,1052.755382803558,18.076123415754722,0,False,False
97,19.4,2690269375568,982.5852072797801,6.496608555657697,1,False,False
97,19.4,2690269376240,1098.775415232925,18.63482787133193,0,False,False
97,19.4,2690269374944,1002.1158944998576,6.635785208122199,1,False,False
97,19.4,2690269377056,1022.0001260913388,6.263790727163972,1,False,False
97,19.4,2690269375232,1148.1776328293076,19.17947733095035,0,False,False
97,19.4,2690269377152,1208.849487156687,19.928101153313175,0,False,False
97,19.4,2690269376432,1268.6152746165187,20.000000000000014,0,True,False
97,19.4,2690269375040,1277.839244276944,19.18861881471576,0,False,False
97,19.4,2690269375904,1040.8532618997972,5.4990828593739804,1,False,False
97,19.4,2690269376960,1058.4699877942958,5.298865749772825,1,False,False
97,19.4,2690269378256,1076.4853327422952,6.033620395275621,1,False,False
97,19.4,2690269376624,1096.7237973389767,7.695580557591293,1,False,False
97,19.4,2690269377584,1120.829299961966,9.912838248568125,1,False,False
97,19.4,2690269374848,1329.0760912761127,19.425415171363653,0,False,False
97,19.4,2690269377344,1149.7150864929904,12.1066959183988,1,False,False
97,19.4,2690269377296,1182.2080368592576,13.602585931272502,1,False,False
97,19.4,2690269374896,1217.8124609684517,14.804939116252706,1,False,False
97,19.4,2690269376816,1388.2088757843044,20.41909965262301,0,False,False
97,19.4,2690269378208,1458.1427211285757,21.719723307700345,0,False,False
97,19.4,2690269377248,1256.151236229589,15.98398877176449,1,False,False
97,19.4,2690269375856,1296.1955176708511,16.957139163312913,1,False,False
97,19.4,2690269378016,1341.1684976247075,17.992414573666778,1,False,False
97,19.4,2690269375712,1388.5015284243964,18.854433517175973,1,False,False
97,19.4,2690269375376,1542.8235472416784,22.444476162487035,0,False,False
97,19.4,2690269377968,1438.9765080470434,19.460519582106663,1,False,False
97,19.4,2690269375184,1497.954676623481,20.423188661462085,1,False,False
97,19.4,2690269377536,1570.0879867013764,21.695831077305357,1,False,False
98,19.6,2690269374656,308.0419007942551,6.038737300292354e-07,0,True,True
98,19.6,2690269373072,306.50704837394363,3.849664817858458e-07,1,False,True
98,19.6,2690269374704,479.4541376621822,10.851506884332116,1,False,False
98,19.6,2690269374752,496.9109226793498,8.214965985709084,0,False,False
98,19.6,2690269377776,512.2311290087093,14.436406779169701,1,False,False
98,19.6,2690269376192,548.5758653425697,15.111953841713856,1,False,False
98,19.6,2690269376000,586.6926553212892,15.933664294808151,1,False,False
98,19.6,2690269377392,520.8868825438008,9.78383545549047,0,False,False
98,19.6,2690269373600,627.2356391369144,16.739618103004666,1,False,False
98,19.6,2690269375424,547.8633013627172,10.761809599475225,0,False,False
98,19.6,2690269376864,668.1643628528377,17.305937336997008,1,False,False
98,19.6,2690269377680,576.0566846704809,10.145807260262039,0,False,False
98,19.6,2690269377632,601.4069061400787,8.151060450330473,0,False,False
98,19.6,2690269375472,714.969195570806,18.012985529944736,1,False,False
98,19.6,2690269377008,764.8888759764092,18.224601991824596,1,False,False
98,19.6,2690269375520,622.38488984526,6.710641635055829,0,False,False
98,19.6,2690269377200,812.089525819433,16.785717017889297,1,False,False
98,19.6,2690269377872,641.6469063433215,6.6075378544893075,0,False,False
98,19.6,2690269376144,661.7455773536591,7.313872730553626,0,False,False
98,19.6,2690269377920,683.534456869525,8.273974151746032,0,False,False
98,19.6,2690269375136,861.778941551743,8.764258625138542,1,False,False
98,19.6,2690269375808,883.8246259912362,0.3657320663979222,1,True,True
98,19.6,2690269375616,707.3434797825339,9.386797004696373,0,False,False
98,19.6,2690269376672,733.3654195630576,10.393968667744858,0,False,False
98,19.6,2690269376528,761.2590744905826,11.280303217722961,0,False,False
98,19.6,2690269374992,790.5232236041006,12.318461199566087,0,False,False
98,19.6,2690269377440,888.8246259912362,0.2448622011964135,1,False,True
98,19.6,2690269376720,822.5009068206499,13.641435163304315,0,False,False
98,19.6,2690269375328,856.0505073605184,14.643035837842062,0,False,False
98,19.6,2690269376768,892.5587619046237,15.547892069826984,0,False,False
98,19.6,2690269375088,943.8505481600893,8.173575554827897,1,False,False
98,19.6,2690269378160,931.4116872070477,16.357082172976856,0,False,False
98,19.6,2690269375952,970.9773364792095,16.943062551209294,0,False,False
98,19.6,2690269375760,964.691852865069,6.78867252367518,1,False,False
98,19.6,2690269378064,1013.1122621585404,17.560933146773454,0,False,False
98,19.6,2690269377104,1056.3723264996402,18.101775096234494,0,False,False
98,19.6,2690269375568,983.8837865205195,6.485886141911696,1,False,False
98,19.6,2690269376240,1102.503560620487,18.652441835247622,0,False,False
98,19.6,2690269374944,1003.441213642338,6.60713564122731,1,False,False
98,19.6,2690269377056,1023.2475063801127,6.183001454113725,1,False,False
98,19.6,2690269375232,1152.0142428532638,19.19014834635219,0,False,False
98,19.6,2690269377152,1212.8351961793364,19.929427790437764,0,False,False
98,19.6,2690269376432,1272.6152746165185,20.000000000000014,0,True,False
98,19.6,2690269375040,1281.677673101379,19.1992278630434,0,False,False
98,19.6,2690269375904,1041.9494238083469,5.445984604361954,1,False,False
98,19.6,2690269376960,1059.5321155471531,5.336487492411643,1,False,False
98,19.6,2690269378256,1077.7010347130372,6.170236319932257,1,False,False
98,19.6,2690269376624,1098.2768065852506,7.904853393932509,1,False,False
98,19.6,2690269377584,1122.8268031025184,10.13643502302089,1,False,False
98,19.6,2690269374848,1332.9624989763915,19.445206959296947,0,False,False
98,19.6,2690269377344,1152.1489420969835,12.293308815131532,1,False,False
98,19.6,2690269377296,1184.937359031481,13.733712404106328,1,False,False
98,19.6,2690269374896,1220.780320661707,14.90732637930286,1,False,False
98,19.6,2690269376816,1392.2935813868812,20.43233197524873,0,False,False
98,19.6,2690269378208,1462.4869530000456,21.72402139235094,0,False,False
98,19.6,2690269377248,1259.3536501291367,16.067575213958865,1,False,False
98,19.6,2690269375856,1299.5909763199074,17.017086921612677,1,False,False
98,19.6,2690269378016,1344.7696175704082,18.031655556819203,1,False,False
98,19.6,2690269375712,1392.2742103295575,18.88118455857326,1,False,False
98,19.6,2690269375376,1547.3124424741757,22.444476162487035,0,False,False
98,19.6,2690269377968,1442.8698323984504,19.47874309170695,1,False,False
98,19.6,2690269375184,1502.0400698365943,20.434472233246876,1,False,False
98,19.6,2690269377536,1574.4271529168375,21.695831077305357,1,False,False
99,19.8,2690269374656,308.04190090418416,4.909717082074732e-07,0,True,True
99,19.8,2690269373072,306.5070484459181,3.1299200770973656e-07,1,False,True
99,19.8,2690269374704,481.64485206560136,11.156175933959053,1,False,False
99,19.8,2690269374752,498.5635254879152,8.359590858503948,0,False,False
99,19.8,2690269377776,515.1214817778316,14.482476258000283,1,False,False
99,19.8,2690269376192,551.6016232067517,15.162295898210093,1,False,False
99,19.8,2690269376000,589.8824342350455,15.979129625753721,1,False,False
99,19.8,2690269377392,522.8524250516915,9.91382446754075,0,False,False
99,19.8,2690269373600,630.5859554891796,16.77529107315384,1,False,False
99,19.8,2690269375424,550.0163458893413,10.768712627036063,0,False,False
99,19.8,2690269376864,671.6272328993267,17.330938234085696,1,False,False
99,19.8,2690269377680,578.0757488255484,9.992308235284158,0,False,False
99,19.8,2690269377632,603.0254100791069,7.976921630111612,0,False,False
99,19.8,2690269375472,718.5721486081584,18.017646990681452,1,False,False
99,19.8,2690269377008,768.529053663457,18.150736152868653,1,False,False
99,19.8,2690269375520,623.7228888504198,6.6511125855486375,0,False,False
99,19.8,2690269377200,815.4257185251944,16.46485298102759,1,False,False
99,19.8,2690269377872,642.9711573007006,6.650158373419391,0,False,False
99,19.8,2690269376144,663.2141953978693,7.402371469258943,0,False,False
99,19.8,2690269377920,685.1967285292613,8.386452707485061,0,False,False
99,19.8,2690269375136,863.4834038758707,8.041149526705222,1,False,False
99,19.8,2690269375808,883.8817052479551,0.2973537156135996,1,True,True
99,19.8,2690269375616,709.2283668029642,9.499506466966976,0,False,False
99,19.8,2690269376672,735.4506873168214,10.490972399123216,0,False,False
99,19.8,2690269376528,763.5219697202414,11.382898828883368,0,False,False
99,19.8,2690269374992,792.9945362078399,12.43255173842978,0,False,False
99,19.8,2690269377440,888.8817052479551,0.19908203854309886,1,False,True
99,19.8,2690269376720,825.2364770776477,13.750096037134206,0,False,False
99,19.8,2690269375328,858.9845990730014,14.72472535276406,0,False,False
99,19.8,2690269376768,895.6724599657758,15.609262115755191,0,False,False
99,19.8,2690269375088,945.4729256853924,7.990201335967988,1,False,False
99,19.8,2690269378160,934.6863395893724,16.40532787141034,0,False,False
99,19.8,2690269375952,974.3685990393122,16.98260779437103,0,False,False
99,19.8,2690269375760,966.0439749886807,6.706481866346078,1,False,False
99,19.8,2690269378064,1016.6266142009765,17.59324983097565,0,False,False
99,19.8,2690269377104,1059.9943608713588,18.126836551295238,0,False,False
99,19.8,2690269375568,985.1803320895327,6.476664635898994,1,False,False
99,19.8,2690269376240,1106.2352040674396,18.66968761514926,0,False,False
99,19.8,2690269374944,1004.7604787665322,6.573631973348847,1,False,False
99,19.8,2690269377056,1024.4787078520144,6.102083923820053,1,False,False
99,19.8,2690269375232,1155.852972996642,19.20060955193057,0,False,False
99,19.8,2690269377152,1216.8211689614811,19.930730967856128,0,False,False
99,19.8,2690269376432,1276.6152746165183,20.000000000000014,0,True,False
99,19.8,2690269375040,1285.5182334387396,19.209979677090924,0,False,False
99,19.8,2690269375904,1043.035491953817,5.400884197594459,1,False,False
99,19.8,2690269376960,1060.60245814002,5.384460021711662,1,False,False
99,19.8,2690269378256,1078.9446363567813,6.315405064685804,1,False,False
99,19.8,2690269376624,1099.8719225328796,8.117781063654641,1,False,False
99,19.8,2690269377584,1124.8688866025404,10.357848326832324,1,False,False
99,19.8,2690269374848,1336.8528417642165,19.464651964124766,0,False,False
99,19.8,2690269377344,1154.6197780909997,12.474764319761496,1,False,False
99,19.8,2690269377296,1187.6926237043124,13.860617688105052,1,False,False
99,19.8,2690269374896,1223.7684517465084,15.006636955502412,1,False,False
99,19.8,2690269376816,1396.3809177648043,20.445330601464466,0,False,False
99,19.8,2690269378208,1466.832041482422,21.72827454516469,0,False,False
99,19.8,2690269377248,1262.5725861378385,16.14825260798054,1,False,False
99,19.8,2690269375856,1302.9982722150364,17.074774406265856,1,False,False
99,19.8,2690269378016,1348.378492900707,18.069522489791847,1,False,False
99,19.8,2690269375712,1396.0521901877512,18.907161694213194,1,False,False
99,19.8,2690269375376,1551.801337706673,22.444476162487035,0,False,False
99,19.8,2690269377968,1446.766776828989,19.49660059030577,1,False,False
99,19.8,2690269375184,1506.1277053047477,20.445540491561694,1,False,False
99,19.8,2690269377536,1578.7663191322986,21.695831077305357,1,False,False
100,20.0,2690269374656,308.04190099356055,3.9917818291001676e-07,0,True,True
100,20.0,2690269373072,306.507048504436,2.544740945645977e-07,1,False,True
100,20.0,2690269374704,483.895840153758,11.450444875622738,1,False,False
100,20.0,2690269374752,500.24518240725104,8.505971137848645,0,False,False
100,20.0,2690269377776,518.0210471366389,14.52851672654445,1,False,False
100,20.0,2690269376192,554.6373999006292,15.211891158426042,1,False,False
100,20.0,2690269376000,593.0812388232796,16.02358716838354,1,False,False
100,20.0,2690269377392,524.8434559460192,10.035972781918826,0,False,False
100,20.0,2690269373600,633.9433412221576,16.80998791104546,1,False,False
100,20.0,2690269375424,552.1697683846454,10.760560607525749,0,False,False
100,20.0,2690269376864,675.0950306957149,17.354839021651586,1,False,False
100,20.0,2690269377680,580.0635260079312,9.83030102032244,0,False,False
100,20.0,2690269377632,604.6095489215925,7.809929052384671,0,False,False
100,20.0,2690269375472,722.1758242174326,18.019082935546276,1,False,False
100,20.0,2690269377008,772.1536176045456,18.063979768000756,1,False,False
100,20.0,2690269375520,625.0497028973788,6.60236513368053,0,False,False
100,20.0,2690269377200,818.6957350801733,16.11368053779163,1,False,False
100,20.0,2690269377872,644.3043678663798,6.6992465075464915,0,False,False
100,20.0,2690269376144,664.700762857808,7.494564350193876,0,False,False
100,20.0,2690269377920,686.8815886663722,8.500262480204624,0,False,False
100,20.0,2690269375136,865.044140524008,7.332397334738932,1,False,False
100,20.0,2690269375808,883.928112797714,0.24175958389443472,1,True,True
100,20.0,2690269375616,711.135732787477,9.611255173621455,0,False,False
100,20.0,2690269376672,737.5553249713597,10.587526560541981,0,False,False
100,20.0,2690269376528,765.8054054528448,11.485794745590182,0,False,False
100,20.0,2690269374992,795.4885995980428,12.54559876712327,0,False,False
100,20.0,2690269377440,888.928112797714,0.1618610707443743,1,False,True
100,20.0,2690269376720,827.9936024129366,13.856090936142552,0,False,False
100,20.0,2690269375328,861.9348563113306,14.803844037340316,0,False,False
100,20.0,2690269376768,898.7983060454197,15.668759118792732,0,False,False
100,20.0,2690269375088,947.0591446550524,7.814679906190916,1,False,False
100,20.0,2690269378160,937.9705540806765,16.45228028971996,0,False,False
100,20.0,2690269375952,977.7677095916131,17.02124426455228,0,False,False
100,20.0,2690269375760,967.380248855867,6.633032787403667,1,False,False
100,20.0,2690269378064,1020.1473806556014,17.62483776044083,0,False,False
100,20.0,2690269377104,1063.6213692632975,18.151328449440708,0,False,False
100,20.0,2690269375568,986.4750964399994,6.4682362525879125,1,False,False
100,20.0,2690269376240,1109.9702727713661,18.68657760015854,0,False,False
100,20.0,2690269374944,1006.072723018297,6.535354308365142,1,False,False
100,20.0,2690269377056,1025.693760871331,6.0218797858497695,1,False,False
100,20.0,2690269375232,1159.6937817257233,19.210867308958562,0,False,False
100,20.0,2690269377152,1220.8074008292133,19.93201095909814,0,False,False
100,20.0,2690269376432,1280.615274616518,20.000000000000014,0,True,False
100,20.0,2690269375040,1289.360953018228,19.220862028811666,0,False,False
100,20.0,2690269375904,1044.1130976768704,5.364245078789467,1,False,False
100,20.0,2690269376960,1061.6830827822064,5.442727617079814,1,False,False
100,20.0,2690269378256,1080.2178194825035,6.468690618843506,1,False,False
100,20.0,2690269376624,1101.509838054809,8.333792951138596,1,False,False
100,20.0,2690269377584,1126.955084673662,10.57664743379453,1,False,False
100,20.0,2690269374848,1340.7470509562181,19.48376020129775,0,False,False
100,20.0,2690269377344,1157.1265561452913,12.650965791720138,1,False,False
100,20.0,2690269377296,1190.4729929610583,13.983397805902836,1,False,False
100,20.0,2690269374896,1226.7762431988842,15.10293606839336,1,False,False
100,20.0,2690269376816,1400.470838664864,20.458102747697936,0,False,False
100,20.0,2690269378208,1471.1779776366543,21.732483473030747,0,False,False
100,20.0,2690269377248,1265.8074680865457,16.22610610550431,1,False,False
100,20.0,2690269375856,1306.4169605299494,17.130309258986756,1,False,False
100,20.0,2690269378016,1351.9948541535064,18.106094508995646,1,False,False
100,20.0,2690269375712,1399.8353161391371,18.932408086743855,1,False,False
100,20.0,2690269375376,1556.2902329391702,22.444476162487035,0,False,False
100,20.0,2690269377968,1450.6672691180893,19.51410659481492,1,False,False
100,20.0,2690269375184,1510.2175404318732,20.45640036177079,1,False,False
100,20.0,2690269377536,1583.1054853477597,21.695831077305357,1,False,False
101,20.2,2690269374656,308.0419010662269,3.2454664708298847e-07,0,True,True
101,20.2,2690269373072,306.5070485520132,2.0689686384748329e-07,1,False,True
101,20.2,2690269374704,486.2049656547762,11.733661707042884,1,False,False
101,20.2,2690269374752,501.9561897714066,8.653282647646265,0,False,False
101,20.2,2690269377776,520.929816479882,14.574486417931249,1,False,False
101,20.2,2690269376192,557.6830451906687,15.260727067779559,1,False,False
101,20.2,2690269376000,596.2888684604223,16.067050960217912,1,False,False
101,20.2,2690269377392,526.858347809737,10.14939832787814,0,False,False
101,20.2,2690269373600,637.307601659893,16.843716016987294,1,False,False
101,20.2,2690269375424,554.32055545379,10.737345096052442,0,False,False
101,20.2,2690269376864,678.567531917081,17.377572661792055,1,False,False
101,20.2,2690269377680,582.0184053221075,9.661157190298477,0,False,False
101,20.2,2690269377632,606.1608118541174,7.650958526230883,0,False,False
101,20.2,2690269375472,725.7795526049315,18.016913414797415,1,False,False
101,20.2,2690269377008,775.7599031334233,17.96301042420501,1,False,False
101,20.2,2690269375520,626.3674780553504,6.5642350776245335,0,False,False
101,20.2,2690269377200,821.8934398798848,15.731137058571825,1,False,False
101,20.2,2690269377872,645.6478120775561,6.75450999772789,0,False,False
101,20.2,2690269376144,666.2060031857715,7.590219435142518,0,False,False
101,20.2,2690269377920,688.5892856416234,8.615137699787825,0,False,False
101,20.2,2690269375136,866.4642954119456,6.6420628435284845,1,False,False
101,20.2,2690269375808,883.9658438544661,0.1965594957648382,1,True,True
101,20.2,2690269375616,713.0653808575715,9.721975992222186,0,False,False
101,20.2,2690269376672,739.6792464000537,10.683686171576001,0,False,False
101,20.2,2690269376528,768.1094354837269,11.588895324668782,0,False,False
101,20.2,2690269374992,798.0051951325597,12.657455221459154,0,False,False
101,20.2,2690269377440,888.9658438544661,0.1315990453696483,1,False,True
101,20.2,2690269376720,830.7717470066252,13.959383255848438,0,False,False
101,20.2,2690269375328,864.9007694185836,14.880460227024571,0,False,False
101,20.2,2690269376768,901.9359305516593,15.72645797510321,0,False,False
101,20.2,2690269375088,948.6108065322185,7.647455151057979,1,False,False
101,20.2,2690269378160,941.2640756383939,16.49799314218889,0,False,False
101,20.2,2690269375952,981.1744884801076,17.059003161436863,0,False,False
101,20.2,2690269375760,968.702389847589,6.567820054253965,1,False,False
101,20.2,2690269378064,1023.6744172943783,17.655719639382056,0,False,False
101,20.2,2690269377104,1067.253239101083,18.17527067295812,0,False,False
101,20.2,2690269375568,987.7681930350842,6.459933194974316,1,False,False
101,20.2,2690269376240,1113.7086963701822,18.703123623072834,0,False,False
101,20.2,2690269374944,1007.3770017137848,6.492474511573198,1,False,False
101,20.2,2690269377056,1026.8928643654872,5.943231918675936,1,False,False
101,20.2,2690269375232,1163.5366287606093,19.22092770562362,0,False,False
101,20.2,2690269377152,1224.7938871641982,19.93326805022185,0,False,False
101,20.2,2690269376432,1284.6152746165178,20.000000000000014,0,True,False
101,20.2,2690269375040,1293.2058571623766,19.23186326964814,0,False,False
101,20.2,2690269375904,1045.1839610465993,5.336471071728502,1,False,False
101,20.2,2690269376960,1062.7760421498847,5.511184465487298,1,False,False
101,20.2,2690269378256,1081.5221773515289,6.629637494117446,1,False,False
101,20.2,2690269376624,1103.1911321645707,8.552322715796386,1,False,False
101,20.2,2690269377584,1129.0848471155036,10.792427935540337,1,False,False
101,20.2,2690269374848,1344.6450598473602,19.502541317810305,0,False,False
101,20.2,2690269377344,1159.668220424534,12.821843723340594,1,False,False
101,20.2,2690269377296,1193.2776484331373,14.10215371697501,1,False,False
101,20.2,2690269374896,1229.8030971914902,15.196291161595,1,False,False
101,20.2,2690269376816,1404.5632992551102,20.470655304363873,0,False,False
101,20.2,2690269378208,1475.5247526642106,21.736648869954188,0,False,False
101,20.2,2690269377248,1269.0577369879986,16.301222992486814,1,False,False
101,20.2,2690269375856,1309.846617728055,17.183795506228325,1,False,False
101,20.2,2690269378016,1355.6184473732083,18.141445987537022,1,False,False
101,20.2,2690269375712,1403.6234447627737,18.956964035592005,1,False,False
101,20.2,2690269375376,1560.7791281716675,22.444476162487035,0,False,False
101,20.2,2690269377968,1454.5712398876494,19.53127472430701,1,False,False
101,20.2,2690269375184,1514.3095339851468,20.467058446276848,1,False,False
101,20.2,2690269377536,1587.4446515632208,21.695831077305357,1,False,False
102,20.4,2690269374656,308.0419011253073,2.638684443246579e-07,0,True,True
102,20.4,2690269373072,306.5070485906952,1.682148131548131e-07,1,False,True
102,20.4,2690269374704,488.5699762396973,12.00531283049025,1,False,False
102,20.4,2690269374752,503.69667822838124,8.800688929576204,0,False,False
102,20.4,2690269377776,523.8477729368732,14.620344926120541,1,False,False
102,20.4,2690269376192,560.7384064970057,15.308793500616272,1,False,False
102,20.4,2690269376000,599.5051253400711,16.109535151890334,1,False,False
102,20.4,2690269377392,528.8952990752211,10.25325464839129,0,False,False
102,20.4,2690269373600,640.6785433420401,16.87647873522913,1,False,False
102,20.4,2690269375424,556.4657002712702,10.69918213229445,0,False,False
102,20.4,2690269376864,682.044498061956,17.399060318185345,1,False,False
102,20.4,2690269377680,583.9390529963514,9.486286577508798,0,False,False
102,20.4,2690269377632,607.6808562218034,7.500780598088711,0,False,False
102,20.4,2690269375472,729.3825850099056,18.010712597545226,1,False,False
102,20.4,2690269377008,779.3449738598464,17.84639699048368,1,False,False
102,20.4,2690269375520,627.6783245308684,6.536514209676485,0,False,False
102,20.4,2690269377200,825.0124999647327,15.316403398564558,1,False,False
102,20.4,2690269377872,647.0027055381449,6.815656977502275,0,False,False
102,20.4,2690269376144,667.7305930787923,7.689099528215648,0,False,False
102,20.4,2690269377920,690.3200154250507,8.730824304936387,0,False,False
102,20.4,2690269375136,867.7478148437843,5.9740412610926725,1,False,False
102,20.4,2690269375808,883.9965206010521,0.15981015003813806,1,True,True
102,20.4,2690269375616,715.0171018123862,9.831617997628442,0,False,False
102,20.4,2690269376672,741.8223759316733,10.779497899917812,0,False,False
102,20.4,2690269376528,770.4340940090747,11.692098181793872,0,False,False
102,20.4,2690269374992,800.5440753788041,12.767983500098154,0,False,False
102,20.4,2690269377440,888.9965206010522,0.10699489792424148,1,False,True
102,20.4,2690269376720,833.570368537349,14.05994854349005,0,False,False
102,20.4,2690269375328,867.881842602017,14.95464506724054,0,False,False
102,20.4,2690269376768,905.0849787617981,15.782431886475301,0,False,False
102,20.4,2690269375088,950.1295956280945,7.488881840348589,1,False,False
102,20.4,2690269378160,944.5666598168292,16.542517957445877,0,False,False
102,20.4,2690269375952,984.5887622058342,17.095914451622203,0,False,False
102,20.4,2690269375760,970.0120090899653,6.510292170847554,1,False,False
102,20.4,2690269378064,1027.2075843882085,17.685917542728316,0,False,False
102,20.4,2690269377104,1070.8898617352695,18.198682335211043,0,False,False
102,20.4,2690269375568,989.0596047849291,6.451134175941355,1,False,False
102,20.4,2690269376240,1117.4504068326698,18.719336987130784,0,False,False
102,20.4,2690269374944,1008.6724105227747,6.445253380808311,1,False,False
102,20.4,2690269377056,1028.076385398206,5.86697444785344,1,False,False
102,20.4,2690269375232,1167.3814750216143,19.230796571954752,0,False,False
102,20.4,2690269377152,1228.7806234060438,19.93450253785247,0,False,False
102,20.4,2690269376432,1288.6152746165176,20.000000000000014,0,True,False
102,20.4,2690269375040,1297.0529689015707,19.242972309975702,0,False,False
102,20.4,2690269375904,1046.2498788841415,5.31790574905666,1,False,False
102,20.4,2690269376960,1063.8833645936497,5.589678086071492,1,False,False
102,20.4,2690269378256,1082.8592109882754,6.7977737561770155,1,False,False
102,20.4,2690269376624,1104.9162709673017,8.772809736327737,1,False,False
102,20.4,2690269377584,1131.257544673175,11.00481312602832,1,False,False
102,20.4,2690269374848,1348.5468036381158,19.52100460516495,0,False,False
102,20.4,2690269377344,1162.2437029493556,12.987354722719356,1,False,False
102,20.4,2690269377296,1196.1057922236405,14.216990375849997,1,False,False
102,20.4,2690269374896,1232.848429519851,15.28677163040933,1,False,False
102,20.4,2690269376816,1408.6582560609359,20.4829948548471,0,False,False
102,20.4,2690269378208,1479.872357904504,21.74077141711366,0,False,False
102,20.4,2690269377248,1272.3228514227424,16.373692084391926,1,False,False
102,20.4,2690269375856,1313.286840829615,17.235333422612353,1,False,False
102,20.4,2690269378016,1359.2490331726533,18.175646754906413,1,False,False
102,20.4,2690269375712,1407.4164405161828,18.980867158129115,1,False,False
102,20.4,2690269375376,1565.2680234041648,22.444476162487035,0,False,False
102,20.4,2690269377968,1458.4786224271224,19.54811776855799,1,False,False
102,20.4,2690269375184,1518.4036460317122,20.477521043962554,1,False,False
102,20.4,2690269377536,1591.7838177786819,21.695831077305357,1,False,False
103,20.6,2690269374656,308.04190117334184,2.1453481814129225e-07,0,True,True
103,20.6,2690269373072,306.50704862214513,1.3676487327312806e-07,1,False,True
103,20.6,2690269374704,490.9885283561108,12.265015044547514,1,False,False
103,20.6,2690269374752,505.46661043104154,8.947343496328221,0,False,False
103,20.6,2690269377776,526.774891655558,14.666053377008193,1,False,False
103,20.6,2690269376192,563.8033293671414,15.356082577369566,1,False,False
103,20.6,2690269376000,602.7298144791392,16.151053730862635,1,False,False
103,20.6,2690269377392,530.9523416547676,10.346738628697356,0,False,False
103,20.6,2690269373600,644.055973185271,16.90827493562036,1,False,False
103,20.6,2690269375424,558.6022276320444,10.646314201757612,0,False,False
103,20.6,2690269376864,685.525674009823,17.41921006878313,1,False,False
103,20.6,2690269377680,585.8244188720215,9.307119860965772,0,False,False
103,20.6,2690269377632,609.1714864403116,7.360060354928372,0,False,False
103,20.6,2690269375472,732.9840841502839,18.000002974733473,1,False,False
103,20.6,2690269377008,782.905599971753,17.71260126290266,1,False,False
103,20.6,2690269375520,628.9843082602939,6.518956158606124,0,False,False
103,20.6,2690269377200,828.046438574482,14.868977590408402,1,False,False
103,20.6,2690269377872,648.3702055298141,6.882396439685858,0,False,False
103,20.6,2690269376144,669.2751615049285,7.79096335226848,0,False,False
103,20.6,2690269377920,692.0739240118252,8.84708101022444,0,False,False
103,20.6,2690269375136,868.8994087815572,5.331979327144762,1,False,False
103,20.6,2690269375808,884.0214619322026,0.1299315708754521,1,True,True
103,20.6,2690269375616,716.9906772630104,9.940144856919728,0,False,False
103,20.6,2690269376672,743.9846466465491,10.87499960391771,0,False,False
103,20.6,2690269376528,772.7793943722561,11.795295604189322,0,False,False
103,20.6,2690269374992,803.1049660419665,12.877055970555773,0,False,False
103,20.6,2690269377440,889.0214619322026,0.08699081478640552,1,False,True
103,20.6,2690269376720,836.3889205697851,14.157773844819863,0,False,False
103,20.6,2690269375328,870.8775944519878,15.026471877396816,0,False,False
103,20.6,2690269376768,908.2451104709579,15.836752180478218,0,False,False
103,20.6,2690269375088,951.617261248938,7.339225464985714,1,False,False
103,20.6,2690269378160,947.8780723314788,16.585904102698834,0,False,False
103,20.6,2690269375952,988.0103631833396,17.132006914683355,0,False,False
103,20.6,2690269375760,971.3106047591359,6.459859726940308,1,False,False
103,20.6,2690269378064,1030.7467465809025,17.715452914048903,0,False,False
103,20.6,2690269377104,1074.5311322887928,18.221581799566685,0,False,False
103,20.6,2690269375568,990.3491937664569,6.4412706052678645,1,False,False
103,20.6,2690269376240,1121.195338354298,18.735228491768318,0,False,False
103,20.6,2690269374944,1009.9581029980068,6.3940364982969795,1,False,False
103,20.6,2690269377056,1029.2448567816082,5.793923329259462,1,False,False
103,20.6,2690269375232,1171.2282825785796,19.240479493801843,0,False,False
103,20.6,2690269377152,1232.7676050542955,19.935714727420365,0,False,False
103,20.6,2690269376432,1292.6152746165174,20.000000000000014,0,True,False
103,20.6,2690269375040,1300.9023090844798,19.254178598837775,0,False,False
103,20.6,2690269375904,1047.3127127071298,5.308832503190232,1,False,False
103,20.6,2690269376960,1065.007045039633,5.678012866303587,1,False,False
103,20.6,2690269378256,1084.2303260789083,6.972613784369875,1,False,False
103,20.6,2690269376624,1106.6856089014,8.994700588157405,1,False,False
103,20.6,2690269377584,1133.4724746636439,11.213455257430665,1,False,False
103,20.6,2690269374848,1352.4522193642258,19.539159012236734,0,False,False
103,20.6,2690269377344,1164.8519287423078,13.147480318243286,1,False,False
103,20.6,2690269377296,1198.956647647152,14.328015859790549,1,False,False
103,20.6,2690269374896,1235.9116699744472,15.374448547060483,1,False,False
103,20.6,2690269376816,1412.755666904869,20.49512769319895,0,False,False
103,20.6,2690269378208,1484.220784832332,21.744851782948725,0,False,False
103,20.6,2690269377248,1275.6022878069284,16.443603164483946,1,False,False
103,20.6,2690269375856,1316.7372466545842,17.28501943820132,1,False,False
103,20.6,2690269378016,1362.8863858391521,18.208762318393525,1,False,False
103,20.6,2690269375712,1411.2141752105554,19.004152561935868,1,False,False
103,20.6,2690269375376,1569.756918636662,22.444476162487035,0,False,False
103,20.6,2690269377968,1462.3893525319334,19.56464775099392,1,False,False
103,20.6,2690269375184,1522.4998378792025,20.48779416826435,1,False,False
103,20.6,2690269377536,1596.122983994143,21.695831077305357,1,False,False
104,20.8,2690269374656,308.0419012123957,1.7442475288287584e-07,0,True,True
104,20.8,2690269373072,306.5070486477151,1.1119490733672989e-07,1,False,True
104,20.8,2690269374704,493.4582115667316,12.512508388395169,1,False,False
104,20.8,2690269374752,507.26577919269687,9.092392308913436,0,False,False
104,20.8,2690269377776,529.7111401186053,14.71157456697676,1,False,False
104,20.8,2690269376192,566.8776579126501,15.402588475752568,1,False,False
104,20.8,2690269376000,605.9627436669609,16.19162024791991,1,False,False
104,20.8,2690269377392,533.0273501487993,10.429098683285964,0,False,False
104,20.8,2690269373600,647.4396975585499,16.939098556150608,1,False,False
104,20.8,2690269375424,560.7272192869946,10.579110552081222,0,False,False
104,20.8,2690269376864,689.0107853071501,17.437915402529953,1,False,False
104,20.8,2690269377680,587.6737394240505,9.125091434589697,0,False,False
104,20.8,2690269377632,610.6346329662373,7.229358659291168,0,False,False
104,20.8,2690269375472,736.5831134717641,17.984249013500893,1,False,False
104,20.8,2690269377008,786.4382371759514,17.559984522408897,1,False,False
104,20.8,2690269375520,630.2874436508417,6.511281920563717,0,False,False
104,20.8,2690269377200,830.988703635563,14.388750739388678,1,False,False
104,20.8,2690269377872,649.7514112105202,6.954438620894656,0,False,False
104,20.8,2690269376144,670.8402889672234,7.895566757230021,0,False,False
104,20.8,2690269377920,693.8511100382696,8.963680175301118,0,False,False
104,20.8,2690269375136,869.9244959856366,4.719199690001024,1,False,False
104,20.8,2690269375808,884.0417401581808,0.10563917940214534,1,True,True
104,20.8,2690269375616,718.9858824418881,10.047533191446695,0,False,False
104,20.8,2690269376672,746.1659985943146,10.970220068163865,0,False,False
104,20.8,2690269376528,775.1453280906888,11.898375929870355,0,False,False
104,20.8,2690269374992,805.6875679859224,12.98455534874808,0,False,False
104,20.8,2690269377440,889.0417401581808,0.07072675430337683,1,False,True
104,20.8,2690269376720,839.2268548084814,14.252857007448466,0,False,False
104,20.8,2690269375328,873.8875583367351,15.096015561036108,0,False,False
104,20.8,2690269376768,911.415999607001,15.889488164050878,0,False,False
104,20.8,2690269375088,953.0755998939625,7.198663303592444,1,False,False
104,20.8,2690269378160,951.1980886289025,16.628198818131494,0,False,False
104,20.8,2690269375952,991.4391295063003,17.167308188345363,0,False,False
104,20.8,2690269375760,972.5995550505421,6.415903652194201,1,False,False
104,20.8,2690269378064,1034.2917727628876,17.744346565734666,0,False,False
104,20.8,2690269377104,1078.1769495083036,18.24398669962497,0,False,False
104,20.8,2690269375568,991.6367121552651,6.429832381762929,1,False,False
104,20.8,2690269376240,1124.9434272581254,18.750808457349233,0,False,False
104,20.8,2690269374944,1011.233307188653,6.339248802303652,1,False,False
104,20.8,2690269377056,1030.3989728504791,5.724867645194591,1,False,False
104,20.8,2690269375232,1175.0770146029236,19.249981825931883,0,False,False
104,20.8,2690269377152,1236.7548276700884,19.936904931579434,0,False,False
104,20.8,2690269376432,1296.6152746165171,20.000000000000014,0,True,False
104,20.8,2690269375040,1304.7538964844568,19.26547210400938,0,False,False
104,20.8,2690269375904,1048.374376732406,5.309475264285716,1,False,False
104,20.8,2690269376960,1066.1490366012804,5.775953633872579,1,False,False
104,20.8,2690269378256,1085.6368304049145,7.153660781688204,1,False,False
104,20.8,2690269376624,1108.4993902792241,9.217450578809128,1,False,False
104,20.8,2690269377584,1135.7288668428105,11.41803663106849,1,False,False
104,20.8,2690269374848,1356.3612458290252,19.55701315797617,0,False,False
104,20.8,2690269377344,1167.4918207237645,13.30222560281421,1,False,False
104,20.8,2690269377296,1201.8294597997647,14.43534056629795,1,False,False
104,20.8,2690269374896,1238.992262657606,15.459394382957544,1,False,False
104,20.8,2690269376816,1416.8554908498231,20.507059840640895,0,False,False
104,20.8,2690269378208,1488.5700250553366,21.74889062327251,0,False,False
104,20.8,2690269377248,1278.8955405507356,16.511046466762366,1,False,False
104,20.8,2690269375856,1320.1974710495658,17.332946084589828,1,False,False
104,20.8,2690269378016,1366.5302924847902,18.24085408388643,1,False,False
104,20.8,2690269375712,1415.0165275198165,19.026853008202096,1,False,False
104,20.8,2690269375376,1574.2458138691593,22.444476162487035,0,False,False
104,20.8,2690269377968,1466.3033683541362,19.580875986491954,1,False,False
104,20.8,2690269375184,1526.5980720197879,20.497883563982523,1,False,False
104,20.8,2690269377536,1600.462150209604,21.695831077305357,1,False,False
105,21.0,2690269374656,308.041901244148,1.4181378426981076e-07,0,True,True
105,21.0,2690269373072,306.50704866850447,9.040557799466277e-08,1,False,True
105,21.0,2690269374704,495.97657204380056,12.747648977267186,1,False,False
105,21.0,2690269374752,509.09380615626446,9.234976539051704,0,False,False
105,21.0,2690269377776,532.6564784851502,14.756873071072143,1,False,False
105,21.0,2690269376192,569.9612352078022,15.448307237399986,1,False,False
105,21.0,2690269376000,609.2037233597805,16.23124754448252,1,False,False
105,21.0,2690269377392,535.1180527164659,10.49964328985537,0,False,False
105,21.0,2690269373600,650.8295212637839,16.968938096073572,1,False,False
105,21.0,2690269375424,562.8378392265661,10.498065765428107,0,False,False
105,21.0,2690269376864,692.4995351369739,17.455053473040685,1,False,False
105,21.0,2690269377680,589.4865373914986,8.941622893336985,0,False,False
105,21.0,2690269377632,612.0723316016596,7.109134654244841,0,False,False
105,21.0,2690269375472,740.1786250941625,17.96285032559364,1,False,False
105,21.0,2690269377008,789.9390073429952,17.386820272877276,1,False,False
105,21.0,2690269375520,631.589687404477,6.513185031593337,0,False,False
105,21.0,2690269377200,833.8327513878322,13.876081367786625,1,False,False
105,21.0,2690269377872,651.1473638856314,7.0314953258280015,0,False,False
105,21.0,2690269376144,672.4265070105787,8.002663943585285,0,False,False
105,21.0,2690269377920,695.6516275587932,9.080408481581243,0,False,False
105,21.0,2690269375136,870.8291346167874,4.138634347384875,1,False,False
105,21.0,2690269375808,884.0582271069466,0.08588856541614424,1,True,True
105,21.0,2690269375616,721.0024886843755,10.153770940310748,0,False,False
105,21.0,2690269376672,748.3663769709176,11.065178918018022,0,False,False
105,21.0,2690269376528,777.5318641555568,12.001224878887943,0,False,False
105,21.0,2690269374992,808.2915593219055,13.090374957727288,0,False,False
105,21.0,2690269377440,889.0582271069466,0.057503470758064,1,False,True
105,21.0,2690269376720,842.0836232099717,14.345205950624193,0,False,False
105,21.0,2690269375328,876.9112826823235,15.163352063120879,0,False,False
105,21.0,2690269376768,914.5973338182497,15.94070700768328,0,False,False
105,21.0,2690269375088,954.5064377428583,7.067286607560526,1,False,False
105,21.0,2690269378160,954.5264934640647,16.66944725983167,0,False,False
105,21.0,2690269375952,994.8749047221114,17.201844812626234,0,False,False
105,21.0,2690269375760,973.8801127898362,6.377783322615144,1,False,False
105,21.0,2690269378064,1037.8425359450928,17.77261868124893,0,False,False
105,21.0,2690269377104,1081.8272156196156,18.265913960453965,0,False,False
105,21.0,2690269375568,992.921814285783,6.416373214379335,1,False,False
105,21.0,2690269376240,1128.694611900583,18.766086748865,0,False,False
105,21.0,2690269374944,1012.4973410866402,6.281387959006258,1,False,False
105,21.0,2690269377056,1031.539583549791,5.660561734931609,1,False,False
105,21.0,2690269375232,1178.9276353222542,19.259308704302413,0,False,False
105,21.0,2690269377152,1240.742286877495,19.938073468788787,0,False,False
105,21.0,2690269376432,1300.615274616517,20.000000000000014,0,True,False
105,21.0,2690269375040,1308.6077479019743,19.276843292421194,0,False,False
105,21.0,2690269375904,1049.4368260620015,5.319999797374915,1,False,False
105,21.0,2690269376960,1067.3112429044127,5.883229198842637,1,False,False
105,21.0,2690269378256,1087.0799317634194,7.340409062580999,1,False,False
105,21.0,2690269376624,1110.3577511396543,9.440525357860821,1,False,False
105,21.0,2690269377584,1138.025889477998,11.618270489670069,1,False,False
105,21.0,2690269374848,1360.2738235382933,19.574575343899784,0,False,False
105,21.0,2690269377344,1170.162304327071,13.451617739317353,1,False,False
105,21.0,2690269377296,1204.7234959732264,14.539076479876249,1,False,False
105,21.0,2690269374896,1242.0896662448097,15.541682731214506,1,False,False
105,21.0,2690269376816,1420.957688145573,20.51879706096222,0,False,False
105,21.0,2690269378208,1492.9200703114877,21.752888581405728,0,False,False
105,21.0,2690269377248,1282.2021221163964,16.57611220426755,1,False,False
105,21.0,2690269375856,1323.6671681063242,17.379201975055338,1,False,False
105,21.0,2690269378016,1370.180552240746,18.271979574116592,1,False,False
105,21.0,2690269375712,1418.823382521786,19.048999066374652,1,False,False
105,21.0,2690269375376,1578.7347091016566,22.444476162487035,0,False,False
105,21.0,2690269377968,1470.220610264308,19.596813134452574,1,False,False
105,21.0,2690269375184,1530.6983120775099,20.507794722923695,1,False,False
105,21.0,2690269377536,1604.8013164250651,21.695831077305357,1,False,False
106,21.2,2690269374656,308.0419012699637,1.1529985897373652e-07,0,True,True
106,21.2,2690269373072,306.50704868540697,7.350308326440138e-08,1,False,True
106,21.2,2690269374704,498.5411349212509,12.970401358376366,1,False,False
106,21.2,2690269374752,510.9501410379051,9.374235673517312,0,False,False
106,21.2,2690269377776,535.6108599522607,14.801915322982602,1,False,False
106,21.2,2690269376192,573.0539036492764,15.493236571131629,1,False,False
106,21.2,2690269376000,612.4525665206386,16.26994747834172,1,False,False
106,21.2,2690269377392,537.2220436691254,10.557749730539522,0,False,False
106,21.2,2690269373600,654.2252464112223,16.997776048295616,1,False,False
106,21.2,2690269375424,564.9313585592494,10.403796527891593,0,False,False
106,21.2,2690269376864,695.9916009215677,17.47048308121917,1,False,False
106,21.2,2690269377680,591.2626181624895,8.758107439081476,0,False,False
106,21.2,2690269377632,613.4867033755007,6.999749366880892,0,False,False
106,21.2,2690269375472,743.7694463641589,17.93513445559631,1,False,False
106,21.2,2690269377008,793.4036821799476,17.191314472454994,1,False,False
106,21.2,2690269375520,632.8929333506546,6.524336349702024,0,False,False
106,21.2,2690269377200,836.5721445336335,13.331863375297093,1,False,False
106,21.2,2690269377872,652.5590473408977,7.11328021032894,0,False,False
106,21.2,2690269376144,674.0342979735279,8.112008685650492,0,False,False
106,21.2,2690269377920,697.4754889456601,9.197067422956902,0,False,False
106,21.2,2690269375136,871.619940180105,3.592768038528762,1,False,False
106,21.2,2690269375808,884.0716316069208,0.06983058474130364,1,True,True
106,21.2,2690269375616,723.0402655842806,10.25885574792758,0,False,False
106,21.2,2690269376672,750.5857302896642,11.159886697374112,0,False,False
106,21.2,2690269376528,779.938948593913,12.103726824051218,0,False,False
106,21.2,2690269374992,810.9165975412062,13.194418872135707,0,False,False
106,21.2,2690269377440,889.0716316069208,0.04675245148448226,1,False,True
106,21.2,2690269376720,844.9586799471118,14.434837911100601,0,False,False
106,21.2,2690269375328,879.9483311472054,15.228557874731726,0,False,False
106,21.2,2690269376768,917.7888140399365,15.990473657379834,0,False,False
106,21.2,2690269375088,955.9116136486306,6.945103782712403,1,False,False
106,21.2,2690269378160,957.8630804867533,16.70969254976977,0,False,False
106,21.2,2690269375952,998.3175376152302,17.235642272845475,0,False,False
106,21.2,2690269375760,975.1534016532263,6.34484448256017,1,False,False
106,21.2,2690269378064,1041.3989131334124,17.800288819263052,0,False,False
106,21.2,2690269377104,1085.4818361874566,18.287379820570433,0,False,False
106,21.2,2690269375568,994.2040697396809,6.4005153825625065,1,False,False
106,21.2,2690269376240,1132.4488325819236,18.78107279860715,0,False,False
106,21.2,2690269374944,1013.7496266732968,6.221016654319159,1,False,False
106,21.2,2690269377056,1032.6676870090205,5.601718253133619,1,False,False
106,21.2,2690269375232,1182.7801099773858,19.26846505756839,0,False,False
106,21.2,2690269377152,1244.7299783646,19.93922066204236,0,False,False
106,21.2,2690269376432,1304.6152746165167,20.000000000000014,0,True,False
106,21.2,2690269375040,1312.4638782631696,19.288283110972063,0,False,False
106,21.2,2690269375904,1050.5020451633386,5.340515504398066,1,False,False
106,21.2,2690269376960,1068.4955111158404,5.999535811872739,1,False,False
106,21.2,2690269378256,1088.5607363318568,7.532346149814347,1,False,False
106,21.2,2690269376624,1112.2607214281054,9.663402609702574,1,False,False
106,21.2,2690269377584,1140.3626555840767,11.813901681365264,1,False,False
106,21.2,2690269374848,1364.1898946375868,19.59185356632687,0,False,False
106,21.2,2690269377344,1172.862311806777,13.595704351522183,1,False,False
106,21.2,2690269377296,1207.638045926993,14.639336506703822,1,False,False
106,21.2,2690269374896,1245.2033541906892,15.621388032440281,1,False,False
106,21.2,2690269376816,1425.0622201782423,20.53034487489226,0,False,False
106,21.2,2690269378208,1497.2709124665944,21.756846288328727,0,False,False
106,21.2,2690269377248,1285.5215629849138,16.638890142748743,1,False,False
106,21.2,2690269375856,1327.1460093783633,17.423871814302565,1,False,False
106,21.2,2690269378016,1373.836975495007,18.3021926427702,1,False,False
106,21.2,2690269375712,1422.634631269694,19.07061926022656,1,False,False
106,21.2,2690269375376,1583.2236043341538,22.444476162487035,0,False,False
106,21.2,2690269377968,1474.1410207237657,19.612469247529113,1,False,False
106,21.2,2690269375184,1534.800522758667,20.517532898464314,1,False,False
106,21.2,2690269377536,1609.1404826405262,21.695831077305357,1,False,False
107,21.4,2690269374656,308.04190129095286,9.374305571079497e-08,0,True,True
107,21.4,2690269373072,306.50704869914927,5.976072903037553e-08,1,False,True
107,21.4,2690269374704,501.14942524582,13.180830179907508,1,False,False
107,21.4,2690269374752,512.8340615170238,9.509311011512207,0,False,False
107,21.4,2690269377776,538.5742311306312,14.84666966896813,1,False,False
107,21.4,2690269376192,576.1555052763465,15.537375653755396,1,False,False
107,21.4,2690269376000,615.7090884041564,16.307730644980925,1,False,False
107,21.4,2690269377392,539.336797817444,10.60287287388614,0,False,False
107,21.4,2690269373600,657.6266711766524,17.0255882586316,1,False,False
107,21.4,2690269375424,567.0051796226049,10.297036580448268,0,False,False
107,21.4,2690269376864,699.4866305020852,17.48404235829789,1,False,False
107,21.4,2690269377680,593.0020631153542,8.575895464009225,0,False,False
107,21.4,2690269377632,614.8799352097224,6.901470234680568,0,False,False
107,21.4,2690269375472,747.3542649482282,17.900349450116487,1,False,False
107,21.4,2690269377008,796.8276715142495,16.971634491469846,1,False,False
107,21.4,2690269375520,634.1990082083918,6.5443884280034625,0,False,False
107,21.4,2690269377200,839.2006632618377,12.757581903155456,1,False,False
107,21.4,2690269377872,653.9873882301471,7.199509039455287,0,False,False
107,21.4,2690269376144,675.6640949839162,8.22335554066815,0,False,False
107,21.4,2690269377920,699.3226678748922,9.313473618219389,0,False,False
107,21.4,2690269375136,872.3039928441742,3.083592256483401,1,False,False
107,21.4,2690269375808,884.0825299618627,0.056774851712633245,1,True,True
107,21.4,2690269375616,725.0989828296085,10.362793396375347,0,False,False
107,21.4,2690269376672,752.8240085778247,11.254345092745673,0,False,False
107,21.4,2690269376528,782.3665042803284,12.205765990546961,0,False,False
107,21.4,2690269374992,813.562321669515,13.296601955679325,0,False,False
107,21.4,2690269377440,889.0825299618627,0.03801147462916128,1,False,True
107,21.4,2690269376720,847.8514832214802,14.521778674365473,0,False,False
107,21.4,2690269375328,882.9982827008694,15.291709584814187,0,False,False
107,21.4,2690269376768,920.9901540447562,16.03885077166194,0,False,False
107,21.4,2690269375088,957.2929628265982,6.832044439624616,1,False,False
107,21.4,2690269378160,961.207651838394,16.748975831491254,0,False,False
107,21.4,2690269375952,1001.7668819990412,17.268725041420726,0,False,False
107,21.4,2690269375760,976.4204139585848,6.316426957853041,1,False,False
107,21.4,2690269378064,1044.9607852041133,17.827375919495402,0,False,False
107,21.4,2690269377104,1089.1407199796508,18.308399854435677,0,False,False
107,21.4,2690269375568,995.482977343856,6.381953836302399,1,False,False
107,21.4,2690269376240,1136.2060314611433,18.795775627822987,0,False,False
107,21.4,2690269374944,1014.989702360152,6.15875396037213,1,False,False
107,21.4,2690269377056,1033.7844207935707,5.549002220695638,1,False,False
107,21.4,2690269375232,1186.6344047816085,19.27745561787471,0,False,False
107,21.4,2690269377152,1248.7178978843287,19.940346837732392,0,False,False
107,21.4,2690269376432,1308.6152746165164,20.000000000000014,0,True,False
107,21.4,2690269375040,1316.3223007145812,19.29978296775371,0,False,False
107,21.4,2690269375904,1051.5720367394645,5.371077652967359,1,False,False
107,21.4,2690269376960,1069.7036256557276,6.124540495816143,1,False,False
107,21.4,2690269378256,1090.0802474409868,7.728954713430881,1,False,False
107,21.4,2690269376624,1114.2082275206592,9.885573828789475,1,False,False
107,21.4,2690269377584,1142.7382292758737,12.00470707126924,1,False,False
107,21.4,2690269374848,1368.109402852002,19.60885552832901,0,False,False
107,21.4,2690269377344,1175.590786218745,13.734551826333082,1,False,False
107,21.4,2690269377296,1210.572422031643,14.736233875196971,1,False,False
107,21.4,2690269374896,1248.3328148805329,15.698585306541771,1,False,False
107,21.4,2690269376816,1429.1690494225993,20.541708573521717,0,False,False
107,21.4,2690269378208,1501.6225435118472,21.76076436284852,0,False,False
107,21.4,2690269377248,1288.8534115405082,16.699469219054176,1,False,False
107,21.4,2690269375856,1330.6336831012106,17.467036433651245,1,False,False
107,21.4,2690269378016,1377.4993831725612,18.331543683200803,1,False,False
107,21.4,2690269375712,1426.4501703923474,19.091740205569298,1,False,False
107,21.4,2690269375376,1587.712499566651,22.444476162487035,0,False,False
107,21.4,2690269377968,1478.0645441662539,19.627853816371438,1,False,False
107,21.4,2690269375184,1538.9046698050488,20.52710311911676,1,False,False
107,21.4,2690269377536,1613.4796488559873,21.695831077305357,1,False,False
108,21.6,2690269374656,308.0419013080178,7.621657625790264e-08,0,True,True
108,21.6,2690269373072,306.50704871032235,4.858768606202977e-08,1,False,True
108,21.6,2690269374704,503.79898730540054,13.379091145901537,1,False,False
108,21.6,2690269374752,514.7446738542664,9.639349598521664,0,False,False
108,21.6,2690269377776,541.5465324294349,14.89110639783775,1,False,False
108,21.6,2690269376192,579.265882051103,15.580724929066859,1,False,False
108,21.6,2690269376000,618.9731062851221,16.344606091183035,1,False,False
108,21.6,2690269377392,541.4596865678841,10.6345538069389,0,False,False
108,21.6,2690269373600,661.0335884248763,17.052343198391338,1,False,False
108,21.6,2690269375424,569.0568589644865,10.178629882040395,0,False,False
108,21.6,2690269376864,702.9842378333637,17.49554612093085,1,False,False
108,21.6,2690269377680,594.7052201661859,8.396281521016398,0,False,False
108,21.6,2690269377632,616.2542615432028,6.814476379334199,0,False,False
108,21.6,2690269375472,750.9316124361255,17.85765643705386,1,False,False
108,21.6,2690269377008,800.2060180046484,16.72594777887543,1,False,False
108,21.6,2690269375520,635.5096681952903,6.572979472443079,0,False,False
108,21.6,2690269377200,841.7124263210177,12.155350986383784,1,False,False
108,21.6,2690269377872,655.4332565136515,7.289899934109394,0,False,False
108,21.6,2690269376144,677.3162821947892,8.336461031087998,0,False,False
108,21.6,2690269377920,701.1931023632187,9.429458954011471,0,False,False
108,21.6,2690269375136,872.8887363183245,2.6125708748709027,1,False,False
108,21.6,2690269375808,884.0913907280733,0.046160057214656484,1,True,True
108,21.6,2690269375616,727.1784117287388,10.465596301013143,0,False,False
108,21.6,2690269376672,755.0811616269036,11.348547286074997,0,False,False
108,21.6,2690269376528,784.8144309832594,12.307227575736489,0,False,False
108,21.6,2690269374992,816.2283544220376,13.396849799578636,0,False,False
108,21.6,2690269377440,889.0913907280734,0.030904736705901794,1,False,True
108,21.6,2690269376720,850.7614969215063,14.606061800000097,0,False,False
108,21.6,2690269375328,886.0607316159308,15.352883478056254,0,False,False
108,21.6,2690269376768,924.2010799823498,16.085898680963805,0,False,False
108,21.6,2690269375088,958.6523014046436,6.72796418301941,1,False,False
108,21.6,2690269378160,964.5600177603199,16.787336330325168,0,False,False
108,21.6,2690269375952,1005.2227965159964,17.30111661839841,0,False,False
108,21.6,2690269375760,977.6820099843821,6.291872144044723,1,False,False
108,21.6,2690269378064,1048.528036780514,17.85389831007791,0,False,False
108,21.6,2690269377104,1092.8037788358258,18.32898899526547,0,False,False
108,21.6,2690269375568,996.7579799390033,6.360459531483006,1,False,False
108,21.6,2690269376240,1139.9661524751625,18.810203867371175,0,False,False
108,21.6,2690269374944,1016.2172336506753,6.095265960165941,1,False,False
108,21.6,2690269377056,1034.891052034599,5.503026104119072,1,False,False
108,21.6,2690269375232,1190.4904868820702,19.286284930983154,0,False,False
108,21.6,2690269377152,1252.7060412550593,19.94145232463412,0,False,False
108,21.6,2690269376432,1312.6152746165162,20.000000000000014,0,True,False
108,21.6,2690269375040,1320.1830267141577,19.31133471370782,0,False,False
108,21.6,2690269375904,1052.6488110693545,5.411689952195678,1,False,False
108,21.6,2690269376960,1070.9373025661284,6.2578842193716975,1,False,False
108,21.6,2690269378256,1091.6393647269124,7.929714385145323,1,False,False
108,21.6,2690269376624,1116.200095108357,10.106546168675173,1,False,False
108,21.6,2690269377584,1145.1516321851002,12.190495682983668,1,False,False
108,21.6,2690269374848,1372.0322934283051,19.625588651366254,0,False,False
108,21.6,2690269377344,1178.346685056187,13.868243554125783,1,False,False
108,21.6,2690269377296,1213.5259592966665,14.829881599911195,1,False,False
108,21.6,2690269374896,1251.4775517286905,15.773349892979233,1,False,False
108,21.6,2690269376816,1433.278139396977,20.552893230842045,0,False,False
108,21.6,2690269378208,1505.974955561396,21.764643411778152,0,False,False
108,21.6,2690269377248,1292.1972338816645,16.75793720307369,1,False,False
108,21.6,2690269375856,1334.1298934212355,17.508772847843478,1,False,False
108,21.6,2690269378016,1381.1676060569212,18.360079830752802,1,False,False
108,21.6,2690269375712,1430.2699017212988,19.112386739867556,1,False,False
108,21.6,2690269375376,1592.2013947991484,22.444476162487035,0,False,False
108,21.6,2690269377968,1481.991126888337,19.642975810713065,1,False,False
108,21.6,2690269375184,1543.0107199498182,20.536510201173364,1,False,False
108,21.6,2690269377536,1617.8188150714484,21.695831077305357,1,False,False
109,21.8,2690269374656,308.0419013218923,6.196689933383255e-08,0,True,True
109,21.8,2690269373072,306.50704871940644,3.950358831235842e-08,1,False,True
109,21.8,2690269374704,506.4874021531791,13.565421351603266,1,False,False
109,21.8,2690269374752,516.6809143272237,9.763508630578247,0,False,False
109,21.8,2690269377776,544.5276984456809,14.935197749001683,1,False,False
109,21.8,2690269376192,582.3848760983751,15.623285905436303,1,False,False
109,21.8,2690269376000,622.2444391290917,16.38058101714173,1,False,False
109,21.8,2690269377392,543.5879957248133,10.652428106664525,0,False,False
109,21.8,2690269373600,664.4457841811725,17.078001135564566,1,False,False
109,21.8,2690269375424,571.0841288413689,10.049522062476163,0,False,False
109,21.8,2690269376864,706.4839981264544,17.504782870994713,1,False,False
109,21.8,2690269377680,596.3726918115804,8.220492840536162,0,False,False
109,21.8,2690269377632,617.6119470512846,6.73886445685524,0,False,False
109,21.8,2690269375472,754.4998464762813,17.80612252406487,1,False,False
109,21.8,2690269377008,803.5334002642463,16.452470761295185,1,False,False
109,21.8,2690269375520,636.8265964005352,6.609736887870573,0,False,False
109,21.8,2690269377200,844.1020181028664,11.527927220798631,1,False,False
109,21.8,2690269377872,656.8974659456453,7.384173617227989,0,False,False
109,21.8,2690269376144,678.9911952543516,8.45108478867094,0,False,False
109,21.8,2690269377920,703.0866978228261,9.54487056822984,0,False,False
109,21.8,2690269375136,873.3818707051421,2.1806189157926203,1,False,False
109,21.8,2690269375808,884.0985948591791,0.03752983614726442,1,True,True
109,21.8,2690269375616,729.2783264407959,10.567282085437627,0,False,False
109,21.8,2690269376672,757.3571373211252,11.442478418348982,0,False,False
109,21.8,2690269376528,787.2826056296802,12.40799878218311,0,False,False
109,21.8,2690269374992,818.9143043401352,13.495098570485126,0,False,False
109,21.8,2690269377440,889.0985948591791,0.025126695561776154,1,False,True
109,21.8,2690269376720,853.6881921257077,14.687727849325114,0,False,False
109,21.8,2690269375328,889.1352873828047,15.412155177512085,0,False,False
109,21.8,2690269376768,927.4213299120285,16.1316753668949,0,False,False
109,21.8,2690269375088,959.9914119739723,6.6326500128218475,1,False,False
109,21.8,2690269378160,967.9199962143286,16.82481141704197,0,False,False
109,21.8,2690269375952,1008.6851444457767,17.332839570683458,0,False,False
109,21.8,2690269375760,978.9389187706741,6.270530258393104,1,False,False
109,21.8,2690269378064,1052.1005561112302,17.879873716280937,0,False,False
109,21.8,2690269377104,1096.4709275406926,18.349161557978935,0,False,False
109,21.8,2690269375568,998.0284797588761,6.335881897023758,1,False,False
109,21.8,2690269376240,1143.7291412620748,18.82436577739866,0,False,False
109,21.8,2690269374944,1017.4320218879909,6.031255835130503,1,False,False
109,21.8,2690269377056,1035.9889666439492,5.464345932460877,1,False,False
109,21.8,2690269375232,1194.3483243231428,19.294957365778846,0,False,False
109,21.8,2690269377152,1256.6944043610347,19.94253745300011,0,False,False
109,21.8,2690269376432,1316.615274616516,20.000000000000014,0,True,False
109,21.8,2690269375040,1324.0460661186282,19.3229306247321,0,False,False
109,21.8,2690269375904,1053.734375882414,5.4623073966925775,1,False,False
109,21.8,2690269376960,1072.198184502582,6.399184892243504,1,False,False
109,21.8,2690269378256,1093.238883639358,8.13410348042991,1,False,False
109,21.8,2690269376624,1118.236052455404,10.325844348081768,1,False,False
109,21.8,2690269377584,1147.6018498869796,12.37110855953952,1,False,False
109,21.8,2690269374848,1375.9585130793694,19.642060086589883,0,False,False
109,21.8,2690269377344,1181.128983531024,13.996878133859177,1,False,False
109,21.8,2690269377296,1216.4980152951075,14.920392005804073,1,False,False
109,21.8,2690269374896,1254.637083225699,15.845757201588578,1,False,False
109,21.8,2690269376816,1437.3894546206473,20.56390371546674,0,False,False
109,21.8,2690269378208,1510.3281408499638,21.768484030126142,0,False,False
109,21.8,2690269377248,1295.5526135673927,16.81438040163255,1,False,False
109,21.8,2690269375856,1337.6343596370823,17.54915432997614,1,False,False
109,21.8,2690269378016,1384.8414841516433,18.38784515794273,1,False,False
109,21.8,2690269375712,1434.093731943408,19.132582044044238,1,False,False
109,21.8,2690269375376,1596.6902900316456,22.444476162487035,0,False,False
109,21.8,2690269377968,1485.9207169477788,19.657843717105315,1,False,False
109,21.8,2690269375184,1547.1186408758656,20.545758760497712,1,False,False
109,21.8,2690269377536,1622.1579812869095,21.695831077305357,1,False,False
110,22.0,2690269374656,308.0419013331727,5.038138422875157e-08,0,True,True
110,22.0,2690269373072,306.50704872679216,3.2117880393810815e-08,1,False,True
110,22.0,2690269374704,509.21230319108133,13.740129171534125,1,False,False
110,22.0,2690269374752,518.6415515796067,9.880960351315627,0,False,False
110,22.0,2690269377776,547.5176583538212,14.978917900536498,1,False,False
110,22.0,2690269376192,585.5123299050856,15.665060952102989,1,False,False
110,22.0,2690269376000,625.5229072024284,16.415660462787113,1,False,False
110,22.0,2690269377392,545.7189449112425,10.656233525218694,0,False,False
110,22.0,2690269373600,667.8630359294159,17.102513188624638,1,False,False
110,22.0,2690269375424,573.0849168993498,9.910750289422113,0,False,False
110,22.0,2690269376864,709.9854423660937,17.511511414860994,1,False,False
110,22.0,2690269377680,598.0053209838856,8.049679503496455,0,False,False
110,22.0,2690269377632,618.9552705652187,6.67465492054122,0,False,False
110,22.0,2690269375472,758.0571315321653,17.744714415451288,1,False,False
110,22.0,2690269377008,806.8041464436059,16.149527821953345,1,False,False
110,22.0,2690269375520,638.1514008402474,6.654280424703479,0,False,False
110,22.0,2690269377200,846.36461661244,10.878694938135977,1,False,False
110,22.0,2690269377872,658.3807746115152,7.482053668155706,0,False,False
110,22.0,2690269376144,680.6891220016668,8.566990650247016,0,False,False
110,22.0,2690269377920,705.0033301027119,9.659570684851467,0,False,False
110,22.0,2690269375136,873.7912420787279,1.7880963175368998,1,False,False
110,22.0,2690269375808,884.1044520845878,0.030513146781657355,1,True,True
110,22.0,2690269375616,731.398504927021,10.667872249289912,0,False,False
110,22.0,2690269376672,759.6518800650995,11.53611614615606,0,False,False
110,22.0,2690269376528,789.7708827702511,12.507969758643549,0,False,False
110,22.0,2690269374992,821.6197678919714,13.591294776750399,0,False,False
110,22.0,2690269377440,889.1044520845878,0.020428934110078158,1,False,True
110,22.0,2690269376720,856.631048452002,14.766823622790366,0,False,False
110,22.0,2690269375328,892.2215745557967,15.469599330204487,0,False,False
110,22.0,2690269376768,930.6506533325485,16.17623645897892,0,False,False
110,22.0,2690269375088,961.3120302544868,6.545826214963889,1,False,False
110,22.0,2690269378160,971.287412516151,16.861436674016897,0,False,False
110,22.0,2690269375952,1012.1537935212099,17.363915569949558,0,False,False
110,22.0,2690269375760,980.1917403541883,6.2517673447933335,1,False,False
110,22.0,2690269378064,1055.6782349502473,17.905319270434642,0,False,False
110,22.0,2690269377104,1100.1420837019157,18.368931262135092,0,False,False
110,22.0,2690269375568,999.2938542400143,6.308150337501589,1,False,False
110,22.0,2690269376240,1147.4949450882668,18.838269266064284,0,False,False
110,22.0,2690269374944,1018.6340109955179,5.967453633026244,1,False,False
110,22.0,2690269377056,1037.0796578209959,5.433458435982255,1,False,False
110,22.0,2690269375232,1198.207886011651,19.30347712319848,0,False,False
110,22.0,2690269377152,1260.682983152605,19.94360255375375,0,False,False
110,22.0,2690269376432,1320.6152746165158,20.000000000000014,0,True,False
110,22.0,2690269375040,1327.9114272673248,19.334563384248828,0,False,False
110,22.0,2690269375904,1054.8307268156814,5.522839302659407,1,False,False
110,22.0,2690269376960,1073.4878363122207,6.54804017116524,1,False,False
110,22.0,2690269378256,1094.879495289786,8.341600658285591,1,False,False
110,22.0,2690269376624,1120.315734041192,10.543012589877534,1,False,False
110,22.0,2690269377584,1150.0878382801493,12.546418340878466,1,False,False
110,22.0,2690269374848,1379.8880099308478,19.65827672579707,0,False,False
110,22.0,2690269377344,1183.9366774952744,14.120567568820288,1,False,False
110,22.0,2690269377296,1219.487969996913,15.007876309569637,1,False,False
110,22.0,2690269374896,1257.8109429363758,15.915882475751983,1,False,False
110,22.0,2690269376816,1441.5029605734867,20.574744701593534,0,False,False
110,22.0,2690269378208,1514.6820917304979,21.77228680129392,0,False,False
110,22.0,2690269377248,1298.9191513069647,16.86888340239352,1,False,False
110,22.0,2690269375856,1341.1468154571357,17.588250501389208,1,False,False
110,22.0,2690269378016,1388.52086608038,18.414880861949193,1,False,False
110,22.0,2690269375712,1437.9215722772653,19.15234775678391,1,False,False
110,22.0,2690269375376,1601.179185264143,22.444476162487035,0,False,False
110,22.0,2690269377968,1489.8532640692595,19.672465573578105,1,False,False
110,22.0,2690269375184,1551.228401176469,20.554853223527143,1,False,False
110,22.0,2690269377536,1626.4971475023706,21.695831077305357,1,False,False
111,22.2,2690269374656,308.04190134234415,4.0961931355168685e-08,0,True,True
111,22.2,2690269373072,306.507048732797,2.611302631129389e-08,1,False,True
111,22.2,2690269374704,511.97138972482145,13.90358391560772,1,False,False
111,22.2,2690269374752,520.6251899832473,9.99089745056653,0,False,False
111,22.2,2690269377776,550.5163362917332,15.022242939096058,1,False,False
111,22.2,2690269376192,588.6480864787708,15.70605309402053,1,False,False
111,22.2,2690269376000,628.8083316183076,16.44984697349835,1,False,False
111,22.2,2690269377392,547.8497084754517,10.645816855455998,0,False,False
111,22.2,2690269373600,671.2851107122464,17.12582024567516,1,False,False
111,22.2,2690269375424,575.0573637312561,9.76343171813691,0,False,False
111,22.2,2690269376864,713.4880511255001,17.515457080312387,1,False,False
111,22.2,2690269377680,599.604175055008,7.8849063324799875,0,False,False
111,22.2,2690269377632,620.286510263709,6.621798543963149,0,False,False
111,22.2,2690269375472,761.6014184349187,17.672293243757142,1,False,False
111,22.2,2690269377008,810.0122602356187,15.815619332715768,1,False,False
111,22.2,2690269375520,639.4856131164812,6.706224945149218,0,False,False
111,22.2,2690269377200,848.4961164340549,10.21162057738757,1,False,False
111,22.2,2690269377872,659.8838855167605,7.583266791635652,0,False,False
111,22.2,2690269376144,682.4103033778069,8.683947696076546,0,False,False
111,22.2,2690269377920,706.942848487712,9.773436312141177,0,False,False
111,22.2,2690269375136,874.1247319069462,1.4348183567558723,1,False,False
111,22.2,2690269375808,884.1092142257793,0.024808318450034898,1,True,True
111,22.2,2690269375616,733.5387296424777,10.767390939797854,0,False,False
111,22.2,2690269376672,761.9653293280852,11.629431273676957,0,False,False
111,22.2,2690269376528,792.2790952263465,12.607034445340362,0,False,False
111,22.2,2690269374992,824.3443315214414,13.685394962197305,0,False,False
111,22.2,2690269377440,889.1092142257793,0.016609480058682808,1,False,True
111,22.2,2690269376720,859.5895552554979,14.843401413802999,0,False,False
111,22.2,2690269375328,895.3192325390748,15.525289333635193,0,False,False
111,22.2,2690269376768,933.8888107122837,16.219635246627185,0,False,False
111,22.2,2690269375088,962.6158329650012,6.467160628184297,1,False,False
111,22.2,2690269378160,974.6620989822751,16.897245963069714,0,False,False
111,22.2,2690269375952,1015.6286157516831,17.39436542922424,0,False,False
111,22.2,2690269375760,981.4409493872512,6.2349720179621615,1,False,False
111,22.2,2690269378064,1059.2609684390484,17.930251522893144,0,False,False
111,22.2,2690269377104,1103.8171676325644,18.388311254726933,0,False,False
111,22.2,2690269375568,1000.5534720632803,6.2772746885602055,1,False,False
111,22.2,2690269376240,1151.263512779221,18.85192190733726,0,False,False
111,22.2,2690269374944,1019.8232921613704,5.9046059375488325,1,False,False
111,22.2,2690269377056,1038.1647140535063,5.410799168443126,1,False,False
111,22.2,2690269375232,1202.0691416838488,19.31184824461928,0,False,False
111,22.2,2690269377152,1264.6717736463117,19.944647957772396,0,False,False
111,22.2,2690269376432,1324.6152746165155,20.000000000000014,0,True,False
111,22.2,2690269375040,1331.7791170625487,19.34622606624639,0,False,False
111,22.2,2690269375904,1055.9398384873123,5.593152464649175,1,False,False
111,22.2,2690269376960,1074.8077411603167,6.7040300749302855,1,False,False
111,22.2,2690269378256,1096.561786628732,8.551686545450536,1,False,False
111,22.2,2690269376624,1122.4386845907663,10.757616562373368,1,False,False
111,22.2,2690269377584,1152.608529863352,12.716328562566904,1,False,False
111,22.2,2690269374848,1383.8207334700148,19.67424521202731,0,False,False
111,22.2,2690269377344,1186.7687860022404,14.23943547734969,1,False,False
111,22.2,2690269377296,1222.4952255221742,15.092444254538105,1,False,False
111,22.2,2690269374896,1260.9986794514457,15.983800569365865,1,False,False
111,22.2,2690269376816,1445.6186236577869,20.585420679262167,0,False,False
111,22.2,2690269378208,1519.036800671863,21.776052297279527,0,False,False
111,22.2,2690269377248,1302.2964646009868,16.921528855565672,1,False,False
111,22.2,2690269375856,1344.6670082758096,17.626127433657242,1,False,False
111,22.2,2690269378016,1392.2056085238946,18.44122544403611,1,False,False
111,22.2,2690269375712,1441.7533381719877,19.17170408165676,1,False,False
111,22.2,2690269375376,1605.6680804966402,22.444476162487035,0,False,False
111,22.2,2690269377968,1493.7887195568346,19.686849001484454,1,False,False
111,22.2,2690269375184,1555.339970318103,20.563797837545312,1,False,False
111,22.2,2690269377536,1630.8363137178317,21.695831077305357,1,False,False
112,22.4,2690269374656,308.04190134980087,3.3303567300320854e-08,0,True,True
112,22.4,2690269373072,306.50704873767916,2.1230857540204577e-08,1,False,True
112,22.4,2690269374704,514.7624384531794,14.056205484183307,1,False,False
112,22.4,2690269374752,522.6302741130221,10.092538957541391,0,False,False
112,22.4,2690269377776,553.5236517395657,15.06515081338103,1,False,False
112,22.4,2690269376192,591.7919894649534,15.74626580481663,1,False,False
112,22.4,2690269376000,632.1005338142145,16.483140239802413,1,False,False
112,22.4,2690269377392,549.9774377039037,10.621139742811751,0,False,False
112,22.4,2690269373600,674.7117630051346,17.147851730320564,1,False,False
112,22.4,2690269375424,576.9998380397774,9.608750732997033,0,False,False
112,22.4,2690269376864,716.991247596808,17.516307514230558,1,False,False
112,22.4,2690269377680,601.1705283342333,7.727146518953404,0,False,False
112,22.4,2690269377632,621.6079301790351,6.580183064173185,0,False,False
112,22.4,2690269375472,765.1304230134429,17.587611211679032,1,False,False
112,22.4,2690269377008,813.1514609925377,15.44949670277982,1,False,False
112,22.4,2690269375520,640.8306876053197,6.765182833017257,0,False,False
112,22.4,2690269377200,850.493240524825,9.531176838479004,1,False,False
112,22.4,2690269377872,661.4074472309684,7.687543105856568,0,False,False
112,22.4,2690269376144,684.1549345404267,8.80173122281446,0,False,False
112,22.4,2690269377920,708.905078628723,9.886358817081941,0,False,False
112,22.4,2690269375136,874.3901497181739,1.1200835026527478,1,False,False
112,22.4,2690269375808,884.1130860229434,0.020170081726487633,1,True,True
112,22.4,2690269375616,735.698787989431,10.865863835306833,0,False,False
112,22.4,2690269376672,764.2974183187982,11.72238844322114,0,False,False
112,22.4,2690269376528,794.8070548996326,12.705091321316655,0,False,False
112,22.4,2690269374992,827.0875736315054,13.777365336668165,0,False,False
112,22.4,2690269377440,889.1130860229434,0.013504122453637222,1,False,True
112,22.4,2690269376720,862.5632126784593,14.917518284882512,0,False,False
112,22.4,2690269375328,898.4279153205524,15.579297100902108,0,False,False
112,22.4,2690269376768,937.1355730226967,16.261922704259906,0,False,False
112,22.4,2690269375088,963.9044269664304,6.396271183268596,1,False,False
112,22.4,2690269378160,978.0438945904123,16.932271494257726,0,False,False
112,22.4,2690269375952,1019.1094872537843,17.42420913815411,0,False,False
112,22.4,2690269375760,982.6869000872065,6.219561927164888,1,False,False
112,22.4,2690269378064,1062.8486549909983,17.954686453896514,0,False,False
112,22.4,2690269377104,1107.4961022381067,18.40731413272238,0,False,False
112,22.4,2690269375568,1001.8067092132243,6.243344562150203,1,False,False
112,22.4,2690269376240,1155.034794653817,18.865330957901094,0,False,False
112,22.4,2690269374944,1021.0001064614358,5.843465656375038,1,False,False
112,22.4,2690269377056,1039.2458068057051,5.396741555965384,1,False,False
112,22.4,2690269375232,1205.9320618740405,19.320074619745135,0,False,False
112,22.4,2690269377152,1268.6607719248357,19.945673995251603,0,False,False
112,22.4,2690269376432,1328.6152746165153,20.000000000000014,0,True,False
112,22.4,2690269375040,1335.6491410465792,19.357912118801664,0,False,False
112,22.4,2690269375904,1057.0636562060217,5.6730743676894315,1,False,False
112,22.4,2690269376960,1076.1592971673485,6.866719414085944,1,False,False
112,22.4,2690269378256,1098.2862409468166,8.763845347749411,1,False,False
112,22.4,2690269376624,1124.604363491881,10.969245287081463,1,False,False
112,22.4,2690269377584,1155.162839853853,12.880772687717204,1,False,False
112,22.4,2690269374848,1387.7566344967024,19.689971949794447,0,False,False
112,22.4,2690269377344,1189.624353512012,14.35361534082941,1,False,False
112,22.4,2690269377296,1225.5192058247285,15.17420379550468,1,False,False
112,22.4,2690269374896,1264.1998562955412,16.049585738732375,1,False,False
112,22.4,2690269376816,1449.7364111620732,20.595935963958222,0,False,False
112,22.4,2690269378208,1523.3922602565735,21.779781078886042,0,False,False
112,22.4,2690269377248,1305.6841873412097,16.972397291033825,1,False,False
112,22.4,2690269375856,1348.1946984709052,17.662847760134614,1,False,False
112,22.4,2690269378016,1395.8955756924106,18.466914880680736,1,False,False
112,22.4,2690269375712,1445.5889490269803,19.190669887393252,1,False,False
112,22.4,2690269375376,1610.1569757291375,22.444476162487035,0,False,False
112,22.4,2690269377968,1497.7270362125876,19.70100123476515,1,False,False
112,22.4,2690269375184,1559.4533186052577,20.57259668027915,1,False,False
112,22.4,2690269377536,1635.1754799332928,21.695831077305357,1,False,False
113,22.6,2690269374656,308.04190135586344,2.707703368061642e-08,0,True,True
113,22.6,2690269373072,306.5070487416486,1.726147350824337e-08,1,False,True
113,22.6,2690269374704,517.5833129032802,14.19845424720673,1,False,False
113,22.6,2690269374752,524.6550944322428,10.185136603894339,0,False,False
113,22.6,2690269377776,556.5395198882636,15.107621272746464,1,False,False
113,22.6,2690269376192,594.9438832229466,15.785702797143951,1,False,False
113,22.6,2690269376000,635.3993349553405,16.515536705041008,1,False,False
113,22.6,2690269377392,552.0992841144977,10.582283218142539,0,False,False
113,22.6,2690269373600,678.1427323323768,17.168524194248924,1,False,False
113,22.6,2690269375424,578.91094918077,9.447945224550395,0,False,False
113,22.6,2690269376864,720.4943897525097,17.513708050978657,1,False,False
113,22.6,2690269377680,602.7058434063622,7.577276964573141,0,False,False
113,22.6,2690269377632,622.921768033234,6.549639820158768,0,False,False
113,22.6,2690269375472,768.6416042087191,17.489310735180077,1,False,False
113,22.6,2690269377008,816.2152391682351,15.05024136233215,1,False,False
113,22.6,2690269375520,642.1880011045831,6.8307660746957195,0,False,False
113,22.6,2690269377200,852.3536349958409,8.842240363013893,1,False,False
113,22.6,2690269377872,662.9520545908206,7.794616452201776,0,False,False
113,22.6,2690269376144,685.9231661681996,8.920123644074827,0,False,False
113,22.6,2690269377920,710.8898253802562,9.998243389623712,0,False,False
113,22.6,2690269375136,874.5951324792588,0.8427180473562224,1,False,False
113,22.6,2690269375808,884.1162339374379,0.016399023483698393,1,True,True
113,22.6,2690269375616,737.8784725552093,10.963317146476584,0,False,False
113,22.6,2690269376672,766.6480728013908,11.814946868254491,0,False,False
113,22.6,2690269376528,797.3545537245354,12.802044053055438,0,False,False
113,22.6,2690269374992,829.8490664898952,13.867181352617152,0,False,False
113,22.6,2690269377440,889.116233937438,0.01097935170749053,1,False,True
113,22.6,2690269376720,865.5515325572591,14.98923537120449,0,False,False
113,22.6,2690269375328,901.547291161241,15.631692861959916,0,False,False
113,22.6,2690269376768,940.3907212776114,16.303147527647848,0,False,False
113,22.6,2690269375088,965.1793397261291,6.332732622709281,1,False,False
113,22.6,2690269378160,981.4326446537522,16.96654389499626,0,False,False
113,22.6,2690269375952,1022.5962880889091,17.453465896964044,0,False,False
113,22.6,2690269375760,983.9298324584914,6.204989911349109,1,False,False
113,22.6,2690269378064,1066.4411961781518,17.97863948619448,0,False,False
113,22.6,2690269377104,1111.1788129078898,18.425951965258676,0,False,False
113,22.6,2690269375568,1003.0529648303162,6.2065275437604095,1,False,False
113,22.6,2690269376240,1158.808742461957,18.878503373195063,0,False,False
113,22.6,2690269374944,1022.164845458677,5.784782131967287,1,False,False
113,22.6,2690269377056,1040.3246780742131,5.391596799778761,1,False,False
113,22.6,2690269375232,1209.7966178847485,19.328159994023622,0,False,False
113,22.6,2690269377152,1272.6499741368211,19.946680995142536,0,False,False
113,22.6,2690269376432,1332.615274616515,20.000000000000014,0,True,False
113,22.6,2690269375040,1339.5215034754167,19.369615348088693,0,False,False
113,22.6,2690269375904,1058.2040883235777,5.76239639676296,1,False,False
113,22.6,2690269376960,1077.5438145202202,7.03566004711717,1,False,False
113,22.6,2690269378256,1100.0532386981445,8.9775664666121,1,False,False
113,22.6,2690269376624,1126.8121495893326,11.177512973250801,1,False,False
113,22.6,2690269377584,1157.7496720953766,13.039712890746383,1,False,False
113,22.6,2690269374848,1391.6956650762575,19.705463114951417,0,False,False
113,22.6,2690269377344,1192.5024517500992,14.463248808728899,1,False,False
113,22.6,2690269377296,1228.559356315867,15.253260829796032,1,False,False
113,22.6,2690269374896,1267.4140517946214,16.11331145019358,1,False,False
113,22.6,2690269376816,1453.8562912268017,20.606294705609706,0,False,False
113,22.6,2690269378208,1527.7484631785696,21.783473695933342,0,False,False
113,22.6,2690269377248,1309.081969375999,17.02156696840377,1,False,False
113,22.6,2690269375856,1351.729658723798,17.698470794792684,1,False,False
113,22.6,2690269378016,1399.5906388316278,18.49198278630078,1,False,False
113,22.6,2690269375712,1449.4283279313142,19.209262801643376,1,False,False
113,22.6,2690269375376,1614.6458709616347,22.444476162487035,0,False,False
113,22.6,2690269377968,1501.668168260974,19.714929146850558,1,False,False
113,22.6,2690269375184,1563.5684171471341,20.581253668870158,1,False,False
113,22.6,2690269377536,1639.5146461487539,21.695831077305357,1,False,False
114,22.8,2690269374656,308.04190136079256,2.201463123544043e-08,0,True,True
114,22.8,2690269373072,306.5070487448758,1.40342172760355e-08,1,False,True
114,22.8,2690269374704,520.4319708690433,14.330821351157118,1,False,False
114,22.8,2690269374752,526.6977942798435,10.267981612434946,0,False,False
114,22.8,2690269377776,559.5638519949001,15.149635792381916,1,False,False
114,22.8,2690269376192,598.103612859503,15.824367809405695,1,False,False
114,22.8,2690269376000,638.7045552570357,16.547029134318322,1,False,False
114,22.8,2690269377392,554.212423560181,10.529450743911177,0,False,False
114,22.8,2690269373600,681.5777405889514,17.187739715069906,1,False,False
114,22.8,2690269375424,580.7895569115677,9.282292173194781,0,False,False
114,22.8,2690269376864,723.9967615518196,17.50725665044031,1,False,False
114,22.8,2690269377680,604.2117516496618,7.436075279607936,0,False,False
114,22.8,2690269377632,624.2302243958887,6.52995027768035,0,False,False
114,22.8,2690269375472,772.1321422231063,17.375926861821515,1,False,False
114,22.8,2690269377008,819.1969276164776,14.61734364606066,1,False,False
114,22.8,2690269375520,643.5588528773421,6.902588041059571,0,False,False
114,22.8,2690269377200,854.075941988615,8.149969530512475,1,False,False
114,22.8,2690269377872,664.5182494665606,7.904224727747014,0,False,False
114,22.8,2690269376144,687.715105940221,9.038915312551811,0,False,False
114,22.8,2690269377920,712.8968755242306,10.109008410941332,0,False,False
114,22.8,2690269375136,874.7470539098365,0.6011351962211606,1,False,False
114,22.8,2690269375808,884.1187933085114,0.01333301346348693,1,True,True
114,22.8,2690269375616,740.0775811583364,11.05977673835813,0,False,False
114,22.8,2690269376672,769.0172100600798,11.907061093868403,0,False,False
114,22.8,2690269376528,799.9213647438646,12.897802044820779,0,False,False
114,22.8,2690269374992,832.6283780470192,13.954827236878394,0,False,False
114,22.8,2690269377440,889.1187933085114,0.008926619580845632,1,False,True
114,22.8,2690269376720,868.5540391920912,15.058617215765985,0,False,False
114,22.8,2690269375328,904.677042247133,15.682544998457674,0,False,False
114,22.8,2690269376768,943.654046080408,16.34335617970621,0,False,False
114,22.8,2690269375088,966.4420111339604,6.2760833209427975,1,False,False
114,22.8,2690269378160,984.8282005090349,17.000092278969895,0,False,False
114,22.8,2690269375952,1026.0889021075736,17.482154149130928,0,False,False
114,22.8,2690269375760,985.1698797232692,6.190749807541722,1,False,False
114,22.8,2690269378064,1070.0384966206311,18.002125498304974,0,False,False
114,22.8,2690269377104,1114.8652274110318,18.4442363154123,0,False,False
114,22.8,2690269375568,1004.2916766254181,6.167066233155352,1,False,False
114,22.8,2690269376240,1162.5853093253427,18.89144582262649,0,False,False
114,22.8,2690269374944,1023.3180498558849,5.729291760365231,1,False,False
114,22.8,2690269377056,1041.4031279771366,5.395614548090777,1,False,False
114,22.8,2690269375232,1213.6627817583317,19.33610797562536,0,False,False
114,22.8,2690269377152,1276.6393764965937,19.947669284655543,0,False,False
114,22.8,2690269376432,1336.6152746165149,20.000000000000014,0,True,False
114,22.8,2690269375040,1343.3962073893629,19.381329902876793,0,False,False
114,22.8,2690269375904,1059.3629992263607,5.860876993752178,1,False,False
114,22.8,2690269376960,1078.9625130239874,7.210392979738807,1,False,False
114,22.8,2690269378256,1101.8630586480608,9.192346133662369,1,False,False
114,22.8,2690269376624,1129.061346339157,11.382060737303819,1,False,False
114,22.8,2690269377584,1160.367924707478,13.193138617374027,1,False,False
114,22.8,2690269374848,1395.637778494449,19.720724664187703,0,False,False
114,22.8,2690269377344,1195.4021812317815,14.5684840777316,1,False,False
114,22.8,2690269377296,1231.615143437145,15.329718970891003,1,False,False
114,22.8,2690269374896,1270.6408589059972,16.175050204041415,1,False,False
114,22.8,2690269376816,1457.9782328118179,20.616500897019602,0,False,False
114,22.8,2690269378208,1532.105402241034,21.787130687472093,0,False,False
114,22.8,2690269377248,1312.4894760478749,17.069113757396476,1,False,False
114,22.8,2690269375856,1355.2716733637703,17.733052656356715,1,False,False
114,22.8,2690269378016,1403.2906757607232,18.516460567576818,1,False,False
114,22.8,2690269375712,1453.2714014214362,19.227499298554005,1,False,False
114,22.8,2690269375376,1619.134766194132,22.444476162487035,0,False,False
114,22.8,2690269377968,1505.612071278399,19.728639275398756,1,False,False
114,22.8,2690269375184,1567.6852378260955,20.58977256826614,1,False,False
114,22.8,2690269377536,1643.853812364215,21.695831077305357,1,False,False
115,23.0,2690269374656,308.0419013648001,1.789871055112549e-08,0,True,True
115,23.0,2690269373072,306.5070487474997,1.14103384312419e-08,1,False,True
115,23.0,2690269374704,523.3064699495176,14.45381962558495,1,False,False
115,23.0,2690269374752,528.7563782404642,10.34041184621117,0,False,False
115,23.0,2690269377776,562.5965557222172,15.191177486342927,1,False,False
115,23.0,2690269376192,601.2710242195009,15.862264387537236,1,False,False
115,23.0,2690269376000,642.0160132180914,16.57760613730864,1,False,False
115,23.0,2690269377392,556.3140808330925,10.462969593435258,0,False,False
115,23.0,2690269373600,685.016489027782,17.205384076451544,1,False,False
115,23.0,2690269375424,582.6347782247342,9.11309282926764,0,False,False
115,23.0,2690269376864,727.4975631064143,17.49649841651065,1,False,False
115,23.0,2690269377680,605.690033259672,7.3042183516885135,0,False,False
115,23.0,2690269377632,625.53545313441,6.5208523484484,0,False,False
115,23.0,2690269375472,775.5989174146288,17.245893799073695,1,False,False
115,23.0,2690269377008,822.0897884162416,14.150776815156275,1,False,False
115,23.0,2690269375520,644.9444650334689,6.980265001105348,0,False,False
115,23.0,2690269377200,855.6598472196472,7.459670921893448,1,False,False
115,23.0,2690269377872,666.1065215964679,8.016110240146814,0,False,False
115,23.0,2690269376144,689.5308201743326,9.157905258591652,0,False,False
115,23.0,2690269377920,714.926000361772,10.218584740301678,0,False,False
115,23.0,2690269375136,874.8529463910784,0.3934048313761482,1,False,False
115,23.0,2690269375808,884.1208741719856,0.010840233761128337,1,True,True
115,23.0,2690269375616,742.2959167271993,11.155267374260525,0,False,False
115,23.0,2690269376672,771.4047380169704,11.998681770776104,0,False,False
115,23.0,2690269376528,802.507243288031,12.992280892342324,0,False,False
115,23.0,2690269374992,835.4250736576945,14.04029548648744,0,False,False
115,23.0,2690269377440,889.1208741719856,0.00725767233476753,1,False,True
115,23.0,2690269376720,871.5702699860085,15.125731139592476,0,False,False
115,23.0,2690269375328,907.8168643101549,15.731919909536867,0,False,False
115,23.0,2690269376768,946.9253471809226,16.382592944129865,0,False,False
115,23.0,2690269375088,967.6937866855167,6.2258321374494745,1,False,False
115,23.0,2690269378160,988.2304192183676,17.032944314378426,0,False,False
115,23.0,2690269375952,1029.5872168001777,17.510291612798056,0,False,False
115,23.0,2690269375760,986.407076888173,6.1763818637146635,1,False,False
115,23.0,2690269378064,1073.6404638786905,18.025158838289585,0,False,False
115,23.0,2690269377104,1118.5552757966361,18.46217826148029,0,False,False
115,23.0,2690269375568,1005.5223356262845,6.125274152252144,1,False,False
115,23.0,2690269376240,1166.364449681242,18.904164703987675,0,False,False
115,23.0,2690269374944,1024.4604063145975,5.677709278824987,1,False,False
115,23.0,2690269377056,1042.4830025240187,5.4089842437852695,1,False,False
115,23.0,2690269375232,1217.5305262499749,19.34392204201483,0,False,False
115,23.0,2690269377152,1280.628975283782,19.948639188823382,0,False,False
115,23.0,2690269376432,1340.6152746165146,20.000000000000014,0,True,False
115,23.0,2690269375040,1347.2732546805307,19.393050259519228,0,False,False
115,23.0,2690269375904,1060.5422029526085,5.968244720534375,1,False,False
115,23.0,2690269376960,1080.4165200639995,7.390450327358272,1,False,False
115,23.0,2690269378256,1103.7158793494568,9.407689070867365,1,False,False
115,23.0,2690269376624,1131.351187296841,11.582558164886045,1,False,False
115,23.0,2690269377584,1163.016495433477,13.341064949951198,1,False,False
115,23.0,2690269374848,1399.5829292142491,19.735762344161834,0,False,False
115,23.0,2690269377344,1198.322672467973,14.669474359033646,1,False,False
115,23.0,2690269377296,1234.6860541905658,15.403679360972578,1,False,False
115,23.0,2690269374896,1273.8798850142393,16.234873374974747,1,False,False
115,23.0,2690269376816,1462.1022056654672,20.626558381774323,0,False,False
115,23.0,2690269378208,1536.4630703542527,21.790752581998913,0,False,False
115,23.0,2690269377248,1315.9063877090211,17.115111046011418,1,False,False
115,23.0,2690269375856,1358.8205377374368,17.766646396001086,1,False,False
115,23.0,2690269378016,1406.9955704406586,18.540377569449564,1,False,False
115,23.0,2690269375712,1457.1180992560016,19.2453947804946,1,False,False
115,23.0,2690269375376,1623.6236614266293,22.444476162487035,0,False,False
115,23.0,2690269377968,1509.5587021276094,19.742137845052632,1,False,False
115,23.0,2690269375184,1571.8037532677592,20.59815699907587,1,False,False
115,23.0,2690269377536,1648.192978579676,21.695831077305357,1,False,False
116,23.2,2690269374656,308.04190136805835,1.455231459327062e-08,0,True,True
116,23.2,2690269373072,306.507048749633,9.27702774972675e-09,1,False,True
116,23.2,2690269374704,526.2049713161293,14.567975223214914,1,False,False
116,23.2,2690269374752,530.8287219640146,10.401819230665788,0,False,False
116,23.2,2690269377776,565.6375354600211,15.232231009547442,1,False,False
116,23.2,2690269376192,604.4459638325761,15.899395660211455,1,False,False
116,23.2,2690269376000,645.3335247550862,16.607251636690535,1,False,False
116,23.2,2690269377392,558.401554425663,10.38329041949429,0,False,False
116,23.2,2690269373600,688.4586548672542,17.221324706055153,1,False,False
116,23.2,2690269375424,584.4459912064029,8.941657788394801,0,False,False
116,23.2,2690269376864,730.995899723123,17.480919722214693,1,False,False
116,23.2,2690269377680,607.1425970858307,7.1822823734310495,0,False,False
116,23.2,2690269377632,626.8395531104269,6.522046428578443,0,False,False
116,23.2,2690269375472,779.0384908155698,17.097556413244156,1,False,False
116,23.2,2690269377008,824.887113911685,13.651061078040915,1,False,False
116,23.2,2690269375520,646.3459831976336,7.063417398160384,0,False,False
116,23.2,2690269377200,857.106100542576,6.776663685051666,1,False,False
116,23.2,2690269377872,667.7173094937286,8.130020083323977,0,False,False
116,23.2,2690269376144,691.3703356073695,9.276901841042644,0,False,False
116,23.2,2690269377920,716.9769581577265,10.32691493534498,0,False,False
116,23.2,2690269375136,874.9194372978685,0.21732923504392346,1,False,False
116,23.2,2690269375808,884.1225659910592,0.00881351153793664,1,True,True
116,23.2,2690269375616,744.5332870355621,11.24981208021056,0,False,False
116,23.2,2690269376672,773.8105545049099,12.089756430152097,0,False,False
116,23.2,2690269376528,805.1119282386873,13.08540274251528,0,False,False
116,23.2,2690269374992,838.2387177000924,14.12358633707318,0,False,False
116,23.2,2690269377440,889.1225659910592,0.005900756410845068,1,False,True
116,23.2,2690269376720,874.5997759604794,15.19064664962389,0,False,False
116,23.2,2690269375328,910.9664662242069,15.77988190596859,0,False,False
116,23.2,2690269376768,950.2044330435202,16.420899985411925,0,False,False
116,23.2,2690269375088,968.9359120351562,6.181465246440392,1,False,False
116,23.2,2690269378160,991.6391632846253,17.065126291134508,0,False,False
116,23.2,2690269375952,1033.091123153968,17.537895310960124,0,False,False
116,23.2,2690269375760,987.6413703642621,6.1614776970394916,1,False,False
116,23.2,2690269378064,1077.247008347566,18.04775333793732,0,False,False
116,23.2,2690269377104,1122.2488902982266,18.479788417721018,0,False,False
116,23.2,2690269375568,1006.7445000328155,6.081530576949793,1,False,False
116,23.2,2690269376240,1170.1461192290865,18.916666157111607,0,False,False
116,23.2,2690269374944,1025.5927425832394,5.630719855043481,1,False,False
116,23.2,2690269377056,1043.5661816953018,5.431837049547404,1,False,False
116,23.2,2690269375232,1221.3998248019666,19.351605546139734,0,False,False
116,23.2,2690269377152,1284.6187668428556,19.94959103011832,0,False,False
116,23.2,2690269376432,1344.6152746165144,20.000000000000014,0,True,False
116,23.2,2690269375040,1351.152646157386,19.40477120743188,0,False,False
116,23.2,2690269375904,1061.7434574142649,6.084201195640588,1,False,False
116,23.2,2690269376960,1081.9068689525561,7.575357162922438,1,False,False
116,23.2,2690269378256,1105.611780952955,9.623110178219312,1,False,False
116,23.2,2690269376624,1133.6808419053139,11.77870467466532,1,False,False
116,23.2,2690269377584,1165.6942866501465,13.48353081069185,1,False,False
116,23.2,2690269374848,1403.5310728344168,19.75058170027323,0,False,False
116,23.2,2690269377344,1201.263086871026,14.766376444934584,1,False,False
116,23.2,2690269377296,1237.7715956336867,15.475240518890764,1,False,False
116,23.2,2690269374896,1277.1307516962831,16.292851069140173,1,False,False
116,23.2,2690269376816,1466.2281802952523,20.63647086166498,0,False,False
116,23.2,2690269378208,1540.8214605335193,21.794339897671858,0,False,False
116,23.2,2690269377248,1319.332399220143,17.15962967390672,1,False,False
116,23.2,2690269375856,1362.3760576038615,17.799302127092385,1,False,False
116,23.2,2690269378016,1410.705212571141,18.563761212939013,1,False,False
116,23.2,2690269375712,1460.9683542066796,19.262963654255444,1,False,False
116,23.2,2690269375376,1628.1125566591265,22.444476162487035,0,False,False
116,23.2,2690269377968,1513.5080188965103,19.755430788383354,1,False,False
116,23.2,2690269375184,1575.9239368126268,20.60641044492575,1,False,False
116,23.2,2690269377536,1652.5321447951371,21.695831077305357,1,False,False
117,23.4,2690269374656,308.0419013707075,1.183157073894358e-08,0,True,True
117,23.4,2690269373072,306.50704875136745,7.542567154148208e-09,1,False,True
117,23.4,2690269374704,529.1257418622235,14.673820087813231,1,False,False
117,23.4,2690269374752,532.9125834823527,10.451657339222205,0,False,False
117,23.4,2690269377776,568.6866926262918,15.27278244967679,1,False,False
117,23.4,2690269376192,607.6282788142565,15.935764105506525,1,False,False
117,23.4,2690269376000,648.6569022263282,16.635944273066276,1,False,False
117,23.4,2690269377392,560.472241079242,10.290984913575722,0,False,False
117,23.4,2690269373600,691.9038874688341,17.23540834520659,1,False,False
117,23.4,2690269375424,586.2228359182018,8.769292259912294,0,False,False
117,23.4,2690269376864,734.4907697476364,17.459941987523262,1,False,False
117,23.4,2690269377680,608.5714605642078,7.070744197869816,0,False,False
117,23.4,2690269377632,628.144561062003,6.533201097900755,0,False,False
117,23.4,2690269375472,782.4470873260809,16.929187535968225,1,False,False
117,23.4,2690269377008,827.5823396232606,13.119312524948478,1,False,False
117,23.4,2690269375520,647.7644774182838,7.151670918776151,0,False,False
117,23.4,2690269377200,858.4165096967241,6.106150321511053,1,False,False
117,23.4,2690269377872,669.3510014297008,8.24570653132527,0,False,False
117,23.4,2690269376144,693.233641299554,9.395723307149053,0,False,False
117,23.4,2690269377920,719.0494964255596,10.433952420572503,0,False,False
117,23.4,2690269375136,874.9527006160122,0.07051985373204026,1,False,False
117,23.4,2690269375808,884.1239415026259,0.007165711306695745,1,True,True
117,23.4,2690269375616,746.7895043188645,11.343431626927954,0,False,False
117,23.4,2690269376672,776.234546694768,12.180230247922633,0,False,False
117,23.4,2690269376528,807.735143358224,13.177096562721061,0,False,False
117,23.4,2690269374992,841.0688750869544,14.204707211884138,0,False,False
117,23.4,2690269377440,889.1239415026259,0.004797533508550776,1,False,True
117,23.4,2690269376720,877.6421221551384,15.253434886177983,0,False,False
117,23.4,2690269375328,914.1255695817862,15.82649313004203,0,False,False
117,23.4,2690269376768,953.4911204275274,16.458317413934555,0,False,False
117,23.4,2690269375088,970.1695289109562,6.142452897028801,1,False,False
117,23.4,2690269378160,995.0543003802048,17.096663186695366,0,False,False
117,23.4,2690269375952,1036.6005155159592,17.564981600451905,0,False,False
117,23.4,2690269375760,988.8726285448528,6.145684729557388,1,False,False
117,23.4,2690269378064,1080.8580431551827,18.069922327256762,0,False,False
117,23.4,2690269377104,1125.9460052422921,18.497076954513503,0,False,False
117,23.4,2690269375568,1007.9578079713345,6.036274382160546,1,False,False
117,23.4,2690269376240,1173.9302748797536,18.928956076800514,0,False,False
117,23.4,2690269374944,1026.7160211020832,5.588972080362999,1,False,False
117,23.4,2690269377056,1044.6545679401136,5.4642482501364364,1,False,False
117,23.4,2690269375232,1225.2706515191878,19.359161722264073,0,False,False
117,23.4,2690269377152,1288.6087475825902,19.950525128117803,0,False,False
117,23.4,2690269376432,1348.6152746165142,20.000000000000014,0,True,False
117,23.4,2690269375040,1355.0343816064171,19.41648783505949,0,False,False
117,23.4,2690269375904,1062.9684591964262,6.208423880470716,1,False,False
117,23.4,2690269376960,1083.43449763869,7.764633273307396,1,False,False
117,23.4,2690269378256,1107.550747356323,9.838136245463179,1,False,False
117,23.4,2690269376624,1136.0494215404995,11.970230646250542,1,False,False
117,23.4,2690269377584,1168.400210009036,13.620597037591036,1,False,False
117,23.4,2690269374848,1407.4821660498128,19.76518808507937,0,False,False
117,23.4,2690269377344,1204.222617380916,14.859349382930086,1,False,False
117,23.4,2690269377296,1240.871294346501,15.54449822015169,1,False,False
117,23.4,2690269374896,1280.3930944590415,16.349051997586113,1,False,False
117,23.4,2690269376816,1470.3561279399457,20.646241903655625,0,False,False
117,23.4,2690269378208,1545.1805658970802,21.797893142525485,0,False,False
117,23.4,2690269377248,1322.7672194375557,17.20273788850459,1,False,False
117,23.4,2690269375856,1365.9380485556937,17.831067155681364,1,False,False
117,23.4,2690269378016,1414.4194972146095,18.586637124985828,1,False,False
117,23.4,2690269375712,1464.8221018638421,19.280219402034724,1,False,False
117,23.4,2690269375376,1632.6014518916238,22.444476162487035,0,False,False
117,23.4,2690269377968,1517.4599808410621,19.768523765173487,1,False,False
117,23.4,2690269375184,1580.045762489154,20.614536259354637,1,False,False
117,23.4,2690269377536,1656.8713110105982,21.695831077305357,1,False,False
118,23.6,2690269374656,308.0419013728613,9.619505217084796e-09,0,True,True
118,23.6,2690269373072,306.5070487527776,6.132386450661536e-09,1,False,True
118,23.6,2690269374704,532.0671549046072,14.771885305394711,1,False,False
118,23.6,2690269374752,535.0056160473151,10.489449010823508,0,False,False
118,23.6,2690269377776,571.7439259460397,15.31281920973835,1,False,False
118,23.6,2690269376192,610.8178167197435,15.971371306726224,1,False,False
118,23.6,2690269376000,651.9859533320281,16.66365673620054,1,False,False
118,23.6,2690269377392,562.5236597344469,10.1867415090364,0,False,False
118,23.6,2690269373600,695.3518040293169,17.24745842272409,1,False,False
118,23.6,2690269375424,587.9652123607297,8.597281815137002,0,False,False
118,23.6,2690269376864,737.9810511441175,17.43291518153049,1,False,False
118,23.6,2690269377680,609.9787300023728,6.969983875889157,0,False,False
118,23.6,2690269377632,629.452445600786,6.553958437541544,0,False,False
118,23.6,2690269375472,785.820582796042,16.739011825733346,1,False,False
118,23.6,2690269377008,830.1691656975041,12.557272416779886,1,False,False
118,23.6,2690269375520,649.2009432780856,7.244657383056698,0,False,False
118,23.6,2690269377200,859.5939090018261,5.453100496644622,1,False,False
118,23.6,2690269377872,671.0079364969855,8.36292744682005,0,False,False
118,23.6,2690269376144,695.1206906446787,9.514198259209119,0,False,False
118,23.6,2690269377920,721.1433540432574,10.539660618598145,0,False,False
118,23.6,2690269375136,874.9584237455299,-0.049529329902999866,1,False,False
118,23.6,2690269375808,884.1250598444744,0.005825988689058703,1,True,True
118,23.6,2690269375616,749.0643847945158,11.4361441246038,0,False,False
118,23.6,2690269376672,778.67659067434,12.270046788440444,0,False,False
118,23.6,2690269376528,810.3765986673288,13.267298324186335,0,False,False
118,23.6,2690269374992,843.9151126657187,14.283672158982005,0,False,False
118,23.6,2690269377440,889.1250598444745,0.003900572428878023,1,False,True
118,23.6,2690269376720,880.6968879197345,15.314168111203177,0,False,False
118,23.6,2690269375328,917.2939082561722,15.871813498681433,0,False,False
118,23.6,2690269376768,956.78523398096,16.494883354961026,0,False,False
118,23.6,2690269375088,971.3956723750598,6.1082560662207115,1,False,False
118,23.6,2690269378160,998.4757030888396,17.127578730269377,0,False,False
118,23.6,2690269375952,1040.115291461573,17.591566199775748,0,False,False
118,23.6,2690269375760,990.1006532318165,6.128710026775099,1,False,False
118,23.6,2690269378064,1084.4734840627768,18.09167864918545,0,False,False
118,23.6,2690269377104,1129.6465569608242,18.514053617903638,0,False,False
118,23.6,2690269375568,1009.1619889580631,5.989997019215258,1,False,False
118,23.6,2690269376240,1177.7168747073845,18.94104012506098,0,False,False
118,23.6,2690269374944,1027.8313312710459,5.553071938241879,1,False,False
118,23.6,2690269377056,1045.7500751811506,5.506240032603053,1,False,False
118,23.6,2690269375232,1229.142981145748,19.366593691468378,0,False,False
118,23.6,2690269377152,1292.5989139754686,19.951441799213857,0,False,False
118,23.6,2690269376432,1352.615274616514,20.000000000000014,0,True,False
118,23.6,2690269375040,1358.9184598510312,19.42819551632576,0,False,False
118,23.6,2690269375904,1064.2188389031226,6.340568699241059,1,False,False
118,23.6,2690269376960,1085.0002477643295,7.957794847250341,1,False,False
118,23.6,2690269378256,1109.5326686974224,10.052307679160107,1,False,False
118,23.6,2690269376624,1138.4559857649858,12.156898279518193,1,False,False
118,23.6,2690269377584,1171.133190686342,13.752344368770137,1,False,False
118,23.6,2690269374848,1411.4361666133746,19.779586666365528,0,False,False
118,23.6,2690269377344,1207.2004888337171,14.948553262752666,1,False,False
118,23.6,2690269377296,1243.9846958762857,15.611545405708599,1,False,False
118,23.6,2690269374896,1283.6665624527852,16.40354336578122,1,False,False
118,23.6,2690269376816,1474.4860205430673,20.65587494643008,0,False,False
118,23.6,2690269378208,1549.5403796641247,21.80141281468481,0,False,False
118,23.6,2690269377248,1326.2105706928808,17.24450132141802,1,False,False
118,23.6,2690269375856,1369.5063354663944,17.861986110636863,1,False,False
118,23.6,2690269378016,1418.138324445674,18.60902926055694,1,False,False
118,23.6,2690269375712,1468.6792804561233,19.29717464752141,1,False,False
118,23.6,2690269375376,1637.090347124121,22.444476162487035,0,False,False
118,23.6,2690269377968,1521.4145483319267,19.781422180180165,1,False,False
118,23.6,2690269375184,1584.1692049881692,20.62253767227997,1,False,False
118,23.6,2690269377536,1661.2104772260593,21.695831077305357,1,False,False
119,23.8,2690269374656,308.0419013746124,7.821014019460943e-09,0,True,True
119,23.8,2690269373072,306.50704875392415,4.985857309811927e-09,1,False,True
119,23.8,2690269374704,535.0276896155639,14.862695359141155,1,False,False
119,23.8,2690269374752,537.1053824866547,10.514793847623489,0,False,False
119,23.8,2690269377776,574.809131706084,15.352329881856582,1,False,False
119,23.8,2690269376192,614.0144253479991,16.00621769468872,1,False,False
119,23.8,2690269376000,655.3204798752292,16.69035501124923,1,False,False
119,23.8,2690269377392,564.5534744918372,10.071359138520583,0,False,False
119,23.8,2690269373600,698.8019847266262,17.257272103954524,1,False,False
119,23.8,2690269375424,589.6732756326804,8.426878881870136,0,False,False
119,23.8,2690269376864,741.4654867620036,17.399111153299774,1,False,False
119,23.8,2690269377680,611.3665814425196,6.880288219746504,0,False,False
119,23.8,2690269377632,630.7651022456735,6.58393893785795,0,False,False
119,23.8,2690269375472,789.1544963477996,16.525236760518304,1,False,False
119,23.8,2690269377008,832.6416827101017,11.967313249758337,1,False,False
119,23.8,2690269375520,650.6563031719357,7.342015483348809,0,False,False
119,23.8,2690269377200,860.6421059089146,4.822151822036792,1,False,False
119,23.8,2690269377872,672.6884057549576,8.481446699988698,0,False,False
119,23.8,2690269376144,697.031403467331,9.632166026689974,0,False,False
119,23.8,2690269377920,723.2582631937319,10.644012058268665,0,False,False
119,23.8,2690269375136,874.9417885646105,-0.145375265692396,1,False,False
119,23.8,2690269375808,884.1259690978176,0.0047367445815635805,1,True,True
119,23.8,2690269375616,751.3577481083588,11.527964724390872,0,False,False
119,23.8,2690269376672,781.1365511741458,12.359148718810378,0,False,False
119,23.8,2690269376528,813.0359918537456,13.355951104488355,0,False,False
119,23.8,2690269374992,846.7770005056591,14.360501283542913,0,False,False
119,23.8,2690269377440,889.1259690978176,0.003171309850323347,1,False,True
119,23.8,2690269376720,883.7636671064851,15.37291923790699,0,False,False
119,23.8,2690269375328,920.4712279536574,15.915900667359187,0,False,False
119,23.8,2690269376768,960.0866058482541,16.530634020489654,0,False,False
119,23.8,2690269375088,972.6152694058163,6.078332973411762,1,False,False
119,23.8,2690269378160,1001.9032486601369,17.157895465190297,0,False,False
119,23.8,2690269375952,1043.6353516687693,17.61766421580444,0,False,False
119,23.8,2690269375760,991.3251917857671,6.110323461438041,1,False,False
119,23.8,2690269378064,1088.0932493684702,18.113034674433646,0,False,False
119,23.8,2690269377104,1133.3504837077198,18.530727748514302,0,False,False
119,23.8,2690269375568,1010.3568739075831,5.943234770622442,1,False,False
119,23.8,2690269376240,1181.5058779036071,18.952923742678845,0,False,False
119,23.8,2690269374944,1028.939880578526,5.523577788695169,1,False,False
119,23.8,2690269377056,1046.854618395811,5.557784548930211,1,False,False
119,23.8,2690269375232,1233.0167890426987,19.37390446683875,0,False,False
119,23.8,2690269377152,1296.5892625570264,19.952341356361927,0,False,False
119,23.8,2690269376432,1356.6152746165137,20.000000000000014,0,True,False
119,23.8,2690269375040,1362.8048788077704,19.439889897562296,0,False,False
119,23.8,2690269375904,1065.496157015523,6.480272484428201,1,False,False
119,23.8,2690269376960,1086.6048640546298,8.154356116673023,1,False,False
119,23.8,2690269378256,1111.557344192924,10.26518023155356,1,False,False
119,23.8,2690269376624,1140.8995487342363,12.33850215902357,1,False,False
119,23.8,2690269377584,1173.8921712253912,13.878871370760667,1,False,False
119,23.8,2690269374848,1415.3930332996813,19.79378243487539,0,False,False
119,23.8,2690269377344,1210.1959580951807,15.034148119254331,1,False,False
119,23.8,2690269377296,1247.1113641659674,15.676472116508272,1,False,False
119,23.8,2690269374896,1286.9508181634721,16.45639077869719,1,False,False
119,23.8,2690269376816,1478.6178307276427,20.665373306546506,0,False,False
119,23.8,2690269378208,1553.9008951528183,21.80489940257766,0,False,False
119,23.8,2690269377248,1329.6621882692639,17.284982982902793,1,False,False
119,23.8,2690269375856,1373.0807519634122,17.892101072488114,1,False,False
119,23.8,2690269378016,1421.8615990244716,18.63096001728881,1,False,False
119,23.8,2690269375712,1472.5398306828813,19.313841217369994,1,False,False
119,23.8,2690269375376,1641.5792423566184,22.444476162487035,0,False,False
119,23.8,2690269377968,1525.3716828045747,19.794131199506754,1,False,False
119,23.8,2690269375184,1588.2942396385615,20.630417796066023,1,False,False
119,23.8,2690269377536,1665.5496434415204,21.695831077305357,1,False,False
120,24.0,2690269374656,308.04190137603615,6.358774065007653e-09,0,True,True
120,24.0,2690269373072,306.5070487548563,4.0536866542589425e-09,1,False,True
120,24.0,2690269374704,538.0059293658034,14.946763278089549,1,False,False
120,24.0,2690269374752,539.209371042851,10.527375423322907,0,False,False
120,24.0,2690269377776,577.8822039840248,15.391304112660025,1,False,False
120,24.0,2690269376192,617.2179524932305,16.04030227339287,1,False,False
120,24.0,2690269376000,658.6602763656712,16.71599752732209,1,False,False
120,24.0,2690269377392,566.5595161975424,9.945739115688143,0,False,False
120,24.0,2690269373600,702.2539672522173,17.264616985020318,1,False,False
120,24.0,2690269375424,591.3474284511931,8.259290222937052,0,False,False
120,24.0,2690269376864,744.9426682647455,17.357716936805485,1,False,False
120,24.0,2690269377680,612.7372422973447,6.80185523109573,0,False,False
120,24.0,2690269377632,632.0843494099043,6.622745982010351,0,False,False
120,24.0,2690269375472,792.4439893913345,16.28609107097899,1,False,False
120,24.0,2690269377008,834.994497007659,11.352419393058327,1,False,False
120,24.0,2690269375520,652.1314077239066,7.443391396065697,0,False,False
120,24.0,2690269377200,861.565808918745,4.217528775813519,1,False,False
120,24.0,2690269377872,674.3926534595196,8.601034592967295,0,False,False
120,24.0,2690269376144,698.9656681882129,9.749476943483126,0,False,False
120,24.0,2690269377920,725.3939511260098,10.746987473097441,0,False,False
120,24.0,2690269375136,874.9074652189992,-0.2195683734692853,1,False,False
120,24.0,2690269375808,884.1267083544615,0.003851148779795693,1,True,True
120,24.0,2690269375616,753.6694167281779,11.618905419393641,0,False,False
120,24.0,2690269376672,783.6142814337452,12.447478486452516,0,False,False
120,24.0,2690269376528,815.7130096964362,13.443005114881165,0,False,False
120,24.0,2690269374992,849.6541130714921,14.435220181569044,0,False,False
120,24.0,2690269377440,889.1267083544614,0.002578392364233264,1,False,True
120,24.0,2690269376720,886.842068171118,15.429761401785067,0,False,False
120,24.0,2690269375328,923.6572857598254,15.95881001248276,0,False,False
120,24.0,2690269376768,963.3950752925106,16.565603783053938,0,False,False
120,24.0,2690269375088,973.8291387721555,6.052145429138087,1,False,False
120,24.0,2690269378160,1005.3368187764584,17.187634809297577,0,False,False
120,24.0,2690269375952,1047.1605997974434,17.6432901693968,0,False,False
120,24.0,2690269375760,992.545949859994,6.090360125440994,1,False,False
120,24.0,2690269378064,1091.717259813817,18.134002316387686,0,False,False
120,24.0,2690269377104,1137.0577255789237,18.547108299803483,0,False,False
120,24.0,2690269375568,1011.5424035525266,5.896560447534227,1,False,False
120,24.0,2690269376240,1185.2972447340308,18.964612160166343,0,False,False
120,24.0,2690269374944,1030.0429847956739,5.50099638044812,1,False,False
120,24.0,2690269377056,1047.9701038239862,5.618807171469564,1,False,False
120,24.0,2690269375232,1236.8920511667648,19.381096958364967,0,False,False
120,24.0,2690269377152,1300.57978992515,19.953224108865182,0,False,False
120,24.0,2690269376432,1360.6152746165135,20.000000000000014,0,True,False
120,24.0,2690269375040,1366.6936355399469,19.45156688491002,0,False,False
120,24.0,2690269375904,1066.801900227479,6.627155246312504,1,False,False
120,24.0,2690269376960,1088.2489940345074,8.353830971227433,1,False,False
120,24.0,2690269378256,1113.6244853220219,10.476326713445365,1,False,False
120,24.0,2690269376624,1143.379085694989,12.514869504735676,1,False,False
120,24.0,2690269377584,1176.6761149628317,14.000292344945413,1,False,False
120,24.0,2690269374848,1419.3527258700447,19.807780211711737,0,False,False
120,24.0,2690269377344,1213.2083139826618,15.116292951731824,1,False,False
120,24.0,2690269377296,1250.2508809709643,15.739365450935614,1,False,False
120,24.0,2690269374896,1290.2455370871012,16.50765816083185,1,False,False
120,24.0,2690269376816,1482.7515317721711,20.67474018422681,0,False,False
120,24.0,2690269378208,1558.2621057783758,21.808353385144947,0,False,False
120,24.0,2690269377248,1333.1218198775719,17.324243272161837,1,False,False
120,24.0,2690269375856,1376.6611399270057,17.921451700197256,1,False,False
120,24.0,2690269378016,1425.589230092469,18.652450342964354,1,False,False
120,24.0,2690269375712,1476.4036955586637,19.330230198351867,1,False,False
120,24.0,2690269375376,1646.0681375891156,22.444476162487035,0,False,False
120,24.0,2690269377968,1529.331346712579,19.806655765700505,1,False,False
120,24.0,2690269375184,1592.4208423841537,20.63817963122241,1,False,False
120,24.0,2690269377536,1669.8888096569815,21.695831077305357,1,False,False
121,24.2,2690269374656,308.04190137719365,5.169918825001778e-09,0,True,True
121,24.2,2690269373072,306.50704875561416,3.2957973864552704e-09,1,False,True
121,24.2,2690269374704,541.0005591551047,15.024586644987522,1,False,False
121,24.2,2690269374752,541.3150126248701,10.526968018738664,0,False,False
121,24.2,2690269377776,580.9630348497417,15.429732460423946,1,False,False
121,24.2,2690269376192,620.4282456402212,16.073622325523235,1,False,False
121,24.2,2690269376000,662.0051284461314,16.740534194206663,1,False,False
121,24.2,2690269377392,568.539802286481,9.810875270893806,0,False,False
121,24.2,2690269373600,705.7072406570979,17.269227401799,1,False,False
121,24.2,2690269375424,592.9883112443025,8.095665601372618,0,False,False
121,24.2,2690269376864,748.4110187275654,17.307828226372383,1,False,False
121,24.2,2690269377680,614.092973920698,6.734799230408467,0,False,False
121,24.2,2690269377632,633.4119252563305,6.669969901995854,0,False,False
121,24.2,2690269375472,795.6838728222331,16.019870554901278,1,False,False
121,24.2,2690269377008,837.2228504409519,10.716141768215216,1,False,False
121,24.2,2690269375520,653.6270373192754,7.548439289046233,0,False,False
121,24.2,2690269377200,862.3705404475186,3.6429786205990684,1,False,False
121,24.2,2690269377872,676.1208783778452,8.72146828457773,0,False,False
121,24.2,2690269376144,700.9233440386178,9.865992530986123,0,False,False
121,24.2,2690269377920,727.550141736125,10.84857490260907,0,False,False
121,24.2,2690269375136,874.8596167380239,-0.274605172694532,1,False,False
121,24.2,2690269375808,884.1273093974928,0.0031311265931138906,1,True,True
121,24.2,2690269375616,755.999215303626,11.708974937078333,0,False,False
121,24.2,2690269376672,786.1096232007878,12.534978953777262,0,False,False
121,24.2,2690269376528,818.4073294905095,13.528417658561128,0,False,False
121,24.2,2690269374992,852.5460302841153,14.507859380646087,0,False,False
121,24.2,2690269377440,889.1273093974927,0.0020963284881351336,1,False,True
121,24.2,2690269376720,889.9317141908592,15.484767572582337,0,False,False
121,24.2,2690269375328,926.8518496834239,16.000594630057922,0,False,False
121,24.2,2690269376768,966.7104883325873,16.59982525066764,0,False,False
121,24.2,2690269375088,975.0379921653357,6.029164992542715,1,False,False
121,24.2,2690269378160,1008.7762993317382,17.21681711320149,0,False,False
121,24.2,2690269375952,1050.690942373876,17.668458019963683,0,False,False
121,24.2,2690269375760,993.7626045628671,6.06872191799685,1,False,False
121,24.2,2690269378064,1095.3454384933334,18.154593046005683,0,False,False
121,24.2,2690269377104,1140.768224436179,18.56320385566098,0,False,False
121,24.2,2690269375568,1012.7186351748342,5.850574709266937,1,False,False
121,24.2,2690269376240,1189.0909364968895,18.976110408113144,0,False,False
121,24.2,2690269374944,1031.1420574410242,5.485779876073068,1,False,False
121,24.2,2690269377056,1049.098419835474,5.689189859221413,1,False,False
121,24.2,2690269375232,1240.7687440500374,19.38817397756643,0,False,False
121,24.2,2690269377152,1304.5704927393328,19.954090362190716,0,False,False
121,24.2,2690269376432,1364.6152746165133,20.000000000000014,0,True,False
121,24.2,2690269375040,1370.5847263087887,19.46322263218596,0,False,False
121,24.2,2690269375904,1068.137478223446,6.780822271211562,1,False,False
121,24.2,2690269376960,1089.933188067208,8.555734563133544,1,False,False
121,24.2,2690269378256,1115.7337193505743,10.685338669739938,1,False,False
121,24.2,2690269376624,1145.8935395122878,12.68586009870989,1,False,False
121,24.2,2690269377584,1179.4840090363348,14.116735244177434,1,False,False
121,24.2,2690269374848,1423.3152050390565,19.821584655417,0,False,False
121,24.2,2690269377344,1216.2368769986128,15.195144858291139,1,False,False
121,24.2,2690269377296,1253.4028452689058,15.800309542494379,1,False,False
121,24.2,2690269374896,1293.5504073890265,16.557407690449356,1,False,False
121,24.2,2690269376816,1486.8870975877246,20.683978668805857,0,False,False
121,24.2,2690269378208,1562.6240050511792,21.811775232048404,0,False,False
121,24.2,2690269377248,1336.5892251355992,17.362340001462783,1,False,False
121,24.2,2690269375856,1380.2473490142424,17.950075355222516,1,False,False
121,24.2,2690269378016,1429.3211308892992,18.673519836135142,1,False,False
121,24.2,2690269375712,1480.270820268829,19.3463519904559,1,False,False
121,24.2,2690269375376,1650.557032821613,22.444476162487035,0,False,False
121,24.2,2690269377968,1533.2935034838488,19.819000611683705,1,False,False
121,24.2,2690269375184,1596.5489897616933,20.645826071759068,1,False,False
121,24.2,2690269377536,1674.2279758724426,21.695831077305357,1,False,False
122,24.4,2690269374656,308.0419013781348,4.203335483201446e-09,0,True,True
122,24.4,2690269373072,306.50704875623035,2.6796053417580036e-09,1,False,True
122,24.4,2690269374704,544.010362299155,15.096644409886997,1,False,False
122,24.4,2690269374752,543.4196993655859,10.513442692266127,0,False,False
122,24.4,2690269377776,584.05151453777,15.467606243910092,1,False,False
122,24.4,2690269376192,623.645151599212,16.106173093755583,1,False,False
122,24.4,2690269376000,665.3548111178451,16.76390531135101,1,False,False
122,24.4,2690269377392,570.4925545455686,9.66784252696242,0,False,False
122,24.4,2690269373600,709.1612384323927,17.270800323601133,1,False,False
122,24.4,2690269375424,594.596790064283,7.937087794898471,0,False,False
122,24.4,2690269376864,751.8687739545536,17.248443280999744,1,False,False
122,24.4,2690269377680,615.4360552425117,6.679156527074696,0,False,False
122,24.4,2690269377632,634.749485335672,6.725191613741485,0,False,False
122,24.4,2690269375472,798.8686238512265,15.724990746924698,1,False,False
122,24.4,2690269377008,839.3227293574691,10.0625278799457,1,False,False
122,24.4,2690269375520,655.1439037321144,7.656821744364056,0,False,False
122,24.4,2690269377200,863.0625378841448,3.1017218112049063,1,False,False
122,24.4,2690269377872,677.8732351877995,8.84253220977249,0,False,False
122,24.4,2690269376144,702.9042633053233,9.981585588699629,0,False,False
122,24.4,2690269377920,729.7265569690803,10.948768808180407,0,False,False
122,24.4,2690269375136,874.8019124451846,-0.3128910127649496,1,False,False
122,24.4,2690269375808,884.1277980677381,0.0025457218878531898,1,True,True
122,24.4,2690269375616,758.3469700102796,11.798178714398453,0,False,False
122,24.4,2690269376672,788.6224068538762,12.621593985087152,0,False,False
122,24.4,2690269376528,821.1186204595322,13.612153026313257,0,False,False
122,24.4,2690269374992,855.4523384702305,14.57845379270058,0,False,False
122,24.4,2690269377440,889.127798067738,0.0017043927026497204,1,False,True
122,24.4,2690269376720,893.0322428074984,15.538010206292151,0,False,False
122,24.4,2690269375328,930.0546982009462,16.04130534856567,0,False,False
122,24.4,2690269376768,970.0326973952187,16.633329342219252,0,False,False
122,24.4,2690269375088,976.2424365480953,6.0088789114855,1,False,False
122,24.4,2690269378160,1012.2215802218072,17.245461716346814,0,False,False
122,24.4,2690269375952,1054.2262886800283,17.693181189021992,0,False,False
122,24.4,2690269375760,994.9748178796458,6.045378247998902,1,False,False
122,24.4,2690269378064,1098.9777107670016,18.174817906645636,0,False,False
122,24.4,2690269377104,1144.4819238342513,18.579022647339634,0,False,False
122,24.4,2690269375568,1013.8857475853684,5.805897191313725,1,False,False
122,24.4,2690269376240,1192.8869154837196,18.98742332697195,0,False,False
122,24.4,2690269374944,1032.2385987158732,5.478323852044503,1,False,False
122,24.4,2690269377056,1050.2414284741908,5.768774562019865,1,False,False
122,24.4,2690269375232,1244.6468447805762,19.395138241863343,0,False,False
122,24.4,2690269377152,1308.5613677198978,19.954940417814413,0,False,False
122,24.4,2690269376432,1368.615274616513,20.000000000000014,0,True,False
122,24.4,2690269375040,1374.4781466221914,19.47485352920723,0,False,False
122,24.4,2690269375904,1069.5042208650977,6.940866058066058,1,False,False
122,24.4,2690269376960,1091.6578997139325,8.759584916007485,1,False,False
122,24.4,2690269378256,1117.884593186631,10.891827993606675,1,False,False
122,24.4,2690269376624,1148.4418271600962,12.851365886098128,1,False,False
122,24.4,2690269377584,1182.3148669778345,14.228339628675176,1,False,False
122,24.4,2690269374848,1427.2804324425335,19.835200268743876,0,False,False
122,24.4,2690269377344,1219.280998898471,15.27085828214692,1,False,False
122,24.4,2690269377296,1256.566872666106,15.859385555258953,1,False,False
122,24.4,2690269374896,1296.865129551031,16.605699747238646,1,False,False
122,24.4,2690269376816,1491.0245026961181,20.69309174386365,0,False,False
122,24.4,2690269378208,1566.9865865749343,21.81516540387559,0,False,False
122,24.4,2690269377248,1340.0641750529196,17.399328432169405,1,False,False
122,24.4,2690269375856,1383.8392362076067,17.978007222355302,1,False,False
122,24.4,2690269378016,1433.0572184892821,18.694186840209795,1,False,False
122,24.4,2690269375712,1484.1411520355316,19.362216356198402,1,False,False
122,24.4,2690269375376,1655.0459280541102,22.444476162487035,0,False,False
122,24.4,2690269377968,1537.258117479577,19.831170273616497,1,False,False
122,24.4,2690269375184,1600.6786588798934,20.653359910221734,1,False,False
122,24.4,2690269377536,1678.5671420879037,21.695831077305357,1,False,False
123,24.6,2690269374656,308.0419013789,3.4174674269347455e-09,0,True,True
123,24.6,2690269373072,306.50704875673136,2.1786183874915443e-09,1,False,True
123,24.6,2690269374704,547.0342165294411,15.163394442800964,1,False,False
123,24.6,2690269374752,545.5208043388216,10.486772490038867,0,False,False
123,24.6,2690269377776,587.1475315888794,15.504917382615018,1,False,False
123,24.6,2690269376192,626.8685160751969,16.13794743326279,1,False,False
123,24.6,2690269376000,668.7090867382958,16.786040331235824,1,False,False
123,24.6,2690269377392,572.4162145000224,9.517784151694563,0,False,False
123,24.6,2690269373600,712.615330739474,17.268990803368087,1,False,False
123,24.6,2690269375424,596.1739426003788,7.784564079565688,0,False,False
123,24.6,2690269376864,755.3139626218401,17.17845758968682,1,False,False
123,24.6,2690269377680,616.768767565708,6.634891475416237,0,False,False
123,24.6,2690269377632,636.0986009244322,6.7879858458434565,0,False,False
123,24.6,2690269375472,801.9924137734223,15.400045371674166,1,False,False
123,24.6,2690269377008,841.2909581079302,9.396030368616824,1,False,False
123,24.6,2690269375520,656.6826518327249,7.768210113973994,0,False,False
123,24.6,2690269377200,863.6486455500768,2.5964141686095155,1,False,False
123,24.6,2690269377872,679.6498359605997,8.964018488056322,0,False,False
123,24.6,2690269376144,704.9082335875718,10.09614019501931,0,False,False
123,24.6,2690269377920,731.9229180454956,11.047569213817582,0,False,False
123,24.6,2690269375136,874.7375481828421,-0.3367121795247085,1,False,False
123,24.6,2690269375808,884.1281953747465,0.00206976618082049,1,True,True
123,24.6,2690269375616,760.7125078937637,11.88651894653341,0,False,False
123,24.6,2690269376672,791.1524516394235,12.707268981999968,0,False,False
123,24.6,2690269376528,823.8465451431371,13.694182336186294,0,False,False
123,24.6,2690269374992,858.3726312035443,14.647042183029557,0,False,False
123,24.6,2690269377440,889.1281953747464,0.0013857343929098763,1,False,True
123,24.6,2690269376720,896.1433061034598,15.589560935940526,0,False,False
123,24.6,2690269375328,933.2656198046361,16.080990754131367,0,False,False
123,24.6,2690269376768,973.3615609822143,16.66614536271722,0,False,False
123,24.6,2690269375088,977.4429776758793,5.990795816693166,1,False,False
123,24.6,2690269378160,1015.6725551457814,17.273587000819145,0,False,False
123,24.6,2690269375952,1057.766550647484,17.71747258277402,0,False,False
123,24.6,2690269375760,996.1822501731078,6.02036580287616,1,False,False
123,24.6,2690269378064,1102.614004175732,18.194687528772768,0,False,False
123,24.6,2690269377104,1148.1987689514967,18.59457256972183,0,False,False
123,24.6,2690269375568,1015.0440443260658,5.763157628379927,1,False,False
123,24.6,2690269376240,1196.6851449419541,18.99855557630834,0,False,False
123,24.6,2690269374944,1033.334184101789,5.478966215882608,1,False,False
123,24.6,2690269377056,1051.400957682398,5.857366599596952,1,False,False
123,24.6,2690269375232,1248.526330983867,19.40199237870942,0,False,False
123,24.6,2690269377152,1312.5524116471902,19.955774573091563,0,False,False
123,24.6,2690269376432,1372.6152746165128,20.000000000000014,0,True,False
123,24.6,2690269375040,1378.3738912811607,19.486456190563306,0,False,False
123,24.6,2690269375904,1070.903375755174,7.10686810717156,1,False,False
123,24.6,2690269376960,1093.4234864160346,8.964904547531594,1,False,False
123,24.6,2690269378256,1120.0765775533719,11.095428453447099,1,False,False
123,24.6,2690269376624,1151.0228461107092,13.011310257675051,1,False,False
123,24.6,2690269377584,1185.1677309019203,14.335254686837375,1,False,False
123,24.6,2690269374848,1431.2483706067944,19.848631405126678,0,False,False
123,24.6,2690269377344,1222.3400621150424,15.343584365355957,1,False,False
123,24.6,2690269377296,1259.742594804196,15.916671694827366,1,False,False
123,24.6,2690269374896,1300.1894160087786,16.652592872536495,1,False,False
123,24.6,2690269376816,1495.163722209086,20.702082292061885,0,False,False
123,24.6,2690269378208,1571.3498440448702,21.818524352341704,0,False,False
123,24.6,2690269377248,1343.546451523647,17.435261320931023,1,False,False
123,24.6,2690269375856,1387.4366653875359,18.00528042692254,1,False,False
123,24.6,2690269378016,1436.7974135563445,18.714468531333775,1,False,False
123,24.6,2690269375712,1488.0146399933294,19.377832466389968,1,False,False
123,24.6,2690269375376,1659.5348232866074,22.444476162487035,0,False,False
123,24.6,2690269377968,1541.2251539556944,19.843169102781232,1,False,False
123,24.6,2690269375184,1604.8098273994597,20.66078384243018,1,False,False
123,24.6,2690269377536,1682.9063083033648,21.695831077305357,1,False,False
124,24.8,2690269374656,308.04190137952213,2.7785275909656123e-09,0,True,True
124,24.8,2690269373072,306.5070487571387,1.7712974386005327e-09,1,False,True
124,24.8,2690269374704,550.0710896491024,15.225271750530943,1,False,False
124,24.8,2690269374752,547.6157022510976,10.447036604722772,0,False,False
124,24.8,2690269377776,590.2509729591019,15.541658227894391,1,False,False
124,24.8,2690269376192,630.0981831655334,16.168935430182135,1,False,False
124,24.8,2690269376000,672.0677027609474,16.806856457045836,1,False,False
124,24.8,2690269377392,574.3094561761225,9.36189796553283,0,False,False
124,24.8,2690269373600,716.0688156992671,17.263406960135974,1,False,False
124,24.8,2690269375424,597.7210425904814,7.639019258774058,0,False,False
124,24.8,2690269376864,758.7443854255367,17.09665971542376,1,False,False
124,24.8,2690269377680,618.0933805924054,6.601902770971231,0,False,False
124,24.8,2690269377632,637.4607579825134,6.857923982790488,0,False,False
124,24.8,2690269375472,805.0491477320028,15.043868919288583,1,False,False
124,24.8,2690269377008,843.1252730731302,8.721398965457324,1,False,False
124,24.8,2690269375520,658.2438613625144,7.882284823081054,0,False,False
124,24.8,2690269377200,864.1361997709062,2.1291189443550245,1,False,False
124,24.8,2690269377872,681.4507517241248,9.085727315107714,0,False,False
124,24.8,2690269376144,706.9350400484021,10.209551621862333,0,False,False
124,24.8,2690269377920,734.13894651856,11.144980881059283,0,False,False
124,24.8,2690269375136,874.6692715489116,-0.34821621317395973,1,False,False
124,24.8,2690269375808,884.1285184000594,0.0016827965630137553,1,True,True
124,24.8,2690269375616,763.0956562280501,11.973994699948133,0,False,False
124,24.8,2690269376672,793.6995660120222,12.791951364796201,0,False,False
124,24.8,2690269376528,826.590760749185,13.774483323939323,0,False,False
124,24.8,2690269374992,861.3065100410508,14.713666659205547,0,False,False
124,24.8,2690269377440,889.1285184000594,0.0011266533849317631,1,False,True
124,24.8,2690269376720,899.2645704185377,15.639490299608138,0,False,False
124,24.8,2690269375328,936.4844125562524,16.11969722620895,0,False,False
124,24.8,2690269376768,976.6969433526672,16.698301077875367,0,False,False
124,24.8,2690269375088,978.6400247388372,5.974451137206445,1,False,False
124,24.8,2690269378160,1019.1291214180582,17.30121044286407,0,False,False
124,24.8,2690269375952,1061.3116427558414,17.741344613748772,0,False,False
124,24.8,2690269375760,997.384573574046,5.9937873547264156,1,False,False
124,24.8,2690269378064,1106.2542483597576,18.214212144499253,0,False,False
124,24.8,2690269377104,1151.9187065236358,18.609861196925937,0,False,False
124,24.8,2690269375568,1016.193955105771,5.722987152382928,1,False,False
124,24.8,2690269376240,1200.4855890393387,19.0095116435434,0,False,False
124,24.8,2690269374944,1034.4304527989661,5.487986966606749,1,False,False
124,24.8,2690269377056,1052.578794196263,5.954737962891331,1,False,False
124,24.8,2690269375232,1252.407180805093,19.408738929501215,0,False,False
124,24.8,2690269377152,1316.5436213607456,19.956593121150544,0,False,False
124,24.8,2690269376432,1376.6152746165126,20.000000000000014,0,True,False
124,24.8,2690269375040,1382.271954424043,19.49802744482712,0,False,False
124,24.8,2690269375904,1072.336106150076,7.278400578042331,1,False,False
124,24.8,2690269376960,1095.2302105030026,9.171222111635611,1,False,False
124,24.8,2690269378256,1122.3090714602502,11.29579710610562,1,False,False
124,24.8,2690269376624,1153.6354805601873,13.165647029425326,1,False,False
124,24.8,2690269377584,1188.041673303883,14.437637342824873,1,False,False
124,24.8,2690269374848,1435.2189829192132,19.861882274864097,0,False,False
124,24.8,2690269377344,1225.4134790605126,15.413470404382283,1,False,False
124,24.8,2690269377296,1262.9296587698673,15.972243232696307,1,False,False
124,24.8,2690269374896,1303.5229907821047,16.698143741226325,1,False,False
124,24.8,2690269376816,1499.3047318084045,20.710953099704742,0,False,False
124,24.8,2690269378208,1575.713771245978,21.821852520488207,0,False,False
124,24.8,2690269377248,1347.035846829026,17.470188974417137,1,False,False
124,24.8,2690269375856,1391.0395069281374,18.031926148040345,1,False,False
124,24.8,2690269378016,1440.5416401161187,18.73438100038604,1,False,False
124,24.8,2690269375712,1491.8912350737203,19.393208942594143,1,False,False
124,24.8,2690269375376,1664.0237185191047,22.444476162487035,0,False,False
124,24.8,2690269377968,1545.1945790266384,19.855001276570363,1,False,False
124,24.8,2690269375184,1608.9424735140465,20.66810047193972,1,False,False
124,24.8,2690269377536,1687.2454745188259,21.695831077305357,1,False,False
125,25.0,2690269374656,308.0419013800279,2.259045839884338e-09,0,True,True
125,25.0,2690269373072,306.5070487574699,1.44013042119107e-09,1,False,True
125,25.0,2690269374704,553.1200348723513,15.282687278858537,1,False,False
125,25.0,2690269374752,549.7017908856259,10.394423303652964,0,False,False
125,25.0,2690269377776,593.3617240943385,15.577821384169592,1,False,False
125,25.0,2690269376192,633.3339947786733,16.199123980074614,1,False,False
125,25.0,2690269376000,675.4303891823145,16.826257052067792,1,False,False
125,25.0,2690269377392,576.1711960517189,9.201421813719103,0,False,False
125,25.0,2690269373600,719.5209096458979,17.253604476383195,1,False,False
125,25.0,2690269375424,599.2395429436752,7.501290271082497,0,False,False
125,25.0,2690269376864,762.1575935029527,17.001728832002218,1,False,False
125,25.0,2690269377680,619.4121397183625,6.580029853230276,0,False,False
125,25.0,2690269377632,638.8373566550691,6.934576548132042,0,False,False
125,25.0,2690269375472,808.0325171596846,14.655601101786313,1,False,False
125,25.0,2690269377008,844.8243742917481,8.043562106554237,1,False,False
125,25.0,2690269375520,659.8280487667247,7.998735633689344,0,False,False
125,25.0,2690269377200,864.5329089896297,1.7012884308577678,1,False,False
125,25.0,2690269377872,683.2760141031335,9.20746733190704,0,False,False
125,25.0,2690269376144,708.9844476433937,10.321726167679572,0,False,False
125,25.0,2690269377920,736.3743651686574,11.241012525878254,0,False,False
125,25.0,2690269375136,874.5994105923095,-0.3493990839769197,1,False,False
125,25.0,2690269375808,884.1287810316028,0.0013681759315288132,1,True,True
125,25.0,2690269375616,765.4962419001735,12.060602080478429,0,False,False
125,25.0,2690269376672,796.263548067388,12.875590998122947,0,False,False
125,25.0,2690269376528,829.3509204610839,13.853040090993629,0,False,False
125,25.0,2690269374992,864.2535851585789,14.778372182813596,0,False,False
125,25.0,2690269377440,889.1287810316028,0.0009160109298526692,1,False,True
125,25.0,2690269376720,902.3957161146288,15.687867503908855,0,False,False
125,25.0,2690269375328,939.7108836485853,16.157468982147364,0,False,False
125,25.0,2690269376768,980.0387142200144,16.729822787607905,0,False,False
125,25.0,2690269375088,979.8338960664028,5.959412199142239,1,False,False
125,25.0,2690269378160,1022.5911797904638,17.328348662111726,0,False,False
125,25.0,2690269375952,1064.8614819353745,17.764809221541256,0,False,False
125,25.0,2690269375760,998.5814850682548,5.965809596383963,1,False,False
125,25.0,2690269378064,1109.8983749799224,18.23340160191553,0,False,False
125,25.0,2690269377104,1155.6416847806104,18.624895797260805,0,False,False
125,25.0,2690269375568,1017.3360355161328,5.686009932751467,1,False,False
125,25.0,2690269376240,1204.288212830057,19.02029585221653,0,False,False
125,25.0,2690269374944,1035.5290961685114,5.505608712666381,1,False,False
125,25.0,2690269377056,1053.776677094234,6.060630495455982,1,False,False
125,25.0,2690269375232,1256.289372892173,19.415380353278074,0,False,False
125,25.0,2690269377152,1320.5349937584397,19.957396350807183,0,False,False
125,25.0,2690269376432,1380.6152746165124,20.000000000000014,0,True,False
125,25.0,2690269375040,1386.1723295686245,19.509564324194884,0,False,False
125,25.0,2690269375904,1073.8034891962966,7.455027835671591,1,False,False
125,25.0,2690269376960,1097.0782405302768,9.378074061484595,1,False,False
125,25.0,2690269378256,1124.581406947825,11.492615570065457,1,False,False
125,25.0,2690269376624,1156.2786074306584,13.314359142324266,1,False,False
125,25.0,2690269377584,1190.935798486019,14.535650468796339,1,False,False
125,25.0,2690269374848,1439.192233599989,19.874956951024306,0,False,False
125,25.0,2690269377344,1228.5006913260288,15.480659401066461,1,False,False
125,25.0,2690269377296,1266.127726510289,16.02617254216294,1,False,False
125,25.0,2690269374896,1306.8655891004162,16.742407144404872,1,False,False
125,25.0,2690269376816,1503.4475077269126,20.71970686104226,0,False,False
125,25.0,2690269378208,1580.0783620512884,21.82515034287787,0,False,False
125,25.0,2690269377248,1350.532163151462,17.504159311125996,1,False,False
125,25.0,2690269375856,1394.6476373152823,18.057973727687454,1,False,False
125,25.0,2690269378016,1444.2898253440646,18.753939329414774,1,False,False
125,25.0,2690269375712,1495.7708898979618,19.408353896500344,1,False,False
125,25.0,2690269375376,1668.512613751602,22.444476162487035,0,False,False
125,25.0,2690269377968,1549.1663596312658,19.866670808652902,1,False,False
125,25.0,2690269375184,1613.0765759320886,20.67531231424494,1,False,False
125,25.0,2690269377536,1691.584640734287,21.695831077305357,1,False,False
126,25.2,2690269374656,308.0419013804392,1.836687936190407e-09,0,True,True
126,25.2,2690269373072,306.5070487577391,1.1708793705920877e-09,1,False,True
126,25.2,2690269374704,556.1801859592393,15.336027220885251,1,False,False
126,25.2,2690269374752,551.7765130414307,10.32923146673262,0,False,False
126,25.2,2690269377776,596.4796689684923,15.61339951914112,1,False,False
126,25.2,2690269376192,636.5757899655719,16.228496319567558,1,False,False
126,25.2,2690269376000,678.7968556570679,16.844129835505314,1,False,False
126,25.2,2690269377392,578.0006000690574,9.037618630740313,0,False,False
126,25.2,2690269373600,722.970736247029,17.2390806038537,1,False,False
126,25.2,2690269375424,600.7310578895201,7.372122369794679,0,False,False
126,25.2,2690269376864,765.5508665053363,16.892234573025227,1,False,False
126,25.2,2690269377680,620.7272546087399,6.569059294977089,0,False,False
126,25.2,2690269377632,640.2297112484518,7.017515356195023,0,False,False
126,25.2,2690269375472,810.936065097427,14.234750439376645,1,False,False
126,25.2,2690269377008,846.3879530866648,7.367505309518801,1,False,False
126,25.2,2690269375520,661.4356690777578,8.117261878473624,0,False,False
126,25.2,2690269377200,864.8467308947348,1.3137564060105071,1,False,False
126,25.2,2690269377872,685.1256170315221,9.329055965879883,0,False,False
126,25.2,2690269376144,711.0562033108439,10.432580914247712,0,False,False
126,25.2,2690269377920,738.6288987445203,11.335676084098463,0,False,False
126,25.2,2690269375136,874.5299046869236,-0.34209787200208847,1,False,False
126,25.2,2690269375808,884.1289945607746,0.0011123777055155745,1,True,True
126,25.2,2690269375616,767.9140908317573,12.146334447307094,0,False,False
126,25.2,2690269376672,798.8441860566969,12.958140560429378,0,False,False
126,25.2,2690269376528,832.1266746922098,13.929842816518933,0,False,False
126,25.2,2690269374992,867.2134758903343,14.84120610636282,0,False,False
126,25.2,2690269377440,889.1289945607747,0.0007447508123009554,1,False,True
126,25.2,2690269376720,905.5364372954222,15.734760220966015,0,False,False
126,25.2,2690269375328,942.9448489764006,16.194348129148977,0,False,False
126,25.2,2690269376768,983.386748463704,16.760735398075262,0,False,False
126,25.2,2690269375088,981.0248258282905,5.9452829640555205,1,False,False
126,25.2,2690269378160,1026.0586342840943,17.355017468518085,0,False,False
126,25.2,2690269375952,1068.4159874737848,17.787877892684687,0,False,False
126,25.2,2690269375760,999.7727190867494,5.936660024338319,1,False,False
126,25.2,2690269378064,1113.5463176418186,18.252265379177874,0,False,False
126,25.2,2690269377104,1159.3676533863822,18.639683347539144,0,False,False
126,25.2,2690269375568,1018.4709651062888,5.652835308669367,1,False,False
126,25.2,2690269376240,1208.0929822224846,19.030912369794752,0,False,False
126,25.2,2690269374944,1036.6318463239809,5.53199785329222,1,False,False
126,25.2,2690269377056,1054.9962919719746,6.174758923072235,1,False,False
126,25.2,2690269375232,1260.172886379526,19.421919030225776,0,False,False
126,25.2,2690269377152,1324.5265257956194,19.958184546497634,0,False,False
126,25.2,2690269376432,1384.6152746165121,20.000000000000014,0,True,False
126,25.2,2690269375040,1390.075009652187,19.52106405454412,0,False,False
126,25.2,2690269375904,1075.3065144697287,7.636307905856104,1,False,False
126,25.2,2690269376960,1098.9676529509243,9.585006330152332,1,False,False
126,25.2,2690269378256,1126.8928540765903,11.685591133715713,1,False,False
126,25.2,2690269376624,1158.9511020954185,13.457457111945125,1,False,False
126,25.2,2690269377584,1193.8492436341082,14.629461215720637,1,False,False
126,25.2,2690269374848,1443.1680876750806,19.887859375083224,0,False,False
126,25.2,2690269377344,1231.6011687974785,15.545289701999861,1,False,False
126,25.2,2690269377296,1269.3364742563813,16.07852914403402,1,False,False
126,25.2,2690269374896,1310.216957025298,16.785435981904676,1,False,False
126,25.2,2690269376816,1507.5920267303738,20.728346182333368,0,False,False
126,25.2,2690269378208,1584.44361042019,21.828418245786224,0,False,False
126,25.2,2690269377248,1354.0352121013148,17.53721792893326,1,False,False
126,25.2,2690269375856,1398.2609387862249,18.083450775438063,1,False,False
126,25.2,2690269378016,1448.041899368525,18.773157662828645,1,False,False
126,25.2,2690269375712,1499.6535586775706,19.423274966421037,1,False,False
126,25.2,2690269375376,1673.0015089840992,22.444476162487035,0,False,False
126,25.2,2690269377968,1553.1404635007457,19.878181558387837,1,False,False
126,25.2,2690269375184,1617.2121138594557,20.682421800743246,1,False,False
126,25.2,2690269377536,1695.923806949748,21.695831077305357,1,False,False
127,25.4,2690269374656,308.04190138077354,1.493295317601919e-09,0,True,True
127,25.4,2690269373072,306.507048757958,9.51968294193982e-10,1,False,True
127,25.4,2690269374704,559.2507522418188,15.385652754605372,1,False,False
127,25.4,2690269374752,553.8373786802805,10.251870602046502,0,False,False
127,25.4,2690269377776,599.6046900828422,15.648385161626415,1,False,False
127,25.4,2690269376192,639.8234041539092,16.257031503404566,1,False,False
127,25.4,2690269376000,682.1667882366239,16.860344836441502,1,False,False
127,25.4,2690269377392,579.797087650607,8.871761430157276,0,False,False
127,25.4,2690269373600,726.4173143929684,17.21926768803502,1,False,False
127,25.4,2690269375424,602.1973444660117,7.252166830437014,0,False,False
127,25.4,2690269376864,768.9211908315621,16.766639922386172,1,False,False
127,25.4,2690269377680,622.0408890453082,6.5687310739056155,0,False,False
127,25.4,2690269377632,641.6390506159786,7.106315362789643,0,False,False
127,25.4,2690269375472,813.7532640123086,13.78125385163162,1,False,False
127,25.4,2690269377008,847.8166955295195,6.698153567455559,1,False,False
127,25.4,2690269375520,663.0671178437273,8.237572672943791,0,False,False
127,25.4,2690269377200,865.0857488798339,0.9667438106264957,1,False,False
127,25.4,2690269377872,686.9995185306723,9.450319738876898,0,False,False
127,25.4,2690269376144,713.1500381085383,10.54204341339151,0,False,False
127,25.4,2690269377920,740.9022745609793,11.428986030487227,0,False,False
127,25.4,2690269375136,874.4623365678376,-0.32798771922797726,1,False,False
127,25.4,2690269375808,884.1291681678997,0.0009044042737584405,1,True,True
127,25.4,2690269375616,770.3490274459334,12.23118266399622,0,False,False
127,25.4,2690269376672,801.441258971063,13.039555857361298,0,False,False
127,25.4,2690269376528,834.9176722806902,14.00488744009275,0,False,False
127,25.4,2690269374992,870.1858111775987,14.90221773714003,0,False,False
127,25.4,2690269377440,889.1291681678997,0.0006055099937640954,1,False,True
127,25.4,2690269376720,908.6864414876113,15.78023441680122,0,False,False
127,25.4,2690269375328,946.1861327181964,16.230374722268238,0,False,False
127,25.4,2690269376768,986.7409258551583,16.79106249198644,0,False,False
127,25.4,2690269375088,982.2129716566196,5.931708357626054,1,False,False
127,25.4,2690269378160,1029.5313920303913,17.381231907050147,0,False,False
127,25.4,2690269375952,1071.975080926869,17.810561679689734,0,False,False
127,25.4,2690269375760,1000.9580594110322,5.906622910866545,1,False,False
127,25.4,2690269378064,1117.198011822726,18.270812598321946,0,False,False
127,25.4,2690269377104,1163.096563381558,18.65423054676307,0,False,False
127,25.4,2690269375568,1019.5995439236071,5.62405054125226,1,False,False
127,25.4,2690269376240,1211.8998639484707,19.041365215053617,0,False,False
127,25.4,2690269374944,1037.7404649983193,5.567266324631305,1,False,False
127,25.4,2690269377056,1056.2392657118874,6.296813709415955,1,False,False
127,25.4,2690269375232,1264.0577008725252,19.42835726499611,0,False,False
127,25.4,2690269377152,1328.518214484225,19.958957988227787,0,False,False
127,25.4,2690269376432,1388.615274616512,20.000000000000014,0,True,False
127,25.4,2690269375040,1393.979987069602,19.532524045899013,0,False,False
127,25.4,2690269375904,1076.8460828010761,7.821793860831086,1,False,False
127,25.4,2690269376960,1100.8984341242706,9.791576021548897,1,False,False
127,25.4,2690269378256,1129.242626125273,11.874457676110652,1,False,False
127,25.4,2690269376624,1161.6518437790457,13.594977262710577,1,False,False
127,25.4,2690269377584,1196.7811795685116,14.719239472855563,1,False,False
127,25.4,2690269374848,1447.1465109502496,19.900593362306747,0,False,False
127,25.4,2690269377344,1234.7144087046556,15.607494718957986,1,False,False
127,25.4,2690269377296,1272.555591955803,16.129379760589266,1,False,False
127,25.4,2690269374896,1313.5768510722303,16.82728126376867,1,False,False
127,25.4,2690269376816,1511.7382661001388,20.7368735856843,0,False,False
127,25.4,2690269378208,1588.8095103967835,21.831656647389295,0,False,False
127,25.4,2690269377248,1357.5448142575196,17.569408177179103,1,False,False
127,25.4,2690269375856,1401.879298989874,18.10838326875483,1,False,False
127,25.4,2690269378016,1451.797795087686,18.792049273651884,1,False,False
127,25.4,2690269375712,1503.5391971219397,19.437979351111323,1,False,False
127,25.4,2690269375376,1677.4904042165965,22.444476162487035,0,False,False
127,25.4,2690269377968,1557.1168591282885,19.889537239547185,1,False,False
127,25.4,2690269375184,1621.3490669828864,20.68943128247431,1,False,False
127,25.4,2690269377536,1700.2629731652091,21.695831077305357,1,False,False
128,25.6,2690269374656,308.04190138104536,1.2141044004443454e-09,0,True,True
128,25.6,2690269373072,306.50704875813597,7.739854812646774e-10,1,False,True
128,25.6,2690269374704,562.3310136226291,15.431900137068794,1,False,False
128,25.6,2690269374752,555.8819869699256,10.162859241926693,0,False,False
128,25.6,2690269377776,602.7366684240715,15.682770485302152,1,False,False
128,25.6,2690269376192,643.07666827363,16.284703818011952,1,False,False
128,25.6,2690269376000,685.5398456807955,16.874752074568768,1,False,False
128,25.6,2690269377392,581.5603327248635,8.705118545156404,0,False,False
128,25.6,2690269373600,729.8595447601383,17.193526245597983,1,False,False
128,25.6,2690269375424,603.6402836471601,7.141980109828277,0,False,False
128,25.6,2690269376864,772.2652386853254,16.62330798334763,1,False,False
128,25.6,2690269377680,623.355152015448,6.578744638620641,0,False,False
128,25.6,2690269377632,643.0665188953843,7.200556246063684,0,False,False
128,25.6,2690269375472,816.4776050959996,13.295528942883296,1,False,False
128,25.6,2690269377008,849.1122630028731,6.040264362004104,1,False,False
128,25.6,2690269375520,664.7227330983176,8.359387111864221,0,False,False
128,25.6,2690269377200,865.2580506561627,0.6598801797935454,1,False,False
128,25.6,2690269377872,688.8976425469353,9.571094537227891,0,False,False
128,25.6,2690269376144,715.2656692835411,10.650051310438032,0,False,False
128,25.6,2690269377920,743.194222964317,11.520958755349389,0,False,False
128,25.6,2690269375136,874.3979647480194,-0.30858200909948147,1,False,False
128,25.6,2690269375808,884.1293093169223,0.0007353141710201958,1,True,True
128,25.6,2690269375616,772.8008741864982,12.31513537815791,0,False,False
128,25.6,2690269376672,804.0545371850055,13.119796080101343,0,False,False
128,25.6,2690269376528,837.7235616190791,14.078122343674092,0,False,False
128,25.6,2690269374992,873.1700231574927,14.950965665468415,0,False,False
128,25.6,2690269377440,889.1293093169223,0.0004923020512262749,1,False,True
128,25.6,2690269376720,911.663086980232,15.814706407154379,0,False,False
128,25.6,2690269375328,949.4345669298987,16.265586827232312,0,False,False
128,25.6,2690269376768,990.1011307976697,16.820826396920804,0,False,False
128,25.6,2690269375088,983.3984231036944,5.918378134701639,1,False,False
128,25.6,2690269378160,1033.0093631210098,17.40700630015522,0,False,False
128,25.6,2690269375952,1075.5386860329431,17.832871219283792,0,False,False
128,25.6,2690269375760,1002.1373502153939,5.876034433059516,1,False,False
128,25.6,2690269378064,1120.853394801293,18.28905203877687,0,False,False
128,25.6,2690269377104,1166.8283671287056,18.66854382919695,0,False,False
128,25.6,2690269375568,1020.7226876517525,5.600214289231302,1,False,False
128,25.6,2690269376240,1215.708825534072,19.05165826505369,0,False,False
128,25.6,2690269374944,1038.8567327924943,5.611473810810805,1,False,False
128,25.6,2690269377056,1057.5071618114264,6.4264637246271725,1,False,False
128,25.6,2690269375232,1267.9437964326023,19.434697289853595,0,False,False
128,25.6,2690269377152,1332.5100568918995,19.959716951537445,0,False,False
128,25.6,2690269376432,1392.6152746165117,20.000000000000014,0,True,False
128,25.6,2690269375040,1397.887253709546,19.543941883291943,0,False,False
128,25.6,2690269375904,1078.4230053748436,8.011035156269973,1,False,False
128,25.6,2690269376960,1102.870482662834,9.997353100117662,1,False,False
128,25.6,2690269378256,1131.6298849597492,12.058976380873322,1,False,False
128,25.6,2690269376624,1164.3797205919893,13.726979785328895,1,False,False
128,25.6,2690269377584,1199.7308111961029,14.80515646238932,1,False,False
128,25.6,2690269374848,1451.1274699861656,19.91316260688761,0,False,False
128,25.6,2690269377344,1237.8399346195301,15.667402722896233,1,False,False
128,25.6,2690269377296,1275.7847827172095,16.178788376402217,1,False,False
128,25.6,2690269374896,1316.9450378331562,16.867992119791626,1,False,False
128,25.6,2690269376816,1515.886203616559,20.745291512677017,0,False,False
128,25.6,2690269378208,1593.1760561082742,21.834865957947493,0,False,False
128,25.6,2690269377248,1361.0607987228746,17.600771232218,1,False,False
128,25.6,2690269375856,1405.502610666825,18.132795648794932,1,False,False
128,25.6,2690269378016,1455.5574479994739,18.810626625142074,1,False,False
128,25.6,2690269375712,1507.427762352552,19.45247384109728,1,False,False
128,25.6,2690269375376,1681.9792994490938,22.444476162487035,0,False,False
128,25.6,2690269377968,1561.0955157405774,19.900741428405734,1,False,False
128,25.6,2690269375184,1625.4874154541542,20.696343033650546,1,False,False
128,25.6,2690269377536,1704.6021393806702,21.695831077305357,1,False,False
129,25.8,2690269374656,308.04190138126637,9.87111844390899e-10,0,True,True
129,25.8,2690269373072,306.5070487582807,6.292788623971186e-10,1,False,True
129,25.8,2690269374704,565.4203156122667,15.475081088083506,1,False,False
129,25.8,2690269374752,557.9080478953332,10.062821663205485,0,False,False
129,25.8,2690269377776,605.8754833780008,15.716547076256731,1,False,False
129,25.8,2690269376192,646.3354077604473,16.31148212140748,1,False,False
129,25.8,2690269376000,688.9156552856097,16.887178933167696,1,False,False
129,25.8,2690269377392,583.290261833019,8.538939425303331,0,False,False
129,25.8,2690269373600,733.296194963469,17.16113766316927,1,False,False
129,25.8,2690269375424,605.0618613939558,7.042024353065461,0,False,False
129,25.8,2690269376864,775.5793487924826,16.460513558870968,1,False,False
129,25.8,2690269377680,624.6720899968311,6.598764697855621,0,False,False
129,25.8,2690269377632,644.5131765460667,7.299823748452538,0,False,False
129,25.8,2690269375472,819.1026973621154,12.778515707038794,1,False,False
129,25.8,2690269377008,850.2772523541105,5.398336447015817,1,False,False
129,25.8,2690269375520,666.4027973691041,8.48243445406135,0,False,False
129,25.8,2690269377200,865.3716122925803,0.3922423494401779,1,False,False
129,25.8,2690269377872,690.8198808403736,9.691225839618319,0,False,False
129,25.8,2690269376144,717.4028022628356,10.756551911737409,0,False,False
129,25.8,2690269377920,745.5044776769157,11.611612000891835,0,False,False
129,25.8,2690269375136,874.3377557288745,-0.2852349363691338,1,False,False
129,25.8,2690269375808,884.1294240763054,0.000597837654897605,1,True,True
129,25.8,2690269375616,775.2694510934492,12.39817922175959,0,False,False
129,25.8,2690269376672,806.6837827711312,13.198809499177424,0,False,False
129,25.8,2690269376528,840.5439338186618,14.148585549634461,0,False,False
129,25.8,2690269374992,876.1619460875411,14.97553902802434,0,False,False
129,25.8,2690269377440,889.1294240763056,0.0004002598010562661,1,False,True
129,25.8,2690269376720,914.7023149588242,15.829285581432604,0,False,False
129,25.8,2690269375328,952.6899911513849,16.300020586992506,0,False,False
129,25.8,2690269376768,993.4672520798182,16.850048251483116,0,False,False
129,25.8,2690269375088,984.5812108389366,5.90503022357804,1,False,False
129,25.8,2690269378160,1036.4924604660312,17.43235428806521,0,False,False
129,25.8,2690269375952,1079.106728630861,17.85481674988218,0,False,False
129,25.8,2690269375760,1003.310506083393,5.845277050276131,1,False,False
129,25.8,2690269378064,1124.5124055899003,18.30699215055853,0,False,False
129,25.8,2690269377104,1170.5630182602476,18.682629376844133,0,False,False
129,25.8,2690269375568,1021.8414214963425,5.581850885760863,1,False,False
129,25.8,2690269376240,1219.5198352716538,19.061795261735337,0,False,False
129,25.8,2690269374944,1039.9824388922277,5.664630321855851,1,False,False
129,25.8,2690269377056,1058.8014762323342,6.563358721746088,1,False,False
129,25.8,2690269375232,1271.8311535629725,19.44094126766001,0,False,False
129,25.8,2690269377152,1336.5020501410957,19.960461707477656,0,False,False
129,25.8,2690269376432,1396.6152746165114,20.000000000000014,0,True,False
129,25.8,2690269375040,1401.7968009889125,19.555315318009796,0,False,False
129,25.8,2690269375904,1080.0380030935357,8.20357893980172,1,False,False
129,25.8,2690269376960,1104.8836121163595,10.201922064165746,1,False,False
129,25.8,2690269378256,1134.0537465301213,12.238936227889463,1,False,False
129,25.8,2690269376624,1167.1336341669594,13.853546658161061,1,False,False
129,25.8,2690269377584,1202.6973776903312,14.887383472468239,1,False,False
129,25.8,2690269374848,1455.1109320745204,19.92557068684731,0,False,False
129,25.8,2690269377344,1240.977295417831,15.725136704026204,1,False,False
129,25.8,2690269377296,1279.0237622670656,16.2268163047679,1,False,False
129,25.8,2690269374896,1320.321293601446,16.90761581627049,1,False,False
129,25.8,2690269376816,1520.0358175431127,20.753602327801275,0,False,False
129,25.8,2690269378208,1597.5432417634017,21.838046579985658,0,False,False
129,25.8,2690269377248,1364.5830026946157,17.63134617547426,1,False,False
129,25.8,2690269375856,1409.1307713482518,18.156710911726016,1,False,False
129,25.8,2690269378016,1459.3207960434827,18.82890142805857,1,False,False
129,25.8,2690269375712,1511.3192128233004,19.466764847688246,1,False,False
129,25.8,2690269375376,1686.468194681591,22.444476162487035,0,False,False
129,25.8,2690269377968,1565.0764032707773,19.911797571249707,1,False,False
129,25.8,2690269375184,1629.627139874928,20.703159254992347,1,False,False
129,25.8,2690269377536,1708.9413055961313,21.695831077305357,1,False,False
130,26.0,2690269374656,308.04190138144605,8.025584891877412e-10,0,True,True
130,26.0,2690269373072,306.50704875839835,5.116270217533906e-10,1,False,True
130,26.0,2690269374704,568.5180644598016,15.515483402774134,1,False,False
130,26.0,2690269374752,559.9134031013507,9.952482921123053,0,False,False
130,26.0,2690269377776,609.0210125956256,15.749705681840052,1,False,False
130,26.0,2690269376192,649.599441421825,16.33732909780541,1,False,False
130,26.0,2690269376000,692.2938081632798,16.897427186858142,1,False,False
130,26.0,2690269377392,584.9870494465938,8.374441264673683,0,False,False
130,26.0,2690269373600,736.7258832288594,17.121296632658332,1,False,False
130,26.0,2690269375424,606.4641498902156,6.952669122756785,0,False,False
130,26.0,2690269376864,778.8595098067842,16.2764605439668,1,False,False
130,26.0,2690269377680,625.9936803785353,6.628426678176929,0,False,False
130,26.0,2690269377632,645.9800016403584,7.403710809711293,0,False,False
130,26.0,2690269375472,821.6223742200725,12.231704641245901,1,False,False
130,26.0,2690269377008,851.3151390337051,4.776537463071887,1,False,False
130,26.0,2690269375520,668.1075397222023,8.606454298114832,0,False,False
130,26.0,2690269377200,865.4341911468475,0.1624100927688195,1,False,False
130,26.0,2690269377872,692.7660949160703,9.810568899129255,0,False,False
130,26.0,2690269376144,719.5611325541366,10.861501703797908,0,False,False
130,26.0,2690269377920,747.8327760325999,11.700964335439819,0,False,False
130,26.0,2690269375136,874.28241557192,-0.25914582947180237,1,False,False
130,26.0,2690269375808,884.1295173799344,0.00048606415556711954,1,True,True
130,26.0,2690269375616,777.754575351325,12.480297545941156,0,False,False
130,26.0,2690269376672,809.3287442757496,13.27649644351065,0,False,False
130,26.0,2690269376528,843.3781725857275,14.215713841406082,0,False,False
130,26.0,2690269374992,879.1588269263641,15.005084516669742,0,False,False
130,26.0,2690269377440,889.1295173799344,0.00032542604269582054,1,False,True
130,26.0,2690269376720,917.8039861086755,15.919024433114139,1,False,False
130,26.0,2690269375328,955.9522520265156,16.33371029103538,0,False,False
130,26.0,2690269376768,996.8391826419679,16.87874806915024,0,False,False
130,26.0,2690269375088,985.7613164769368,5.891453491397249,1,False,False
130,26.0,2690269378160,1039.9805996600985,17.45728886699523,0,False,False
130,26.0,2690269375952,1082.6791365814781,17.87640812832209,0,False,False
130,26.0,2690269375760,1004.4775208554227,5.814773242692463,1,False,False
130,26.0,2690269378064,1128.17498486964,18.324641067124837,0,False,False
130,26.0,2690269377104,1174.3004716288121,18.696493131345424,0,False,False
130,26.0,2690269375568,1022.9568729822267,5.569445467624147,1,False,False
130,26.0,2690269376240,1223.3328621932878,19.071779818153644,0,False,False
130,26.0,2690269374944,1041.1193713198668,5.726699044745498,1,False,False
130,26.0,2690269377056,1060.1236337324187,6.70713162308948,1,False,False
130,26.0,2690269375232,1275.7197531949441,19.447091294706446,0,False,False
130,26.0,2690269377152,1340.4941914081764,19.961192522599717,0,False,False
130,26.0,2690269376432,1400.6152746165112,20.000000000000014,0,True,False
130,26.0,2690269375040,1405.7086198854988,19.566642259213545,0,False,False
130,26.0,2690269375904,1081.691706202644,8.398971349647534,1,False,False
130,26.0,2690269376960,1106.937553988497,10.404883584579713,1,False,False
130,26.0,2690269378256,1136.5132864507289,12.414154252027219,1,False,False
130,26.0,2690269376624,1169.91250387267,13.974779473981119,1,False,False
130,26.0,2690269377584,1205.680152427149,14.966090728936658,1,False,False
130,26.0,2690269374848,1459.0968652151096,19.93782106871337,0,False,False
130,26.0,2690269377344,1244.1260642166699,15.780814290641981,1,False,False
130,26.0,2690269377296,1282.2722584200583,16.27352225862184,1,False,False
130,26.0,2690269374896,1323.7054040006533,16.94619777913946,1,False,False
130,26.0,2690269376816,1524.1870866112065,20.76180832170284,0,False,False
130,26.0,2690269378208,1601.911061650904,21.841198908469188,0,False,False
130,26.0,2690269377248,1368.1112710507264,17.661170073157546,1,False,False
130,26.0,2690269375856,1412.763683072766,18.18015069558569,1,False,False
130,26.0,2690269378016,1463.087779454079,18.84688469385781,1,False,False
130,26.0,2690269375712,1515.2135082464667,19.480858429837323,1,False,False
130,26.0,2690269375376,1690.9570899140883,22.444476162487035,0,False,False
130,26.0,2690269377968,1569.0594923330098,19.922708991352017,1,False,False
130,26.0,2690269375184,1633.7682212822854,20.709882076880987,1,False,False
130,26.0,2690269377536,1713.2804718115924,21.695831077305357,1,False,False
131,26.2,2690269374656,308.0419013815921,6.525097760981221e-10,0,True,True
131,26.2,2690269373072,306.507048758494,4.159717178344604e-10,1,False,True
131,26.2,2690269374704,571.6237224181137,15.553371739012613,1,False,False
131,26.2,2690269374752,561.8960456313364,9.832662234972258,0,False,False
131,26.2,2690269377776,612.1731318075242,15.782235937826659,1,False,False
131,26.2,2690269376192,652.8685801475176,16.3622004135938,1,False,False
131,26.2,2690269376000,695.6738539026561,16.905269644179242,1,False,False
131,26.2,2690269377392,586.6511106787071,8.21279669799217,0,False,False
131,26.2,2690269373600,740.1470605438213,17.073103501190666,1,False,False
131,26.2,2690269375424,607.8492891984836,6.874194208344847,0,False,False
131,26.2,2690269376864,782.1013476346336,16.06930615079163,1,False,False
131,26.2,2690269377680,627.3218259494612,6.667341811075733,0,False,False
131,26.2,2690269377632,647.4678913689669,7.511818519471949,0,False,False
131,26.2,2690269375472,824.0308046297973,11.657148734883112,1,False,False
131,26.2,2690269377008,852.2302070629507,4.178651019103581,1,False,False
131,26.2,2690269375520,669.8371378415119,8.731196749986612,0,False,False
131,26.2,2690269377200,865.4532309372806,-0.03146384097347584,1,False,False
131,26.2,2690269377872,694.7361179886307,9.928988876408766,0,False,False
131,26.2,2690269376144,721.7403475476117,10.96486582925596,0,False,False
131,26.2,2690269377920,750.1788591045331,11.789034576965335,0,False,False
131,26.2,2690269375136,874.2324205143358,-0.2313647616028476,1,False,False
131,26.2,2690269375808,884.1295932392404,0.0003951881608522003,1,True,True
131,26.2,2690269375616,780.256060480715,12.561468603527446,0,False,False
131,26.2,2690269376672,811.9891493403339,13.35275827967297,0,False,False
131,26.2,2690269376528,846.2256442726061,14.28014711491132,0,False,False
131,26.2,2690269374992,882.1625611884529,15.0484974848938,0,False,False
131,26.2,2690269377440,889.1295932392404,0.0002645834255280982,1,False,True
131,26.2,2690269376720,920.961375817198,16.017258216282734,1,False,False
131,26.2,2690269375328,959.2212029371659,16.366688446594917,0,False,False
131,26.2,2690269376768,1000.2168193553734,16.906944799707055,0,False,False
131,26.2,2690269375088,986.9386829170417,5.877489874202643,1,False,False
131,26.2,2690269378160,1043.473698856053,17.481822425302695,0,False,False
131,26.2,2690269375952,1086.2558396924155,17.89765484588902,0,False,False
131,26.2,2690269375760,1005.6384751880279,5.78497874093754,1,False,False
131,26.2,2690269378064,1131.8410749278428,18.342006617879267,0,False,False
131,26.2,2690269377104,1178.0406832599224,18.710140805318005,0,False,False
131,26.2,2690269375568,1024.0702638349437,5.563439982423637,1,False,False
131,26.2,2690269376240,1227.1478760453722,19.081615424373872,0,False,False
131,26.2,2690269374944,1042.269307770094,5.79759938037035,1,False,False
131,26.2,2690269377056,1061.4749846423147,6.857400624693021,1,False,False
131,26.2,2690269375232,1279.6095766747865,19.45314940340218,0,False,False
131,26.2,2690269377152,1344.4864779225152,19.9619096589546,0,False,False
131,26.2,2690269376432,1404.615274616511,20.000000000000014,0,True,False
131,26.2,2690269375040,1409.6227009690408,19.57792076591947,0,False,False
131,26.2,2690269375904,1083.3846541755709,8.596758819843647,1,False,False
131,26.2,2690269376960,1109.0319610778615,10.605856088227425,1,False,False
131,26.2,2690269378256,1139.0075456160305,12.584475563112012,1,False,False
131,26.2,2690269376624,1172.7152705887543,14.090797212920176,1,False,False
131,26.2,2690269377584,1208.6784427044408,15.041446403623084,1,False,False
131,26.2,2690269374848,1463.0852380938343,19.949917111981932,0,False,False
131,26.2,2690269377344,1247.2858372994754,15.834547719625856,1,False,False
131,26.2,2690269377296,1285.5300105639417,16.318962424960077,1,False,False
131,26.2,2690269374896,1327.0971636182783,16.983781622704996,1,False,False
131,26.2,2690269376816,1528.3399900056143,20.769911714259596,0,False,False
131,26.2,2690269378208,1606.2795101380166,21.844323330976252,0,False,False
131,26.2,2690269377248,1371.6454559522615,17.690278056896293,1,False,False
131,26.2,2690269375856,1416.4012521203535,18.203135362748778,1,False,False
131,26.2,2690269378016,1466.8583406238881,18.86458678407958,1,False,False
131,26.2,2690269375712,1519.110609523936,19.49476031900407,1,False,False
131,26.2,2690269375376,1695.4459851465856,22.444476162487035,0,False,False
131,26.2,2690269377968,1573.04475419819,19.933478895457643,1,False,False
131,26.2,2690269375184,1637.9106411348475,20.716513562341056,1,False,False
131,26.2,2690269377536,1717.6196380270535,21.695831077305357,1,False,False
132,26.4,2690269374656,308.04190138171083,5.305146149965176e-10,0,True,True
132,26.4,2690269373072,306.5070487585718,3.3820041295933614e-10,1,False,True
132,26.4,2690269374704,574.7368031758731,15.588988532430184,1,False,False
132,26.4,2690269374752,563.8541382372066,9.704264812928475,0,False,False
132,26.4,2690269377776,615.3317145820761,15.8141260703755,1,False,False
132,26.4,2690269376192,656.1426254439564,16.38604375946349,1,False,False
132,26.4,2690269376000,699.0552945303695,16.910446363534597,1,False,False
132,26.4,2690269377392,588.2830916160963,8.055122757148386,0,False,False
132,26.4,2690269373600,743.557991285198,17.015556795782654,1,False,False
132,26.4,2690269375424,609.2194695419164,6.806793362328684,0,False,False
132,26.4,2690269376864,785.3001181113175,15.837192932294855,1,False,False
132,26.4,2690269377680,628.6583503780803,6.715101824758501,0,False,False
132,26.4,2690269377632,648.9776637262821,7.6237569157939475,0,False,False
132,26.4,2690269375472,826.3226054765255,11.057457461852108,1,False,False
132,26.4,2690269377008,853.0274696429166,3.6080415365350316,1,False,False
132,26.4,2690269375520,671.5917201409464,8.856422582398865,0,False,False
132,26.4,2690269377200,865.4357815651184,-0.19157367657412916,1,False,False
132,26.4,2690269377872,696.7297569699253,10.046360921446386,0,False,False
132,26.4,2690269376144,723.9401282100071,11.066617521676093,0,False,False
132,26.4,2690269377920,752.5424717153041,11.875841214167426,0,False,False
132,26.4,2690269375136,874.1880463940298,-0.20279912712121237,1,False,False
132,26.4,2690269375808,884.1296549156658,0.00032130261137138893,1,True,True
132,26.4,2690269375616,782.7737153574564,12.641666745578641,0,False,False
132,26.4,2690269376672,814.6647085474611,13.42756723143537,0,False,False
132,26.4,2690269376528,849.0859768593855,14.347591080624978,0,False,False
132,26.4,2690269374992,885.1950026776236,15.385099555413765,0,False,False
132,26.4,2690269377440,889.1296549156657,0.00021511612434047453,1,False,True
132,26.4,2690269376720,924.1540486706647,16.082913232231807,1,False,False
132,26.4,2690269375328,962.4967036515881,16.39898585101193,0,False,False
132,26.4,2690269376768,1003.6000628134096,16.934656388203184,0,False,False
132,26.4,2690269375088,988.113225063859,5.863035819852064,1,False,False
132,26.4,2690269378160,1046.9716786456706,17.505966777677937,0,False,False
132,26.4,2690269375952,1089.8367696459813,17.91856604366424,0,False,False
132,26.4,2690269375760,1006.7935427325481,5.756375389479929,1,False,False
132,26.4,2690269378064,1135.510619598082,18.359096340312107,0,False,False
132,26.4,2690269377104,1181.7836103069205,18.723577893154115,0,False,False
132,26.4,2690269375568,1025.1829011223924,5.564230075204493,1,False,False
132,26.4,2690269376240,1230.9648472644103,19.091305453047116,0,False,False
132,26.4,2690269374944,1043.434007061254,5.877210087280371,1,False,False
132,26.4,2690269377056,1062.8568020516525,7.013771131917041,1,False,False
132,26.4,2690269375232,1283.5006057511246,19.459117291531072,0,False,False
132,26.4,2690269377152,1348.4789049484455,19.946701812620965,0,False,False
132,26.4,2690269376432,1408.489070499445,17.422222222222235,0,True,True
132,26.4,2690269375040,1413.489070499445,17.057809605577717,0,False,True
132,26.4,2690269375904,1085.1172958607774,8.796489405865309,1,False,False
132,26.4,2690269376960,1111.16641113093,10.804477263658748,1,False,False
132,26.4,2690269378256,1141.535535804499,12.749773126578695,1,False,False
132,26.4,2690269376624,1175.5409000337165,14.201734000485471,1,False,False
132,26.4,2690269377584,1211.6915892720062,15.11361575493015,1,False,False
132,26.4,2690269374848,1467.076020061582,19.961862073375347,0,False,False
132,26.4,2690269377344,1250.4562330381234,15.886443851906641,1,False,False
132,26.4,2690269377296,1288.7967691594524,16.36319054188457,1,False,False
132,26.4,2690269374896,1330.4963756456173,17.020409183238808,1,False,False
132,26.4,2690269376816,1532.4945073505198,20.777914657496332,0,False,False
132,26.4,2690269378208,1610.648581669007,21.847420227866095,0,False,False
132,26.4,2690269377248,1375.1854164618258,17.718703404642344,1,False,False
132,26.4,2690269375856,1420.0433887625145,18.225684078091238,1,False,False
132,26.4,2690269378016,1470.6324239769172,18.882017456175536,1,False,False
132,26.4,2690269375712,1523.0104786832594,19.50847594216339,1,False,False
132,26.4,2690269375376,1699.9348803790829,22.444476162487035,0,False,False
132,26.4,2690269377968,1577.0321607711298,19.94411037981892,1,False,False
132,26.4,2690269375184,1642.0543812994972,20.723055709863424,1,False,False
132,26.4,2690269377536,1721.9588042425146,21.695831077305357,1,False,False
133,26.6,2690269374656,308.0419013818074,4.3132803068161317e-10,0,True,True
133,26.6,2690269373072,306.50704875863505,2.7496946167716097e-10,1,False,True
133,26.6,2690269374704,577.856867478863,15.622554998156902,1,False,False
133,26.6,2690269374752,565.7860299570701,9.568272251346402,0,False,False
133,26.6,2690269377776,618.4966320221822,15.845362568664962,1,False,False
133,26.6,2690269376192,659.4213677685874,16.408797761347948,1,False,False
133,26.6,2690269376000,702.4375776845644,16.91266040109563,1,False,False
133,26.6,2690269377392,589.883857534339,7.902471233083181,0,False,False
133,26.6,2690269373600,746.9567323814773,16.94754628710655,1,False,False
133,26.6,2690269375424,610.5769143869825,6.750578804413702,0,False,False
133,26.6,2690269376864,788.4507066453843,15.578289408898355,1,False,False
133,26.6,2690269377680,630.0049946034874,6.771283228822592,0,False,False
133,26.6,2690269377632,650.5100593463997,7.7391456539005565,0,False,False
133,26.6,2690269375472,828.4929514828691,10.435771720846539,1,False,False
133,26.6,2690269377008,853.7125837433516,3.067633329743941,1,False,False
133,26.6,2690269375520,673.3713679079323,8.981903384717294,0,False,False
133,26.6,2690269377200,865.388435335105,-0.3203759970050673,1,False,False
133,26.6,2690269377872,698.7467944696518,10.162570201924114,0,False,False
133,26.6,2690269376144,726.1601506633085,11.166737506718055,0,False,False
133,26.6,2690269377920,754.9233623398911,11.961402022396088,0,False,False
133,26.6,2690269375136,874.1493967069963,-0.17422096521932093,1,False,False
133,26.6,2690269375808,884.1297050608838,0.00026123092314165664,1,True,True
133,26.6,2690269375616,785.3073437954739,12.72087217621353,0,False,False
133,26.6,2690269376672,817.3551513938,13.501356177938398,0,False,False
133,26.6,2690269376528,851.9606354857884,14.427215897214865,0,False,False
133,26.6,2690269374992,888.2934052397459,15.70130831970212,0,False,False
133,26.6,2690269377440,889.1297050608838,0.00017489737635267025,1,False,True
133,26.6,2690269376720,927.3661439379644,16.115105848819677,1,False,False
133,26.6,2690269375328,965.7786199872859,16.430631664583604,0,False,False
133,26.6,2690269376768,1006.9888171344236,16.96189983139147,0,False,False
133,26.6,2690269375088,989.2848407881846,5.848042999821112,1,False,False
133,26.6,2690269378160,1050.474461947109,17.52973319744114,0,False,False
133,26.6,2690269375952,1093.4218599301203,17.9391505272209,0,False,False
133,26.6,2690269375760,1007.942994869776,5.729463793900947,1,False,False
133,26.6,2690269378064,1139.1835642025815,18.375917491770984,0,False,False
133,26.6,2690269377104,1185.529211008013,18.736809652390114,0,False,False
133,26.6,2690269375568,1026.2961678315478,5.572162834092672,1,False,False
133,26.6,2690269376240,1234.783746824129,19.100843609690166,0,False,False
133,26.6,2690269374944,1044.6152012188588,5.965372462409345,1,False,False
133,26.6,2690269377056,1064.2702793719502,7.175837543217372,1,False,False
133,26.6,2690269375232,1287.3927750207383,19.46359073193149,0,False,False
133,26.6,2690269377152,1352.4609594412977,19.80719028768085,0,False,False
133,26.6,2690269376432,1411.7123149562362,14.164911934156391,0,True,True
133,26.6,2690269375040,1416.7123149562362,13.868630980060816,0,False,True
133,26.6,2690269375904,1086.8899898959967,8.997714141371826,1,False,False
133,26.6,2690269376960,1113.3404107896984,11.000405465868441,1,False,False
133,26.6,2690269378256,1144.096245222891,12.909947309404599,1,False,False
133,26.6,2690269376624,1178.3883856453822,14.307736886623662,1,False,False
133,26.6,2690269377584,1214.7189656981843,15.182760394817617,1,False,False
133,26.6,2690269374848,1471.0691811139452,19.973659110904183,0,False,False
133,26.6,2690269377344,1253.6368908208258,15.93660422654802,1,False,False
133,26.6,2690269377296,1292.0722952557685,16.406257977503287,1,False,False
133,26.6,2690269374896,1333.9028515246152,17.056120556732765,1,False,False
133,26.6,2690269376816,1536.6506186961324,20.785819238348363,0,False,False
133,26.6,2690269378208,1615.0182707637423,21.85048997244346,0,False,False
133,26.6,2690269377248,1378.73101817822,17.746477621287976,1,False,False
133,26.6,2690269375856,1423.6900070277575,18.24781488295997,1,False,False
133,26.6,2690269378016,1474.4099758506186,18.8991859060187,1,False,False
133,26.6,2690269375712,1526.913078818199,19.522010443095233,1,False,False
133,26.6,2690269375376,1704.4237756115801,22.444476162487035,0,False,False
133,26.6,2690269377968,1581.0216845688194,19.95460643581707,1,False,False
133,26.6,2690269375184,1646.199424038653,20.729510456078938,1,False,False
133,26.6,2690269377536,1726.2979704579757,21.695831077305357,1,False,False
134,26.8,2690269374656,308.04190138188596,3.50685664056399e-10,0,True,True
134,26.8,2690269373072,306.50704875868644,2.235603563976681e-10,1,False,True
134,26.8,2690269374704,580.9835189555849,15.65427218444329,1,False,False
134,26.8,2690269374752,567.6902706866824,9.4257316878224,0,False,False
134,26.8,2690269377776,621.667752394314,15.875929823394838,1,False,False
134,26.8,2690269376192,662.7045846366515,16.43039074049795,1,False,False
134,26.8,2690269376000,705.8200889049585,16.911573051734837,1,False,False
134,26.8,2690269377392,591.4544792845246,7.755820540030254,0,False,False
134,26.8,2690269373600,750.34111114827,16.86784708479268,1,False,False
134,26.8,2690269375424,611.9238644698837,6.705586333764575,0,False,False
134,26.8,2690269376864,791.5476365909904,15.290839801827401,1,False,False
134,26.8,2690269377680,631.3634140561383,6.835451191142052,0,False,False
134,26.8,2690269377632,652.0657434653823,7.8576145668287305,0,False,False
134,26.8,2690269375472,830.5376788256831,9.795719616619495,1,False,False
134,26.8,2690269377008,854.2917612268724,2.5598994461170435,1,False,False
134,26.8,2690269375520,675.1761174761466,9.107421701234815,0,False,False
134,26.8,2690269377200,865.3172801130373,-0.42050610134987787,1,False,False
134,26.8,2690269377872,700.786990797937,10.277511877067615,0,False,False
134,26.8,2690269376144,728.4000876424083,11.265213394947068,0,False,False
134,26.8,2690269377920,757.3212829778854,12.045734607193276,0,False,False
134,26.8,2690269375136,874.1164291580662,-0.14627488531301625,1,False,False
134,26.8,2690269375808,884.1297458308032,0.00021239041573354247,1,True,True
134,26.8,2690269375616,787.8567474212376,12.799095275128195,0,False,False
134,26.8,2690269376672,820.0603176062732,13.574757667787306,0,False,False
134,26.8,2690269376528,854.8519439841085,14.517349478596332,0,False,False
134,26.8,2690269374992,891.453692357459,15.997192718936375,0,False,False
134,26.8,2690269377440,889.1297458308032,0.0001421980446553266,1,False,True
134,26.8,2690269376720,930.5863503079506,16.11349853974048,1,False,False
134,26.8,2690269375328,969.0668234884625,16.46165348333506,0,False,False
134,26.8,2690269376768,1010.3829897757074,16.988691231634387,0,False,False
134,26.8,2690269375088,990.4534219797416,5.832518256881289,1,False,False
134,26.8,2690269378160,1053.9819738986926,17.553132447022687,0,False,False
134,26.8,2690269375952,1097.0110457722576,17.959416780636804,0,False,False
134,26.8,2690269375760,1009.0872039675647,5.7047559042310665,1,False,False
134,26.8,2690269378064,1142.8598554967064,18.39247704821042,0,False,False
134,26.8,2690269377104,1189.2774445930168,18.74983971990081,0,False,False
134,26.8,2690269375568,1027.4115130496532,5.587535355478395,1,False,False
134,26.8,2690269376240,1238.6045398770373,19.110133491254867,0,False,False
134,26.8,2690269374944,1045.8145881945222,6.06189349898286,1,False,False
134,26.8,2690269377056,1065.7165282471503,7.3431849019533,1,False,False
134,26.8,2690269375232,1291.285561574073,19.463171668258695,0,False,False
134,26.8,2690269377152,1356.4063034303604,19.538943169800863,0,False,False
134,26.8,2690269376432,1414.3329320790322,11.516598028837079,0,True,True
134,26.8,2690269375040,1419.3329320790322,11.275710639788706,0,False,True
134,26.8,2690269375904,1088.7030053962721,9.199988433334386,1,False,False
134,26.8,2690269376960,1115.5533998123517,11.19332099691782,1,False,False
134,26.8,2690269378256,1146.688643944517,13.064925200896397,1,False,False
134,26.8,2690269376624,1181.2567510202682,14.408963678080589,1,False,False
134,26.8,2690269377584,1217.7599775979368,15.24903767498636,1,False,False
134,26.8,2690269374848,1475.0646918717393,19.985311287742736,0,False,False
134,26.8,2690269377344,1256.827469993102,15.985125147589796,1,False,False
134,26.8,2690269377296,1295.3563600218363,16.448213810009843,1,False,False
134,26.8,2690269374896,1337.316410602513,17.090954140166662,1,False,False
134,26.8,2690269376816,1540.8083045058463,20.793627481283284,0,False,False
134,26.8,2690269378208,1619.3885720162884,21.853532931119087,0,False,False
134,26.8,2690269377248,1382.2821328871676,17.773630518516658,1,False,False
134,26.8,2690269375856,1427.3410244816123,18.269544765073107,1,False,False
134,26.8,2690269378016,1478.1909443862469,18.916100807319808,1,False,False
134,26.8,2690269375712,1530.8183740334264,19.5353687020808,1,False,False
134,26.8,2690269375376,1708.9126708440774,22.444476162487035,0,False,False
134,26.8,2690269377968,1585.0132986998085,19.96496995520319,1,False,False
134,26.8,2690269375184,1650.345751998068,20.735879678292356,1,False,False
134,26.8,2690269377536,1730.6371366734368,21.695831077305357,1,False,False
135,27.0,2690269374656,308.0419013819498,2.851204332357804e-10,0,True,True
135,27.0,2690269373072,306.5070487587282,1.8176284976450406e-10,1,False,True
135,27.0,2690269374704,584.1164001554846,15.684322048789353,1,False,False
135,27.0,2690269374752,569.565623509452,9.277743925386224,0,False,False
135,27.0,2690269377776,624.8449406827033,15.905809725566524,1,False,False
135,27.0,2690269376192,665.9920384687888,16.45073930048945,1,False,False
135,27.0,2690269376000,709.2021429355174,16.90679855005519,1,False,False
135,27.0,2690269377392,592.9962181558811,7.616069132622867,0,False,False
135,27.0,2690269373600,753.7087020437883,16.77511540830496,1,False,False
135,27.0,2690269375424,613.2625628778234,6.6717808931666545,0,False,False
135,27.0,2690269376864,794.5850881801247,14.97322290719099,1,False,False
135,27.0,2690269377680,632.7351766271654,6.907163015592125,0,False,False
135,27.0,2690269377632,653.6453079894593,7.978804137159251,0,False,False
135,27.0,2690269375472,832.4533786729831,9.141354033423248,1,False,False
135,27.0,2690269377008,854.7716781589695,2.0868558832444855,1,False,False
135,27.0,2690269375520,677.0059624250008,9.232771155110667,0,False,False
135,27.0,2690269377200,865.2278688900134,-0.4947001068366732,1,False,False
135,27.0,2690269377872,702.8500859591164,10.391091018298763,0,False,False
135,27.0,2690269376144,730.6596098340805,11.362039131766986,0,False,False
135,27.0,2690269377920,759.7359892186414,12.12885796284811,0,False,False
135,27.0,2690269375136,874.0889805919318,-0.1194864928895108,1,False,False
135,27.0,2690269375808,884.129778978258,0.00017268127430306387,1,True,True
135,27.0,2690269375616,790.4217321790362,12.876378690546694,0,False,False
135,27.0,2690269376672,822.7801664355306,13.648299888592842,0,False,False
135,27.0,2690269376528,857.7618959354247,14.61638536761632,0,False,False
135,27.0,2690269374992,894.6718121646076,16.272982369835674,0,False,False
135,27.0,2690269377440,889.129778978258,0.00011561227689902701,1,False,True
135,27.0,2690269376720,933.8057598911297,16.07820998669191,1,False,False
135,27.0,2690269375328,972.361191117992,16.49207741122599,0,False,False
135,27.0,2690269376768,1013.7824913580822,17.015045848285794,0,False,False
135,27.0,2690269375088,991.6188655374041,5.8165227694432655,1,False,False
135,27.0,2690269378160,1057.4941417586747,17.57617480668628,0,False,False
135,27.0,2690269375952,1100.6042640758437,17.97937297797627,0,False,False
135,27.0,2690269375760,1010.2266451586062,5.682767683222605,1,False,False
135,27.0,2690269378064,1146.5394416074892,18.40878157991335,0,False,False
135,27.0,2690269377104,1193.0282706767866,18.76266541662882,0,False,False
135,27.0,2690269375568,1028.5304419103159,5.610594073410863,1,False,False
135,27.0,2690269376240,1242.427163733927,19.118955075416313,0,False,False
135,27.0,2690269374944,1047.0338252123172,6.1665489721445255,1,False,False
135,27.0,2690269377056,1067.1965767868398,7.51539043799083,1,False,False
135,27.0,2690269375232,1295.1777775275493,19.454839483232966,0,False,False
135,27.0,2690269377152,1360.290283803113,19.159092252140162,0,False,False
135,27.0,2690269376432,1416.4635908597584,9.36342073811228,0,True,True
135,27.0,2690269375040,1421.4635908597584,9.167570369060803,0,False,True
135,27.0,2690269375904,1090.556522923795,9.402873499076078,1,False,False
135,27.0,2690269376960,1117.804755540619,11.382927240136695,1,False,False
135,27.0,2690269378256,1149.3116891973618,13.214659722476968,1,False,False
135,27.0,2690269376624,1184.1450519244604,14.5055808520357,1,False,False
135,27.0,2690269377584,1220.8140617456975,15.312600184146534,1,False,False
135,27.0,2690269374848,1479.0625235622858,19.996821575926813,0,False,False
135,27.0,2690269377344,1260.0276488180202,16.032097798234314,1,False,False
135,27.0,2690269377296,1298.648744293761,16.489104908354264,1,False,False
135,27.0,2690269374896,1340.7368797949528,17.124946675687998,1,False,False
135,27.0,2690269376816,1544.967545643915,20.801341350789592,0,False,False
135,27.0,2690269378208,1623.759480093542,21.85654946356645,0,False,False
135,27.0,2690269377248,1385.8386382279384,17.800190293481602,1,False,False
135,27.0,2690269375856,1430.9963620203596,18.29088972448777,1,False,False
135,27.0,2690269378016,1481.9752794269025,18.932770348163796,1,False,False
135,27.0,2690269375712,1534.7263293930578,19.54855535412241,1,False,False
135,27.0,2690269375376,1713.4015660765747,22.444476162487035,0,False,False
135,27.0,2690269377968,1589.006976844611,19.975203734988998,1,False,False
135,27.0,2690269375184,1654.4933481951264,20.742165196885228,1,False,False
135,27.0,2690269377536,1734.9763028888979,21.695831077305357,1,False,False
136,27.2,2690269374656,308.04190138200175,2.3181347223673525e-10,0,True,True
136,27.2,2690269373072,306.5070487587622,1.4777992881594048e-10,1,False,True
136,27.2,2690269374704,587.2551888026017,15.712868532079028,1,False,False
136,27.2,2690269374752,571.4110745953532,9.125450775469313,0,False,False
136,27.2,2690269377776,628.028058060312,15.934981219068204,1,False,False
136,27.2,2690269376192,669.2834741432381,16.469746716296058,1,False,False
136,27.2,2690269376000,712.5829739300906,16.897898209461648,1,False,False
136,27.2,2690269377392,594.5105095260265,7.484030483183082,0,False,False
136,27.2,2690269373600,757.056802731142,16.667886848636297,1,False,False
136,27.2,2690269375424,614.595241265454,6.649062436471386,0,False,False
136,27.2,2690269376864,797.5569298125528,14.624019489608441,1,False,False
136,27.2,2690269377680,634.1217613074159,6.985971236703589,0,False,False
136,27.2,2690269377632,655.2492736525218,8.10236589641653,0,False,False
136,27.2,2690269375472,834.2374771211989,8.47707408442718,1,False,False
136,27.2,2690269377008,855.1593831371816,1.6500578889205686,1,False,False
136,27.2,2690269375520,678.8608558027955,9.357756554880405,0,False,False
136,27.2,2690269377200,865.1252043572417,-0.5457261648768758,1,False,False
136,27.2,2690269377872,704.9358016263357,10.503222481683125,0,False,False
136,27.2,2690269376144,732.9383871122627,11.457214543382397,0,False,False
136,27.2,2690269377920,762.1672406208917,12.210793929177783,0,False,False
136,27.2,2690269375136,874.0667902098355,-0.09427123626498736,1,False,False
136,27.2,2690269375808,884.1298059283662,0.00014039627161114288,1,True,True
136,27.2,2690269375616,793.0021143750236,12.952791184249058,0,False,False
136,27.2,2690269376672,825.5147559548496,13.722409718588201,0,False,False
136,27.2,2690269376528,860.6921686936231,14.722795675560874,0,False,False
136,27.2,2690269374992,897.9437688307644,16.529055508465085,0,False,False
136,27.2,2690269377440,889.1298059283661,9.39970630550904e-05,1,False,True
136,27.2,2690269376720,937.0166824788141,16.009695755140193,1,False,False
136,27.2,2690269375328,975.6616049637713,16.521928131379294,0,False,False
136,27.2,2690269376768,1017.1872355005926,17.040978146570644,0,False,False
136,27.2,2690269375088,992.7810841397802,5.800170429533898,1,False,False
136,27.2,2690269378160,1061.0108948106242,17.5988701013653,0,False,False
136,27.2,2690269375952,1104.2014533586614,17.999026984488275,0,False,False
136,27.2,2690269375760,1011.3618966649004,5.664012000159137,1,False,False
136,27.2,2690269378064,1150.2222719322926,18.424836900777333,0,False,False
136,27.2,2690269377104,1196.781647668638,18.775273179535088,0,False,False
136,27.2,2690269375568,1029.6545054529915,5.641534785392939,1,False,False
136,27.2,2690269376240,1246.2515048911623,19.126992488414515,0,False,False
136,27.2,2690269374944,1048.2745227253306,6.279086413105068,1,False,False
136,27.2,2690269377056,1068.7113681016194,7.692025021821602,1,False,False
136,27.2,2690269375232,1299.0676664123941,19.436097734704557,0,False,False
136,27.2,2690269377152,1364.0918241605561,18.68632188309127,0,False,False
136,27.2,2690269376432,1418.195895361777,7.612807853445955,0,True,True
136,27.2,2690269375040,1423.1958953617768,7.453574249689732,0,False,True
136,27.2,2690269375904,1092.4506357479522,9.605937844846212,1,False,False
136,27.2,2690269376960,1120.0937975831273,11.568951627415236,1,False,False
136,27.2,2690269378256,1151.96433046101,13.359128544639129,1,False,False
136,27.2,2690269376624,1187.052377893886,14.597761574388853,1,False,False
136,27.2,2690269377584,1223.8806850946337,15.373595347647969,1,False,False
136,27.2,2690269374848,1483.0626480014214,20.008192859882186,0,False,False
136,27.2,2690269377344,1263.2371234608377,16.077608377449653,1,False,False
136,27.2,2690269377296,1301.9492381383434,16.528976012994825,1,False,False
136,27.2,2690269374896,1344.1640932580808,17.158133297150496,1,False,False
136,27.2,2690269376816,1549.1283233636138,20.808962753740293,0,False,False
136,27.2,2690269378208,1628.1309897338926,21.859539922874646,0,False,False
136,27.2,2690269377248,1389.4004173756114,17.826183605971927,1,False,False
136,27.2,2690269375856,1434.6559436776988,18.31186483578094,1,False,False
136,27.2,2690269378016,1485.762932422702,18.9492022648675,1,False,False
136,27.2,2690269375712,1538.6369108727413,19.56157480579627,1,False,False
136,27.2,2690269375376,1717.890461309072,22.444476162487035,0,False,False
136,27.2,2690269377968,1593.0026932370663,19.98531048201512,1,False,False
136,27.2,2690269375184,1658.6421960076136,20.74836877759593,1,False,False
136,27.2,2690269377536,1739.315469104359,21.695831077305357,1,False,False
137,27.4,2690269374656,308.041901382044,1.8847293861262268e-10,0,True,True
137,27.4,2690269373072,306.50704875878984,1.2015055545805652e-10,1,False,True
137,27.4,2690269374704,590.3995942628337,15.740058610471408,1,False,False
137,27.4,2690269374752,573.2258405301745,8.970021888402524,0,False,False
137,27.4,2690269377776,631.2169612668592,15.963419799593145,1,False,False
137,27.4,2690269376192,672.5786162112435,16.4873010978277,1,False,False
137,27.4,2690269376000,715.9617244479915,16.884373994646758,1,False,False
137,27.4,2690269377392,595.9989456093282,7.360429587871535,0,False,False
137,27.4,2690269373600,760.38241000938,16.54457811796942,1,False,False
137,27.4,2690269375424,615.924107257798,6.637271961580435,0,False,False
137,27.4,2690269376864,800.4567633238141,14.242086737420387,1,False,False
137,27.4,2690269377680,635.5245574209769,7.071426353030268,0,False,False
137,27.4,2690269377632,656.8780922494246,8.227962766201335,0,False,False
137,27.4,2690269375472,835.8882985063314,7.807533659109045,1,False,False
137,27.4,2690269377008,855.4622049262556,1.250596844802423,1,False,False
137,27.4,2690269375520,680.7407123698544,9.482193980418145,0,False,False
137,27.4,2690269377200,865.0137365228876,-0.576326649970521,1,False,False
137,27.4,2690269377872,707.0438430877676,10.613830738727685,0,False,False
137,27.4,2690269376144,735.2360896886676,11.550744971774945,0,False,False
137,27.4,2690269377920,764.6148013619326,12.291568317399456,0,False,False
137,27.4,2690269375136,874.0495209926902,-0.0709435997751808,1,False,False
137,27.4,2690269375808,884.1298278398023,0.0001141473686817707,1,True,True
137,27.4,2690269375616,795.5977254910119,13.02842153110602,0,False,False
137,27.4,2690269376672,828.2642231063764,13.797417731926515,0,False,False
137,27.4,2690269376528,863.6441398336078,14.835141534389534,0,False,False
137,27.4,2690269374992,901.2656513105501,16.76592376255067,0,False,False
137,27.4,2690269377440,889.1298278398023,7.642309363649425e-05,1,False,True
137,27.4,2690269376720,940.2120766652188,15.908668562732768,1,False,False
137,27.4,2690269375328,978.9679519592353,16.551228975984905,0,False,False
137,27.4,2690269376768,1020.5971386648101,17.066501843984497,0,False,False
137,27.4,2690269375088,993.9400166395995,5.783625449258871,1,False,False
137,27.4,2690269378160,1064.5321642740282,17.62122772504073,0,False,False
137,27.4,2690269375952,1107.8025536901775,18.01838633822299,0,False,False
137,27.4,2690269375760,1012.4936387227696,5.648991878176643,1,False,False
137,27.4,2690269378064,1153.9082969546912,18.44064754751241,0,False,False
137,27.4,2690269377104,1200.5375303716419,18.78763551649385,0,False,False
137,27.4,2690269375568,1030.7852905301195,5.680503297724648,1,False,False
137,27.4,2690269376240,1250.0773816637263,19.13385995184702,0,False,False
137,27.4,2690269374944,1049.538238958027,6.399227942523055,1,False,False
137,27.4,2690269377056,1070.26175912465,7.87265455402033,1,False,False
137,27.4,2690269375232,1302.9530045017236,19.40491328789738,0,False,False
137,27.4,2690269377152,1367.793553977703,18.138472806889332,0,False,False
137,27.4,2690269376432,1419.604323081344,6.189494740697985,0,True,True
137,27.4,2690269375040,1424.604323081344,6.0600319233032955,0,False,True
137,27.4,2690269375904,1094.3853514036614,9.808758781578037,1,False,False
137,27.4,2690269376960,1122.4197926801328,11.75114642168099,1,False,False
137,27.4,2690269378256,1154.6455143352007,13.498332832578834,1,False,False
137,27.4,2690269376624,1189.9778534462196,14.685683841363112,1,False,False
137,27.4,2690269377584,1226.9593437221886,15.432165120424465,1,False,False
137,27.4,2690269374848,1487.0650375762032,20.019427939791843,0,False,False
137,27.4,2690269377344,1266.455607002224,16.121738254538585,1,False,False
137,27.4,2690269377296,1305.2576404327501,16.5678698162915,1,False,False
137,27.4,2690269374896,1347.5978920700932,17.190547578505452,1,False,False
137,27.4,2690269376816,1553.2906192958699,20.816493541638994,0,False,False
137,27.4,2690269378208,1632.503095745917,21.862504655697588,0,False,False
137,27.4,2690269377248,1392.9673587386544,17.851635653785284,1,False,False
137,27.4,2690269375856,1438.319696443608,18.332484306595337,1,False,False
137,27.4,2690269378016,1489.5538563425525,18.96540387334747,1,False,False
137,27.4,2690269375712,1542.5500853150293,19.574431250839766,1,False,False
137,27.4,2690269375376,1722.3793565415692,22.444476162487035,0,False,False
137,27.4,2690269377968,1597.0004226465942,19.995292817222246,1,False,False
137,27.4,2690269375184,1662.7922791629321,20.754492133684394,1,False,False
137,27.4,2690269377536,1743.65463531982,21.695831077305357,1,False,False
138,27.6,2690269374656,308.04190138207827,1.5323547957127012e-10,0,True,True
138,27.6,2690269373072,306.50704875881235,9.768685160797248e-11,1,False,True
138,27.6,2690269374704,593.5493542192118,15.766023308438662,1,False,False
138,27.6,2690269374752,575.0093729911789,8.812641351262911,0,False,False
138,27.6,2690269377776,634.4115018826184,15.99109695129763,1,False,False
138,27.6,2690269376192,675.8771657285832,16.50327329766037,1,False,False
138,27.6,2690269376000,719.3374331271668,16.865661548774142,1,False,False
138,27.6,2690269377392,597.4632576052875,7.245900937090827,0,False,False
138,27.6,2690269373600,763.6821963866548,16.403493461327933,1,False,False
138,27.6,2690269375424,617.2513330642477,6.636197584716044,0,False,False
138,27.6,2690269376864,803.2779844962168,13.826637338381097,1,False,False
138,27.6,2690269377680,636.9448643826054,7.1630792250642195,0,False,False
138,27.6,2690269377632,658.5321489342507,8.355269352698658,0,False,False
138,27.6,2690269375472,837.4051097781415,7.137541316160334,1,False,False
138,27.6,2690269377008,855.6876595221537,0.8890982649498425,1,False,False
138,27.6,2690269375520,682.6454108573231,9.60591084538557,0,False,False
138,27.6,2690269377200,864.8973711252618,-0.589171812707272,1,False,False
138,27.6,2690269377872,709.1739011565495,10.72284967198006,0,False,False
138,27.6,2690269376144,737.5523891955564,11.642640983540867,0,False,False
138,27.6,2690269377920,767.0784410892912,12.371211695280818,0,False,False
138,27.6,2690269375136,874.0367792665526,-0.049726563038519106,1,False,False
138,27.6,2690269375808,884.1298456546115,9.280603841860112e-05,1,True,True
138,27.6,2690269375616,798.2084157912816,13.103372650841726,0,False,False
138,27.6,2690269376672,831.0287648552992,13.873564710348415,0,False,False
138,27.6,2690269376528,866.6189055202007,14.952081009062423,0,False,False
138,27.6,2690269374992,904.6336588812178,16.984214631560082,0,False,False
138,27.6,2690269377440,889.1298456546115,6.213480561141933e-05,1,False,True
138,27.6,2690269376720,943.3240438045194,15.776053352195465,1,False,False
138,27.6,2690269375328,982.2801236177489,16.580001994590493,0,False,False
138,27.6,2690269376768,1024.0121200082529,17.09162995421173,0,False,False
138,27.6,2690269375088,995.095637929561,5.767099229377053,1,False,False
138,27.6,2690269378160,1068.0578832195572,17.643256661717803,0,False,False
138,27.6,2690269375952,1111.4075066236078,18.03745820676353,0,False,False
138,27.6,2690269375760,1013.6226511868334,5.638194206889371,1,False,False
138,27.6,2690269378064,1157.5974679491235,18.456216168378454,0,False,False
138,27.6,2690269377104,1204.2958670608693,18.799709206842326,0,False,False
138,27.6,2690269375568,1031.9244098803774,5.727596607856376,1,False,False
138,27.6,2690269376240,1253.9045316587885,19.13912234697591,0,False,False
138,27.6,2690269374944,1050.8264750048013,6.526672943116356,1,False,False
138,27.6,2690269377056,1071.8485197079362,8.056841312175004,1,False,False
138,27.6,2690269375232,1306.831188034661,19.359632138080794,0,False,False
138,27.6,2690269377152,1371.381545997103,17.531348515032533,0,False,False
138,27.6,2690269376432,1420.749426981342,5.032288464733414,0,True,True
138,27.6,2690269375040,1425.7494269813421,4.927030399272369,0,False,True
138,27.6,2690269375904,1096.3605935549367,10.010923969559137,1,False,False
138,27.6,2690269376960,1124.7819597116456,11.929289299937901,1,False,False
138,27.6,2690269378256,1157.3541891473226,13.632295844606102,1,False,False
138,27.6,2690269376624,1192.920638930095,14.769528758445272,1,False,False
138,27.6,2690269377584,1230.0495617199595,15.488445764114562,1,False,False
138,27.6,2690269374848,1491.0696652282757,20.030529534809784,0,False,False
138,27.6,2690269377344,1269.6828284833848,16.164564137689144,1,False,False
138,27.6,2690269377296,1308.5737584602166,16.60582704216499,1,False,False
138,27.6,2690269374896,1351.0381239225558,17.22222158358576,1,False,False
138,27.6,2690269376816,1557.4544154383307,20.823935512755526,0,False,False
138,27.6,2690269378208,1636.8757930071017,21.865444002399492,0,False,False
138,27.6,2690269377248,1396.5393556714482,17.87657024607859,1,False,False
138,27.6,2690269375856,1441.9875500946787,18.352761532706005,1,False,False
138,27.6,2690269378016,1493.3480055920397,18.98138209817538,1,False,False
138,27.6,2690269375712,1546.465820387788,19.587128684567833,1,False,False
138,27.6,2690269375376,1726.8682517740665,22.444476162487035,0,False,False
138,27.6,2690269377968,1601.0001403612848,20.005153279648308,1,False,False
138,27.6,2690269375184,1666.9435817277456,20.76053692798859,1,False,False
138,27.6,2690269377536,1747.9938015352811,21.695831077305357,1,False,False
139,27.8,2690269374656,308.0419013821061,1.245861202795749e-10,0,True,True
139,27.8,2690269373072,306.50704875883065,7.942302838882266e-11,1,False,True
139,27.8,2690269374704,596.7042315464678,15.790878659388284,1,False,False
139,27.8,2690269374752,576.7613607414117,8.654494333644683,0,False,False
139,27.8,2690269377776,637.6115254848933,16.017979511354014,1,False,False
139,27.8,2690269376192,679.1787966499094,16.51751453022087,1,False,False
139,27.8,2690269376000,722.7090209291215,16.841122733210266,1,False,False
139,27.8,2690269377392,598.9052975340184,7.140987857990142,0,False,False
139,27.8,2690269373600,766.9524883142004,16.242837052053968,1,False,False
139,27.8,2690269375424,618.5790453044065,6.645580547099338,0,False,False
139,27.8,2690269376864,806.0138595194609,13.377319677865371,1,False,False
139,27.8,2690269377680,638.3838919138386,7.260483166112116,0,False,False
139,27.8,2690269377632,660.2117645748705,8.483972203925372,0,False,False
139,27.8,2690269375472,838.7881445313474,6.471956517456819,1,False,False
139,27.8,2690269377008,855.8433569973658,0.565723164146792,1,False,False
139,27.8,2690269375520,684.5747962367506,9.728745933472657,0,False,False
139,27.8,2690269377200,864.7794865747255,-0.5868243232271916,1,False,False
139,27.8,2690269377872,711.3256540378067,10.830222341381466,0,False,False
139,27.8,2690269376144,739.8869597143228,11.732918135396387,0,False,False
139,27.8,2690269377920,769.5579359069098,12.44975983746798,0,False,False
139,27.8,2690269375136,874.028132363184,-0.03076123419146143,1,False,False
139,27.8,2690269375808,884.1298601387111,7.545474649500489e-05,1,True,True
139,27.8,2690269375616,800.8340567788796,13.17775611470766,0,False,False
139,27.8,2690269376672,833.8086207248417,13.951009243576395,0,False,False
139,27.8,2690269376528,869.6173002940573,15.072374560405164,0,False,False
139,27.8,2690269374992,908.044123070343,17.011979634982037,0,False,False
139,27.8,2690269377440,889.1298601387111,5.051789825118064e-05,1,False,True
139,27.8,2690269376720,946.3076781094957,15.609649992662892,1,False,False
139,27.8,2690269375328,985.5980157805368,16.608268020541054,0,False,False
139,27.8,2690269376768,1027.4321012464204,17.116374828525625,0,False,False
139,27.8,2690269375088,996.2479681352846,5.75084654237256,1,False,False
139,27.8,2690269378160,1071.587986488245,17.664965501921856,0,False,False
139,27.8,2690269375952,1115.0162551175667,18.056249317527712,0,False,False
139,27.8,2690269375760,1014.7498099124996,5.6320840132860885,1,False,False
139,27.8,2690269378064,1161.2897365605077,18.47154288113066,0,False,False
139,27.8,2690269377104,1208.0565962674984,18.81143441601386,0,False,False
139,27.8,2690269375568,1033.0734924698008,5.7828645386752315,1,False,False
139,27.8,2690269376240,1257.7326029874039,19.142310201352807,0,False,False
139,27.8,2690269374944,1052.1406704516796,6.661100559994051,1,False,False
139,27.8,2690269377056,1073.4723319862494,8.244145276013336,1,False,False
139,27.8,2690269375232,1310.6993030922304,19.298890365220696,0,False,False
139,27.8,2690269377152,1374.8448720023462,16.878296526404185,0,False,False
139,27.8,2690269376432,1421.6804388632959,4.091436902882515,0,True,True
139,27.8,2690269375040,1426.6804388632959,4.005858197215817,0,False,True
139,27.8,2690269375904,1098.3762041687198,10.21203298000381,1,False,False
139,27.8,2690269376960,1127.179474808273,12.103183726090057,1,False,False
139,27.8,2690269378256,1160.0893092711083,13.76106140921282,1,False,False
139,27.8,2690269376624,1195.8799310397865,14.849478966269254,1,False,False
139,27.8,2690269377584,1233.1508900441431,15.54256769932827,1,False,False
139,27.8,2690269374848,1495.0765044378736,20.041500286128805,0,False,False
139,27.8,2690269377344,1272.9185319856415,16.206158252971218,1,False,False
139,27.8,2690269377296,1311.8974075216186,16.642886524702103,1,False,False
139,27.8,2690269374896,1354.4846428217522,17.253185916866876,1,False,False
139,27.8,2690269376816,1561.6196941448547,20.83129041415765,0,False,False
139,27.8,2690269378208,1641.2490764625932,21.86835829719676,0,False,False
139,27.8,2690269377248,1400.1163062013354,17.901009874515488,1,False,False
139,27.8,2690269375856,1445.6594370352395,18.372709149765228,1,False,False
139,27.8,2690269378016,1497.145335936985,18.997143499487144,1,False,False
139,27.8,2690269375712,1550.3840845454174,19.599670917206325,1,False,False
139,27.8,2690269375376,1731.3571470065638,22.444476162487035,0,False,False
139,27.8,2690269377968,1605.001822171772,20.014894330172936,1,False,False
139,27.8,2690269375184,1671.0960880980258,20.766504774879287,1,False,False
139,27.8,2690269377536,1752.3329677507422,21.695831077305357,1,False,False
140,28.0,2690269374656,308.0419013821288,1.0129313008804548e-10,0,True,True
140,28.0,2690269373072,306.5070487588455,6.457386367375685e-11,1,False,True
140,28.0,2690269374704,599.8640113736444,15.814726602799677,1,False,False
140,28.0,2690269374752,578.141989928034,8.498125486458058,0,False,False
140,28.0,2690269377776,640.816870672028,16.044028951170308,1,False,False
140,28.0,2690269376192,682.4831517258978,16.529853667661843,1,False,False
140,28.0,2690269376000,726.0752758644251,16.810037787155967,1,False,False
140,28.0,2690269377392,600.327020025931,7.0461431151621605,0,False,False
140,28.0,2690269373600,770.1892473710857,16.06073277836361,1,False,False
140,28.0,2690269375424,619.9093160258454,6.665121061677107,0,False,False
140,28.0,2690269376864,808.6576173384575,12.894294643191975,1,False,False
140,28.0,2690269377680,639.8427606583464,7.363195755845913,0,False,False
140,28.0,2690269377632,661.9171981568576,8.613770036975799,0,False,False
140,28.0,2690269375472,840.038606314204,5.815587486577895,1,False,False
140,28.0,2690269377008,855.9369090081735,0.28017599586283026,1,False,False
140,28.0,2690269375520,686.5286819950454,9.850549406088634,0,False,False
140,28.0,2690269377200,864.662957323053,-0.5717134404521654,1,False,False
140,28.0,2690269377872,713.4987691472754,10.935900726615277,0,False,False
140,28.0,2690269376144,742.239478760022,11.821596778385524,0,False,False
140,28.0,2690269377920,772.0530694299645,12.527253859707685,0,False,False
140,28.0,2690269375136,874.0231243477365,-0.01411655169198346,1,False,False
140,28.0,2690269375808,884.1298719148207,6.134750352067953e-05,1,True,True
140,28.0,2690269375616,803.4745425841257,13.251686382848051,0,False,False
140,28.0,2690269376672,836.6040540844266,14.029668929056777,0,False,False
140,28.0,2690269376528,872.6392277532059,15.179601113784807,0,False,False
140,28.0,2690269374992,911.4256165050656,16.706525362810233,0,False,False
140,28.0,2690269377440,889.1298719148206,4.107292231147843e-05,1,False,True
140,28.0,2690269376720,949.3155460950126,15.414036475111674,0,False,False
140,28.0,2690269375328,988.9215283777673,16.63604673537176,0,False,False
140,28.0,2690269376768,1030.8570065229383,17.140748194596128,0,False,False
140,28.0,2690269375088,997.397081002692,5.735161100223767,1,False,False
140,28.0,2690269378160,1075.1224106136124,17.68636245367676,0,False,False
140,28.0,2690269375952,1118.628743442054,18.074765862666432,0,False,False
140,28.0,2690269375760,1015.8760820337643,5.631099363348689,1,False,False
140,28.0,2690269378064,1164.9850542556119,18.486624640444784,0,False,False
140,28.0,2690269377104,1211.8196434305466,18.822734416593256,0,False,False
140,28.0,2690269375568,1034.2341741854789,5.846311739966715,1,False,False
140,28.0,2690269376240,1261.5611481200951,19.14292949918856,0,False,False
140,28.0,2690269374944,1053.482199486347,6.802172024759707,1,False,False
140,28.0,2690269377056,1075.1337900056076,8.434125449387727,1,False,False
140,28.0,2690269375232,1314.5541778640875,19.221529516856435,0,False,False
140,28.0,2690269377152,1378.1751093963567,16.190248947831037,0,False,False
140,28.0,2690269376432,1422.4373860052456,3.3264897367435915,0,True,True
140,28.0,2690269375040,1427.4373860052456,3.256911079454875,0,False,True
140,28.0,2690269375904,1100.4319460013746,10.41169885808623,1,False,False
140,28.0,2690269376960,1129.6114765222446,12.272659107027245,1,False,False
140,28.0,2690269378256,1162.849839134041,13.884692307646105,1,False,False
140,28.0,2690269376624,1198.8549630251805,14.925717218975162,1,False,False
140,28.0,2690269377584,1236.2629053409864,15.594655424293473,1,False,False
140,28.0,2690269374848,1499.0855292084248,20.052342759909358,0,False,False
140,28.0,2690269377344,1276.1624757463421,16.246588530669285,1,False,False
140,28.0,2690269377296,1315.2284105626782,16.679085285438823,1,False,False
140,28.0,2690269374896,1357.9373088002324,17.283469774831243,1,False,False
140,28.0,2690269376816,1565.786438115402,20.838559943644906,0,False,False
140,28.0,2690269378208,1645.6229411239792,21.87124786829633,0,False,False
140,28.0,2690269377248,1403.698112769744,17.924975782070636,1,False,False
140,28.0,2690269375856,1449.3352921486169,18.392339081883545,1,False,False
140,28.0,2690269378016,1500.945804432247,19.012694297901312,1,False,False
140,28.0,2690269375712,1554.30484699267,19.61206158622395,1,False,False
140,28.0,2690269375376,1735.846042239061,22.444476162487035,0,False,False
140,28.0,2690269377968,1609.0054443558383,20.024518355028558,1,False,False
140,28.0,2690269375184,1675.249782989485,20.772397242119183,1,False,False
140,28.0,2690269377536,1756.6721339662033,21.695831077305357,1,False,False
141,28.2,2690269374656,308.0419013821473,8.235506635899165e-11,0,True,True
141,28.2,2690269373072,306.5070487588576,5.250094279134482e-11,1,False,True
141,28.2,2690269374704,603.0284983214145,15.837655808784003,1,False,False
141,28.2,2690269374752,579.4369223417982,8.339008457651605,0,False,False
141,28.2,2690269377776,644.0273679374551,16.0692005615308,1,False,False
141,28.2,2690269376192,685.7898378361532,16.540094176346713,1,False,False
141,28.2,2690269376000,729.4348361331656,16.77159727914728,1,False,False
141,28.2,2690269377392,601.7304643087826,6.961730639462158,0,False,False
141,28.2,2690269373600,773.3880559717785,15.855252809022215,1,False,False
141,28.2,2690269375424,621.2441548765062,6.694483924495001,0,False,False
141,28.2,2690269376864,811.2025568631187,12.37830368414081,1,False,False
141,28.2,2690269377680,641.3225031430599,7.470780406462278,0,False,False
141,28.2,2690269377632,663.6486492311446,8.74437394060645,0,False,False
141,28.2,2690269375472,841.1586518799724,5.173095656496293,1,False,False
141,28.2,2690269377008,855.9758384942513,0.031722267678194124,1,False,False
141,28.2,2690269375520,688.5068524089644,9.971182779570496,0,False,False
141,28.2,2690269377200,864.5501818393029,-0.5461172032043264,1,False,False
141,28.2,2690269377872,715.6929048770298,11.039845449847897,0,False,False
141,28.2,2690269376144,744.6096282283867,11.9087018814069,0,False,False
141,28.2,2690269377920,774.5636338405734,12.603739785194199,0,False,False
141,28.2,2690269375136,874.0212898075006,0.00020106221894078662,1,False,False
141,28.2,2690269375808,884.1298814892338,4.9877792492072485e-05,1,True,True
141,28.2,2690269375616,806.1297893535088,13.325254690180008,0,False,False
141,28.2,2690269376672,839.4152564111664,14.108663014365915,0,False,False
141,28.2,2690269376528,875.681272925785,15.267466406613412,0,False,False
141,28.2,2690269374992,914.7487910368707,16.448217052743416,0,False,False
141,28.2,2690269377440,889.1298814892338,3.339380705857683e-05,1,False,True
141,28.2,2690269376720,952.353655713514,15.541939913440538,0,False,False
141,28.2,2690269375328,992.2505652023699,16.663356730993545,0,False,False
141,28.2,2690269376768,1034.2867622872857,17.16476119259959,0,False,False
141,28.2,2690269375088,998.5431113622818,5.720370593040215,1,False,False
141,28.2,2690269378160,1078.6610937455737,17.707455347082973,0,False,False
141,28.2,2690269375952,1122.2449170638542,18.093013381122777,0,False,False
141,28.2,2690269375760,1017.0025202661984,5.635646945592644,1,False,False
141,28.2,2690269378064,1168.683371649875,18.50145463841771,0,False,False
141,28.2,2690269377104,1215.5849175191306,18.833515650259628,0,False,False
141,28.2,2690269375568,1035.4080889497413,5.917899975102516,1,False,False
141,28.2,2690269376240,1265.38961939169,19.140466952186046,0,False,False
141,28.2,2690269374944,1054.8523674613366,6.94953280599123,1,False,False
141,28.2,2690269377056,1076.833399616796,8.626341195143713,1,False,False
141,28.2,2690269375232,1318.3924185514647,19.126521090071577,0,False,False
141,28.2,2690269377152,1381.3658744532613,15.476001987886015,0,False,False
141,28.2,2690269376432,1423.0528120667302,2.704559359296123,0,True,True
141,28.2,2690269375040,1428.05281206673,2.647989333933089,0,False,True
141,28.2,2690269375904,1102.5275053969501,10.609549669002325,1,False,False
141,28.2,2690269376960,1132.077071015065,12.43757072993971,1,False,False
141,28.2,2690269378256,1165.6347568963808,14.003268589023403,1,False,False
141,28.2,2690269376624,1201.8450046277069,14.998425116932424,1,False,False
141,28.2,2690269377584,1239.3852087599528,15.644827491501413,1,False,False
141,28.2,2690269374848,1503.0967140517332,20.063059450076338,0,False,False
141,28.2,2690269377344,1279.4144313123845,16.28591879624036,1,False,False
141,28.2,2690269377296,1318.5665978165275,16.714458609097726,1,False,False
141,28.2,2690269374896,1361.3959876386523,17.313100997603044,1,False,False
141,28.2,2690269376816,1569.9546303863035,20.845745751590304,0,False,False
141,28.2,2690269378208,1649.997382068095,21.874113038030522,0,False,False
141,28.2,2690269377248,1407.2846819869098,17.948488029387516,1,False,False
141,28.2,2690269375856,1453.0150526579075,18.411662587203576,1,False,False
141,28.2,2690269378016,1504.7493693553834,19.02804039759206,1,False,False
141,28.2,2690269375712,1558.2280776508728,19.624304167738572,1,False,False
141,28.2,2690269375376,1740.3349374715583,22.444476162487035,0,False,False
141,28.2,2690269377968,1613.0109836637093,20.034027669095906,1,False,False
141,28.2,2690269375184,1679.404651428373,20.778215852632055,1,False,False
141,28.2,2690269377536,1761.0113001816644,21.695831077305357,1,False,False
142,28.4,2690269374656,308.0419013821623,6.695771913750314e-11,0,True,True
142,28.4,2690269373072,306.5070487588674,4.2685210968725986e-11,1,False,True
142,28.4,2690269374704,606.1975138990728,15.859742422486436,1,False,False
142,28.4,2690269374752,580.9965052757518,8.503476815819383,1,False,False
142,28.4,2690269377776,647.2428383736336,16.093442527267655,1,False,False
142,28.4,2690269376192,689.0984206835637,16.548010657614252,1,False,False
142,28.4,2690269376000,732.7861716542843,16.7248941038772,1,False,False
142,28.4,2690269377392,603.1177366084493,6.88802824396388,0,False,False
142,28.4,2690269373600,776.5441094373109,15.6244561538439,1,False,False
142,28.4,2690269375424,622.5855023805259,6.733303832066582,0,False,False
142,28.4,2690269376864,813.642166906326,11.830722298288618,1,False,False
142,28.4,2690269377680,642.8240650375662,7.582807710727626,0,False,False
142,28.4,2690269377632,665.4062604007505,8.875507556786944,0,False,False
142,28.4,2690269375472,842.1513559842431,4.5489106983431995,1,False,False
142,28.4,2690269377008,855.9674936632107,-0.18078214142938995,1,False,False
142,28.4,2690269375520,690.5090648129293,10.090518870412888,0,False,False
142,28.4,2690269377200,864.4431136995346,-0.5121509787994954,1,False,False
142,28.4,2690269377872,717.9077123046258,11.142025481888407,0,False,False
142,28.4,2690269376144,746.9970953065737,11.994262819017692,0,False,False
142,28.4,2690269377920,777.089430749308,12.679266288747181,0,False,False
142,28.4,2690269375136,874.0221657195972,0.012238220642422587,1,False,False
142,28.4,2690269375808,884.1298892735863,4.055249262170279e-05,1,True,True
142,28.4,2690269375616,808.7997279756771,13.398498375928801,0,False,False
142,28.4,2690269376672,842.2422313798252,14.18708313693062,0,False,False
142,28.4,2690269376528,878.7397506205168,15.33894193766605,0,False,False
142,28.4,2690269374992,918.0241755647526,16.245161702730066,0,False,False
142,28.4,2690269377440,889.1298892735863,2.71504019462918e-05,1,False,True
142,28.4,2690269376720,955.4449328144254,15.672290646944063,0,False,False
142,28.4,2690269375328,995.5850336961355,16.69021556953976,0,False,False
142,28.4,2690269376768,1037.7212971795573,17.18842440850307,0,False,False
142,28.4,2690269375088,999.6862615709335,5.706831298075042,1,False,False
142,28.4,2690269378160,1082.2039755747935,17.7282516318192,0,False,False
142,28.4,2690269375952,1125.8647225069922,18.11099662112283,0,False,False
142,28.4,2690269375760,1018.1302563738153,5.646098366624262,1,False,False
142,28.4,2690269378064,1172.3846377171374,18.51602174821656,0,False,False
142,28.4,2690269377104,1219.3523076781325,18.84366791129112,0,False,False
142,28.4,2690269375568,1036.5968603066588,5.997550615891634,1,False,False
142,28.4,2690269376240,1269.2173652937047,19.1343914240061,0,False,False
142,28.4,2690269374944,1056.2524078761262,7.10281459421499,1,False,False
142,28.4,2690269377056,1078.5715786374142,8.820353595762342,1,False,False
142,28.4,2690269375232,1322.2104308999435,19.012902322564152,0,False,False
142,28.4,2690269377152,1384.4124195495879,14.742592346046571,0,False,False
142,28.4,2690269376432,1423.553176248275,2.198906927972907,0,True,True
142,28.4,2690269375040,1428.553176248275,2.152913402166636,0,False,True
142,28.4,2690269375904,1104.6624953924575,10.80523000619932,1,False,False
142,28.4,2690269376960,1134.5753372181418,12.597799483377566,1,False,False
142,28.4,2690269378256,1168.4430577900978,14.116885844490115,1,False,False
142,28.4,2690269376624,1204.8493617730599,15.06778199255102,1,False,False
142,28.4,2690269377584,1242.517424765672,15.69319653444591,1,False,False
142,28.4,2690269374848,1507.1100339737116,20.073652780990205,0,False,False
142,28.4,2690269377344,1282.674182732116,16.32420896355605,1,False,False
142,28.4,2690269377296,1321.9118064613067,16.749040117596152,1,False,False
142,28.4,2690269374896,1364.8605505979472,17.342106120557897,1,False,False
142,28.4,2690269376816,1574.124254320895,20.85284944269518,0,False,False
142,28.4,2690269378208,1654.3723944358578,21.876954122988504,0,False,False
142,28.4,2690269377248,1410.8759243997047,17.97156555861838,1,False,False
142,28.4,2690269375856,1456.6986579956742,18.43069030062112,1,False,False
142,28.4,2690269378016,1508.5559901448096,19.043187407652294,1,False,False
142,28.4,2690269375712,1562.1537471263728,19.636401987068172,1,False,False
142,28.4,2690269375376,1744.8238327040556,22.444476162487035,0,False,False
142,28.4,2690269377968,1617.0184173039913,20.04342451900017,1,False,False
142,28.4,2690269375184,1683.5606787426223,20.783962086187255,1,False,False
142,28.4,2690269377536,1765.3504663971255,21.695831077305357,1,False,False
143,28.6,2690269374656,308.04190138217444,5.4439105574313666e-11,0,True,True
143,28.6,2690269373072,306.50704875887544,3.470465745131381e-11,1,False,True
143,28.6,2690269374704,609.3708940447199,15.8810507218358,1,False,False
143,28.6,2690269374752,582.6741152592822,8.854532523478055,1,False,False
143,28.6,2690269377776,650.4630921827322,16.11669487531214,1,False,False
143,28.6,2690269376192,692.408418768591,16.55334495773826,1,False,False
143,28.6,2690269376000,736.1275640147636,16.668915876958994,1,False,False
143,28.6,2690269377392,604.4909931510933,6.825231179959384,0,False,False
143,28.6,2690269373600,779.6522164923495,15.366438060288862,1,False,False
143,28.6,2690269375424,623.9352242556108,6.781190362077828,0,False,False
143,28.6,2690269376864,815.9702555436271,11.253593145896211,1,False,False
143,28.6,2690269377680,644.3483066700322,7.6988565998374305,0,False,False
143,28.6,2690269377632,667.1901198425369,9.006907243338055,0,False,False
143,28.6,2690269375472,843.020660034484,3.947158598871259,1,False,False
143,28.6,2690269377008,855.9189686482154,-0.35884966291143067,1,False,False
143,28.6,2690269375520,692.5350518536983,10.208441707409449,0,False,False
143,28.6,2690269377200,864.3432946241287,-0.4717608341009286,1,False,False
143,28.6,2690269377872,720.1428368423607,11.242417830727224,0,False,False
143,28.6,2690269376144,749.4015733335954,12.078313024970898,0,False,False
143,28.6,2690269377920,779.6302715121524,12.753881547443617,0,False,False
143,28.6,2690269375136,874.0253014405479,0.022085389730626483,1,False,False
143,28.6,2690269375808,884.129895602553,3.297067844561554e-05,1,True,True
143,28.6,2690269375616,811.4842934460279,13.471406822209104,0,False,False
143,28.6,2690269376672,845.0848132981436,14.264206041758213,0,False,False
143,28.6,2690269376528,881.8115878435435,15.396973804332278,0,False,False
143,28.6,2690269374992,921.2619712386829,16.08491534695715,0,False,False
143,28.6,2690269377440,889.129895602553,2.207428235277769e-05,1,False,True
143,28.6,2690269376720,958.5759500257241,15.800430063503569,0,False,False
143,28.6,2690269375328,998.9248447476249,16.71663984076608,0,False,False
143,28.6,2690269376768,1041.16054192169,17.211747904384804,0,False,False
143,28.6,2690269375088,1000.8268068524939,5.6949223686837005,1,False,False
143,28.6,2690269378160,1085.7509972560476,17.748758367110437,0,False,False
143,28.6,2690269375952,1129.4881071845582,18.128719386446207,0,False,False
143,28.6,2690269375760,1019.2604939431761,5.662787168638099,1,False,False
143,28.6,2690269378064,1176.088798891026,18.530310010445906,0,False,False
143,28.6,2690269377104,1223.1216799092572,18.853064475801126,0,False,False
143,28.6,2690269375568,1037.802093517675,6.085147275058296,1,False,False
143,28.6,2690269376240,1273.043626829984,19.124152170452252,0,False,False
143,28.6,2690269374944,1057.6834797458189,7.261637133963252,1,False,False
143,28.6,2690269377056,1080.3486572882816,9.015726849121748,1,False,False
143,28.6,2690269375232,1326.00442969524,18.87972414311184,0,False,False
143,28.6,2690269377152,1387.311307442913,13.9956865779877,0,False,False
143,28.6,2690269376432,1423.9599908598777,1.7877927734393058,0,True,True
143,28.6,2690269375040,1428.9599908598777,1.7503983334948883,0,False,True
143,28.6,2690269375904,1106.8364591211082,10.998402439154408,1,False,False
143,28.6,2690269376960,1137.105331923537,12.753251368999548,1,False,False
143,28.6,2690269378256,1171.2737571112302,14.225653465746396,1,False,False
143,28.6,2690269376624,1207.8673760511,15.133963945243373,1,False,False
143,28.6,2690269377584,1245.6591999581913,15.739869337087573,1,False,False
143,28.6,2690269374848,1511.1254644606402,20.08412510999868,0,False,False
143,28.6,2690269377344,1285.9415257859257,16.361515228427695,1,False,False
143,28.6,2690269377296,1325.2638802924405,16.78286184217716,1,False,False
143,28.6,2690269374896,1368.3308741618077,17.37051042564775,1,False,False
143,28.6,2690269376816,1578.2952936004951,20.85987257766214,0,False,False
143,28.6,2690269378208,1658.747973431126,21.8797714341444,0,False,False
143,28.6,2690269377248,1414.471754272061,17.994226254702824,1,False,False
143,28.6,2690269375856,1460.386049682004,18.449432273804714,1,False,False
143,28.6,2690269378016,1512.3656273421248,19.058140661873296,1,False,False
143,28.6,2690269375712,1566.0818266810388,19.64835822849152,1,False,False
143,28.6,2690269375376,1749.3127279365528,22.444476162487035,0,False,False
143,28.6,2690269377968,1621.0277229302178,20.052711086022722,1,False,False
143,28.6,2690269375184,1687.717850553327,20.7896373810044,1,False,False
143,28.6,2690269377536,1769.6896326125866,21.695831077305357,1,False,False
144,28.8,2690269374656,308.04190138218434,4.426100909508643e-11,0,True,True
144,28.8,2690269373072,306.5070487588819,2.8216171865601504e-11,1,False,True
144,28.8,2690269374704,612.5484867909172,15.901633682850365,1,False,False
144,28.8,2690269374752,584.4453578891155,9.22619117293933,1,False,False
144,28.8,2690269377776,653.6879269675632,16.138888278112905,1,False,False
144,28.8,2690269376192,695.7192965551442,16.555801815250856,1,False,False
144,28.8,2690269376000,739.4570849476708,16.602538196354864,1,False,False
144,28.8,2690269377392,605.8524239248118,6.77345638413379,0,False,False
144,28.8,2690269373600,782.7068103814328,15.079390471172008,1,False,False
144,28.8,2690269375424,625.2951067025577,6.837732589547437,0,False,False
144,28.8,2690269376864,818.1810844646058,10.649633686473278,1,False,False
144,28.8,2690269377680,645.896004763387,7.818515337151576,0,False,False
144,28.8,2690269377632,669.0002638602818,9.138322218477695,0,False,False
144,28.8,2690269375472,843.7713072725169,3.3716034411247597,1,False,False
144,28.8,2690269377008,855.8370331613772,-0.5043092895095492,1,False,False
144,28.8,2690269375520,694.5845237252124,10.32484640978587,0,False,False
144,28.8,2690269377200,864.2518885887105,-0.4267204316494205,1,False,False
144,28.8,2690269377872,722.3979198228019,11.341007207194526,0,False,False
144,28.8,2690269376144,751.8227625809865,12.160889494373125,0,False,False
144,28.8,2690269377920,782.1859769469094,12.82763062757664,0,False,False
144,28.8,2690269375136,874.0302668856618,0.02986812662284345,1,False,False
144,28.8,2690269375808,884.1299007482376,2.680638271252416e-05,1,True,True
144,28.8,2690269375616,814.1834160108962,13.543932318966407,0,False,False
144,28.8,2690269376672,847.9427032677938,14.339472817690275,0,False,False
144,28.8,2690269376528,884.8942630324793,15.443958990444674,0,False,False
144,28.8,2690269374992,924.4700497871914,15.957902915420789,0,False,False
144,28.8,2690269377440,889.1299007482376,1.794720911882133e-05,1,False,True
144,28.8,2690269376720,961.7388033451878,15.923063718595582,0,False,False
144,28.8,2690269375328,1002.2699125013888,16.7426452169155,0,False,False
144,28.8,2690269376768,1044.604429214544,17.23474124565183,0,False,False
144,28.8,2690269375088,1001.9650994808019,5.685039919143861,1,False,False
144,28.8,2690269378160,1089.3021013290613,17.768982203904816,0,False,False
144,28.8,2690269375952,1133.1150191988631,18.146184369448328,0,False,False
144,28.8,2690269375760,1020.3945006088034,5.686006560200203,1,False,False
144,28.8,2690269378064,1179.7957980660738,18.544298153932072,0,False,False
144,28.8,2690269377104,1226.8928737669087,18.861562038582026,0,False,False
144,28.8,2690269375568,1039.0253681895967,6.180538513535719,1,False,False
144,28.8,2690269376240,1276.8675333393724,19.109174486865836,0,False,False
144,28.8,2690269374944,1059.1466653268537,7.425609918960557,1,False,False
144,28.8,2690269377056,1082.164878911652,9.212029704861695,1,False,False
144,28.8,2690269375232,1329.770438668955,18.726011393247344,0,False,False
144,28.8,2690269377152,1390.0601617617133,13.239938856958508,0,False,False
144,28.8,2690269376432,1424.2907462063185,1.45354173935332,0,True,True
144,28.8,2690269375040,1429.2907462063185,1.4231386746992514,0,False,True
144,28.8,2690269375904,1109.0488734998564,11.188748877087361,1,False,False
144,28.8,2690269376960,1139.666094763662,12.903856815102396,1,False,False
144,28.8,2690269378256,1174.1258928641466,14.32969291155759,1,False,False
144,28.8,2690269376624,1210.8984240123914,15.19714301943999,1,False,False
144,28.8,2690269377584,1248.810201909609,15.784946939248659,1,False,False
144,28.8,2690269374848,1515.1429814659286,20.094478729874865,0,False,False
144,28.8,2690269377344,1289.216267255474,16.397890260722868,1,False,False
144,28.8,2690269377296,1328.622669409209,16.815954293546312,1,False,False
144,28.8,2690269374896,1371.806839789394,17.398337992214223,1,False,False
144,28.8,2690269376816,1582.4677322157129,20.86681667479074,0,False,False
144,28.8,2690269378208,1663.124114319585,21.88256527698217,0,False,False
144,28.8,2690269377248,1418.0720893774812,18.01648700406539,1,False,False
144,28.8,2690269375856,1464.0771712103965,18.467898012661156,1,False,False
144,28.8,2690269378016,1516.1782425382924,19.07290523705853,1,False,False
144,28.8,2690269375712,1570.0122882046662,19.660175944279068,1,False,False
144,28.8,2690269375376,1753.8016231690501,22.444476162487035,0,False,False
144,28.8,2690269377968,1625.0388786279657,20.06188948884202,1,False,False
144,28.8,2690269375184,1691.8761527665347,20.795243135282913,1,False,False
144,28.8,2690269377536,1774.0287988280477,21.695831077305357,1,False,False
145,29.0,2690269374656,308.0419013821924,3.5985839690938426e-11,0,True,True
145,29.0,2690269373072,306.5070487588872,2.2940792770136453e-11,1,False,True
145,29.0,2690269374704,615.730150036956,15.921533447069214,1,False,False
145,29.0,2690269374752,586.3025428765702,9.607228892923551,1,False,False
145,29.0,2690269377776,656.9171257725354,16.15994269247199,1,False,False
145,29.0,2690269376192,699.0304567336732,16.555044019650392,1,False,False
145,29.0,2690269376000,742.7725735502966,16.524519369120377,1,False,False
145,29.0,2690269377392,607.2042373291521,6.732747270109659,0,False,False
145,29.0,2690269373600,785.7019727881061,14.761672893297165,1,False,False
145,29.0,2690269375424,626.6668525928555,6.902503323802077,0,False,False
145,29.0,2690269376864,820.2695029472945,10.022214634723575,1,False,False
145,29.0,2690269377680,647.467854360565,7.941382371634622,0,False,False
145,29.0,2690269377632,670.8366794654495,9.269514686990584,0,False,False
145,29.0,2690269375472,844.4087671820884,2.8256018151419284,1,False,False
145,29.0,2690269377008,855.7280730353644,-0.6192475856988581,1,False,False
145,29.0,2690269375520,696.6571703767548,10.439639030469323,0,False,False
145,29.0,2690269377200,864.1697163756395,-0.3786304350933632,1,False,False
145,29.0,2690269377872,724.6726000156413,11.437785662584721,0,False,False
145,29.0,2690269376144,754.2603709255266,12.24203216861918,0,False,False
145,29.0,2690269377920,784.7563765706371,12.900553513867937,0,False,False
145,29.0,2690269375136,874.0366589899011,0.035738849017636326,1,False,False
145,29.0,2690269375808,884.1299049318695,2.1794581974271497e-05,1,True,True
145,29.0,2690269375616,816.8970144037385,13.615999506776191,0,False,False
145,29.0,2690269376672,850.8154999576144,14.412458893835824,0,False,False
145,29.0,2690269376528,887.9857034097647,15.481864471424801,0,False,False
145,29.0,2690269374992,927.6545841421772,15.857562793976088,0,False,False
145,29.0,2690269377440,889.1299049318695,1.4591745725050587e-05,1,False,True
145,29.0,2690269376720,964.9287451303377,16.03859474424121,0,False,False
145,29.0,2690269375328,1005.6201541779882,16.76824650497675,0,False,False
145,29.0,2690269376768,1048.0528936402188,17.257413525023132,0,False,False
145,29.0,2690269375088,1003.1015717722029,5.677591023648747,1,False,False
145,29.0,2690269378160,1092.8572316352554,17.788929359163816,0,False,False
145,29.0,2690269375952,1136.745407107441,18.163392973122193,0,False,False
145,29.0,2690269375760,1021.5335998711113,5.71600783519598,1,False,False
145,29.0,2690269378064,1183.5055735045983,18.557959136910164,0,False,False
145,29.0,2690269377104,1230.6656990228494,18.869000350247664,0,False,False
145,29.0,2690269375568,1040.268231446145,6.283540568265265,1,False,False
145,29.0,2690269376240,1280.6880973019904,19.088853271210024,0,False,False
145,29.0,2690269374944,1060.6429681735742,7.594333768972069,1,False,False
145,29.0,2690269377056,1084.0204009795104,9.408836942762406,1,False,False
145,29.0,2690269375232,1333.5042832555976,18.550735080461173,0,False,False
145,29.0,2690269377152,1392.6574857681107,12.479296956176656,0,False,False
145,29.0,2690269376432,1424.5596625531732,1.1817832689734844,0,True,True
145,29.0,2690269375040,1429.5596625531732,1.1570644513702952,0,False,True
145,29.0,2690269375904,1111.2991531828434,11.375971824818985,1,False,False
145,29.0,2690269376960,1142.2566530412023,13.049569806742026,1,False,False
145,29.0,2690269378256,1176.998528060772,14.429136003723746,1,False,False
145,29.0,2690269376624,1213.941916309482,15.257486517884436,1,False,False
145,29.0,2690269377584,1251.9701180238587,15.828524771736278,1,False,False
145,29.0,2690269374848,1519.1625613973579,20.104715871147416,0,False,False
145,29.0,2690269377344,1292.4982242311737,16.433383393661117,1,False,False
145,29.0,2690269377296,1331.9880299152082,16.848346529924992,1,False,False
145,29.0,2690269374896,1375.2883336781636,17.425611747094187,1,False,False
145,29.0,2690269376816,1586.6415544580702,20.87368321150019,0,False,False
145,29.0,2690269378208,1667.500812427658,21.885335951617282,0,False,False
145,29.0,2690269377248,1421.6768508031141,18.038363750733282,1,False,False
145,29.0,2690269375856,1467.7719679409834,18.486096512389768,1,False,False
145,29.0,2690269378016,1519.9937983233935,19.08748596998111,1,False,False
145,29.0,2690269375712,1573.945104189142,19.671858063049818,1,False,False
145,29.0,2690269375376,1758.2905184015474,22.444476162487035,0,False,False
145,29.0,2690269377968,1629.0518629025087,20.07096178611621,1,False,False
145,29.0,2690269375184,1696.0355715653411,20.800780708660618,1,False,False
145,29.0,2690269377536,1778.3679650435088,21.695831077305357,1,False,False
146,29.2,2690269374656,308.04190138219894,2.925782047761038e-11,0,True,True
146,29.2,2690269373072,306.5070487588915,1.8651714181112422e-11,1,False,True
146,29.2,2690269374704,618.9157494078111,15.940781685730757,1,False,False
146,29.2,2690269374752,588.2421587907272,9.990422016630717,1,False,False
146,29.2,2690269377776,660.1504548402829,16.179765811867917,1,False,False
146,29.2,2690269376192,702.3412314824687,16.550687064635746,1,False,False
146,29.2,2690269376000,746.0716125824763,16.43349733956911,1,False,False
146,29.2,2690269377392,608.5486458118432,6.703078922964212,0,False,False
146,29.2,2690269373600,788.6314725395742,14.411891913708404,1,False,False
146,29.2,2690269375424,628.0520784781625,6.975062963107099,0,False,False
146,29.2,2690269376864,822.2310754765078,9.375307622515379,1,False,False
146,29.2,2690269377680,649.0644709122085,8.067067072361713,0,False,False
146,29.2,2690269377632,672.6993069819124,9.400259946820697,0,False,False
146,29.2,2690269375472,844.9391515063824,2.312067547004722,1,False,False
146,29.2,2690269377008,855.5980428423851,-0.7059464066674056,1,False,False
146,29.2,2690269375520,698.7526636874011,10.552736363749515,0,False,False
146,29.2,2690269377200,864.0972901172128,-0.32891968887938045,1,False,False
146,29.2,2690269377872,726.9665150700184,11.532752194893773,0,False,False
146,29.2,2690269376144,756.7141143930718,12.321783240093835,0,False,False
146,29.2,2690269377920,787.3413074819725,12.972683706153733,0,False,False
146,29.2,2690269375136,874.0441065632207,0.03986923248265485,1,False,False
146,29.2,2690269375808,884.1299083333172,1.7719802351822515e-05,1,True,True
146,29.2,2690269375616,819.624990862249,13.687513272621697,0,False,False
146,29.2,2690269376672,853.7027248290237,14.482850816877086,0,False,False
146,29.2,2690269376528,891.0842070327053,15.51233893427307,0,False,False
146,29.2,2690269374992,930.7561004947444,15.779272349100284,0,False,False
146,29.2,2690269377440,889.1299083333174,1.186362970949298e-05,1,False,True
146,29.2,2690269376720,968.1426582772956,16.146470503139565,0,False,False
146,29.2,2690269375328,1008.9754899042898,16.793457696278704,0,False,False
146,29.2,2690269376768,1051.5058715689395,17.279773383159768,0,False,False
146,29.2,2690269375088,1004.2367378782232,5.672987746229418,1,False,False
146,29.2,2690269378160,1096.416333228828,17.808605582282652,0,False,False
146,29.2,2690269375952,1140.3792196528125,18.180345123608205,0,False,False
146,29.2,2690269375760,1022.6791626420679,5.7529994408363985,1,False,False
146,29.2,2690269378064,1187.2180576522662,18.57125969055966,0,False,False
146,29.2,2690269377104,1234.4399322338377,18.875201471274863,0,False,False
146,29.2,2690269375568,1041.5321916440118,6.393940055073588,1,False,False
146,29.2,2690269376240,1284.5042077419669,19.062544932238858,0,False,False
146,29.2,2690269374944,1062.1733115033128,7.76740230842235,1,False,False
146,29.2,2690269377056,1085.9152964002349,9.605730890380656,1,False,False
146,29.2,2690269375232,1337.2015785846058,18.35279632226685,0,False,False
146,29.2,2690269377152,1395.1025384753464,11.717250248917686,0,False,False
146,29.2,2690269376432,1424.7783015030304,0.9608335674261456,0,True,True
146,29.2,2690269375040,1429.7783015030304,0.9407362532029896,0,False,True
146,29.2,2690269375904,1113.5866547576156,11.559795507668673,1,False,False
146,29.2,2690269376960,1144.8760263737565,13.190366850433023,1,False,False
146,29.2,2690269378256,1179.8907526819778,14.524123271532684,1,False,False
146,29.2,2690269376624,1216.9972967094077,15.315156441203337,1,False,False
146,29.2,2690269377584,1255.1386544252036,15.87069281558506,1,False,False
146,29.2,2690269374848,1523.1841811047807,20.11483870432809,0,False,False
146,29.2,2690269377344,1295.7872234572812,16.468040809127537,1,False,False
146,29.2,2690269377296,1335.3598236322807,16.880066222954675,1,False,False
146,29.2,2690269374896,1378.7752465366684,17.45235351384964,1,False,False
146,29.2,2690269376816,1590.816744911923,20.880473625783175,0,False,False
146,29.2,2690269378208,1671.878063141439,21.8880837529153,0,False,False
146,29.2,2690269377248,1425.2859627648827,18.05987154989276,1,False,False
146,29.2,2690269375856,1471.4703870006051,18.50403629026353,1,False,False
146,29.2,2690269378016,1523.8122582396845,19.101887473086563,1,False,False
146,29.2,2690269375712,1577.8802477042393,19.683407397505984,1,False,False
146,29.2,2690269375376,1762.7794136340447,22.444476162487035,0,False,False
146,29.2,2690269377968,1633.0666546669788,20.079929978918898,1,False,False
146,29.2,2690269375184,1700.1960934022713,20.806251423605474,1,False,False
146,29.2,2690269377536,1782.7071312589699,21.695831077305357,1,False,False
147,29.4,2690269374656,308.04190138220423,2.3787691671277893e-11,0,True,True
147,29.4,2690269373072,306.50704875889494,1.516453443347333e-11,1,False,True
147,29.4,2690269374704,622.1051561787568,15.959399855093833,1,False,False
147,29.4,2690269374752,590.2616660625746,10.371222198745544,1,False,False
147,29.4,2690269377776,663.3876610450958,16.198251308347213,1,False,False
147,29.4,2690269376192,705.6508726256,16.542293292141053,1,False,False
147,29.4,2690269376000,749.3515043415201,16.32798968974567,1,False,False
147,29.4,2690269377392,609.8878525643189,6.684363563574333,0,False,False
147,29.4,2690269373600,791.4888206432697,14.028986322483929,1,False,False
147,29.4,2690269375424,629.4523123454918,7.0549629734096015,0,False,False
147,29.4,2690269376864,824.0621968724827,8.71340306535631,1,False,False
147,29.4,2690269377680,650.686392504338,8.195190362858867,0,False,False
147,29.4,2690269377632,674.5880426705911,9.53034647415455,0,False,False
147,29.4,2690269375472,845.3691237562033,1.8334440119343014,1,False,False
147,29.4,2690269377008,855.4524309813233,-0.7668212764372042,1,False,False
147,29.4,2690269375520,700.8706595995972,10.66406571678977,0,False,False
147,29.4,2690269377200,864.034847511369,-0.27884768909140895,1,False,False
147,29.4,2690269377872,729.2793028759104,11.62591232224509,0,False,False
147,29.4,2690269376144,759.1837175597675,12.400186410651271,0,False,False
147,29.4,2690269377920,789.9406129965439,13.044047306212443,0,False,False
147,29.4,2690269375136,874.0522736713629,0.04244331242532276,1,False,False
147,29.4,2690269375808,884.1299110988203,1.4406855601007699e-05,1,True,True
147,29.4,2690269375616,822.3672276371876,13.75836448191847,0,False,False
147,29.4,2690269376672,856.6038396761077,14.550203104954292,0,False,False
147,29.4,2690269376528,894.1874405792763,15.515087066778712,0,False,False
147,29.4,2690269374992,933.7395869422922,15.69597850803964,0,False,False
147,29.4,2690269377440,889.1299110988203,9.645570347510736e-06,1,False,True
147,29.4,2690269376720,971.378250173583,16.246678265112333,0,False,False
147,29.4,2690269375328,1012.3358425535001,16.81829201337531,0,False,False
147,29.4,2690269376768,1054.9633010698428,17.301829025839652,0,False,False
147,29.4,2690269375088,1005.3711943921259,5.671641313053444,1,False,False
147,29.4,2690269378160,1099.9793522805976,17.828016113715783,0,False,False
147,29.4,2690269375952,1144.0164054541435,18.197039073569407,0,False,False
147,29.4,2690269375760,1023.8325986451855,5.797146644339425,1,False,False
147,29.4,2690269378064,1190.9331758614562,18.584159844019737,0,False,False
147,29.4,2690269377104,1238.2153131310172,18.87996857714165,0,False,False
147,29.4,2690269375568,1042.8187126258742,6.511496610116799,1,False,False
147,29.4,2690269376240,1288.3146219207754,19.02955800740936,0,False,False
147,29.4,2690269374944,1063.7385368517291,7.944403367619922,1,False,False
147,29.4,2690269377056,1087.8495551310762,9.802302973047546,1,False,False
147,29.4,2690269375232,1340.8577150248102,18.131021693511226,0,False,False
147,29.4,2690269377152,1397.395256525212,10.957020858598968,0,False,False
147,29.4,2690269376432,1424.9560630670035,0.7811932767458795,0,True,True
147,29.4,2690269375040,1429.9560630670035,0.7648534159374826,0,False,True
147,29.4,2690269375904,1115.910681156459,11.739966843815314,1,False,False
147,29.4,2690269376960,1147.5232311214322,13.326245793957675,1,False,False
147,29.4,2690269378256,1182.8016853119639,14.614802361070193,1,False,False
147,29.4,2690269376624,1220.0640410020185,15.37030904392063,1,False,False
147,29.4,2690269377584,1258.3155348799232,15.911535780392734,1,False,False
147,29.4,2690269374848,1527.2078178682632,20.124849342041724,0,False,False
147,29.4,2690269377344,1299.0831007137351,16.501905718065508,1,False,False
147,29.4,2690269377296,1338.7379178274775,16.911139721407764,1,False,False
147,29.4,2690269374896,1382.2674733671286,17.47858406097971,1,False,False
147,29.4,2690269376816,1594.9932884466696,20.88718931759452,0,False,False
147,29.4,2690269378208,1676.2558619056508,21.890808970607427,0,False,False
147,29.4,2690269377248,1428.8993524331559,18.08102461891752,1,False,False
147,29.4,2690269375856,1475.1723771892985,18.52172541626986,1,False,False
147,29.4,2690269378016,1527.6335867377181,19.116114149035422,1,False,False
147,29.4,2690269375712,1581.8176923749188,19.694826651593306,1,False,False
147,29.4,2690269375376,1767.268308866542,22.444476162487035,0,False,False
147,29.4,2690269377968,1637.083233231003,20.088796013038603,1,False,False
147,29.4,2690269375184,1704.357704991935,20.8116565667441,1,False,False
147,29.4,2690269377536,1787.046297474431,21.695831077305357,1,False,False
148,29.6,2690269374656,308.04190138220855,1.9340274354366382e-11,0,True,True
148,29.6,2690269373072,306.5070487588978,1.2329328143837279e-11,1,False,True
148,29.6,2690269374704,625.2982452434824,15.977399336817028,1,False,False
148,29.6,2690269374752,592.358871440259,10.746595070795163,1,False,False
148,29.6,2690269377776,666.6284689593749,16.215276838117443,1,False,False
148,29.6,2690269376192,708.9585405862915,16.52936554140629,1,False,False
148,29.6,2690269376000,752.6092467925819,16.206397700728886,1,False,False
148,29.6,2690269377392,611.224039321655,6.676456160228982,0,False,False
148,29.6,2690269373600,794.267342505441,13.612313491830099,1,False,False
148,29.6,2690269375424,630.8689920437761,7.141749005390187,0,False,False
148,29.6,2690269376864,825.7601891847913,8.041402076028675,1,False,False
148,29.6,2690269377680,652.3340822070656,8.325385271421595,0,False,False
148,29.6,2690269377632,676.5027413695511,9.659575984515564,0,False,False
148,29.6,2690269375472,845.705803563106,1.3916818056957403,1,False,False
148,29.6,2690269377008,855.296236862861,-0.8043638204443156,1,False,False
148,29.6,2690269375520,703.0108002046151,10.77356464474186,0,False,False
148,29.6,2690269377200,863.9823854727229,-0.22950807036285345,1,False,False
148,29.6,2690269377872,731.610602838028,11.717277623915303,0,False,False
148,29.6,2690269376144,761.6689138034619,12.47728613208429,0,False,False
148,29.6,2690269377920,792.5541411206822,13.114662149965767,0,False,False
148,29.6,2690269375136,874.0608616870572,0.04365134600725958,1,False,False
148,29.6,2690269375808,884.1299133472767,1.1713307190863741e-05,1,True,True
148,29.6,2690269375616,825.1235833757363,13.828405846854576,0,False,False
148,29.6,2690269376672,859.5181517310388,14.61323620077132,0,False,False
148,29.6,2690269376528,897.2894360060283,15.49989728086686,0,False,False
148,29.6,2690269374992,936.7692545219052,15.623161382377802,1,False,False
148,29.6,2690269377440,889.1299133472767,7.842205935872434e-06,1,False,True
148,29.6,2690269376720,974.6336596234289,16.339464141351243,0,False,False
148,29.6,2690269375328,1015.7011375943939,16.842761954186642,0,False,False
148,29.6,2690269376768,1058.4251218249624,17.323588237590688,0,False,False
148,29.6,2690269375088,1006.505619804825,5.673956529872508,1,False,False
148,29.6,2690269378160,1103.5462359730548,17.84716563588455,0,False,False
148,29.6,2690269375952,1147.6569126589447,18.213471195803578,0,False,False
148,29.6,2690269375760,1024.9953477857575,5.848571739426364,1,False,False
148,29.6,2690269378064,1194.6508450172157,18.596612408034154,0,False,False
148,29.6,2690269377104,1241.9915407375595,18.88308426097482,0,False,False
148,29.6,2690269375568,1044.1292084960937,6.6359454420337585,1,False,False
148,29.6,2690269376240,1292.117955084997,18.989142811793467,0,False,False
148,29.6,2690269374944,1065.3394030043155,8.124920327368711,1,False,False
148,29.6,2690269377056,1089.823086102258,9.99815528535621,1,False,False
148,29.6,2690269375232,1344.4678435492983,17.88416981917782,0,False,False
148,29.6,2690269377152,1399.5362107292633,10.201702545361796,0,False,False
148,29.6,2690269376432,1425.100589802275,0.6351390670787239,0,True,True
148,29.6,2690269375040,1430.100589802275,0.6218541550614674,0,False,True
148,29.6,2690269375904,1118.2704862510175,11.916256244882911,1,False,False
148,29.6,2690269376960,1150.1972845698958,13.45722452367654,1,False,False
148,29.6,2690269378256,1185.730474459555,14.7013265230156,1,False,False
148,29.6,2690269376624,1223.1416558267404,15.42309449661265,1,False,False
148,29.6,2690269377584,1261.500499754703,15.95113329728314,1,False,False
148,29.6,2690269374848,1531.2334493866424,20.13474984106346,0,False,False
148,29.6,2690269377344,1302.3857002337047,16.535018535206923,1,False,False
148,29.6,2690269377296,1342.1221849526185,16.941592112678713,1,False,False
148,29.6,2690269374896,1385.7649132575766,17.504323148996146,1,False,False
148,29.6,2690269376816,1599.1711702092332,20.89383165017827,0,False,False
148,29.6,2690269378208,1680.6342042226267,21.893511889403115,0,False,False
148,29.6,2690269377248,1432.5169497684587,18.101836385914723,1,False,False
148,29.6,2690269375856,1478.8778888927782,18.53917154173845,1,False,False
148,29.6,2690269378016,1531.457749135299,19.130170204173208,1,False,False
148,29.6,2690269375712,1585.7574123600275,19.706118427131244,1,False,False
148,29.6,2690269375376,1771.7572040990392,22.444476162487035,0,False,False
148,29.6,2690269377968,1641.101578289795,20.097561781151576,1,False,False
148,29.6,2690269375184,1708.5203933039443,20.816997390130616,1,False,False
148,29.6,2690269377536,1791.385463689892,21.695831077305357,1,False,False
149,29.8,2690269374656,308.0419013822121,1.5724359356557438e-11,0,True,True
149,29.8,2690269373072,306.50704875890005,1.0024200422722812e-11,1,False,True
149,29.8,2690269374704,628.4948931022708,15.994781456598082,1,False,False
149,29.8,2690269374752,594.5316899919998,11.114368177128782,1,False,False
149,29.8,2690269377776,669.872577504027,16.230701783120843,1,False,False
149,29.8,2690269376192,712.2632920388784,16.511340341014968,1,False,False
149,29.8,2690269376000,755.8415108371454,16.067015545230436,1,False,False
149,29.8,2690269377392,612.559355288837,6.679160077344542,0,False,False
149,29.8,2690269373600,796.9602672310854,13.161731509123433,1,False,False
149,29.8,2690269375424,632.3034643107342,7.234963669947342,0,False,False
149,29.8,2690269376864,827.3233755593975,7.364488948567059,1,False,False
149,29.8,2690269377680,654.0079305284962,8.457297410973542,0,False,False
149,29.8,2690269377632,678.4432191445749,9.787763467020408,0,False,False
149,29.8,2690269375472,845.9566668638587,0.9882208496887187,1,False,False
149,29.8,2690269377008,855.1339592035382,-0.8210906853510251,1,False,False
149,29.8,2690269375520,705.1727157726076,10.88118064959176,0,False,False
149,29.8,2690269377200,863.9396930254816,-0.18183299178234272,1,False,False
149,29.8,2690269377872,733.9600570558388,11.806865250398321,0,False,False
149,29.8,2690269376144,764.1694454015069,12.553126802434003,0,False,False
149,29.8,2690269377920,795.1817427545479,13.18453531767673,0,False,False
149,29.8,2690269375136,874.0696101661258,0.04368446663180377,1,False,False
149,29.8,2690269375808,884.1299151753551,9.523352572364475e-06,1,True,True
149,29.8,2690269375616,827.8938832276802,13.897440846945807,0,False,False
149,29.8,2690269376672,862.4447648503304,14.671799028046696,0,False,False
149,29.8,2690269376528,900.388749938781,15.493174521277176,0,False,False
149,29.8,2690269374992,939.8426759127767,15.666374835117088,1,False,False
149,29.8,2690269377440,889.1299151753551,6.376003877935988e-06,1,False,True
149,29.8,2690269376720,977.9072722870511,16.425191699444404,0,False,False
149,29.8,2690269375328,1019.0713029491867,16.866879333370818,0,False,False
149,29.8,2690269376768,1061.8912750457007,17.345058391710094,0,False,False
149,29.8,2690269375088,1007.640772865461,5.680326535880756,1,False,False
149,29.8,2690269378160,1107.1169323850852,17.86605821639195,0,False,False
149,29.8,2690269375952,1151.3006885527623,18.229635765398886,0,False,False
149,29.8,2690269375760,1026.1688715950654,5.907354728063986,1,False,False
149,29.8,2690269378064,1198.3709720559389,18.6085623928996,0,False,False
149,29.8,2690269377104,1245.768269110927,18.88430828806053,0,False,False
149,29.8,2690269375568,1045.4650388998148,6.76699977509883,1,False,False
149,29.8,2690269376240,1295.91266809503,18.94048042222509,0,False,False
149,29.8,2690269374944,1066.9765851940954,8.308533426978965,1,False,False
149,29.8,2690269377056,1091.8357194560788,10.192902169591228,1,False,False
149,29.8,2690269375232,1348.026863166762,17.610949195666358,0,False,False
149,29.8,2690269377152,1401.5265872075306,9.454353284661893,0,False,False
149,29.8,2690269376432,1425.2180953908926,0.5163915852041536,0,True,True
149,29.8,2690269375040,1430.2180953908926,0.5055904597003456,0,False,True
149,29.8,2690269375904,1120.665279594711,12.088458228576133,1,False,False
149,29.8,2690269376960,1152.8972088459354,13.583339562889618,1,False,False
149,29.8,2690269378256,1188.6762995828694,14.783853189805038,1,False,False
149,29.8,2690269376624,1226.2296774383008,15.473656643729614,1,False,False
149,29.8,2690269377584,1264.6933050143864,15.989560122564102,1,False,False
149,29.8,2690269374848,1535.2610537664898,20.144542204267832,0,False,False
149,29.8,2690269377344,1305.6948741556764,16.567417047570896,1,False,False
149,29.8,2690269377296,1345.5125023959995,16.971447282044878,1,False,False
149,29.8,2690269374896,1389.2674691833342,17.529589576265035,1,False,False
149,29.8,2690269376816,1603.3503756168038,20.900401951336505,0,False,False
149,29.8,2690269378208,1685.0130856513126,21.89619278909976,0,False,False
149,29.8,2690269377248,1436.1386873667286,18.12231953584441,1,False,False
149,29.8,2690269375856,1482.5868740005137,18.556381926078004,1,False,False
149,29.8,2690269378016,1535.2847115790682,19.14405966100911,1,False,False
149,29.8,2690269375712,1589.6993823322898,19.71728522995402,1,False,False
149,29.8,2690269375376,1776.2460993315365,22.444476162487035,0,False,False
149,29.8,2690269377968,1645.1216699136694,20.106229124876812,1,False,False
149,29.8,2690269375184,1712.6841455560802,20.822275112459067,1,False,False
149,29.8,2690269377536,1795.7246299053531,21.695831077305357,1,False,False
150,30.0,2690269374656,308.041901382215,1.278448654056107e-11,0,True,True
150,30.0,2690269373072,306.50704875890193,8.150046210355972e-12,1,False,True
150,30.0,2690269374704,631.6949758453997,16.011537373341195,1,False,False
150,30.0,2690269374752,596.7780150491637,11.472886069541394,1,False,False
150,30.0,2690269377776,673.1196561280605,16.24436469917732,1,False,False
150,30.0,2690269376192,715.5640661719851,16.487580712285634,1,False,False
150,30.0,2690269376000,759.0446198190624,15.908045706656791,1,False,False
150,30.0,2690269377392,613.8959071941355,6.692232664797297,0,False,False
150,30.0,2690269373600,799.5608327452429,12.677670788423827,1,False,False
150,30.0,2690269375424,633.7569843333049,7.3341489964795485,0,False,False
150,30.0,2690269376864,828.7511277418873,6.6879928107509246,1,False,False
150,30.0,2690269377680,655.7082579604933,8.590585399545672,0,False,False
150,30.0,2690269377632,680.4092559446365,9.91473718875059,0,False,False
150,30.0,2690269375472,846.129442829163,0.6239777082114645,1,False,False
150,30.0,2690269377008,854.9695940260777,-0.8195002841140725,1,False,False
150,30.0,2690269375520,707.3560267200381,10.986870843218663,0,False,False
150,30.0,2690269377200,863.9063832603082,-0.1365984123724188,1,False,False
150,30.0,2690269377872,736.3273114035037,11.894697401269072,0,False,False
150,30.0,2690269376144,766.6850634606395,12.627751861277345,0,False,False
150,30.0,2690269377920,797.8232694069322,13.253661976607903,0,False,False
150,30.0,2690269375136,874.0782967080187,0.04273014131559726,1,False,False
150,30.0,2690269375808,884.1299166616504,7.742838358094258e-06,1,True,True
150,30.0,2690269375616,830.6779134181106,13.965291542536463,0,False,False
150,30.0,2690269376672,865.3828291691474,14.726621969477735,0,False,False
150,30.0,2690269376528,903.4876058325806,15.608022970618407,0,False,False
150,30.0,2690269374992,942.951295419452,15.686242753771618,1,False,False
150,30.0,2690269377440,889.1299166616504,5.183927301053734e-06,1,False,True
150,30.0,2690269376720,981.1976353353849,16.504273320937344,0,False,False
150,30.0,2690269375328,1022.4462688594967,16.890655320909865,0,False,False
150,30.0,2690269376768,1065.361703391061,17.366246456606927,0,False,False
150,30.0,2690269375088,1008.7774899193065,5.691127971530338,1,False,False
150,30.0,2690269378160,1110.6913903648185,17.8846972434664,0,False,False
150,30.0,2690269375952,1154.947679124402,18.245524727674496,0,False,False
150,30.0,2690269375760,1027.3546448391173,5.973534409809812,1,False,False
150,30.0,2690269378064,1202.093452361936,18.6199463351592,0,False,False
150,30.0,2690269377104,1249.5451025973562,18.88337476145221,0,False,False
150,30.0,2690269375568,1046.8275047827392,6.904353171121711,1,False,False
150,30.0,2690269376240,1299.6970528225256,18.88267131422859,0,False,False
150,30.0,2690269374944,1068.6506745594645,8.494821054275919,1,False,False
150,30.0,2690269377056,1093.8872091012618,10.386171783310793,1,False,False
150,30.0,2690269375232,1351.5294126693043,17.310047315930014,0,False,False
150,30.0,2690269377152,1403.3681842827616,8.718047845387272,0,False,False
150,30.0,2690269376432,1425.3136317864978,0.4198454843852437,0,True,True
150,30.0,2690269375040,1430.3136317864978,0.41106376930896243,0,False,True
150,30.0,2690269375904,1123.0942312744753,12.25639183086652,1,False,False
150,30.0,2690269376960,1155.6220345473412,13.704644595262893,1,False,False
150,30.0,2690269378256,1191.6383718358284,14.862542650379103,1,False,False
150,30.0,2690269376624,1229.327670429856,15.522132846687915,1,False,False
150,30.0,2690269377584,1267.8937212609874,16.026886348647093,1,False,False
150,30.0,2690269374848,1539.2906095114552,20.15422838249399,0,False,False
150,30.0,2690269377344,1309.0104820088034,16.599136576312148,1,False,False
150,30.0,2690269377296,1348.9087522458049,17.000727969700094,1,False,False
150,30.0,2690269374896,1392.7750478175733,17.554401223536704,1,False,False
150,30.0,2690269376816,1607.5308903498335,20.906901514642954,0,False,False
150,30.0,2690269378208,1689.3925018062919,21.898851944689643,0,False,False
150,30.0,2690269377248,1439.764500313638,18.142486054276254,1,False,False
150,30.0,2690269375856,1486.2992858290359,18.57336346173811,1,False,False
150,30.0,2690269378016,1539.114441008518,19.1577863697786,1,False,False
150,30.0,2690269375712,1593.643577459496,19.72832947560028,1,False,False
150,30.0,2690269375376,1780.7349945640337,22.444476162487035,0,False,False
150,30.0,2690269377968,1649.1434885379629,20.114799836721478,1,False,False
150,30.0,2690269375184,1716.8489492077001,20.827490920222477,1,False,False
150,30.0,2690269377536,1800.0637961208142,21.695831077305357,1,False,False
151,30.2,2690269374656,308.04190138221736,1.0394261056977653e-11,0,True,True
151,30.2,2690269373072,306.50704875890347,6.626289422582751e-12,1,False,True
151,30.2,2690269374704,634.8983671052908,16.027647829973567,1,False,False
151,30.2,2690269374752,599.09564605612,11.820828901488413,1,False,False
151,30.2,2690269377776,676.3693404566561,16.256080439851562,1,False,False
151,30.2,2690269376192,718.8596694916843,16.45736869081303,1,False,False
151,30.2,2690269376000,762.2145325842806,15.727621664683639,1,False,False
151,30.2,2690269377392,615.235750452026,6.715390705824115,0,False,False
151,30.2,2690269373600,802.0624041984735,12.161188706837985,1,False,False
151,30.2,2690269375424,635.2307157799809,7.438848601049927,0,False,False
151,30.2,2690269376864,830.0438856881059,6.017248110702919,1,False,False
151,30.2,2690269377680,657.4353176050522,8.724921230123348,0,False,False
151,30.2,2690269377632,682.4005982560994,10.04033866615085,0,False,False
151,30.2,2690269375472,846.2320087150675,0.29934044251387604,1,False,False
151,30.2,2690269377008,854.806640765111,-0.8020377023024626,1,False,False
151,30.2,2690269375520,709.5603455073699,11.090601575340935,0,False,False
151,30.2,2690269377200,863.8819241743709,-0.09443030747713696,1,False,False
151,30.2,2690269377872,738.7120165031337,11.980800769971166,0,False,False
151,30.2,2690269376144,769.215527665804,12.70120292992343,0,False,False
151,30.2,2690269377920,800.4785709250955,13.322028086796102,0,False,False
151,30.2,2690269375136,874.0867359609477,0.040968420422233205,1,False,False
151,30.2,2690269375808,884.1299178700637,6.295214356921672e-06,1,True,True
151,30.2,2690269375616,833.475429722301,14.031948501468657,0,False,False
151,30.2,2690269376672,868.3321067295477,14.788548746913348,0,False,False
151,30.2,2690269376528,906.6310530214816,15.931076662410817,0,False,False
151,30.2,2690269374992,946.0763747690339,15.682559958927403,1,False,False
151,30.2,2690269377440,889.1299178700637,4.214724893064132e-06,1,False,True
151,30.2,2690269376720,984.5034177433705,16.577136933627525,0,False,False
151,30.2,2690269375328,1025.8259677598367,16.914100477899478,0,False,False
151,30.2,2690269376768,1068.8363508868986,17.387158998407994,0,False,False
151,30.2,2690269375088,1009.9166813101803,5.70671662262066,1,False,False
151,30.2,2690269378160,1114.2695593890369,17.903085353405643,0,False,False
151,30.2,2690269375952,1158.597828583602,18.261127448087286,0,False,False
151,30.2,2690269375760,1028.554147368886,6.047109810459804,1,False,False
151,30.2,2690269378064,1205.818168021881,18.630691506295648,0,False,False
151,30.2,2690269377104,1253.3215904782312,18.87998866102276,0,False,False
151,30.2,2690269375568,1048.2178446068633,7.047681724475754,1,False,False
151,30.2,2690269376240,1303.469215270444,18.81472401613292,0,False,False
151,30.2,2690269374944,1070.362177859708,8.683361034211583,1,False,False
151,30.2,2690269377056,1095.9772355790524,10.577607635617394,1,False,False
151,30.2,2690269375232,1354.9698689629115,16.98017116214687,0,False,False
151,30.2,2690269377152,1405.063417547627,7.995896584420901,0,False,False
151,30.2,2690269376432,1425.39130641451,0.34134992863795816,0,True,True
151,30.2,2690269375040,1430.39130641451,0.334210069032235,0,False,True
151,30.2,2690269375904,1125.5564768311085,12.419900809374555,1,False,False
151,30.2,2690269376960,1158.3708040737176,13.821208937148954,1,False,False
151,30.2,2690269378256,1194.6159345564283,14.937556828211802,1,False,False
151,30.2,2690269376624,1232.4352264298923,15.568653902117177,1,False,False
151,30.2,2690269377584,1271.1015328152157,16.063177619259097,1,False,False
151,30.2,2690269374848,1543.3220955119807,20.1638102763312,0,False,False
151,30.2,2690269377344,1312.3323902301627,16.63021013163017,1,False,False
151,30.2,2690269377296,1352.3108210647772,17.029455825575607,1,False,False
151,30.2,2690269374896,1396.2875593506888,17.578775097103158,1,False,False
151,30.2,2690269376816,1611.7127003452672,20.913331600604383,0,False,False
151,30.2,2690269378208,1693.7724483568313,21.901489626464095,0,False,False
151,30.2,2690269377248,1443.3943260475144,18.162347268854013,1,False,False
151,30.2,2690269375856,1490.0150790501202,18.590122697506903,1,False,False
151,30.2,2690269378016,1542.9469051222645,19.171354019159764,1,False,False
151,30.2,2690269375712,1597.5899733868014,19.73925349458634,1,False,False
151,30.2,2690269375376,1785.223889796531,22.444476162487035,0,False,False
151,30.2,2690269377968,1653.1670149533356,20.12327566192418,1,False,False
151,30.2,2690269375184,1721.01479195337,20.832645968821375,1,False,False
151,30.2,2690269377536,1804.4029623362753,21.695831077305357,1,False,False
152,30.4,2690269374656,308.04190138221924,8.450919211954572e-12,0,True,True
152,30.4,2690269373072,306.5070487589047,5.387418718686539e-12,1,False,True
152,30.4,2690269374704,638.1049359490814,16.043082755676036,1,False,False
152,30.4,2690269374752,601.482254365769,12.157116914611436,1,False,False
152,30.4,2690269377776,679.6212273407459,16.26563692415355,1,False,False
152,30.4,2690269376192,722.148759117786,16.419897720737456,1,False,False
152,30.4,2690269376000,765.3468316096533,15.523838731608388,1,False,False
152,30.4,2690269377392,616.5808814026589,6.748315656131912,0,False,False
152,30.4,2690269373600,804.45860185508,11.614001387380988,1,False,False
152,30.4,2690269375424,636.7257312489048,7.548609592907003,0,False,False
152,30.4,2690269376864,831.2031496926801,5.35746339621007,1,False,False
152,30.4,2690269377680,659.189297871625,8.859990596458017,0,False,False
152,30.4,2690269377632,684.4169617488388,10.164422600461554,0,False,False
152,30.4,2690269375472,846.2722843498202,0.014174155320878998,1,False,False
152,30.4,2690269377008,854.6481148659157,-0.7710673249298524,1,False,False
152,30.4,2690269375520,711.7852784600523,11.192348027381467,0,False,False
152,30.4,2690269377200,863.8656682016832,-0.05581189707988785,1,False,False
152,30.4,2690269377872,741.1138285851782,12.065205965097023,0,False,False
152,30.4,2690269376144,771.7606058735306,12.773519357670619,0,False,False
152,30.4,2690269377920,803.1474945064444,13.389629370982757,0,False,False
152,30.4,2690269375136,874.0947779284129,0.038568950778159194,1,False,False
152,30.4,2690269375808,884.1299188525484,5.118242428264613e-06,1,True,True
152,30.4,2690269375616,836.2862258869101,14.09797525253509,0,False,False
152,30.4,2690269376672,871.2945270208467,14.861463559050815,0,False,False
152,30.4,2690269376528,909.8377353326075,16.233504848131034,0,False,False
152,30.4,2690269374992,949.2058036248659,15.655438093150144,1,False,False
152,30.4,2690269377440,889.1299188525484,3.4267274389831054e-06,1,False,True
152,30.4,2690269376720,987.8233910698158,16.644209516201652,0,False,False
152,30.4,2690269375328,1029.2103341580769,16.93722478953815,0,False,False
152,30.4,2690269376768,1072.3151628454416,17.407802179762296,0,False,False
152,30.4,2690269375088,1011.0593269459505,5.727423586933954,1,False,False
152,30.4,2690269378160,1117.8513894075197,17.921224349596507,0,False,False
152,30.4,2690269375952,1162.2510788272418,18.276430439225866,0,False,False
152,30.4,2690269375760,1029.76885627541,6.128041883172431,1,False,False
152,30.4,2690269378064,1209.5449859116889,18.640714975397522,0,False,False
152,30.4,2690269377104,1257.097220880661,18.873821721037476,0,False,False
152,30.4,2690269375568,1049.637230996727,7.1966461303610085,1,False,False
152,30.4,2690269376240,1307.2270564474807,18.7355442274963,0,False,False
152,30.4,2690269374944,1072.1115174489028,8.873731930183853,1,False,False
152,30.4,2690269377056,1098.1054092333313,10.766870069658738,1,False,False
152,30.4,2690269375232,1358.3423542509688,16.62009895992766,0,False,False
152,30.4,2690269377152,1406.6153267496597,7.291036411732884,0,False,False
152,30.4,2690269376432,1425.4544587639216,0.27753013457260955,0,True,True
152,30.4,2690269375040,1430.4544587639216,0.27172516427391197,0,False,True
152,30.4,2690269375904,1128.0511222061375,12.578853634041723,1,False,False
152,30.4,2690269376960,1161.1425746495556,13.9331159818555,1,False,False
152,30.4,2690269378256,1197.6082635177,15.009058165994615,1,False,False
152,30.4,2690269376624,1235.5519627872852,15.613344025580462,1,False,False
152,30.4,2690269377584,1274.3165368411949,16.09849534640215,1,False,False
152,30.4,2690269374848,1547.355491035365,20.173289737828604,0,False,False
152,30.4,2690269377344,1315.6604717125247,16.660668560561422,1,False,False
152,30.4,2690269377296,1355.7185996757062,17.0576514619727,1,False,False
152,30.4,2690269374896,1399.804917318212,17.60272737053784,1,False,False
152,30.4,2690269376816,1615.8957917900045,20.91969343777242,0,False,False
152,30.4,2690269378208,1698.1529210259482,21.904106100115037,0,False,False
152,30.4,2690269377248,1447.0281042304025,18.181913888543214,1,False,False
152,30.4,2690269375856,1493.7342096235284,18.606665860249525,1,False,False
152,30.4,2690269378016,1546.7820723464101,19.184766146207853,1,False,False
152,30.4,2690269375712,1601.5385462200518,19.750059537295215,1,False,False
152,30.4,2690269375376,1789.7127850290283,22.444476162487035,0,False,False
152,30.4,2690269377968,1657.1922302964356,20.131658300203018,1,False,False
152,30.4,2690269375184,1725.1816617167187,20.8377413836245,1,False,False
152,30.4,2690269377536,1808.7421285517364,21.695831077305357,1,False,False
153,30.6,2690269374656,308.0419013822208,6.870910316326917e-12,0,True,True
153,30.6,2690269373072,306.50704875890574,4.380170952318774e-12,1,False,True
153,30.6,2690269374704,641.3145446811355,16.057800707723167,1,False,False
153,30.6,2690269374752,603.9353737204716,12.480860117157892,1,False,False
153,30.6,2690269377776,682.8748692347092,16.27279151572504,1,False,False
153,30.6,2690269376192,725.4298245610682,16.374265135151433,1,False,False
153,30.6,2690269376000,768.4367178767267,15.294793651332006,1,False,False
153,30.6,2690269377392,617.9332305823851,6.790658621330676,0,False,False
153,30.6,2690269373600,806.74343356722,11.038488127921967,1,False,False
153,30.6,2690269375424,638.2430130813212,7.6629842480933705,0,False,False
153,30.6,2690269376864,832.2314472543363,4.713606313912858,1,False,False
153,30.6,2690269377680,660.9703252369263,8.995493179497174,0,False,False
153,30.6,2690269377632,686.4580339069068,10.286856774427973,0,False,False
153,30.6,2690269375472,846.2581285998957,-0.23215988129247467,1,False,False
153,30.6,2690269377008,854.4965653896774,-0.728852236849945,1,False,False
153,30.6,2690269375520,714.0304275061027,11.292093774408405,0,False,False
153,30.6,2690269377200,863.8568802271272,-0.021091943082062754,1,False,False
153,30.6,2690269377872,743.5324102332515,12.147946950789729,0,False,False
153,30.6,2690269376144,774.3200736979809,12.844739183405249,0,False,False
153,30.6,2690269377920,805.829888572643,13.456493730380444,0,False,False
153,30.6,2690269375136,874.102305727037,0.035688707713027366,1,False,False
153,30.6,2690269375808,884.1299196513448,4.1613206587135105e-06,1,True,True
153,30.6,2690269375616,839.1102167215954,14.163961002875753,0,False,False
153,30.6,2690269376672,874.2721774550203,14.943732955574333,0,False,False
153,30.6,2690269376528,913.1035335619832,16.515434767948946,0,False,False
153,30.6,2690269374992,952.331337086012,15.605382591729464,1,False,False
153,30.6,2690269377440,889.1299196513448,2.786056323724338e-06,1,False,True
153,30.6,2690269376720,991.1564192154399,16.705908557983886,0,False,False
153,30.6,2690269375328,1032.5993045223204,16.960037695315044,0,False,False
153,30.6,2690269376768,1075.7980857843158,17.428181754764967,0,False,False
153,30.6,2690269375088,1012.2064711338809,5.753551993507668,1,False,False
153,30.6,2690269378160,1121.4368306705976,17.939115112449947,0,False,False
153,30.6,2690269375952,1165.9073688491198,18.291417058942333,0,False,False
153,30.6,2690269375760,1031.0002383999563,6.216255418524439,1,False,False
153,30.6,2690269378064,1213.2737555846718,18.64992249631648,0,False,False
153,30.6,2690269377104,1260.871413817825,18.86450761517266,0,False,False
153,30.6,2690269375568,1051.086767791089,7.35089363118142,1,False,False
153,30.6,2690269376240,1310.9682511254478,18.64392496826147,0,False,False
153,30.6,2690269374944,1073.8990315115295,9.065514369230568,1,False,False
153,30.6,2690269377056,1100.2712736724193,10.953637667682832,1,False,False
153,30.6,2690269375232,1361.640754298209,16.228742710220672,0,False,False
153,30.6,2690269377152,1408.0275793081764,6.606599550783255,0,False,False
153,30.6,2690269376432,1425.5058039629694,0.22564227830140465,0,True,True
153,30.6,2690269375040,1430.5058039629694,0.22092262244966354,0,False,True
153,30.6,2690269375904,1130.57724867264,12.733143265762958,1,False,False
153,30.6,2690269376960,1163.9364210354283,14.040461637632754,1,False,False
153,30.6,2690269378256,1200.6146669627933,15.077208618258453,1,False,False
153,30.6,2690269376624,1238.6775212569844,15.656320891634666,1,False,False
153,30.6,2690269377584,1277.5385425145748,16.132896926903307,1,False,False
153,30.6,2690269374848,1551.3907757161662,20.182668572132794,0,False,False
153,30.6,2690269377344,1318.9946053811989,16.69054068757137,1,False,False
153,30.6,2690269377296,1359.1319829573001,17.085334504039785,1,False,False
153,30.6,2690269374896,1403.3270384369741,17.626273424986213,1,False,False
153,30.6,2690269376816,1620.0801511145808,20.92598822380846,0,False,False
153,30.6,2690269378208,1702.533915589497,21.90670162683391,0,False,False
153,30.6,2690269377248,1450.665776626835,18.20119604074103,1,False,False
153,30.6,2690269375856,1497.4566347339946,18.622998875186976,1,False,False
153,30.6,2690269378016,1550.6199118048426,19.19802614556774,1,False,False
153,30.6,2690269375712,1605.4892725100653,19.760749778511258,1,False,False
153,30.6,2690269375376,1794.2016802615256,22.444476162487035,0,False,False
153,30.6,2690269377968,1661.2191160409066,20.139949407414786,1,False,False
153,30.6,2690269375184,1729.3495466445,20.84277826098419,1,False,False
153,30.6,2690269377536,1813.0812947671975,21.695831077305357,1,False,False
154,30.8,2690269374656,308.041901382222,5.586304565333648e-12,0,True,True
154,30.8,2690269373072,306.50704875890654,3.561241212788953e-12,1,False,True
154,30.8,2690269374704,644.5270465225407,16.07174813933996,1,False,False
154,30.8,2690269374752,606.4524061172215,12.791331571006078,1,False,False
154,30.8,2690269377776,686.1297678223419,16.277266981599187,1,False,False
154,30.8,2690269376192,728.7011680165195,16.31946500779699,1,False,False
154,30.8,2690269376000,771.4790142641544,15.038633175589325,1,False,False
154,30.8,2690269377392,619.294656970201,6.842045033650734,0,False,False
154,30.8,2690269373600,808.9114261679479,10.437666061589566,1,False,False
154,30.8,2690269375424,639.7834544956842,7.781531478200874,0,False,False
154,30.8,2690269376864,833.1322783196194,4.0903101082701845,1,False,False
154,30.8,2690269377680,662.7784670595636,9.131142897370205,0,False,False
154,30.8,2690269377632,688.5234766358334,10.407521907950596,0,False,False
154,30.8,2690269375472,846.1972406613232,-0.44076991084772615,1,False,False
154,30.8,2690269377008,854.3540963484668,-0.6775391969491706,1,False,False
154,30.8,2690269375520,716.2953918241975,11.389830320577264,0,False,False
154,30.8,2690269377200,863.8547638684573,0.009505866705024025,1,False,False
154,30.8,2690269377872,745.9674310225657,12.229060582819297,0,False,False
154,30.8,2690269376144,776.8937143631132,12.914900828165296,0,False,False
154,30.8,2690269377920,808.5256091341543,13.522677750095244,0,False,False
154,30.8,2690269375136,874.1092329358756,0.03247038939819021,1,False,False
154,30.8,2690269375808,884.1299203007959,3.3833078185214437e-06,1,True,True
154,30.8,2690269375616,841.9474278790864,14.230390919678381,0,False,False
154,30.8,2690269376672,877.2668247552324,15.033815328544902,0,False,False
154,30.8,2690269376528,916.4243653751132,16.777162209558732,0,False,False
154,30.8,2690269374992,955.446766033283,15.533171830030081,1,False,False
154,30.8,2690269377440,889.1299203007959,2.265166978459136e-06,1,False,True
154,30.8,2690269376720,994.5014519947737,16.76263738475273,0,False,False
154,30.8,2690269375328,1035.9928171736285,16.982548116397897,0,False,False
154,30.8,2690269376768,1079.2850673442895,17.44830305989714,0,False,False
154,30.8,2690269375088,1013.359216797531,5.785374288931187,1,False,False
154,30.8,2690269378160,1125.0258335380413,17.95675749931417,0,False,False
154,30.8,2690269375952,1169.5666340870773,18.306067172575442,0,False,False
154,30.8,2690269375760,1032.2497432370383,6.311641104691762,1,False,False
154,30.8,2690269378064,1217.004306923828,18.65820718817611,0,False,False
154,30.8,2690269377104,1264.643513218813,18.85163642452359,0,False,False
154,30.8,2690269375568,1052.5674874761773,7.510059849727038,1,False,False
154,30.8,2690269376240,1314.6902247312655,18.53853847878954,0,False,False
154,30.8,2690269374944,1075.7249745651527,9.258292398972838,1,False,False
154,30.8,2690269377056,1102.4743095054816,11.13760855459827,1,False,False
154,30.8,2690269375232,1364.8587498678971,15.805220389332595,0,False,False
154,30.8,2690269377152,1409.3044663787264,5.9456653598732325,0,False,False
154,30.8,2690269376432,1425.5475495114692,0.18345552938046056,0,True,True
154,30.8,2690269375040,1430.5475495114692,0.17961827437092645,0,False,True
154,30.8,2690269375904,1133.1339177078933,12.88268672817456,1,False,False
154,30.8,2690269376960,1166.751437927421,14.143352779451424,1,False,False
154,30.8,2690269378256,1203.6344854457666,15.142168751379826,1,False,False
154,30.8,2690269376624,1241.811566697025,15.697695721725337,1,False,False
154,30.8,2690269377584,1280.767370233829,16.16643595674686,1,False,False
154,30.8,2690269374848,1555.4279295469269,20.191948539056884,0,False,False
154,30.8,2690269377344,1322.3346757985203,16.71985344794264,1,False,False
154,30.8,2690269377296,1362.5508696500099,17.11252363813356,1,False,False
154,30.8,2690269374896,1406.8538424492315,17.649427887988008,1,False,False
154,30.8,2690269376816,1624.2657649870573,20.932217126503975,0,False,False
154,30.8,2690269378208,1706.9154278752742,21.909276463408105,0,False,False
154,30.8,2690269377248,1454.3072869898856,18.220203306330152,1,False,False
154,30.8,2690269375856,1501.1823127321786,18.639127384809616,1,False,False
154,30.8,2690269378016,1554.4603932913324,19.211137278019507,1,False,False
154,30.8,2690269375712,1609.4421292377974,19.771326321627857,1,False,False
154,30.8,2690269375376,1798.6905754940228,22.444476162487035,0,False,False
154,30.8,2690269377968,1665.2476539887216,20.148150597131124,1,False,False
154,30.8,2690269375184,1733.518435100854,20.84775766920878,1,False,False
154,30.8,2690269377536,1817.4204609826586,21.695831077305357,1,False,False
155,31.0,2690269374656,308.04190138222305,4.541872511785341e-12,0,True,True
155,31.0,2690269373072,306.5070487589072,2.8954210038201147e-12,1,False,True
155,31.0,2690269374704,647.7422831317837,16.084858477969163,1,False,False
155,31.0,2690269374752,609.0306368120373,13.087952650875222,1,False,False
155,31.0,2690269377776,689.3853668049657,16.278747000402355,1,False,False
155,31.0,2690269376192,731.9608832702285,16.25438174768763,1,False,False
155,31.0,2690269376000,774.4681792423861,14.75361131170301,1,False,False
155,31.0,2690269377392,620.6669431480404,6.902079001778555,0,False,False
155,31.0,2690269373600,810.9577497989303,9.815135186617525,1,False,False
155,31.0,2690269375424,641.3478610032553,7.903818120917755,0,False,False
155,31.0,2690269376864,833.9100433881293,3.4918036086992537,1,False,False
155,31.0,2690269377680,664.6137344423203,9.266668120394097,0,False,False
155,31.0,2690269377632,690.6129288382273,10.526311471033509,0,False,False
155,31.0,2690269375472,846.097069243517,-0.6131842110208243,1,False,False
155,31.0,2690269377008,854.222390738964,-0.6191479365660035,1,False,False
155,31.0,2690269375520,718.5797693975312,11.485556616858082,0,False,False
155,31.0,2690269377200,863.8584858105651,0.035872485790459596,1,False,False
155,31.0,2690269377872,748.4185680733278,12.308586258233955,0,False,False
155,31.0,2690269376144,779.481318877899,12.98404449535202,0,False,False
155,31.0,2690269377920,811.2345250968771,13.588260293859635,0,False,False
155,31.0,2690269375136,874.1155006654058,0.029041408076268725,1,False,False
155,31.0,2690269375808,884.1299208288237,2.750754564154916e-06,1,True,True
155,31.0,2690269375616,844.7979753596863,14.297651178956164,0,False,False
155,31.0,2690269376672,880.2799338395653,15.130268244588253,0,False,False
155,31.0,2690269376528,919.7962181104634,17.019137077507292,0,False,False
155,31.0,2690269374992,958.5469563688101,15.439754463707393,1,False,False
155,31.0,2690269377440,889.1299208288237,1.8416646485605539e-06,1,False,True
155,31.0,2690269376720,997.8575202520884,16.814782464766843,0,False,False
155,31.0,2690269375328,1039.3908121840368,17.004764480222196,0,False,False
155,31.0,2690269376768,1082.7760562049336,17.46817100084276,0,False,False
155,31.0,2690269375088,1014.5187191888051,5.82313009036462,1,False,False
155,31.0,2690269378160,1128.6183482672031,17.97415023311358,0,False,False
155,31.0,2690269375952,1173.228805699757,18.32035677107844,0,False,False
155,31.0,2690269375760,1033.5187962566777,6.4140576847890145,1,False,False
155,31.0,2690269378064,1220.7364475147563,18.66544797626377,0,False,False
155,31.0,2690269377104,1268.4127778034724,18.8347483753468,0,False,False
155,31.0,2690269375568,1054.080348978613,7.673770520721154,1,False,False
155,31.0,2690269376240,1318.3901287809954,18.41793077237356,0,False,False
155,31.0,2690269374944,1077.5895182368542,9.451654880617838,1,False,False
155,31.0,2690269377056,1104.71393833165,11.31850157649732,1,False,False
155,31.0,2690269375232,1367.9898631476635,15.34893581750823,0,False,False
155,31.0,2690269377152,1410.4508884093282,5.311200116797298,0,False,False
155,31.0,2690269376432,1425.581490188531,0.14915614003555075,0,True,True
155,31.0,2690269375040,1430.581490188531,0.14603630959224362,0,False,True
155,31.0,2690269375904,1135.7201757670514,13.027424482093359,1,False,False
155,31.0,2690269376960,1169.586742048787,14.241905732624955,1,False,False
155,31.0,2690269378256,1206.667091499436,15.204096948845251,1,False,False
155,31.0,2690269376624,1244.9537857858934,15.737573412085307,1,False,False
155,31.0,2690269377584,1284.0028508741937,16.199162441693424,1,False,False
155,31.0,2690269374848,1559.4669328692084,20.20113135458427,0,False,False
155,31.0,2690269377344,1325.6805727945325,16.74863201402176,1,False,False
155,31.0,2690269377296,1365.9751621713863,17.139236658109585,1,False,False
155,31.0,2690269374896,1410.3852519744546,17.669987304850824,1,False,False
155,31.0,2690269376816,1628.4526203071139,20.938381284758567,0,False,False
155,31.0,2690269378208,1711.297453762146,21.91183086231493,0,False,False
155,31.0,2690269377248,1457.8659728400057,18.238957945611254,1,False,False
155,31.0,2690269375856,1504.829457784761,18.653418954234272,1,False,False
155,31.0,2690269378016,1558.3034872432972,19.224102678408194,1,False,False
155,31.0,2690269375712,1613.3970938003276,19.781791202553528,1,False,False
155,31.0,2690269375376,1803.17947072652,22.444476162487035,0,False,False
155,31.0,2690269377968,1669.2778262618274,20.156263442137075,1,False,False
155,31.0,2690269375184,1737.688315661762,20.852680649494268,1,False,False
155,31.0,2690269377536,1821.7596271981197,21.695831077305357,1,False,False
156,31.2,2690269374656,308.0419013822239,3.692710569581919e-12,0,True,True
156,31.2,2690269373072,306.50704875890773,2.3540845139207095e-12,1,False,True
156,31.2,2690269374704,650.9600819275325,16.097050996104052,1,False,False
156,31.2,2690269374752,611.6672544270001,13.37028391605695,1,False,False
156,31.2,2690269377776,692.6410437597334,16.27687119365391,1,False,False
156,31.2,2690269376192,735.2068333984757,16.177784910781142,1,False,False
156,31.2,2690269376000,777.3983325525691,14.43815430550953,1,False,False
156,31.2,2690269377392,622.0517913084119,6.970347319281735,0,False,False
156,31.2,2690269373600,812.8783293953743,9.174996574820263,1,False,False
156,31.2,2690269375424,642.9369520712261,8.029420077036585,0,False,False
156,31.2,2690269376864,834.5699591346958,2.921863367821765,1,False,False
156,31.2,2690269377680,666.4760851351294,9.401811851346112,0,False,False
156,31.2,2690269377632,692.7260089490753,10.643131453271394,0,False,False
156,31.2,2690269375472,845.9647325249335,-0.7512894711155418,1,False,False
156,31.2,2690269377008,854.102736489354,-0.555563625466865,1,False,False
156,31.2,2690269375520,720.8831584705136,11.579278570049842,0,False,False
156,31.2,2690269377200,863.8671979880424,0.05800212863523808,1,False,False
156,31.2,2690269377872,750.8855065407846,12.386565661416274,0,False,False
156,31.2,2690269376144,782.0826864670742,13.05221320371852,0,False,False
156,31.2,2690269377920,813.95652230467,13.653336385715953,0,False,False
156,31.2,2690269375136,874.1210744609018,0.025513407258168364,1,False,False
156,31.2,2690269375808,884.1299212581299,2.2364653404566195e-06,1,True,True
156,31.2,2690269375616,847.6620461264724,14.366035439692917,0,False,False
156,31.2,2690269376672,883.3126880479775,15.231753888444842,0,False,False
156,31.2,2690269376528,923.2151784617039,17.241945647938092,0,False,False
156,31.2,2690269374992,961.6273894967766,15.326189032267644,1,False,False
156,31.2,2690269377440,889.1299212581299,1.497341569081529e-06,1,False,True
156,31.2,2690269376720,1001.2237315542225,16.862711816367106,0,False,False
156,31.2,2690269375328,1042.7932312793032,17.026694742280146,0,False,False
156,31.2,2690269376768,1086.2710019973622,17.48779003499559,0,False,False
156,31.2,2690269375088,1015.6861792077747,5.8670245917362385,1,False,False
156,31.2,2690269378160,1132.2143247780543,17.991290778106936,0,False,False
156,31.2,2690269375952,1176.8938097635703,18.334257535664097,0,False,False
156,31.2,2690269375760,1034.808792662162,6.523334164998044,1,False,False
156,31.2,2690269378064,1224.4699596889843,18.67150775841865,0,False,False
156,31.2,2690269377104,1272.1783706561796,18.813326851030425,0,False,False
156,31.2,2690269375568,1055.6262357985577,7.841643134257821,1,False,False
156,31.2,2690269376240,1322.064815456665,18.28051993780372,0,False,False
156,31.2,2690269374944,1079.4927523207314,9.645196918590973,1,False,False
156,31.2,2690269377056,1106.9895269553504,11.496057331983899,1,False,False
156,31.2,2690269375232,1371.027520507332,14.859663067936928,0,False,False
156,31.2,2690269377152,1411.4723280904927,4.705989341568022,0,False,False
156,31.2,2690269376432,1425.6090852160446,0.12126946615038556,0,True,True
156,31.2,2690269375040,1430.6090852160446,0.11873292845070119,0,False,True
156,31.2,2690269375904,1138.335058919226,13.16731961602427,1,False,False
156,31.2,2690269376960,1172.4414739412916,14.336244804091216,1,False,False
156,31.2,2690269378256,1209.711889151126,15.263148718339686,1,False,False
156,31.2,2690269376624,1248.1038857677654,15.776052694504601,1,False,False
156,31.2,2690269377584,1287.2448250834145,16.231122992965958,1,False,False
156,31.2,2690269374848,1563.5077663649224,20.210218692310335,0,False,False
156,31.2,2690269377344,1329.032191080637,16.776896517290535,1,False,False
156,31.2,2690269377296,1369.404753993424,17.165104322925878,1,False,False
156,31.2,2690269374896,1413.9195157872896,17.67087687760156,1,False,False
156,31.2,2690269376816,1632.640704200333,20.94448180951784,0,False,False
156,31.2,2690269378208,1715.6799891791918,21.9143650718132,0,False,False
156,31.2,2690269377248,1461.3883322710765,18.257230770747217,1,False,False
156,31.2,2690269375856,1508.436475174097,18.653167485718452,1,False,False
156,31.2,2690269378016,1562.149164717114,19.236925363004822,1,False,False
156,31.2,2690269375712,1617.3541439976086,19.792146393339813,1,False,False
156,31.2,2690269375376,1807.6683659590174,22.444476162487035,0,False,False
156,31.2,2690269377968,1673.3096152940827,20.164289475856958,1,False,False
156,31.2,2690269375184,1741.859177109683,20.85754821681731,1,False,False
156,31.2,2690269377536,1826.0987934135808,21.695831077305357,1,False,False
157,31.4,2690269374656,308.0419013822246,3.002310460128233e-12,0,True,True
157,31.4,2690269373072,306.5070487589082,1.9139578981328676e-12,1,False,True
157,31.4,2690269374704,654.1802531707231,16.10822945438627,1,False,False
157,31.4,2690269374752,614.359373592594,13.638018098342592,1,False,False
157,31.4,2690269377776,695.896100971317,16.271229660529176,1,False,False
157,31.4,2690269376192,738.4366275400756,16.088325821230875,1,False,False
157,31.4,2690269376000,780.2632943176175,14.090931706841827,1,False,False
157,31.4,2690269377392,623.4508200406649,7.046423127309201,0,False,False
157,31.4,2690269373600,814.6699382793514,8.52174896743692,1,False,False
157,31.4,2690269375424,644.5513630041809,8.15792331621182,0,False,False
157,31.4,2690269376864,835.1179657391334,2.3837838597050314,1,False,False
157,31.4,2690269377680,668.3654264717554,9.536331870293791,0,False,False
157,31.4,2690269377632,694.8623174220419,10.757900090035735,0,False,False
157,31.4,2690269375472,845.8069510037408,-0.857261642635605,1,False,False
157,31.4,2690269377008,853.9960537540859,-0.4885315285996775,1,False,False
157,31.4,2690269375520,723.2051589071132,11.671008551086933,0,False,False
157,31.4,2690269377200,863.8800574365529,0.07598010644922902,1,False,False
157,31.4,2690269377872,753.3679400598637,12.463042586335538,0,False,False
157,31.4,2690269376144,784.6976251843671,13.119453462034695,0,False,False
157,31.4,2690269377920,816.6915063843794,13.718011509584414,0,False,False
157,31.4,2690269375136,874.1259411405136,0.021982231431947673,1,False,False
157,31.4,2690269375808,884.1299216071716,1.8183291538408782e-06,1,True,True
157,31.4,2690269375616,850.5398800900467,14.435752355717817,0,False,False
157,31.4,2690269376672,886.3660103259641,15.337042523318301,0,False,False
157,31.4,2690269376528,926.6774584416377,17.446290517036196,0,False,False
157,31.4,2690269374992,964.5519171195925,15.193275797640323,1,False,False
157,31.4,2690269377440,889.1299216071716,1.217394152758434e-06,1,False,True
157,31.4,2690269376720,1004.599266071765,16.906774094536924,0,False,False
157,31.4,2690269375328,1046.2000177458265,17.048346405102592,0,False,False
157,31.4,2690269376768,1089.7698552131737,17.507164149409522,0,False,False
157,31.4,2690269375088,1016.8628364393962,5.917227498110326,1,False,False
157,31.4,2690269378160,1135.8137123924141,18.008175200763365,0,False,False
157,31.4,2690269375952,1180.5615663784838,18.347736338302067,0,False,False
157,31.4,2690269375760,1036.1210915907168,6.639272034148501,1,False,False
157,31.4,2690269378064,1228.204597180378,18.676231260161067,0,False,False
157,31.4,2690269377104,1275.9393473549808,18.786790709155692,0,False,False
157,31.4,2690269375568,1057.2059544664294,8.013288505772026,1,False,False
157,31.4,2690269376240,1325.7108121590486,18.12459947863209,0,False,False
157,31.4,2690269374944,1081.4346861236213,9.83852132355433,1,False,False
157,31.4,2690269377056,1109.3003917970284,11.670039036370143,1,False,False
157,31.4,2690269375232,1373.9651322224292,14.337631009261148,0,False,False
157,31.4,2690269377152,1412.3748094982423,4.13256698995985,0,False,False
157,31.4,2690269376432,1425.6315209954507,0.09859656744197273,0,True,True
157,31.4,2690269375040,1430.631520995451,0.0965342683462886,0,False,True
157,31.4,2690269375904,1140.9775973102528,13.302356869563873,1,False,False
157,31.4,2690269376960,1175.3147994667008,14.426500874803027,1,False,False
157,31.4,2690269378256,1212.7683133063977,15.319476096146914,1,False,False
157,31.4,2690269376624,1251.261593231654,15.813226318301,1,False,False
157,31.4,2690269377584,1290.4931425981022,16.262360473231546,1,False,False
157,31.4,2690269374848,1567.550411047945,20.219212184825025,0,False,False
157,31.4,2690269377344,1332.3894275876062,16.80463329283425,1,False,False
157,31.4,2690269377296,1372.8394217925593,17.189483572371024,1,False,False
157,31.4,2690269374896,1417.4535672478335,17.670888313462854,1,False,False
157,31.4,2690269376816,1636.8300040126687,20.950519784673112,0,False,False
157,31.4,2690269378208,1720.0630301048654,21.91687933603253,0,False,False
157,31.4,2690269377248,1464.9604811503775,18.274523203952384,0,False,False
157,31.4,2690269375856,1512.0872813676258,18.67041458648919,0,False,False
157,31.4,2690269378016,1565.9973973648669,19.24960823634224,1,False,False
157,31.4,2690269375712,1621.3132580199224,19.80239380555251,1,False,False
157,31.4,2690269375376,1812.1572611915146,22.444476162487035,0,False,False
157,31.4,2690269377968,1677.3430038234792,20.17223019371225,1,False,False
157,31.4,2690269375184,1746.0310084283683,20.86236136079147,1,False,False
157,31.4,2690269377536,1830.4379596290419,21.695831077305357,1,False,False
158,31.6,2690269374656,308.0419013822251,2.440989600767962e-12,0,True,True
158,31.6,2690269373072,306.5070487589085,1.556118658511582e-12,1,False,True
158,31.6,2690269374704,657.4025867589127,16.11828049402843,1,False,False
158,31.6,2690269374752,617.1040584775585,13.89097330510096,1,False,False
158,31.6,2690269377776,699.1497551368838,16.261357007297537,1,False,False
158,31.6,2690269376192,741.6475971501379,15.984536726418698,1,False,False
158,31.6,2690269376000,783.0566386522681,13.71093110018503,1,False,False
158,31.6,2690269377392,624.865561826919,7.129869235944169,0,False,False
158,31.6,2690269373600,816.3302699845872,7.860170752744127,1,False,False
158,31.6,2690269375424,646.1916470189997,8.288924771113729,0,False,False
158,31.6,2690269376864,835.560629172667,1.8803601191250403,1,False,False
158,31.6,2690269377680,670.2816183330082,9.670000842570472,0,False,False
158,31.6,2690269377632,697.0214391581675,10.870547546412018,0,False,False
158,31.6,2690269375472,845.6299944342085,-0.9334940374526337,1,False,False
158,31.6,2690269377008,853.9029231720796,-0.4196530991417663,1,False,False
158,31.6,2690269375520,725.5453734511743,11.760764909403871,0,False,False
158,31.6,2690269377200,863.8962436700893,0.08997009768313023,1,False,False
158,31.6,2690269377872,755.8655711582762,12.538062814432095,0,False,False
158,31.6,2690269376144,787.3259526378016,13.185815606802093,0,False,False
158,31.6,2690269377920,819.4394044839673,13.782396424971706,0,False,False
158,31.6,2690269375136,874.130105653636,0.01852827489836296,1,False,False
158,31.6,2690269375808,884.1299218909555,1.4783689475968503e-06,1,True,True
158,31.6,2690269375616,853.431753646104,14.506933769382746,0,False,False
158,31.6,2690269376672,889.4405849697409,15.442037817934029,0,False,False
158,31.6,2690269376528,930.1652574354564,17.21459861206397,0,False,False
158,31.6,2690269374992,967.4334028853763,15.038216034993878,1,False,False
158,31.6,2690269377440,889.1299218909555,9.897865348649313e-07,1,False,True
158,31.6,2690269376720,1007.9833725124272,16.947298139821246,0,False,False
158,31.6,2690269375328,1049.6111163411722,17.06972653441844,0,False,False
158,31.6,2690269376768,1093.2725671086637,17.52629683387163,0,False,False
158,31.6,2690269375088,1018.0499620105888,5.973872453745563,1,False,False
158,31.6,2690269378160,1139.4164595442385,18.024798013317405,0,False,False
158,31.6,2690269375952,1184.2319886690173,18.36075466603682,0,False,False
158,31.6,2690269375760,1037.457010757139,6.761647462592458,1,False,False
158,31.6,2690269378064,1231.9400813298478,18.67944254018467,0,False,False
158,31.6,2690269377104,1279.6946425210087,18.75448597160474,0,False,False
158,31.6,2690269375568,1058.8202333094937,8.18831228751876,1,False,False
158,31.6,2690269376240,1329.3242971378363,17.948348127542587,0,False,False
158,31.6,2690269374944,1083.4152501053197,10.031240101795229,1,False,False
158,31.6,2690269377056,1111.6458034646694,11.84023320178472,1,False,False
158,31.6,2690269375232,1376.7961888296613,13.783602312549569,0,False,False
158,31.6,2690269377152,1413.164843085874,3.5931457278097705,0,False,False
158,31.6,2690269376432,1425.649762115063,0.0801626610550439,0,True,True
158,31.6,2690269375040,1430.649762115063,0.07848593550880473,0,False,True
158,31.6,2690269375904,1143.6468194200015,13.4325415093258,1,False,False
158,31.6,2690269376960,1178.2059110314146,14.51281006426232,1,False,False
158,31.6,2690269378256,1215.8358290198519,15.373227142702577,1,False,False
158,31.6,2690269376624,1254.4266529259878,15.84918120233951,1,False,False
158,31.6,2690269377584,1293.7476614023456,16.292912664834805,1,False,False
158,31.6,2690269374848,1571.5948482560066,20.228113425039194,0,False,False
158,31.6,2690269377344,1335.7521745174795,16.83181097870592,1,False,False
158,31.6,2690269377296,1376.2788772953306,17.212656755482307,1,False,False
158,31.6,2690269374896,1420.9882472936538,17.680496799469122,1,False,False
158,31.6,2690269376816,1641.0205073050959,20.95649626792489,0,False,False
158,31.6,2690269378208,1724.446572566176,21.91937389506035,0,False,False
158,31.6,2690269377248,1468.5750088898337,18.29256557944859,0,False,False
158,31.6,2690269375856,1515.7836377320607,18.72605739067144,0,False,False
158,31.6,2690269378016,1569.8481574124298,19.262154097565972,1,False,False
158,31.6,2690269375712,1625.2744144359958,19.812535293406135,1,False,False
158,31.6,2690269375376,1816.646156424012,22.444476162487035,0,False,False
158,31.6,2690269377968,1681.3779748846252,20.180087054415598,1,False,False
158,31.6,2690269375184,1750.203798797844,20.8671210464886,1,False,False
158,31.6,2690269377536,1834.777125844503,21.695831077305357,1,False,False
159,31.8,2690269374656,308.04190138222555,1.984614952446604e-12,0,True,True
159,31.8,2690269373072,306.50704875890887,1.2651821033943054e-12,1,False,True
159,31.8,2690269374704,660.6268486810961,16.12707175285732,1,False,False
159,31.8,2690269374752,619.8983461129385,14.129085453956456,1,False,False
159,31.8,2690269377776,702.4011258435206,16.246725879171855,1,False,False
159,31.8,2690269376192,744.8367722974605,15.864833348377442,1,False,False
159,31.8,2690269376000,785.771762304202,13.297533321810223,1,False,False
159,31.8,2690269377392,626.2974611800585,7.220241115723508,0,False,False
159,31.8,2690269373600,817.857985911587,7.195195275648247,1,False,False
159,31.8,2690269375424,647.8582774920484,8.422033136843925,0,False,False
159,31.8,2690269376864,835.9050405421044,1.4138771775538608,1,False,False
159,31.8,2690269377680,672.2244761290028,9.802606388025072,0,False,False
159,31.8,2690269377632,699.2029458686299,10.981015560765956,0,False,False
159,31.8,2690269375472,845.4396430786487,-0.9825273814173412,1,False,False
159,31.8,2690269377008,853.8236148393332,-0.3503829857045205,1,False,False
159,31.8,2690269375520,727.9034088903031,11.848571498771978,0,False,False
159,31.8,2690269377200,863.9149734878887,0.10020111315182678,1,False,False
159,31.8,2690269377872,758.3781116478649,12.611674028269656,0,False,False
159,31.8,2690269376144,789.9674967616259,13.251353816215403,0,False,False
159,31.8,2690269377920,822.2001659496772,13.846597958411296,0,False,False
159,31.8,2690269375136,874.133588030607,0.0152171385800412,1,False,False
159,31.8,2690269375808,884.1299221216824,1.201968708801706e-06,1,True,True
159,31.8,2690269375616,856.337947864933,14.579141436383127,0,False,False
159,31.8,2690269376672,892.5349365947118,15.52619147401714,0,False,False
159,31.8,2690269376528,933.5807555881448,16.817356161942058,0,False,False
159,31.8,2690269374992,970.3465566649065,14.968628315741615,0,False,False
159,31.8,2690269377440,889.1299221216824,8.047331116057397e-07,1,False,True
159,31.8,2690269376720,1011.3753640770275,16.98459286687087,0,False,False
159,31.8,2690269375328,1053.0264732076441,17.0908417724641,0,False,False
159,31.8,2690269376768,1096.779089603304,17.545191048689475,0,False,False
159,31.8,2690269375088,1019.2488513637092,6.0370569219978725,1,False,False
159,31.8,2690269378160,1143.0225134573184,18.041151997080966,0,False,False
159,31.8,2690269375952,1187.9049816643362,18.373267955628666,0,False,False
159,31.8,2690269375760,1038.8178215344728,6.890213455289947,1,False,False
159,31.8,2690269378064,1235.6760967658001,18.680942106705793,0,False,False
159,31.8,2690269377104,1283.443054669798,18.715677005515204,0,False,False
159,31.8,2690269375568,1060.469721517612,8.36631643616149,1,False,False
159,31.8,2690269376240,1332.901077594804,17.749847650135663,0,False,False
159,31.8,2690269374944,1085.4342978179097,10.222975960354308,1,False,False
159,31.8,2690269377056,1114.0249914483443,12.00645011985856,1,False,False
159,31.8,2690269375232,1379.5143725741748,13.198940253766155,0,False,False
159,31.8,2690269377152,1413.8493570197556,3.0895524748901786,0,False,False
159,31.8,2690269376432,1425.6645928209048,0.06517521242519718,0,True,True
159,31.8,2690269375040,1430.6645928209048,0.06381197245515859,0,False,True
159,31.8,2690269375904,1146.3417560861515,13.557898079130489,1,False,False
159,31.8,2690269376960,1181.1140285492797,14.595312475781064,1,False,False
159,31.8,2690269378256,1218.9139306706538,15.424545520261404,1,False,False
159,31.8,2690269376624,1257.5988265999479,15.883998547907577,1,False,False
159,31.8,2690269377584,1297.008246699186,16.322812585505183,1,False,False
159,31.8,2690269374848,1575.6410596428402,20.23692396745735,0,False,False
159,31.8,2690269377344,1339.1203190531094,16.858420749620848,1,False,False
159,31.8,2690269377296,1379.7229135917048,17.236678317439743,1,False,False
159,31.8,2690269374896,1424.5321611570357,17.89774182997805,1,False,False
159,31.8,2690269376816,1645.2122018484258,20.962412291611784,0,False,False
159,31.8,2690269378208,1728.8306126378855,21.92184898502673,0,False,False
159,31.8,2690269377248,1472.2153210367271,18.312249188270243,0,False,False
159,31.8,2690269375856,1519.5133365096092,18.784146060977093,0,False,False
159,31.8,2690269378016,1573.70141763879,19.27456564633721,1,False,False
159,31.8,2690269375712,1629.2375921817281,19.822572656679938,1,False,False
159,31.8,2690269375376,1821.1350516565092,22.444476162487035,0,False,False
159,31.8,2690269377968,1685.4145118014897,20.187861481205026,1,False,False
159,31.8,2690269375184,1754.3775375895555,20.871828215227023,1,False,False
159,31.8,2690269377536,1839.116292059964,21.695831077305357,1,False,False
160,32.0,2690269374656,308.0419013822259,1.613565460596587e-12,0,True,True
160,32.0,2690269373072,306.50704875890904,1.0286399086559922e-12,1,False,True
160,32.0,2690269374704,663.8527770758466,16.1344496764905,1,False,False
160,32.0,2690269374752,622.7392687490805,14.352399501911789,1,False,False
160,32.0,2690269377776,705.6492227202817,16.226740026363302,1,False,False
160,32.0,2690269376192,748.0008587493646,15.72752182758144,1,False,False
160,32.0,2690269376000,788.401968174999,12.850584296550679,1,False,False
160,32.0,2690269377392,627.7478733588948,7.317089576449188,0,False,False
160,32.0,2690269373600,819.2527380190588,6.531787489130947,1,False,False
160,32.0,2690269375424,649.5516503606837,8.556869589661463,0,False,False
160,32.0,2690269376864,836.1587135385703,0.9861020595041576,1,False,False
160,32.0,2690269377680,674.1937737925782,9.933951109441535,0,False,False
160,32.0,2690269377632,701.4063983636579,11.089257050549623,0,False,False
160,32.0,2690269375472,845.2411626074419,-1.006985722240498,1,False,False
160,32.0,2690269377008,853.7581178363114,-0.2820266520925722,1,False,False
160,32.0,2690269375520,730.278877125904,11.93445721859828,0,False,False
160,32.0,2690269377200,863.9355131686716,0.10695444033328112,1,False,False
160,32.0,2690269377872,760.9052829999332,12.683925733771357,0,False,False
160,32.0,2690269376144,792.6220965436421,13.316125003941195,0,False,False
160,32.0,2690269377920,824.9737591271067,13.910676217908957,0,False,False
160,32.0,2690269375136,874.1364204807784,0.01210052758735825,1,False,False
160,32.0,2690269375808,884.1299223092718,9.77245077615372e-07,1,True,True
160,32.0,2690269375616,859.2585905822721,14.651204358567998,0,False,False
160,32.0,2690269376672,895.6446805930352,15.589604291333075,0,False,False
160,32.0,2690269376528,936.921586872842,16.494445007957008,0,False,False
160,32.0,2690269374992,973.3067735054939,15.097416854446633,0,False,False
160,32.0,2690269377440,889.1299223092718,6.542778246655258e-07,1,False,True
160,32.0,2690269376720,1014.7746144505257,17.018947413847037,0,False,False
160,32.0,2690269375328,1056.4460357883218,17.111698348399567,0,False,False
160,32.0,2690269376768,1100.2893751714055,17.5638491866811,0,False,False
160,32.0,2690269375088,1020.4608170337186,6.10684246997461,1,False,False
160,32.0,2690269378160,1146.6318197861158,18.05722800205696,0,False,False
160,32.0,2690269375952,1191.5804410385267,18.38522482344996,0,False,False
160,32.0,2690269375760,1040.204744461251,7.024701940784749,1,False,False
160,32.0,2690269378064,1239.4122864798496,18.680503604844006,0,False,False
160,32.0,2690269377104,1287.1832292737463,18.669537377320495,0,False,False
160,32.0,2690269375568,1062.1549885002978,8.546900650063618,1,False,False
160,32.0,2690269376240,1336.4365719576608,17.527110109110257,0,False,False
160,32.0,2690269374944,1087.4916081464632,10.413363813930221,1,False,False
160,32.0,2690269377056,1116.4371488976237,12.168524137774623,1,False,False
160,32.0,2690269375232,1382.1136810346886,12.585656202265115,0,False,False
160,32.0,2690269377152,1414.435616192286,2.6231733941766033,0,False,False
160,32.0,2690269376432,1425.6766507340394,0.052989861598441795,0,True,True
160,32.0,2690269375040,1430.6766507340394,0.05188149701243116,0,False,True
160,32.0,2690269375904,1149.0614442708184,13.67846904759974,1,False,False
160,32.0,2690269376960,1184.0384001591722,14.674151028639793,1,False,False
160,32.0,2690269378256,1222.0021410586507,15.473570145349893,1,False,False
160,32.0,2690269376624,1260.7778918697577,15.917754012141929,1,False,False
160,32.0,2690269377584,1300.2747700867549,16.352092217367588,1,False,False
160,32.0,2690269374848,1579.6890271705836,20.245645329399395,0,False,False
160,32.0,2690269377344,1342.4937576588932,16.88475174459355,1,False,False
160,32.0,2690269377296,1383.1724275298745,17.272032045285023,1,False,False
160,32.0,2690269374896,1428.1321762144198,18.200658373447407,1,False,False
160,32.0,2690269376816,1649.4050756182887,20.968268863506648,0,False,False
160,32.0,2690269378208,1733.215146441722,21.924304838187105,0,False,False
160,32.0,2690269377248,1475.8492114630353,18.333535600144756,0,False,False
160,32.0,2690269375856,1523.265440268163,18.841762093993815,0,False,False
160,32.0,2690269378016,1577.5571513565214,19.286845488322136,1,False,False
160,32.0,2690269375712,1633.2027705494877,19.832507643432326,1,False,False
160,32.0,2690269375376,1825.6239468890064,22.444476162487035,0,False,False
160,32.0,2690269377968,1689.4525981803856,20.195554863021826,1,False,False
160,32.0,2690269375184,1758.5522143616677,20.876483785328247,1,False,False
160,32.0,2690269377536,1843.4554582754251,21.695831077305357,1,False,False
161,32.2,2690269374656,308.04190138222623,1.311888481148751e-12,0,True,True
161,32.2,2690269373072,306.5070487589092,8.363223435117163e-13,1,False,True
161,32.2,2690269374704,667.0800778297719,16.140236993516556,1,False,False
161,32.2,2690269374752,625.6238746906761,14.561059366730186,1,False,False
161,32.2,2690269377776,708.8929311754902,16.200726969864235,1,False,False
161,32.2,2690269376192,751.1362167948465,15.570811165513867,1,False,False
161,32.2,2690269376000,790.9405627581018,12.370459100848711,1,False,False
161,32.2,2690269377392,629.2180635993242,7.419963154585901,0,False,False
161,32.2,2690269373600,820.5151673198629,5.874829195451437,1,False,False
161,32.2,2690269375424,651.2720866637299,8.69306843630556,0,False,False
161,32.2,2690269376864,836.3294803425549,0.5982765498434098,1,False,False
161,32.2,2690269377680,676.1892467755661,10.063852577995421,0,False,False
161,32.2,2690269377632,703.6313487602517,11.19523568356289,0,False,False
161,32.2,2690269375472,845.039291280535,-1.009520821692894,1,False,False
161,32.2,2690269377008,853.7061701973784,-0.21573850267425998,1,False,False
161,32.2,2690269375520,732.6713961526099,12.018455571901367,0,False,False
161,32.2,2690269377200,863.9571880674704,0.11055085764542824,1,False,False
161,32.2,2690269377872,763.4468167012744,12.75486909549628,0,False,False
161,32.2,2690269376144,795.2896023658926,13.380185373037866,0,False,False
161,32.2,2690269377920,827.760159898052,13.974626134352222,0,False,False
161,32.2,2690269375136,874.1386446828905,0.009217327519716852,1,False,False
161,32.2,2690269375808,884.129922461789,7.945364423634314e-07,1,True,True
161,32.2,2690269375616,862.1935824821315,14.72212011113628,0,False,False
161,32.2,2690269376672,898.7659265859234,15.636123236350317,0,False,False
161,32.2,2690269376528,940.2025042593159,16.237642403757643,0,False,False
161,32.2,2690269374992,976.3147999531391,15.227447538236321,0,False,False
161,32.2,2690269377440,889.129922461789,5.319521039650971e-07,1,False,True
161,32.2,2690269376720,1018.180553854361,17.050631495825634,0,False,False
161,32.2,2690269375328,1059.8697527449867,17.13230208576758,0,False,False
161,32.2,2690269376768,1103.8033767257557,17.582273028736846,0,False,False
161,32.2,2690269375088,1021.6871815066704,6.183255407647901,1,False,False
161,32.2,2690269378160,1150.2443222147363,18.07301471881207,0,False,False
161,32.2,2690269375952,1195.258251689009,18.396566173892595,0,False,False
161,32.2,2690269375760,1041.618945161591,7.164825784032904,1,False,False
161,32.2,2690269378064,1243.1482462093736,18.677870036074076,0,False,False
161,32.2,2690269377104,1290.9136399865404,18.61514064268007,0,False,False
161,32.2,2690269375568,1063.8765235298486,8.729663788320767,1,False,False
161,32.2,2690269376240,1339.9257983054697,17.278115854908588,0,False,False
161,32.2,2690269374944,1089.586887850388,10.602052276669887,1,False,False
161,32.2,2690269377056,1118.8814374401431,12.326313722920338,1,False,False
161,32.2,2690269375232,1384.588558603498,11.946431093692016,0,False,False
161,32.2,2690269377152,1414.9311310727667,2.194912332863424,0,False,False
161,32.2,2690269376432,1425.6864542640076,0.043082720066999786,0,True,True
161,32.2,2690269375040,1430.6864542640074,0.04218157860803292,0,False,True
161,32.2,2690269375904,1151.8049305510913,13.794313376977023,1,False,False
161,32.2,2690269376960,1186.9783027150318,14.749470381237314,1,False,False
161,32.2,2690269378256,1225.1000104358504,15.520434916282676,1,False,False
161,32.2,2690269376624,1263.963641137698,15.950518327451991,1,False,False
161,32.2,2690269377584,1303.5471104549322,16.38080199120188,1,False,False
161,32.2,2690269374848,1583.7387331024204,20.25427899217373,0,False,False
161,32.2,2690269377344,1345.8724788708746,16.91146791044841,1,False,False
161,32.2,2690269377296,1386.629783875272,17.31689341871174,1,False,False
161,32.2,2690269374896,1431.783942288587,18.257657346947187,1,False,False
161,32.2,2690269376816,1653.5991167902714,20.974066967581447,0,False,False
161,32.2,2690269378208,1737.6001701456105,21.926741683002895,0,False,False
161,32.2,2690269377248,1479.4249789260186,18.34206604393906,0,False,False
161,32.2,2690269375856,1527.0338383027145,18.89722774088133,0,False,False
161,32.2,2690269378016,1581.4153323933328,19.298996140299234,1,False,False
161,32.2,2690269375712,1637.1699291779387,19.842341952529292,1,False,False
161,32.2,2690269375376,1830.1128421215037,22.444476162487035,0,False,False
161,32.2,2690269377968,1693.4922179031867,20.20316855563563,1,False,False
161,32.2,2690269375184,1762.7278188545147,20.881088652843612,1,False,False
161,32.2,2690269377536,1847.7946244908862,21.695831077305357,1,False,False
162,32.4,2690269374656,308.0419013822264,1.0666139236361994e-12,0,True,True
162,32.4,2690269373072,306.5070487589094,6.79961040176637e-13,1,False,True
162,32.4,2690269374704,670.3084196468901,16.144229821277637,1,False,False
162,32.4,2690269374752,628.5492471950394,14.75529664532846,1,False,False
162,32.4,2690269377776,712.1309966458779,16.16793037821739,1,False,False
162,32.4,2690269376192,754.2388429833239,15.392832335703286,1,False,False
162,32.4,2690269376000,793.3809656301107,11.858113596946597,1,False,False
162,32.4,2690269377392,630.7092068047731,7.528410233380478,0,False,False
162,32.4,2690269373600,821.6468803131709,5.229018710354427,1,False,False
162,32.4,2690269375424,653.0198352076611,8.830277702564267,0,False,False
162,32.4,2690269376864,836.4253861662729,0.2511117349428573,1,False,False
162,32.4,2690269377680,678.2105950391825,10.192143273766211,0,False,False
162,32.4,2690269377632,705.8773426020363,11.298925418218662,0,False,False
162,32.4,2690269375472,844.8382376097977,-0.9927662948994552,1,False,False
162,32.4,2690269377008,853.6672892197038,-0.15252056642777956,1,False,False
162,32.4,2690269375520,735.0805909502014,12.100604234912751,0,False,False
162,32.4,2690269377200,863.9793896879498,0.11133839784862011,1,False,False
162,32.4,2690269377872,766.0024545654742,12.824556588807354,0,False,False
162,32.4,2690269376144,797.9698756108284,13.44358682375115,0,False,False
162,32.4,2690269377920,830.5593394734713,14.038391047576365,0,False,False
162,32.4,2690269375136,874.1403092996733,0.006594803523855804,1,False,False
162,32.4,2690269375808,884.1299225857911,6.459875549171129e-07,1,True,True
162,32.4,2690269375616,865.1426393357634,14.79111300149757,0,False,False
162,32.4,2690269376672,901.8955261515639,15.669041484720704,0,False,False
162,32.4,2690269376528,943.4356265332274,16.031388081245606,0,False,False
162,32.4,2690269374992,979.3594346792866,15.354607522849381,0,False,False
162,32.4,2690269377440,889.1299225857911,4.324967624534005e-07,1,False,True
162,32.4,2690269376720,1021.5926651881605,17.079895917502025,0,False,False
162,32.4,2690269375328,1063.2975738773407,17.15265840690759,0,False,False
162,32.4,2690269376768,1107.3210474919056,17.600463692185507,0,False,False
162,32.4,2690269375088,1022.9292702269775,6.266287729841489,1,False,False
162,32.4,2690269378160,1153.8599620081914,18.088498417919286,0,False,False
162,32.4,2690269375952,1198.9382861275897,18.407224167764845,0,False,False
162,32.4,2690269375760,1043.0615306624097,7.310280716724001,1,False,False
162,32.4,2690269378064,1246.8835180308472,18.672749473308343,0,False,False
162,32.4,2690269377104,1294.6325680391826,18.55145143288365,0,False,False
162,32.4,2690269375568,1065.6347356676038,8.914205281553059,1,False,False
162,32.4,2690269376240,1343.3633711561415,17.000863108812542,0,False,False
162,32.4,2690269374944,1091.7197744011357,10.788705119546037,1,False,False
162,32.4,2690269377056,1121.3569919989657,12.479701315984116,1,False,False
162,32.4,2690269375232,1386.9340302385385,11.284605634892133,0,False,False
162,32.4,2690269377152,1415.3435593302152,1.805166205298042,0,False,False
162,32.4,2690269376432,1425.6944248969653,0.035027847070769606,0,True,True
162,32.4,2690269375040,1430.6944248969653,0.03429518568901996,0,False,True
162,32.4,2690269375904,1154.571274319322,13.905505037003257,1,False,False
162,32.4,2690269376960,1189.9330420667393,14.821415948088568,1,False,False
162,32.4,2690269378256,1228.2071154896444,15.565268544114947,1,False,False
162,32.4,2690269376624,1267.1558807017454,15.982358833265216,1,False,False
162,32.4,2690269377584,1306.8251585413418,16.409015573436097,1,False,False
162,32.4,2690269374848,1587.790159995454,20.26282640220406,0,False,False
162,32.4,2690269377344,1349.256588956225,16.93883293964301,1,False,False
162,32.4,2690269377296,1390.0960024683643,17.35836200133991,1,False,False
162,32.4,2690269374896,1435.431301041049,18.196607916381307,1,False,False
162,32.4,2690269376816,1657.7943137352067,20.979807564742373,0,False,False
162,32.4,2690269378208,1741.9856799629201,21.929159744220147,0,False,False
162,32.4,2690269377248,1483.020763030541,18.442527668012897,1,False,False
162,32.4,2690269375856,1530.81527926744,18.949845112045303,0,False,False
162,32.4,2690269378016,1585.2759350746119,19.311020034913597,1,False,False
162,32.4,2690269375712,1641.1390480423627,19.85207723600115,1,False,False
162,32.4,2690269375376,1834.601737354001,22.444476162487035,0,False,False
162,32.4,2690269377968,1697.533355120765,20.21070388271971,1,False,False
162,32.4,2690269375184,1766.9043409861922,20.885643692252394,1,False,False
162,32.4,2690269377536,1852.1337907063473,21.695831077305357,1,False,False
163,32.6,2690269374656,308.04190138222657,8.67196624135624e-13,0,True,True
163,32.6,2690269373072,306.50704875890955,5.528335094058347e-13,1,False,True
163,32.6,2690269374704,673.5374285127272,16.146194367270763,1,False,False
163,32.6,2690269374752,631.5125211259075,14.935418357160138,1,False,False
163,32.6,2690269377776,715.3620073101785,16.127502326680133,1,False,False
163,32.6,2690269376192,757.3043561906709,15.191665219480566,1,False,False
163,32.6,2690269376000,795.7168282017275,11.315119091372981,1,False,False
163,32.6,2690269377392,632.2223876441791,7.641980921493754,0,False,False
163,32.6,2690269373600,822.6504065320606,4.598788919708741,1,False,False
163,32.6,2690269375424,654.7950753467845,8.968159667287175,0,False,False
163,32.6,2690269376864,836.4545829819504,-0.0552123711026692,1,False,False
163,32.6,2690269377680,680.2574860294363,10.318670479617488,0,False,False
163,32.6,2690269377632,708.143920885284,11.40031001630467,0,False,False
163,32.6,2690269375472,844.641686532814,-0.9593015620621941,1,False,False
163,32.6,2690269377008,853.640801989828,-0.09322191278203115,1,False,False
163,32.6,2690269375520,737.5060942897842,12.180944629967598,0,False,False
163,32.6,2690269377200,864.0015803573339,0.10968091225404074,1,False,False
163,32.6,2690269377872,768.5719489631088,12.893041490284137,0,False,False
163,32.6,2690269376144,800.662787607937,13.50637426077843,0,False,False
163,32.6,2690269377920,833.3712550163605,14.1018763087986,0,False,False
163,32.6,2690269375136,874.1414677378294,0.00424987266269347,1,False,False
163,32.6,2690269375808,884.1299226866095,5.252118076126097e-07,1,True,True
163,32.6,2690269375616,868.1053348525612,14.857594483007263,0,False,False
163,32.6,2690269376672,905.030943724246,15.691002532533716,0,False,False
163,32.6,2690269376528,946.6302692397545,15.864717283730803,0,False,False
163,32.6,2690269374992,982.434250151592,15.476449845803756,0,False,False
163,32.6,2690269377440,889.1299226866093,3.5163588627322397e-07,1,False,True
163,32.6,2690269376720,1025.0104802859141,17.106973208308226,0,False,False
163,32.6,2690269375328,1066.7294500428952,17.17277233420627,0,False,False
163,32.6,2690269376768,1110.8423408716008,17.618421571041818,0,False,False
163,32.6,2690269375088,1024.1884048106047,6.355898309920156,1,False,False
163,32.6,2690269378160,1157.478677509109,18.103662651568744,0,False,False
163,32.6,2690269375952,1202.6204026548128,18.41712103028478,0,False,False
163,32.6,2690269375760,1044.5335460910987,7.46074718371704,1,False,False
163,32.6,2690269378064,1250.617583060876,18.66481023992456,0,False,False
163,32.6,2690269377104,1298.3380798968124,18.477317313733238,0,False,False
163,32.6,2690269375568,1067.4299539722265,9.100126542083371,1,False,False
163,32.6,2690269376240,1346.7435089620737,16.69342939255946,0,False,False
163,32.6,2690269374944,1093.889839108012,10.973002672242446,1,False,False
163,32.6,2690269377056,1123.8629255666522,12.628592976908994,1,False,False
163,32.6,2690269375232,1389.1458310061573,10.604136483232029,0,False,False
163,32.6,2690269377152,1415.6806038011164,1.4538198066601733,0,False,False
163,32.6,2690269376432,1425.7009053167683,0.028478936996204976,0,True,True
163,32.6,2690269375040,1430.7009053167683,0.027883256157235782,0,False,True
163,32.6,2690269375904,1157.3595506837385,14.012131487120742,1,False,False
163,32.6,2690269376960,1192.9019531508081,14.890133013677023,1,False,False
163,32.6,2690269378256,1231.3230583007517,15.608194507876835,1,False,False
163,32.6,2690269376624,1270.3544301687389,16.01334055068086,1,False,False
163,32.6,2690269377584,1310.1088200268407,16.43680289836973,1,False,False
163,32.6,2690269374848,1591.8432906938028,20.271288972112025,0,False,False
163,32.6,2690269377344,1352.6462019580893,16.966585669308717,1,False,False
163,32.6,2690269377296,1393.5701890552762,17.39517209839833,1,False,False
163,32.6,2690269374896,1439.0675044147329,18.155630361047866,1,False,False
163,32.6,2690269376816,1661.990655014608,20.98549159353659,0,False,False
163,32.6,2690269378208,1746.3716721517246,21.9315592429462,0,False,False
163,32.6,2690269377248,1486.6875494341873,18.729592837377496,1,False,False
163,32.6,2690269375856,1534.6079502294829,18.99944005601465,0,False,False
163,32.6,2690269378016,1589.1389342068978,19.322919525105256,1,False,False
163,32.6,2690269375712,1645.11010744544,19.861715101240772,1,False,False
163,32.6,2690269375376,1839.0906325864983,22.444476162487035,0,False,False
163,32.6,2690269377968,1701.5759942466407,20.218162136879368,1,False,False
163,32.6,2690269375184,1771.0817708482891,20.89014975713272,1,False,False
163,32.6,2690269377536,1856.4729569218084,21.695831077305357,1,False,False
164,32.8,2690269374656,308.04190138222674,7.050629738157488e-13,0,True,True
164,32.8,2690269373072,306.5070487589097,4.4947411846210667e-13,1,False,True
164,32.8,2690269374704,676.7666814698957,16.145863190718263,1,False,False
164,32.8,2690269374752,634.5108971457194,15.10179400495398,1,False,False
164,32.8,2690269377776,718.5843752589315,16.078495687027424,1,False,False
164,32.8,2690269376192,760.3279896491641,14.965374399767162,1,False,False
164,32.8,2690269376000,797.9421580556551,10.743676034078346,1,False,False
164,32.8,2690269377392,633.758601010968,7.76022871655731,0,False,False
164,32.8,2690269373600,823.5291410409376,3.988245581758217,1,False,False
164,32.8,2690269375424,656.597919866811,9.10639134582071,0,False,False
164,32.8,2690269376864,836.4252237424673,-0.32103769377729685,1,False,False
164,32.8,2690269377680,682.3295576281331,10.443296127154198,0,False,False
164,32.8,2690269377632,710.4306219858277,11.499382531521071,0,False,False
164,32.8,2690269375472,844.4528121797591,-0.911624792629046,1,False,False
164,32.8,2690269377008,853.62587596566,-0.0385390496329753,1,False,False
164,32.8,2690269375520,739.9475474543981,12.259521495061742,0,False,False
164,32.8,2690269377200,864.0232956788802,0.10594764745436304,1,False,False
164,32.8,2690269377872,771.1550629419343,12.960377257887673,0,False,False
164,32.8,2690269376144,803.3682180992204,13.568583731287468,0,False,False
164,32.8,2690269377920,836.1958428245624,14.16496048092718,0,False,False
164,32.8,2690269375136,874.1421761651129,0.002190406861308447,1,False,False
164,32.8,2690269375808,884.1299227685784,4.2701665187822255e-07,1,True,True
164,32.8,2690269375616,871.0811355933488,14.921127608542738,0,False,False
164,32.8,2690269376672,908.1701379253566,15.701156188267998,0,False,False
164,32.8,2690269376528,949.6678770679555,15.725065433463966,0,False,False
164,32.8,2690269374992,985.5353683578462,15.591879339481027,0,False,False
164,32.8,2690269377440,889.1299227685784,2.8589299909147453e-07,1,False,True
164,32.8,2690269376720,1028.4335763071092,17.132078348837634,0,False,False
164,32.8,2690269375328,1070.1653330768936,17.19264848803108,0,False,False
164,32.8,2690269376768,1114.3672102936675,17.636146267036295,0,False,False
164,32.8,2690269375088,1025.4658965112046,6.452014295897155,1,False,False
164,32.8,2690269378160,1161.100403571934,18.118487911161605,0,False,False
164,32.8,2690269375952,1206.304443284074,18.426167676331158,0,False,False
164,32.8,2690269375760,1046.0359717370138,7.615892108440699,1,False,False
164,32.8,2690269378064,1254.3498531559849,18.653675528797127,0,False,False
164,32.8,2690269377104,1302.028003369292,18.391462025318802,0,False,False
164,32.8,2690269375568,1069.2624279902575,9.287032378452041,1,False,False
164,32.8,2690269376240,1350.0600546592002,16.354044241206214,0,False,False
164,32.8,2690269374944,1096.0965905195178,11.154643147398074,1,False,False
164,32.8,2690269377056,1126.398333895141,12.772917832483818,1,False,False
164,32.8,2690269375232,1391.2205245924947,9.909518936020639,0,False,False
164,32.8,2690269377152,1415.9499107798358,1.1402610521588994,0,False,False
164,32.8,2690269376432,1425.706174138084,0.023154430553358953,0,True,True
164,32.8,2690269375040,1430.706174138084,0.0226701199690237,0,False,True
164,32.8,2690269375904,1160.1688530645524,14.114292149253759,1,False,False
164,32.8,2690269376960,1195.8843999104104,14.955765944681302,1,False,False
164,32.8,2690269378256,1234.4474652979673,15.649331077412011,1,False,False
164,32.8,2690269376624,1273.559121983891,16.043525860059354,1,False,False
164,32.8,2690269377584,1313.3980133911011,16.46421633752121,1,False,False
164,32.8,2690269374848,1595.8981083219114,20.279668081757777,0,False,False
164,32.8,2690269377344,1356.0413784881596,16.994489784057325,1,False,False
164,32.8,2690269377296,1397.051492183175,17.42624312750734,1,False,False
164,32.8,2690269374896,1442.6095411353804,18.132407909432363,1,False,False
164,32.8,2690269376816,1666.1881293762424,20.991119970831974,0,False,False
164,32.8,2690269378208,1750.7581430140813,21.933940396724452,0,False,False
164,32.8,2690269377248,1490.4316685161607,18.999762756354016,1,False,False
164,32.8,2690269375856,1538.410721535974,19.046077120547025,0,False,False
164,32.8,2690269378016,1593.004305062221,19.334696888236167,1,False,False
164,32.8,2690269375712,1649.0830880084611,19.87125711305554,1,False,False
164,32.8,2690269375376,1843.5795278189955,22.444476162487035,0,False,False
164,32.8,2690269377968,1705.6201199508357,20.22554458063621,1,False,False
164,32.8,2690269375184,1775.2600987017502,20.894607680806573,1,False,False
164,32.8,2690269377536,1860.8121231372695,21.695831077305357,1,False,False
165,33.0,2690269374656,308.0419013822269,5.732423111556784e-13,0,True,True
165,33.0,2690269373072,306.5070487589098,3.654391054992654e-13,1,False,True
165,33.0,2690269374704,679.99569961487,16.14293099006941,1,False,False
165,33.0,2690269374752,637.5416533102704,15.254842266263514,1,False,False
165,33.0,2690269377776,721.7963161679744,16.01985699155742,1,False,False
165,33.0,2690269376192,763.3045907692828,14.712054581206521,1,False,False
165,33.0,2690269376000,800.0514444651033,10.146603829013728,1,False,False
165,33.0,2690269377392,635.3187528017664,7.882711979812716,0,False,False
165,33.0,2690269373600,824.2872759418594,3.4011255451152356,1,False,False
165,33.0,2690269375424,658.4284179618593,9.244664924891298,0,False,False
165,33.0,2690269376864,836.3453592802244,-0.5472054554699235,1,False,False
165,33.0,2690269377680,684.4264210698307,10.565896593939502,0,False,False
165,33.0,2690269377632,712.7369834822273,11.596144776892194,0,False,False
165,33.0,2690269375472,844.2742955200271,-0.8521334806872153,1,False,False
165,33.0,2690269377008,853.6215493987107,0.010982412349878078,1,False,False
165,33.0,2690269375520,742.4046008730896,12.336382446010859,0,False,False
165,33.0,2690269377200,864.0441449760526,0.10050399783857575,1,False,False
165,33.0,2690269377872,773.7515702182332,13.026616847594543,0,False,False
165,33.0,2690269376144,806.0860533806015,13.630241241908474,0,False,False
165,33.0,2690269377920,839.0330135485307,14.2274994724808,0,False,False
165,33.0,2690269375136,874.142491788116,0.0004165303471766283,1,False,False
165,33.0,2690269375808,884.1299228352223,3.47180353408546e-07,1,True,True
165,33.0,2690269375616,874.0694106618,14.980820422606953,0,False,False
165,33.0,2690269376672,911.3092295281481,15.678576421679551,0,False,False
165,33.0,2690269376528,952.6555170072215,15.581629218909093,0,False,False
165,33.0,2690269374992,988.6602006304719,15.700560224534689,0,False,False
165,33.0,2690269377440,889.1299228352223,2.324415968909648e-07,1,False,True
165,33.0,2690269376720,1031.8615722784562,17.155409562208963,0,False,False
165,33.0,2690269375328,1073.6051757115893,17.21229108115169,0,False,False
165,33.0,2690269376768,1117.8956090504216,17.6536365101304,0,False,False
165,33.0,2690269375088,1026.7630399765465,6.554532662772635,1,False,False
165,33.0,2690269378160,1164.7250709253503,18.1329512338389,0,False,False
165,33.0,2690269375952,1209.9902313773566,18.434262128620595,0,False,False
165,33.0,2690269375760,1047.5697204609464,7.775370583551264,1,False,False
165,33.0,2690269378064,1258.0796614981327,18.6389174490926,0,False,False
165,33.0,2690269377104,1305.6999024998352,18.292480858013036,0,False,False
165,33.0,2690269375568,1071.1323285299902,9.474532416354947,1,False,False
165,33.0,2690269376240,1353.3065114382352,15.981171645306015,0,False,False
165,33.0,2690269374944,1098.3394780831989,11.333343864767565,1,False,False
165,33.0,2690269377056,1128.9623000625554,12.912627338357746,1,False,False
165,33.0,2690269375232,1393.1556043084374,9.205680263378959,0,False,False
165,33.0,2690269377152,1416.1589726897107,0.8634158128754961,0,False,False
165,33.0,2690269376432,1425.7104578849548,0.018825409611382803,0,True,True
165,33.0,2690269375040,1430.7104578849553,0.018431647168889197,0,False,True
165,33.0,2690269375904,1162.9982954850816,14.212096891875298,1,False,False
165,33.0,2690269376960,1198.8797750642925,15.018457497782872,1,False,False
165,33.0,2690269378256,1237.5799862182575,15.688791341460034,1,False,False
165,33.0,2690269376624,1276.7698008594377,16.072973887282934,1,False,False
165,33.0,2690269377584,1316.6926665541448,16.49129085450432,1,False,False
165,33.0,2690269374848,1599.9545962780642,20.28796507924034,0,False,False
165,33.0,2690269377344,1359.4421218359562,17.021904930041497,1,False,False
165,33.0,2690269377296,1400.5375113945831,17.433851527155085,1,False,False
165,33.0,2690269374896,1446.1061380526287,18.098519051596423,1,False,False
165,33.0,2690269376816,1670.3867257498398,20.996693592471026,0,False,False
165,33.0,2690269378208,1755.1450888953216,21.93630341960729,0,False,False
165,33.0,2690269377248,1494.2396986430253,19.25288304564896,1,False,False
165,33.0,2690269375856,1542.222789045767,19.089916807698653,0,False,False
165,33.0,2690269378016,1596.8720233632466,19.34635432993877,1,False,False
165,33.0,2690269375712,1653.057970662939,19.880704795584137,1,False,False
165,33.0,2690269375376,1848.0684230514928,22.444476162487035,0,False,False
165,33.0,2690269377968,1709.6657171539202,20.232852447370686,1,False,False
165,33.0,2690269375184,1779.4393149728658,20.899018276960064,1,False,False
165,33.0,2690269377536,1865.1512893527306,21.695831077305357,1,False,False
166,33.2,2690269374656,308.0419013822271,4.66067230166276e-13,0,True,True
166,33.2,2690269373072,306.5070487589098,2.971155275525879e-13,1,False,True
166,33.2,2690269374704,683.2239402190296,16.137049885809507,1,False,False
166,33.2,2690269374752,640.6021540023588,15.395017618307252,1,False,False
166,33.2,2690269377776,724.9958275991692,15.95042022947679,1,False,False
166,33.2,2690269376192,766.228630708664,14.429885970085152,1,False,False
166,33.2,2690269376000,802.0397801952155,9.527305335409158,1,False,False
166,33.2,2690269377392,636.9036609787624,8.008995247012656,0,False,False
166,33.2,2690269373600,824.9297247425404,2.840772500362165,1,False,False
166,33.2,2690269375424,660.2865582952295,9.382688149299844,0,False,False
166,33.2,2690269376864,836.2228407624668,-0.7350179570215171,1,False,False
166,33.2,2690269377680,686.5476638149693,10.686362451682209,0,False,False
166,33.2,2690269377632,715.0625438711675,11.69060677403266,0,False,False
166,33.2,2690269375472,844.1083454673452,-0.7831110531047945,1,False,False
166,33.2,2690269377008,853.6267613244995,0.05494455336148281,1,False,False
166,33.2,2690269375520,744.8769146668155,12.411577529444465,0,False,False
166,33.2,2690269377200,864.0638099717096,0.09370354440721868,1,False,False
166,33.2,2690269377872,776.3612550291867,13.091811996573858,0,False,False
166,33.2,2690269376144,808.8161842147493,13.69136118581465,0,False,False
166,33.2,2690269377920,841.882645722003,14.289290937786056,0,False,False
166,33.2,2690269375136,874.142471387592,-0.0010781181030147986,1,False,False
166,33.2,2690269375808,884.1299228894061,2.822704858527556e-07,1,True,True
166,33.2,2690269375616,877.0692926622779,15.035438433376594,0,False,False
166,33.2,2690269376672,914.4428645107772,15.648456134441416,0,False,False
166,33.2,2690269376528,955.6784826389367,15.547980355778078,1,False,False
166,33.2,2690269374992,991.8068086484657,15.802536144560754,0,False,False
166,33.2,2690269377440,889.1299228894061,1.8898362722038738e-07,1,False,True
166,33.2,2690269376720,1035.294125797304,17.17714914809374,0,False,False
166,33.2,2690269375328,1077.048931494162,17.231703909406118,0,False,False
166,33.2,2690269376768,1121.4274901174053,17.670890066996964,0,False,False
166,33.2,2690269375088,1028.081107323608,6.663321878955956,1,False,False
166,33.2,2690269378160,1168.3526054521992,18.14702574994833,0,False,False
166,33.2,2690269375952,1213.6775689494448,18.441287702490214,0,False,False
166,33.2,2690269375760,1049.135635438192,7.938827495791102,1,False,False
166,33.2,2690269378064,1261.8062519515292,18.62005050550094,0,False,False
166,33.2,2690269377104,1309.3510517173231,18.178839075813737,0,False,False
166,33.2,2690269375568,1073.039748719941,9.662242525137888,1,False,False
166,33.2,2690269376240,1356.4760955234767,15.573599560804217,0,False,False
166,33.2,2690269374944,1100.6178960425104,11.508842353369596,1,False,False
166,33.2,2690269377056,1131.553898880863,13.04769437176684,1,False,False
166,33.2,2690269375232,1394.9495711666816,8.497851068248295,0,False,False
166,33.2,2690269377152,1416.3150389015639,0.6217996714596165,0,False,False
166,33.2,2690269376432,1425.7139407298187,0.015305755251447232,0,True,True
166,33.2,2690269375040,1430.7139407298187,0.014985611801905767,0,False,True
166,33.2,2690269375904,1165.847014561422,14.30566454402449,1,False,False
166,33.2,2690269376960,1201.8874997433406,15.07834821744091,1,False,False
166,33.2,2690269378256,1240.7202930722237,15.72668322952593,1,False,False
166,33.2,2690269376624,1279.9863230754722,16.10173950556096,1,False,False
166,33.2,2690269377584,1319.9927119053216,16.51801682485868,1,False,False
166,33.2,2690269374848,1604.0127382280973,20.29618128185973,0,False,False
166,33.2,2690269377344,1362.8482556140718,17.047861510089515,1,False,False
166,33.2,2690269377296,1404.0244532683685,17.437985258483014,1,False,False
166,33.2,2690269374896,1449.6438954096723,18.17028883462768,0,False,False
166,33.2,2690269376816,1674.5864332429296,21.002213333900258,0,False,False
166,33.2,2690269378208,1759.5325061833585,21.938648522227222,0,False,False
166,33.2,2690269377248,1498.1023668232308,19.488944147142906,1,False,False
166,33.2,2690269375856,1546.043513088141,19.13115077069319,0,False,False
166,33.2,2690269378016,1600.7420652691728,19.357893987707136,1,False,False
166,33.2,2690269375712,1657.0347366425967,19.890059634088544,1,False,False
166,33.2,2690269375376,1852.55731828399,22.444476162487035,0,False,False
166,33.2,2690269377968,1713.712771021244,20.240086942225282,1,False,False
166,33.2,2690269375184,1783.6194102493862,20.903382340240192,1,False,False
166,33.2,2690269377536,1869.4904555681917,21.695831077305357,1,False,False
167,33.4,2690269374656,308.04190138222714,3.7892991987444787e-13,0,True,True
167,33.4,2690269373072,306.5070487589098,2.415659281790522e-13,1,False,True
167,33.4,2690269374704,686.4507878713185,16.12782417488939,1,False,False
167,33.4,2690269374752,643.6898562047165,15.522797164705857,1,False,False
167,33.4,2690269377776,728.1806661521542,15.868902166773587,1,False,False
167,33.4,2690269376192,769.0942256715579,14.117199325303613,1,False,False
167,33.4,2690269376000,803.902974524642,8.889706479325588,1,False,False
167,33.4,2690269377392,638.5140568845707,8.138650399206393,0,False,False
167,33.4,2690269373600,825.4620428422704,2.3101261914490605,1,False,False
167,33.4,2690269375424,662.1722721342603,9.520184659435579,0,False,False
167,33.4,2690269376864,836.0652308152271,-0.8861853978192139,1,False,False
167,33.4,2690269377680,688.6928523693804,10.804598165670045,0,False,False
167,33.4,2690269377632,717.4068441716477,11.782786187173311,0,False,False
167,33.4,2690269375472,843.9567223450551,-0.7067179056798137,1,False,False
167,33.4,2690269377008,853.6403807964958,0.09309216683088924,1,False,False
167,33.4,2690269375520,747.3641591042848,12.485158765246041,0,False,False
167,33.4,2690269377200,864.0820419641705,0.08588143731350995,1,False,False
167,33.4,2690269377872,778.9839118374842,13.156012418561366,0,False,False
167,33.4,2690269376144,811.5585033038398,13.751943381254305,0,False,False
167,33.4,2690269377920,844.7445740261446,14.350100137961478,0,False,False
167,33.4,2690269375136,874.142170102611,-0.0023051817961548945,1,False,False
167,33.4,2690269375808,884.1299229334595,2.2949635946072932e-07,1,True,True
167,33.4,2690269375616,880.0797636321402,15.085223593072653,0,False,False
167,33.4,2690269376672,917.571242414717,15.63267216500677,0,False,False
167,33.4,2690269376528,958.7532752039757,15.668391358035503,1,False,False
167,33.4,2690269374992,994.973596427217,15.898029890733069,0,False,False
167,33.4,2690269377440,889.1299229334595,1.536506883237757e-07,1,False,True
167,33.4,2690269376720,1038.73092990383,17.197464340742695,0,False,False
167,33.4,2690269375328,1080.4965547025001,17.250890338312953,0,False,False
167,33.4,2690269376768,1124.9628059539261,17.687903635696074,0,False,False
167,33.4,2690269375088,1029.4213425525818,6.778223649340539,1,False,False
167,33.4,2690269378160,1171.9829273744933,18.160680162408454,0,False,False
167,33.4,2690269375952,1217.3662335920856,18.447110929055473,0,False,False
167,33.4,2690269375760,1050.7344882227528,8.105899095855595,1,False,False
167,33.4,2690269378064,1265.5287670787127,18.596524538244513,0,False,False
167,33.4,2690269377104,1312.9784099306044,18.0488744523736,0,False,False
167,33.4,2690269375568,1074.984705352809,9.849786246034531,1,False,False
167,33.4,2690269376240,1359.5618071356403,15.130532677340103,0,False,False
167,33.4,2690269374944,1102.931187544895,11.680897311016814,1,False,False
167,33.4,2690269377056,1134.1722011117713,13.17811217415039,1,False,False
167,33.4,2690269375232,1396.6019852553507,7.791424310166929,0,False,False
167,33.4,2690269377152,1416.425037822516,0.4135824034151166,0,False,False
167,33.4,2690269376432,1425.716772411687,0.012444145899250726,0,True,True
167,33.4,2690269375040,1430.716772411687,0.012183857417608718,0,False,True
167,33.4,2690269375904,1168.7141711977863,14.39512145558454,1,False,False
167,33.4,2690269376960,1204.9070230123564,15.135575916693092,1,False,False
167,33.4,2690269378256,1243.8680791115714,15.763109482810389,1,False,False
167,33.4,2690269376624,1283.2085554933008,16.129871361096612,1,False,False
167,33.4,2690269377584,1323.2980772634276,16.544358684449122,1,False,False
167,33.4,2690269374848,1608.0725180993027,20.304317977042505,0,False,False
167,33.4,2690269377344,1366.2594909746074,17.072659928624578,1,False,False
167,33.4,2690269377296,1407.5131119935695,17.458206406458842,1,False,False
167,33.4,2690269374896,1453.2521675479302,18.406902544605316,0,False,False
167,33.4,2690269376816,1678.7872411368025,21.00768005077603,0,False,False
167,33.4,2690269378208,1763.9203913080078,21.94097591186625,0,False,False
167,33.4,2690269377248,1502.013390837378,19.70822698727453,1,False,False
167,33.4,2690269375856,1549.872347177076,19.16997412656216,0,False,False
167,33.4,2690269378016,1604.614407362329,19.369317934250144,1,False,False
167,33.4,2690269375712,1661.0133674757067,19.899323076630704,1,False,False
167,33.4,2690269375376,1857.0462135164873,22.444476162487035,0,False,False
167,33.4,2690269377968,1717.7612669573484,20.247249242970515,1,False,False
167,33.4,2690269375184,1787.800375276752,20.907700646829067,1,False,False
167,33.4,2690269377536,1873.8296217836528,21.695831077305357,1,False,False
168,33.6,2690269374656,308.04190138222714,3.0808405929940295e-13,0,True,True
168,33.6,2690269373072,306.5070487589098,1.9640204649579832e-13,1,False,True
168,33.6,2690269374704,689.6755445358193,16.114804544486752,1,False,False
168,33.6,2690269374752,646.8023131656865,15.638667883901034,1,False,False
168,33.6,2690269377776,731.3483238187921,15.773899928073492,1,False,False
168,33.6,2690269376192,771.8951718130637,13.772549581706631,1,False,False
168,33.6,2690269376000,805.637652639811,8.23817337069713,1,False,False
168,33.6,2690269377392,640.1505867830492,8.27125771503008,0,False,False
168,33.6,2690269373600,825.8903464958779,1.8117199698280497,1,False,False
168,33.6,2690269375424,664.0854365493108,9.656894277575832,0,False,False
168,33.6,2690269376864,835.8797261422441,-1.002760712583913,1,False,False
168,33.6,2690269377680,690.8615350404715,10.920521746303343,0,False,False
168,33.6,2690269377632,719.7694294151065,11.87270774466607,0,False,False
168,33.6,2690269375472,843.8207629261038,-0.6249854100947089,1,False,False
168,33.6,2690269377008,853.6612349979364,0.1253058599800671,1,False,False
168,33.6,2690269375520,749.8660149653518,12.557179673862308,0,False,False
168,33.6,2690269377200,864.0986577701007,0.07734912948924152,1,False,False
168,33.6,2690269377872,781.6193448672585,13.219264915264745,0,False,False
168,33.6,2690269376144,814.3129023188163,13.811973260666921,0,False,False
168,33.6,2690269377920,847.6185881315452,14.409732813334156,0,False,False
168,33.6,2690269375136,874.1416404504832,-0.0032804598082507653,1,False,False
168,33.6,2690269375808,884.1299229692765,1.8658904010673816e-07,1,True,True
168,33.6,2690269375616,883.0999222838158,15.132898061453123,0,False,False
168,33.6,2690269376672,920.7040477088876,15.823791628459512,0,False,False
168,33.6,2690269376528,961.8732476798111,15.766296353327194,1,False,False
168,33.6,2690269374992,998.1591655008443,15.987344712336837,0,False,False
168,33.6,2690269377440,889.1299229692767,1.2492370037346388e-07,1,False,True
168,33.6,2690269376720,1042.171710125662,17.216508175542508,0,False,False
168,33.6,2690269375328,1083.94800025802,17.269853285267548,0,False,False
168,33.6,2690269376768,1128.501508281507,17.704672724496525,0,False,False
168,33.6,2690269375088,1030.784956312891,6.89905470273962,1,False,False
168,33.6,2690269378160,1175.615950329243,18.17387814778468,0,False,False
168,33.6,2690269375952,1221.055974963799,18.451579186799542,0,False,False
168,33.6,2690269375760,1052.3669771224631,8.276214525179181,1,False,False
168,33.6,2690269378064,1269.2462347115425,18.567717184463852,0,False,False
168,33.6,2690269377104,1316.5785954655953,17.90080512029718,0,False,False
168,33.6,2690269375568,1076.9671405148779,10.036796215497574,1,False,False
168,33.6,2690269376240,1362.5565199788728,14.651683542682585,0,False,False
168,33.6,2690269374944,1105.2786489312807,11.849289402714913,1,False,False
168,33.6,2690269377056,1136.8162774622365,13.303893165036243,1,False,False
168,33.6,2690269375232,1398.1134886362554,7.091812417074431,0,False,False
168,33.6,2690269377152,1416.4955124684598,0.2366600888772405,0,False,False
168,33.6,2690269376432,1425.7190746739234,0.010117551510383406,0,True,True
168,33.6,2690269375040,1430.719074673923,0.009905927334494316,0,False,True
168,33.6,2690269375904,1171.598951997713,14.48060011756547,1,False,False
168,33.6,2690269376960,1207.9378212930444,15.19027523150624,1,False,False
168,33.6,2690269378256,1247.0230577858692,15.798167571302782,1,False,False
168,33.6,2690269376624,1286.4363742739965,16.157412029614456,1,False,False
168,33.6,2690269377584,1326.6086847165643,16.570310434254335,1,False,False
168,33.6,2690269374848,1612.133920074512,20.312376423232404,0,False,False
168,33.6,2690269377344,1369.6756613256332,17.09893029091443,1,False,False
168,33.6,2690269377296,1411.0130489699523,17.673075660203843,1,False,False
168,33.6,2690269374896,1456.9289978479135,18.628800076953276,0,False,False
168,33.6,2690269376816,1682.9891388825915,21.01309457954802,0,False,False
168,33.6,2690269378208,1768.3087407403214,21.943285792523568,0,False,False
168,33.6,2690269377248,1505.9681389977866,19.91122633727777,1,False,False
168,33.6,2690269375856,1553.7088060205683,19.206574304124953,0,False,False
168,33.6,2690269378016,1608.489026635432,19.380628180624537,1,False,False
168,33.6,2690269375712,1664.993844977755,19.908496535642623,1,False,False
168,33.6,2690269375376,1861.5351087489846,22.444476162487035,0,False,False
168,33.6,2690269377968,1721.8111906005474,20.254340500835692,1,False,False
168,33.6,2690269375184,1791.9822009544373,20.911973954996746,1,False,False
168,33.6,2690269377536,1878.1687879991139,21.695831077305357,1,False,False
169,33.8,2690269374656,308.04190138222714,2.504837507311294e-13,0,True,True
169,33.8,2690269373072,306.5070487589098,1.5968213795095425e-13,1,False,True
169,33.8,2690269374704,692.8974184161304,16.0974817500393,1,False,False
169,33.8,2690269374752,649.9371755525915,15.743114462182021,1,False,False
169,33.8,2690269377776,734.4960040499234,15.663891732703679,1,False,False
169,33.8,2690269376192,774.6249953398968,13.394795973705714,1,False,False
169,33.8,2690269376000,807.2413371616956,7.577411193875448,1,False,False
169,33.8,2690269377392,641.813813603695,8.406406823795873,0,False,False
169,33.8,2690269373600,826.2212315683278,1.3476814323113224,1,False,False
169,33.8,2690269375424,666.0258776664487,9.79257324020908,0,False,False
169,33.8,2690269376864,835.6730937342667,-1.0870672493362101,1,False,False
169,33.8,2690269377680,693.0532446205955,11.034064354150766,0,False,False
169,33.8,2690269377632,722.149850019138,11.960402650369115,0,False,False
169,33.8,2690269375472,843.7014065389062,-0.539811670285119,1,False,False
169,33.8,2690269377008,853.6881358422879,0.15159318397670687,1,False,False
169,33.8,2690269375520,752.3821738087786,12.627694788547949,0,False,False
169,33.8,2690269377200,864.1135347025665,0.06839042425844126,1,False,False
169,33.8,2690269377872,784.2673674675192,13.281612624396416,0,False,False
169,33.8,2690269376144,817.0792692702627,13.871428264904102,0,False,False
169,33.8,2690269377920,850.5044531126985,14.468352241607562,0,False,False
169,33.8,2690269375136,874.140931566089,-0.00402287092945058,1,False,False
169,33.8,2690269375808,884.1299229983972,1.5170380031196727e-07,1,True,True
169,33.8,2690269375616,886.1301756996099,15.190418081232824,0,False,False
169,33.8,2690269376672,923.8873029105163,16.096990933295967,0,False,False
169,33.8,2690269376528,965.0223709591104,15.841823117324514,1,False,False
169,33.8,2690269374992,1001.3622474225974,16.070816651501627,0,False,False
169,33.8,2690269377440,889.1299229983972,1.0156759520734367e-07,1,False,True
169,33.8,2690269376720,1045.616221695727,17.234420351448804,0,False,False
169,33.8,2690269375328,1087.403223634606,17.288595196887904,0,False,False
169,33.8,2690269376768,1132.0435478369254,17.721191512479447,0,False,False
169,33.8,2690269375088,1032.1731210282123,7.025608596723668,1,False,False
169,33.8,2690269378160,1179.2515803186968,18.186577667638968,0,False,False
169,33.8,2690269375952,1224.7465107849525,18.454518010301765,0,False,False
169,33.8,2690269375760,1054.033725877234,8.44939731192661,1,False,False
169,33.8,2690269378064,1272.9575529875465,18.532925964414634,0,False,False
169,33.8,2690269377104,1320.1478629930425,17.732744024638507,0,False,False
169,33.8,2690269375568,1078.9869234992932,10.222915574340279,1,False,False
169,33.8,2690269376240,1365.4530885465556,14.137356216131234,0,False,False
169,33.8,2690269374944,1107.6595341736772,12.013821882212962,1,False,False
169,33.8,2690269377056,1139.4852023353412,13.425067650049025,1,False,False
169,33.8,2690269375232,1399.485800048978,6.404312084441468,0,False,False
169,33.8,2690269377152,1416.5325706930214,0.08872960327320151,0,False,False
169,33.8,2690269376432,1425.72094649839,0.008225944102071725,0,True,True
169,33.8,2690269375040,1430.72094649839,0.008053885809141454,0,False,True
169,33.8,2690269375904,1174.5005704039254,14.56223785346569,1,False,False
169,33.8,2690269376960,1210.9793977023546,15.242577241577107,1,False,False
169,33.8,2690269378256,1250.184961685804,15.831949693475925,1,False,False
169,33.8,2690269376624,1289.6696638363062,16.184402530122465,1,False,False
169,33.8,2690269377584,1329.9244665245346,16.596152944210083,1,False,False
169,33.8,2690269374848,1616.1969285863584,20.32035785074772,0,False,False
169,33.8,2690269377344,1373.0978456094367,17.137891712529733,1,False,False
169,33.8,2690269377296,1414.5673880873958,17.965175542608378,1,False,False
169,33.8,2690269374896,1460.660114067685,18.83574200389673,0,False,False
169,33.8,2690269376816,1687.1921160974682,21.01845773802128,0,False,False
169,33.8,2690269378208,1772.6975509919353,21.945578364981596,0,False,False
169,33.8,2690269377248,1509.962831142084,20.098569393747066,1,False,False
169,33.8,2690269375856,1557.5524503870765,19.241126988697047,0,False,False
169,33.8,2690269378016,1612.3659004794526,19.39182667916434,1,False,False
169,33.8,2690269375712,1668.9761512444163,19.917581389397906,1,False,False
169,33.8,2690269375376,1866.0240039814819,22.444476162487035,0,False,False
169,33.8,2690269377968,1725.862527817673,20.261361841306407,1,False,False
169,33.8,2690269375184,1796.1648783324042,20.916203005633548,1,False,False
169,33.8,2690269377536,1882.507954214575,21.695831077305357,1,False,False
170,34.0,2690269374656,308.04190138222714,2.036525665203612e-13,0,True,True
170,34.0,2690269373072,306.5070487589098,1.2982749230738323e-13,1,False,True
170,34.0,2690269374704,696.1155115209465,16.075279787128622,1,False,False
170,34.0,2690269374752,653.0921902169666,15.836607815161365,1,False,False
170,34.0,2690269377776,737.6205982324733,15.537241823432725,1,False,False
170,34.0,2690269376192,777.2770189140252,12.98318550767469,1,False,False
170,34.0,2690269376000,808.7125085272137,6.912350669967798,1,False,False
170,34.0,2690269377392,643.5042188709319,8.543697576130182,0,False,False
170,34.0,2690269373600,826.4616923842806,0.9197317668483014,1,False,False
170,34.0,2690269375424,667.9933739628416,9.926994373192407,0,False,False
170,34.0,2690269376864,835.451621730751,-1.1416248635555641,1,False,False
170,34.0,2690269377680,695.2675009884284,11.145169860486613,0,False,False
170,34.0,2690269377632,724.547663042934,12.04590798740947,0,False,False
170,34.0,2690269375472,843.5992219564537,-0.45295808253963316,1,False,False
170,34.0,2690269377008,853.7199046709163,0.17207785939835996,1,False,False
170,34.0,2690269375520,754.9123381420518,12.696759168656493,0,False,False
170,34.0,2690269377200,864.126604842603,0.0592587627278087,1,False,False
170,34.0,2690269377872,786.9278013589703,13.343095034634347,0,False,False
170,34.0,2690269376144,819.8574885062912,13.930305815799104,0,False,False
170,34.0,2690269377920,853.4020062671822,14.526566713198342,0,False,False
170,34.0,2690269375136,874.1400886419154,-0.004553516681607669,1,False,False
170,34.0,2690269375808,884.1299230220734,1.233408083129002e-07,1,True,True
170,34.0,2690269375616,889.1726288061423,15.258039224201374,0,False,False
170,34.0,2690269376672,927.1239289961718,16.351248021680032,0,False,False
170,34.0,2690269376528,968.1903153042321,15.895490991537478,1,False,False
170,34.0,2690269374992,1004.5816720079686,16.14879136513233,0,False,False
170,34.0,2690269377440,889.1299230220734,8.257821666635587e-08,1,False,True
170,34.0,2690269376720,1049.0642469417762,17.25132807909767,0,False,False
170,34.0,2690269375328,1090.86218076267,17.307118020993865,0,False,False
170,34.0,2690269376768,1135.5888740960172,17.7374526892097,0,False,False
170,34.0,2690269375088,1033.5869663824676,7.157657518221186,1,False,False
170,34.0,2690269378160,1182.8897145162143,18.198730177351006,0,False,False
170,34.0,2690269375952,1228.4375222713982,18.455728044057278,0,False,False
170,34.0,2690269375760,1055.735282635072,8.62506684816637,1,False,False
170,34.0,2690269378064,1276.6614737862587,18.491360151265827,0,False,False
170,34.0,2690269377104,1323.682083855185,17.542721282259993,0,False,False
170,34.0,2690269375568,1081.043852999634,10.407799351072045,1,False,False
170,34.0,2690269376240,1368.2444713280051,13.588516001571014,0,False,False
170,34.0,2690269374944,1110.0730594246263,12.174321024378017,1,False,False
170,34.0,2690269377056,1142.17805731694,13.541682446643787,1,False,False
170,34.0,2690269375232,1400.7216834913927,5.733984143456123,0,False,False
170,34.0,2690269377152,1416.5418502219436,-0.0326392330213641,0,False,False
170,34.0,2690269376432,1425.7224683610084,0.0066879972195806854,0,True,True
170,34.0,2690269375040,1430.7224683610084,0.0065481074548990065,0,False,True
170,34.0,2690269375904,1177.418267581668,14.640175590394655,1,False,False
170,34.0,2690269376960,1214.0312813193896,15.292609159666855,1,False,False
170,34.0,2690269378256,1253.3535415080303,15.864543273965891,1,False,False
170,34.0,2690269376624,1292.908317688207,16.210902109731308,1,False,False
170,34.0,2690269377584,1333.2454421058944,16.622503133687626,1,False,False
170,34.0,2690269374848,1620.2615283117068,20.328263462606827,0,False,False
170,34.0,2690269377344,1376.5286842006524,17.189378369553978,1,False,False
170,34.0,2690269377296,1418.1790232403523,18.240470068628607,1,False,False
170,34.0,2690269374896,1464.4365781194597,19.02782207662922,0,False,False
170,34.0,2690269376816,1691.3961625609506,21.023770325897782,0,False,False
170,34.0,2690269378208,1777.0868186144312,21.94785382687042,0,False,False
170,34.0,2690269377248,1513.9941461730873,20.270962064391775,1,False,False
170,34.0,2690269375856,1561.4028791663943,19.273795036724742,0,False,False
170,34.0,2690269378016,1616.2450066720573,19.40291532622187,1,False,False
170,34.0,2690269375712,1672.9602686448147,19.926578983392233,1,False,False
170,34.0,2690269375376,1870.5128992139792,22.444476162487035,0,False,False
170,34.0,2690269377968,1729.9152646989783,20.268314364890422,1,False,False
170,34.0,2690269375184,1800.348398607661,20.920388522762806,1,False,False
170,34.0,2690269377536,1886.847120430036,21.695831077305357,1,False,False
171,34.2,2690269374656,308.04190138222714,1.6557707926870257e-13,0,True,True
171,34.2,2690269373072,306.5070487589098,1.0555455967154359e-13,1,False,True
171,34.2,2690269374704,699.3288058332582,16.047548620576965,1,False,False
171,34.2,2690269374752,656.2651967130438,15.919594344860737,1,False,False
171,34.2,2690269377776,740.7186634911312,15.392210744435994,1,False,False
171,34.2,2690269376192,779.8444447618642,12.5374355430644,1,False,False
171,34.2,2690269376000,810.0506421820902,6.248028875829757,1,False,False
171,34.2,2690269377392,645.2222048027783,8.682740846245782,0,False,False
171,34.2,2690269373600,826.6190402118904,0.529181268194299,1,False,False
171,34.2,2690269375424,669.987659593195,10.059947206414984,0,False,False
171,34.2,2690269376864,835.2210848929108,-1.1690795969284462,1,False,False
171,34.2,2690269377680,697.5038136196133,11.253794365796711,0,False,False
171,34.2,2690269377632,726.9624333231526,12.129266118243086,0,False,False
171,34.2,2690269375472,843.5144349562185,-0.3660460371794834,1,False,False
171,34.2,2690269377008,853.7553946774665,0.18698727882970206,1,False,False
171,34.2,2690269375520,757.4562214967448,12.764427975558432,0,False,False
171,34.2,2690269377200,864.1378488457391,0.05017564786706641,1,False,False
171,34.2,2690269377872,789.6004759905892,13.403749515470269,0,False,False
171,34.2,2690269376144,822.6474461112018,13.988636247264902,0,False,False
171,34.2,2690269377920,856.3112039232312,14.584913491558133,0,False,False
171,34.2,2690269375136,874.1391525486016,-0.004894848404370852,1,False,False
171,34.2,2690269375808,884.1299230413231,1.0028064533647352e-07,1,True,True
171,34.2,2690269375616,892.2292031279711,15.33429993845851,0,False,False
171,34.2,2690269376672,930.4101674449198,16.58703717385549,0,False,False
171,34.2,2690269376528,971.3699527402429,15.928192958883173,1,False,False
171,34.2,2690269374992,1007.8163517854105,16.221612536822523,0,False,False
171,34.2,2690269377440,889.1299230413231,6.713914860221645e-08,1,False,True
171,34.2,2690269376720,1052.5155928441475,17.267346906519432,0,False,False
171,34.2,2690269375328,1094.3248279272188,17.3254231726103,0,False,False
171,34.2,2690269376768,1139.1374349638647,17.753447270368177,0,False,False
171,34.2,2690269375088,1035.0275751647573,7.294954063380524,1,False,False
171,34.2,2690269378160,1186.5302399063426,18.21027971813341,0,False,False
171,34.2,2690269375952,1232.1286489335514,18.45498160947663,0,False,False
171,34.2,2690269375760,1057.472119222859,8.802839859262612,1,False,False
171,34.2,2690269378064,1280.3565845363373,18.442132652740124,0,False,False
171,34.2,2690269377104,1327.176731454645,17.328715638457396,0,False,False
171,34.2,2690269375568,1083.1376595777422,10.591115805862701,1,False,False
171,34.2,2690269376240,1370.9238666893918,13.006838647056682,0,False,False
171,34.2,2690269374944,1112.518407640045,12.330636359923002,1,False,False
171,34.2,2690269377056,1144.8939343831953,13.653799451238346,1,False,False
171,34.2,2690269375232,1401.8248940259882,5.085552797908694,0,False,False
171,34.2,2690269377152,1416.5284977605365,-0.12993754510971645,0,False,False
171,34.2,2690269376432,1425.7237056916824,0.005437589443119823,0,True,True
171,34.2,2690269375040,1430.7237056916824,0.005323853883331222,0,False,True
171,34.2,2690269375904,1180.3513130619585,14.714556717097736,1,False,False
171,34.2,2690269376960,1217.0930263960308,15.340494118172,1,False,False
171,34.2,2690269378256,1256.528565187917,15.896032399450643,1,False,False
171,34.2,2690269376624,1296.1522429491295,16.23699511951555,1,False,False
171,34.2,2690269377584,1336.571749304209,16.649878999249,1,False,False
171,34.2,2690269374848,1624.327704166247,20.336094435323307,0,False,False
171,34.2,2690269377344,1379.9705632685545,17.25163856250186,1,False,False
171,34.2,2690269377296,1421.8446113397763,18.499250444570055,1,False,False
171,34.2,2690269374896,1468.2526416186763,19.205451222369913,0,False,False
171,34.2,2690269376816,1695.6012682113173,21.029033125298465,0,False,False
171,34.2,2690269378208,1781.4765401987104,21.950112372730672,0,False,False
171,34.2,2690269377248,1518.0590468135983,20.42915603122834,1,False,False
171,34.2,2690269375856,1565.2597245388401,19.304728602611778,0,False,False
171,34.2,2690269378016,1620.1263233665854,19.4138959647343,1,False,False
171,34.2,2690269375712,1676.9461798150558,19.935490631639464,1,False,False
171,34.2,2690269375376,1875.0017944464764,22.444476162487035,0,False,False
171,34.2,2690269377968,1733.9693875531902,20.275199147853623,1,False,False
171,34.2,2690269375184,1804.5327531209216,20.924531214034925,1,False,False
171,34.2,2690269377536,1891.1862866454971,21.695831077305357,1,False,False
172,34.4,2690269374656,308.04190138222714,1.3462029792987256e-13,0,True,True
172,34.4,2690269373072,306.5070487589098,8.581976644110093e-14,1,False,True
172,34.4,2690269374704,702.5361480010694,16.013556578833132,1,False,False
172,34.4,2690269374752,659.4541217169457,15.992485928720603,1,False,False
172,34.4,2690269377776,743.7864029653354,15.22697218713338,1,False,False
172,34.4,2690269376192,782.3204539766355,12.057810282924775,1,False,False
172,34.4,2690269376000,811.2562219301932,5.5894715120467335,1,False,False
172,34.4,2690269377392,646.9680965660235,8.823159277228035,0,False,False
172,34.4,2690269373600,826.7008205708312,0.1769209417177467,1,False,False
172,34.4,2690269375424,672.0084277349232,10.191238024766312,0,False,False
172,34.4,2690269376864,834.9867236858828,-1.1721408917952851,1,False,False
172,34.4,2690269377680,699.7616839984571,11.359905679340145,0,False,False
172,34.4,2690269377632,729.3937344899191,12.210524088642432,0,False,False
172,34.4,2690269375472,843.446956552442,-0.28055337143748676,1,False,False
172,34.4,2690269377008,853.7935107321482,0.19663857499401072,1,False,False
172,34.4,2690269375520,760.01354842703,12.830756173026858,0,False,False
172,34.4,2690269377200,864.1472895028256,0.04133008172367475,1,False,False
172,34.4,2690269377872,792.285228237434,13.463613068036517,0,False,False
172,34.4,2690269376144,825.4490361272651,14.04647681588572,0,False,False
172,34.4,2690269377920,859.2321032011008,14.64383117679972,0,False,False
172,34.4,2690269375136,874.1381596150148,-0.005069940150828934,1,False,False
172,34.4,2690269375808,884.1299230569738,8.15318787565284e-08,1,True,True
172,34.4,2690269375616,895.3015336653232,15.4178265880618,0,False,False
172,34.4,2690269376672,933.7423619181459,16.80493883700348,0,False,False
172,34.4,2690269376528,974.5558630990593,15.941067938397016,1,False,False
172,34.4,2690269374992,1011.0652736500605,16.28961581717705,0,False,False
172,34.4,2690269377440,889.1299230569738,5.458661444873539e-08,1,False,True
172,34.4,2690269376720,1055.9700887568438,17.282581516190984,0,False,False
172,34.4,2690269375328,1097.7911216586892,17.343511493279973,0,False,False
172,34.4,2690269376768,1142.6891764263264,17.769164385798923,0,False,False
172,34.4,2690269375088,1036.495979468248,7.437232984997761,1,False,False
172,34.4,2690269378160,1190.173031734695,18.221161876381277,0,False,False
172,34.4,2690269375952,1235.819482661482,18.45201885455358,0,False,False
172,34.4,2690269375760,1059.2446307109992,8.98233187500999,1,False,False
172,34.4,2690269378064,1284.0412884153168,18.384252217190145,0,False,False
172,34.4,2690269377104,1330.6268735916326,17.088695938700837,0,False,False
172,34.4,2690269375568,1085.2680083969453,10.77254772008057,1,False,False
172,34.4,2690269376240,1373.4848568997304,12.394732855898802,0,False,False
172,34.4,2690269374944,1114.9947332355844,12.482640708185945,1,False,False
172,34.4,2690269377056,1147.6319388188408,13.761494170917322,1,False,False
172,34.4,2690269375232,1402.8001048017177,4.463325279267302,0,False,False
172,34.4,2690269377152,1416.49716078418,-0.20565977405721758,0,False,False
172,34.4,2690269376432,1425.7247116873477,0.004420961609458013,0,True,True
172,34.4,2690269375040,1430.7247116873473,0.004328490386921741,0,False,True
172,34.4,2690269375904,1183.2990051625998,14.785526035815026,1,False,False
172,34.4,2690269376960,1220.1642115329912,15.386351076537409,1,False,False
172,34.4,2690269378256,1259.709817331136,15.926499212674237,1,False,False
172,34.4,2690269376624,1299.4013649122348,16.262783890159223,1,False,False
172,34.4,2690269377584,1339.9036218172728,16.67868521772748,1,False,False
172,34.4,2690269374848,1628.3954412992448,20.343851919672044,0,False,False
172,34.4,2690269377344,1383.4255279471972,17.323058596689645,1,False,False
172,34.4,2690269377296,1425.560873713928,18.741897450895415,1,False,False
172,34.4,2690269374896,1472.104209750803,19.369230544119,0,False,False
172,34.4,2690269376816,1699.8074231421256,21.03424690126653,0,False,False
172,34.4,2690269378208,1785.8667123743787,21.952354194074882,0,False,False
172,34.4,2690269377248,1522.1547056909867,20.573927566899357,1,False,False
172,34.4,2690269375856,1569.1226485416937,19.334065739860712,0,False,False
172,34.4,2690269378016,1624.0098290815283,19.424770386628712,1,False,False
172,34.4,2690269375712,1680.9338676520133,19.944317617889766,1,False,False
172,34.4,2690269375376,1879.4906896789737,22.444476162487035,0,False,False
172,34.4,2690269377968,1738.0248829027107,20.28201724292759,1,False,False
172,34.4,2690269375184,1808.717933353364,20.92863177120356,1,False,False
172,34.4,2690269377536,1895.5254528609582,21.695831077305357,1,False,False
173,34.6,2690269374656,308.04190138222714,1.0945128815394675e-13,0,True,True
173,34.6,2690269373072,306.5070487589098,6.977464862648324e-14,1,False,True
173,34.6,2690269374704,705.7362324927639,15.97248257904976,1,False,False
173,34.6,2690269374752,662.6569714903898,16.055650594148943,1,False,False
173,34.6,2690269377776,746.8196499557839,15.039637594943823,1,False,False
173,34.6,2690269376192,784.6983204119305,11.545185316342101,1,False,False
173,34.6,2690269376000,812.330730185096,4.941583280815045,1,False,False
173,34.6,2690269377392,648.7421446771322,8.964587978045289,0,False,False
173,34.6,2690269373600,826.7147287092682,-0.1365873846652123,1,False,False
173,34.6,2690269375424,674.0553339391158,10.320689852580822,0,False,False
173,34.6,2690269376864,834.753235280437,-1.1535287187993368,1,False,False
173,34.6,2690269377680,702.0406079231362,11.463482763585919,0,False,False
173,34.6,2690269377632,731.8411498643876,12.289733045153682,0,False,False
173,34.6,2690269375472,843.3964119634973,-0.1978104316302389,1,False,False
173,34.6,2690269377008,853.8332263429642,0.20142363006258251,1,False,False
173,34.6,2690269375520,762.584054456504,12.895798346219474,0,False,False
173,34.6,2690269377200,864.1549852488528,0.03287887973807825,1,False,False
173,34.6,2690269377872,794.9819024245601,13.522723704513945,0,False,False
173,34.6,2690269376144,828.2621655114967,14.103905360334604,0,False,False
173,34.6,2690269377920,862.1648426762556,14.703665886799376,0,False,False
173,34.6,2690269375136,874.1371415467279,-0.005101866413287352,1,False,False
173,34.6,2690269375808,884.1299230696985,6.628843712827079e-08,1,True,True
173,34.6,2690269375616,898.3909867828477,15.507337654623012,0,False,False
173,34.6,2690269376672,937.1169783626482,17.00562255132698,0,False,False
173,34.6,2690269376528,977.7435740355387,15.935399610905128,1,False,False
173,34.6,2690269374992,1014.3274936353041,16.353125481613063,0,False,False
173,34.6,2690269377440,889.1299230696984,4.438093927328294e-08,1,False,True
173,34.6,2690269376720,1059.4275842858558,17.29712648869283,0,False,False
173,34.6,2690269375328,1101.2610186151535,17.361383202853307,0,False,False
173,34.6,2690269376768,1146.244042157132,17.784591035934383,0,False,False
173,34.6,2690269375088,1037.9931572359692,7.5842129001826715,1,False,False
173,34.6,2690269378160,1193.8179517399626,18.23130259281767,0,False,False
173,34.6,2690269375952,1239.509561010664,18.446543458799393,0,False,False
173,34.6,2690269375760,1061.0531352728167,9.163158710022012,1,False,False
173,34.6,2690269378064,1287.7137830327433,18.316616375548225,0,False,False
173,34.6,2690269377104,1334.0271737908279,16.820673062533796,0,False,False
173,34.6,2690269375568,1087.434502208736,10.951793615380332,1,False,False
173,34.6,2690269376240,1375.9215546110331,11.755331173120027,0,False,False
173,34.6,2690269374944,1117.5011667360486,12.630230007979508,1,False,False
173,34.6,2690269377056,1150.3911918405836,13.864854241909923,1,False,False
173,34.6,2690269375232,1403.6528192969913,3.871130244338613,0,False,False
173,34.6,2690269377152,1416.4519902189552,-0.2622557310343368,0,False,False
173,34.6,2690269376432,1425.7255295990822,0.003594405527808233,0,True,True
173,34.6,2690269375040,1430.725529599082,0.0035192229990261507,0,False,True
173,34.6,2690269375904,1186.2606712061274,14.853228813524398,1,False,False
173,34.6,2690269376960,1223.2444388444628,15.430294828889213,1,False,False
173,34.6,2690269378256,1262.897098895765,15.956024888193996,1,False,False
173,34.6,2690269376624,1302.655630187207,16.288382157201454,1,False,False
173,34.6,2690269377584,1343.241367379494,16.7092257094845,1,False,False
173,34.6,2690269374848,1632.4647250884432,20.35153704142753,0,False,False
173,34.6,2690269377344,1386.895309486384,17.40215624275894,1,False,False
173,34.6,2690269377296,1429.3246131380383,18.968868503175404,1,False,False
173,34.6,2690269374896,1475.9880253532651,19.51985844692612,0,False,False
173,34.6,2690269376816,1704.014617598828,21.03941240225285,0,False,False
173,34.6,2690269378208,1790.257331809146,21.954579479447386,0,False,False
173,34.6,2690269377248,1526.2784750096143,20.706062643975766,1,False,False
173,34.6,2690269375856,1572.9913403183612,19.361933169132875,0,False,False
173,34.6,2690269378016,1627.8955026904798,19.43554033507748,1,False,False
173,34.6,2690269375712,1684.9233153073535,19.953061196775494,1,False,False
173,34.6,2690269375376,1883.979584911471,22.444476162487035,0,False,False
173,34.6,2690269377968,1742.0817374789542,20.288769679990153,1,False,False
173,34.6,2690269375184,1812.9039309234804,20.932690870584704,1,False,False
173,34.6,2690269377536,1899.8646190764193,21.695831077305357,1,False,False
174,34.8,2690269374656,308.04190138222714,8.898795102057182e-14,0,True,True
174,34.8,2690269373072,306.5070487589098,5.6729373579576304e-14,1,False,True
174,34.8,2690269374704,708.9275831978796,15.923408419565664,1,False,False
174,34.8,2690269374752,665.8718225210989,16.109403799035164,1,False,False
174,34.8,2690269377776,749.8138575647938,14.828289564439716,1,False,False
174,34.8,2690269376192,786.9715363729567,11.001094181691125,1,False,False
174,34.8,2690269376000,813.2766171350938,4.309051880784758,1,False,False
174,34.8,2690269377392,650.5445275396696,9.106675178422098,0,False,False
174,34.8,2690269373600,826.6685232175804,-0.4113181440291034,1,False,False
174,34.8,2690269375424,676.127999473838,10.448142369323786,0,False,False
174,34.8,2690269376864,834.5247744142927,-1.1159314620832947,1,False,False
174,34.8,2690269377680,704.3400776976787,11.564515148059828,0,False,False
174,34.8,2690269377632,734.3042732411412,12.366947674499247,0,False,False
174,34.8,2690269375472,843.3621703903763,-0.11899582064926953,1,False,False
174,34.8,2690269377008,853.8735975705257,0.20179346243809326,1,False,False
174,34.8,2690269375520,765.1674859955182,12.959608616087896,0,False,False
174,34.8,2690269377200,864.1610237857839,0.024947720804628818,1,False,False
174,34.8,2690269377872,797.6903506017588,13.58112145541647,0,False,False
174,34.8,2690269376144,831.0867578491898,14.160946432853963,0,False,False
174,34.8,2690269377920,865.1093865789701,14.752681676898,0,False,False
174,34.8,2690269375136,874.1361254621139,-0.005013181478812868,1,False,False
174,34.8,2690269375808,884.1299230800439,5.38949545125852e-08,1,True,True
174,34.8,2690269375616,901.3092401179819,15.592547061068926,0,False,False
174,34.8,2690269376672,940.530621672852,17.18982960381871,0,False,False
174,34.8,2690269376528,980.9292008837169,15.912551798970663,1,False,False
174,34.8,2690269374992,1017.6021329823019,16.41245250159725,0,False,False
174,34.8,2690269377440,889.1299230800439,3.608334736767064e-08,1,False,True
174,34.8,2690269376720,1062.8879473178026,17.311067029512564,0,False,False
174,34.8,2690269375328,1104.734475454337,17.37903784278865,0,False,False
174,34.8,2690269376768,1149.8019730739218,17.7997118120138,0,False,False
174,34.8,2690269375088,1039.5200291452888,7.735597954777561,1,False,False
174,34.8,2690269378160,1197.46484613675,18.240616802137414,0,False,False
174,34.8,2690269375952,1243.1983595978663,18.438217871388993,0,False,False
174,34.8,2690269375760,1062.8978743409286,9.34493795844687,1,False,False
174,34.8,2690269378064,1291.3720377769912,18.23800564184897,0,False,False
174,34.8,2690269377104,1337.3719037063568,16.522762084971987,0,False,False
174,34.8,2690269375568,1089.6366845777163,11.128568885911063,1,False,False
174,34.8,2690269376240,1378.2287452385062,11.092446352675406,0,False,False
174,34.8,2690269374944,1120.0368193777158,12.773322950835551,1,False,False
174,34.8,2690269377056,1153.170832924411,13.963977955604344,1,False,False
174,34.8,2690269375232,1404.3892723245044,3.3122715679357984,0,False,False
174,34.8,2690269377152,1416.3966520490978,-0.30209252956328914,0,False,False
174,34.8,2690269376432,1425.7261945916155,0.002922384820238753,0,True,True
174,34.8,2690269375040,1430.7261945916155,0.0028612586398008176,0,False,True
174,34.8,2690269375904,1189.2356675547935,14.91780993522506,1,False,False
174,34.8,2690269376960,1226.333333129511,15.472436084187711,1,False,False
174,34.8,2690269378256,1266.0902270444321,15.984690245371425,1,False,False
174,34.8,2690269376624,1305.9150085934903,16.313909451965024,1,False,False
174,34.8,2690269377584,1346.5853484160552,16.741715573453703,1,False,False
174,34.8,2690269374848,1636.5355411351106,20.359150902075616,0,False,False
174,34.8,2690269377344,1390.381351149553,17.487574926308287,1,False,False
174,34.8,2690269377296,1433.1327283554253,19.1806856878581,1,False,False
174,34.8,2690269374896,1479.9012837716093,19.658076866598126,0,False,False
174,34.8,2690269376816,1708.2228419754854,21.04453036058423,0,False,False
174,34.8,2690269378208,1794.648395208237,21.956788414482777,0,False,False
174,34.8,2690269377248,1530.4278736548717,20.826345620415825,1,False,False
174,34.8,2690269375856,1576.865513749943,19.388447085655578,0,False,False
174,34.8,2690269378016,1631.7833234125292,19.446207506615032,1,False,False
174,34.8,2690269375712,1688.914506181784,19.961722594890155,1,False,False
174,34.8,2690269375376,1888.4684801439682,22.444476162487035,0,False,False
174,34.8,2690269377968,1746.1399382178206,20.295457466720336,1,False,False
174,34.8,2690269375184,1817.0907375840202,20.936709173499413,1,False,False
174,34.8,2690269377536,1904.2037852918804,21.695831077305357,1,False,False
175,35.0,2690269374656,308.04190138222714,7.235050002976269e-14,0,True,True
175,35.0,2690269373072,306.5070487589098,4.612308180810589e-14,1,False,True
175,35.0,2690269374704,712.1085335069023,15.865311462609224,1,False,False
175,35.0,2690269374752,669.096810454524,16.15400021559983,1,False,False
175,35.0,2690269377776,752.7640956440471,14.591024767761192,1,False,False
175,35.0,2690269376192,789.1339461266092,10.427751389480774,1,False,False
175,35.0,2690269376000,814.0972518238109,3.696269345789832,1,False,False
175,35.0,2690269377392,652.3753541101023,9.249082845297433,0,False,False
175,35.0,2690269373600,826.5699386723935,-0.6476813298400068,1,False,False
175,35.0,2690269375424,678.2260146459012,10.573451755060852,0,False,False
175,35.0,2690269376864,834.3049619723241,-1.0619741673768452,1,False,False
175,35.0,2690269377680,706.6595842049375,11.663002317718718,0,False,False
175,35.0,2690269377632,736.7827095603038,12.442225671323122,0,False,False
175,35.0,2690269375472,843.3433756544487,-0.04513208861590659,1,False,False
175,35.0,2690269377008,853.9137738028257,0.19824245723786232,1,False,False
175,35.0,2690269375520,767.7636002450408,13.022240483051752,0,False,False
175,35.0,2690269377200,864.1655159571299,0.017632792467237698,1,False,False
175,35.0,2690269377872,800.4104324653879,13.638828639799248,0,False,False
175,35.0,2690269376144,833.9226820823759,14.21647178706583,0,False,False
175,35.0,2690269377920,868.0616438574484,14.77775193111644,0,False,False
175,35.0,2690269375136,874.1351340260411,-0.004825495451489478,1,False,False
175,35.0,2690269375808,884.1299230884551,4.381859412815816e-08,1,True,True
175,35.0,2690269375616,904.3067330408597,15.663743931188781,0,False,False
175,35.0,2690269376672,943.9800488936575,17.358355947677687,0,False,False
175,35.0,2690269376528,984.1092817809614,15.87392891709544,1,False,False
175,35.0,2690269374992,1020.8883747189408,16.467893414799835,0,False,False
175,35.0,2690269377440,889.1299230884551,2.9337097830189113e-08,1,False,True
175,35.0,2690269376720,1066.3510621913438,17.32447965658558,0,False,False
175,35.0,2690269375328,1108.2114486936682,17.39647420984613,0,False,False
175,35.0,2690269376768,1153.362906835649,17.814508574897772,0,False,False
175,35.0,2690269375088,1041.0774558223552,7.891079444305377,1,False,False
175,35.0,2690269378160,1201.113543313962,18.249006882035218,0,False,False
175,35.0,2690269375952,1246.885283512761,18.42665806866779,0,False,False
175,35.0,2690269375760,1064.7790130636595,9.527290505313152,1,False,False
175,35.0,2690269378064,1295.013770118484,18.147079614559654,0,False,False
175,35.0,2690269377104,1340.6549685906075,16.193253556834456,0,False,False
175,35.0,2690269375568,1091.8740433263492,11.302606827396131,1,False,False
175,35.0,2690269376240,1380.4020182839695,10.410493099801771,0,False,False
175,35.0,2690269374944,1122.600787624542,12.911860425095545,1,False,False
175,35.0,2690269377056,1155.970021839596,14.0589728109987,1,False,False
175,35.0,2690269375232,1405.0163226251543,2.7894938224259747,0,False,False
175,35.0,2690269377152,1416.3343459065347,-0.327425787883462,0,False,False
175,35.0,2690269376432,1425.7267352551744,0.00237600709532893,0,True,True
175,35.0,2690269375040,1430.7267352551744,0.00232630924670028,0,False,True
175,35.0,2690269375904,1192.22337948302,14.979413159168438,1,False,False
175,35.0,2690269376960,1229.4305410630702,15.512881595171852,1,False,False
175,35.0,2690269378256,1269.2890350980292,16.012576058795762,1,False,False
175,35.0,2690269376624,1309.179493992481,16.33948638819587,1,False,False
175,35.0,2690269377584,1349.9359650391125,16.776292337348977,1,False,False
175,35.0,2690269374848,1640.607875259229,20.366694579499857,0,False,False
175,35.0,2690269377344,1393.8848329788177,17.578078290391414,1,False,False
175,35.0,2690269377296,1436.9822262365974,19.377924206845133,1,False,False
175,35.0,2690269374896,1483.8414610995646,19.784641419169514,0,False,False
175,35.0,2690269376816,1712.4320868115724,21.0496014929153,0,False,False
175,35.0,2690269378208,1799.0398993138108,21.958981181962965,0,False,False
175,35.0,2690269377248,1534.6005805590594,20.935550251567513,1,False,False
175,35.0,2690269375856,1580.7449053399637,19.413713953249573,0,False,False
175,35.0,2690269378016,1635.6732708030672,19.456773553126,1,False,False
175,35.0,2690269375712,1692.907423919515,19.970303011805342,1,False,False
175,35.0,2690269375376,1892.9573753764655,22.444476162487035,0,False,False
175,35.0,2690269377968,1750.1994722552997,20.3020815892289,1,False,False
175,35.0,2690269375184,1821.2783452190197,20.94068732670085,1,False,False
175,35.0,2690269377536,1908.5429515073415,21.695831077305357,1,False,False
176,35.2,2690269374656,308.04190138222714,5.882363617234631e-14,0,True,True
176,35.2,2690269373072,306.5070487589098,3.749977377227928e-14,1,False,True
176,35.2,2690269374704,715.2772049747697,15.797058130853616,1,False,False
176,35.2,2690269374752,672.3301174099577,16.18962590215823,1,False,False
176,35.2,2690269377776,755.6650569780768,14.326006627217936,1,False,False
176,35.2,2690269376192,791.1798822083813,9.828047545909405,1,False,False
176,35.2,2690269376000,814.7968587505416,3.1072722333693927,1,False,False
176,35.2,2690269377392,654.2346666844227,9.391487262377611,0,False,False
176,35.2,2690269373600,826.426599169505,-0.8465098031468895,1,False,False
176,35.2,2690269375424,680.3489420870117,10.69649046517055,0,False,False
176,35.2,2690269376864,834.0968992860875,-0.9941959154688144,1,False,False
176,35.2,2690269377680,708.9986188558208,11.758953081109508,0,False,False
176,35.2,2690269377632,739.27607547441,12.515627204804145,0,False,False
176,35.2,2690269375472,843.3389776810556,0.022918234995425453,1,False,False
176,35.2,2690269377008,853.953005389934,0.19129290514099379,1,False,False
176,35.2,2690269375520,770.3721649759066,13.08374462524298,0,False,False
176,35.2,2690269377200,864.1685899841784,0.011002896237103994,1,False,False
176,35.2,2690269377872,803.1420075751,13.695798309683287,0,False,False
176,35.2,2690269376144,836.7695632521131,14.26986688441615,0,False,False
176,35.2,2690269377920,871.0192024990051,14.812845946197829,0,False,False
176,35.2,2690269375136,874.1341856622378,-0.004559140629910874,1,False,False
176,35.2,2690269375808,884.1299230952939,3.5626139937086227e-08,1,True,True
176,35.2,2690269375616,907.3826374217927,15.916951514327476,1,False,False
176,35.2,2690269376672,947.4621790511463,17.51203588286063,0,False,False
176,35.2,2690269376528,987.2807030390783,15.820951403778222,1,False,False
176,35.2,2690269374992,1024.1854604236114,16.51972969348168,0,False,False
176,35.2,2690269377440,889.1299230952939,2.3852147095122645e-08,1,False,True
176,35.2,2690269376720,1069.8168280033967,17.337432847012423,0,False,False
176,35.2,2690269375328,1111.6918945563664,17.413690278888705,0,False,False
176,35.2,2690269376768,1156.926777272689,17.828960086598848,0,False,False
176,35.2,2690269375088,1042.666235377939,8.050337393869743,1,False,False
176,35.2,2690269378160,1204.7638512091087,18.256360888662766,0,False,False
176,35.2,2690269375952,1250.5696576487733,18.411427828961553,0,False,False
176,35.2,2690269375760,1066.6966410648186,9.709842053800198,1,False,False
176,35.2,2690269378064,1298.636421298613,18.042375742201457,0,False,False
176,35.2,2690269377104,1343.869947525129,15.830691788556994,0,False,False
176,35.2,2690269375568,1094.1460141778366,11.473659547605376,1,False,False
176,35.2,2690269376240,1382.437880838788,9.714378363872873,0,False,False
176,35.2,2690269374944,1125.192157561183,13.045804783090338,1,False,False
176,35.2,2690269377056,1158.7879403958427,14.149954110306725,1,False,False
176,35.2,2690269375232,1405.5413391793006,2.3049566212059247,0,False,False
176,35.2,2690269377152,1416.2678288561726,-0.34037901399819975,0,False,False
176,35.2,2690269376432,1425.7271748346725,0.0019317817687652102,0,True,True
176,35.2,2690269375040,1430.7271748346725,0.0018913755771690572,0,False,True
176,35.2,2690269375904,1195.2232209075867,15.038180471638606,1,False,False
176,35.2,2690269376960,1232.5357304149309,15.551734316325058,1,False,False
176,35.2,2690269378256,1272.4933725342648,16.039763121944134,1,False,False
176,35.2,2690269376624,1312.449104233051,16.365230772747573,1,False,False
176,35.2,2690269377584,1353.293640246306,16.813026485343926,1,False,False
176,35.2,2690269374848,1644.6817134948185,20.374169128643533,0,False,False
176,35.2,2690269377344,1397.406695484123,17.672544890157003,1,False,False
176,35.2,2690269377296,1440.8702316488993,19.56120116073102,1,False,False
176,35.2,2690269374896,1487.8062390956336,19.900304168815723,0,False,False
176,35.2,2690269376816,1716.642342788873,21.054626500664668,0,False,False
176,35.2,2690269378208,1803.4318409043965,21.961157961872907,0,False,False
176,35.2,2690269377248,1538.794429800038,21.03443245645597,1,False,False
176,35.2,2690269375856,1584.6292722934002,19.437831263492175,0,False,False
176,35.2,2690269378016,1639.5653247449827,19.46724008371414,1,False,False
176,35.2,2690269375712,1696.9020524029197,19.978803621030202,1,False,False
176,35.2,2690269375376,1897.4462706089628,22.444476162487035,0,False,False
176,35.2,2690269377968,1754.2603269231965,20.308643012665694,1,False,False
176,35.2,2690269375184,1825.4667458409165,20.944625962786397,1,False,False
176,35.2,2690269377536,1912.8821177228026,21.695831077305357,1,False,False
177,35.4,2690269374656,308.04190138222714,4.782579486130912e-14,0,True,True
177,35.4,2690269373072,306.5070487589098,3.048870495737314e-14,1,False,True
177,35.4,2690269374704,718.4314847649297,15.717398755622444,1,False,False
177,35.4,2690269374752,675.5699577507157,16.21639074471906,1,False,False
177,35.4,2690269377776,758.5110746354638,14.031527294994754,1,False,False
177,35.4,2690269376192,793.1042987500779,9.205514129745634,1,False,False
177,35.4,2690269376000,815.3804437371045,2.545699797659741,1,False,False
177,35.4,2690269377392,656.1224437982137,9.533579572326015,0,False,False
177,35.4,2690269373600,826.2459353333971,-1.0090322718846527,1,False,False
177,35.4,2690269375424,682.4963199901601,10.817146934717616,0,False,False
177,35.4,2690269376864,833.9031864364069,-0.9150346251907614,1,False,False
177,35.4,2690269377680,711.3566754109521,11.852384920015758,0,False,False
177,35.4,2690269377632,741.7839998015869,12.587214257069418,0,False,False
177,35.4,2690269375472,843.3477647288489,0.08445577521233472,1,False,False
177,35.4,2690269377008,853.9906482298707,0.18148028357523385,1,False,False
177,35.4,2690269375520,772.9929577243108,13.14416597754843,0,False,False
177,35.4,2690269377200,864.1703861473579,0.0051018872599595064,1,False,False
177,35.4,2690269377872,805.8849246069833,13.75198392961878,0,False,False
177,35.4,2690269376144,839.6270288960353,14.322193056680486,0,False,False
177,35.4,2690269377920,873.9854872901186,14.874119788448168,0,False,False
177,35.4,2690269375136,874.1332948267303,-0.004232920950684831,1,False,False
177,35.4,2690269375808,884.1299231008541,2.8965371255515437e-08,1,True,True
177,35.4,2690269375616,910.5546709606075,16.243092119108184,1,False,False
177,35.4,2690269376672,950.97409979201,17.65172690461129,0,False,False
177,35.4,2690269376528,990.4406647476245,15.755039899677888,1,False,False
177,35.4,2690269374992,1027.492687054402,16.5682274536041,0,False,False
177,35.4,2690269377440,889.129923100854,1.9392679001190085e-08,1,False,True
177,35.4,2690269376720,1073.2851570419252,17.349987642065976,0,False,False
177,35.4,2690269375328,1115.1757688012847,17.430683113313115,0,False,False
177,35.4,2690269376768,1160.4935137397608,17.843041587885356,0,False,False
177,35.4,2690269375088,1044.2871012567393,8.213042101447005,1,False,False
177,35.4,2690269378160,1208.4155543141942,18.26255055373635,0,False,False
177,35.4,2690269375952,1254.2507158573103,18.39203253890023,0,False,False
177,35.4,2690269375760,1068.6507735098187,9.892224664591618,1,False,False
177,35.4,2690269378064,1302.2371319941149,17.922311630434553,0,False,False
177,35.4,2690269377104,1347.0101496190316,15.433956982358449,0,False,False
177,35.4,2690269375568,1096.4519845724406,11.641498744074028,1,False,False
177,35.4,2690269376240,1384.3338473632018,9.009366693299121,0,False,False
177,35.4,2690269374944,1127.810009128442,13.175138946981535,1,False,False
177,35.4,2690269377056,1161.6237939131872,14.237043612045994,1,False,False
177,35.4,2690269375232,1405.9720829067548,1.860216749020759,0,False,False
177,35.4,2690269377152,1416.1994428252724,-0.3429298777836716,0,False,False
177,35.4,2690269376432,1425.727532229085,0.0015706101254790333,0,True,True
177,35.4,2690269375040,1430.7275322290852,0.001537758395185746,0,False,True
177,35.4,2690269375904,1198.2346339952035,15.094251537026254,1,False,False
177,35.4,2690269376960,1235.6485893013928,15.58909357480807,1,False,False
177,35.4,2690269378256,1275.703104985183,16.06633211512423,1,False,False
177,35.4,2690269376624,1315.7238803703917,16.391254467867103,1,False,False
177,35.4,2690269377584,1356.6588071753629,16.85193124051409,1,False,False
177,35.4,2690269374848,1648.7570420853913,20.381575582148418,0,False,False
177,35.4,2690269377344,1400.9476622719285,17.76996287244232,1,False,False
177,35.4,2690269377296,1444.793995111169,19.73116479430422,1,False,False
177,35.4,2690269374896,1491.7934715441722,20.005802899056363,0,False,False
177,35.4,2690269376816,1720.8536007284613,21.05960607043601,0,False,False
177,35.4,2690269378208,1807.8242167943365,21.963318931454992,0,False,False
177,35.4,2690269377248,1543.007405726026,21.12372454959465,1,False,False
177,35.4,2690269375856,1588.5183907600856,19.46088825172024,0,False,False
177,35.4,2690269378016,1643.4594654402247,19.4776086664606,1,False,False
177,35.4,2690269375712,1700.8983757473832,19.987225570917516,1,False,False
177,35.4,2690269375376,1901.93516584146,22.444476162487035,0,False,False
177,35.4,2690269377968,1758.322489744979,20.315142681804875,1,False,False
177,35.4,2690269375184,1829.6559315877441,20.94852570059534,1,False,False
177,35.4,2690269377536,1917.2212839382637,21.695831077305357,1,False,False
178,35.6,2690269374656,308.04190138222714,3.888414254797992e-14,0,True,True
178,35.6,2690269373072,306.5070487589098,2.4788446341639082e-14,1,False,True
178,35.6,2690269374704,721.5690021865315,15.624964438927256,1,False,False
178,35.6,2690269374752,678.814562354783,16.23432105766001,1,False,False
178,35.6,2690269377776,761.2961522764914,13.706077653325568,1,False,False
178,35.6,2690269376192,794.9028957206149,8.5642579375421,1,False,False
178,35.6,2690269376000,815.8537124860875,2.014767149041801,1,False,False
178,35.6,2690269377392,658.0386032325604,9.675066279437559,0,False,False
178,35.6,2690269373600,826.0351076969382,-1.1368321103826855,1,False,False
178,35.6,2690269375424,684.6676652822521,10.93532521365187,0,False,False
178,35.6,2690269376864,833.7259431957071,-0.8268174422782103,1,False,False
178,35.6,2690269377680,713.7332516708436,11.94332331761967,0,False,False
178,35.6,2690269377632,744.306123839498,12.657049913000849,0,False,False
178,35.6,2690269375472,843.3683961625045,0.1389460741392259,1,False,False
178,35.6,2690269377008,854.0261654803611,0.1693396593012186,1,False,False
178,35.6,2690269375520,775.6257646848504,13.203545361572798,0,False,False
178,35.6,2690269377200,864.1710519718173,-4.8665692874225045e-05,1,False,False
178,35.6,2690269377872,808.6390272049849,13.807449880945047,0,False,False
178,35.6,2690269376144,842.4951086152225,14.381126312127973,0,False,False
178,35.6,2690269377920,876.9873612112299,15.275926471504892,0,False,False
178,35.6,2690269375136,874.1324723262629,-0.003863936556435385,1,False,False
178,35.6,2690269375808,884.1299231053746,2.3549919622262034e-08,1,True,True
178,35.6,2690269375616,913.808551158985,16.550836243591142,1,False,False
178,35.6,2690269376672,954.5130710868939,17.77829601936242,0,False,False
178,35.6,2690269376528,993.5866637226578,15.677604621275556,1,False,False
178,35.6,2690269374992,1030.8094038123636,16.6136374133969,0,False,False
178,35.6,2690269377440,889.1299231053746,1.5766966275337953e-08,1,False,True
178,35.6,2690269376720,1076.755973336927,17.36219821012307,0,False,False
178,35.6,2690269375328,1118.6630265339302,17.447448761418187,0,False,False
178,35.6,2690269376768,1164.0630403803937,17.856724314463957,0,False,False
178,35.6,2690269375088,1045.9407203931992,8.378855650402103,1,False,False
178,35.6,2690269378160,1212.068410263774,18.26742901677449,0,False,False
178,35.6,2690269375952,1257.9275888336954,18.36791256729311,0,False,False
178,35.6,2690269375760,1070.6413524801308,10.074078300321666,1,False,False
178,35.6,2690269378064,1305.8127187287582,17.785191861677895,0,False,False
178,35.6,2690269377104,1350.0686866840022,15.002347116009423,0,False,False
178,35.6,2690269375568,1098.7912976298446,11.80591633677599,1,False,False
178,35.6,2690269376240,1386.088501341893,8.30092999619436,0,False,False
178,35.6,2690269374944,1130.453420170065,13.29986537159805,1,False,False
178,35.6,2690269377056,1164.4768124269835,14.320368253441108,1,False,False
178,35.6,2690269375232,1406.316585345902,1.4562189967612933,0,False,False
178,35.6,2690269377152,1416.1311443879958,-0.3369020545970094,0,False,False
178,35.6,2690269376432,1425.7278228039795,0.0012769642027598421,0,True,True
178,35.6,2690269375040,1430.7278228039797,0.0012502545293006481,0,False,True
178,35.6,2690269375904,1201.2570886661642,15.147763237510837,1,False,False
178,35.6,2690269376960,1238.7688254712932,15.625055241716584,1,False,False
178,35.6,2690269378256,1278.918114197648,16.092363323780084,1,False,False
178,35.6,2690269376624,1319.0038853036654,16.417660932775764,1,False,False
178,35.6,2690269377584,1360.0318982648855,16.892971591637604,1,False,False
178,35.6,2690269374848,1652.8338474795335,20.388914950971255,0,False,False
178,35.6,2690269377344,1404.5082616043646,17.869424562589252,1,False,False
178,35.6,2690269377296,1448.750898337313,19.888484378001014,1,False,False
178,35.6,2690269374896,1495.8011675824812,20.101853923416897,0,False,False
178,35.6,2690269376816,1725.0658515877644,21.064540874424775,0,False,False
178,35.6,2690269378208,1812.217023833242,21.96546426526216,0,False,False
178,35.6,2690269377248,1547.237637561778,21.204130757174312,1,False,False
178,35.6,2690269375856,1592.4120542245366,19.482966567272594,0,False,False
178,35.6,2690269378016,1647.3556734017109,19.487880830079416,1,False,False
178,35.6,2690269375712,1704.8963782963287,19.9955699855203,1,False,False
178,35.6,2690269375376,1906.4240610739573,22.444476162487035,0,False,False
178,35.6,2690269377968,1762.3859484317413,20.321581521609076,1,False,False
178,35.6,2690269375184,1833.845894720407,20.95238714559285,1,False,False
178,35.6,2690269377536,1921.5604501537248,21.695831077305357,1,False,False
179,35.8,2690269374656,308.04190138222714,3.1614248044935375e-14,0,True,True
179,35.8,2690269373072,306.5070487589098,2.0153924966357823e-14,1,False,True
179,35.8,2690269374704,724.687104778356,15.518266720584979,1,False,False
179,35.8,2690269374752,682.0621614111792,16.24335225002176,1,False,False
179,35.8,2690269377776,764.0140088873418,13.348423110247218,1,False,False
179,35.8,2690269376192,796.5722281557329,7.9088679406916675,1,False,False
179,35.8,2690269376000,816.2229845448505,1.5172489300191263,1,False,False
179,35.8,2690269377392,659.9830051176863,9.81566970923875,0,False,False
179,35.8,2690269373600,825.8009391400398,-1.231794651635187,1,False,False
179,35.8,2690269375424,686.8624767192557,11.050944534703326,0,False,False
179,35.8,2690269376864,833.5668316133848,-0.7317549405634052,1,False,False
179,35.8,2690269377680,716.1278510304572,12.03180107093964,0,False,False
179,35.8,2690269377632,746.8421015483285,12.725197921617388,0,False,False
179,35.8,2690269375472,843.3994354591489,0.1860194617522403,1,False,False
179,35.8,2690269377008,854.0591266423539,0.15539351887199035,1,False,False
179,35.8,2690269375520,778.270380435826,13.261933867573967,0,False,False
179,35.8,2690269377200,864.1707379543644,-0.004446700682823184,1,False,False
179,35.8,2690269377872,811.4042072182854,13.862919012769547,0,False,False
179,35.8,2690269376144,845.3762330234069,14.45848705834613,0,False,False
179,35.8,2690269377920,880.0684018631024,15.659679840288227,0,False,False
179,35.8,2690269375136,874.1317256672254,-0.0034674751783472174,1,False,False
179,35.8,2690269375808,884.12992310905,1.9146956872144303e-08,1,True,True
179,35.8,2690269375616,917.1312174096772,16.838967674364312,1,False,False
179,35.8,2690269376672,958.076526305389,17.892607718260845,0,False,False
179,35.8,2690269376528,996.716483597565,15.590037893590438,1,False,False
179,35.8,2690269374992,1034.1350090430378,16.65619504186735,0,False,False
179,35.8,2690269377440,889.12992310905,1.2819127543563659e-08,1,False,True
179,35.8,2690269376720,1080.229211321201,17.37411236754462,0,False,False
179,35.8,2690269375328,1122.153621995723,17.4639821367754,0,False,False
179,35.8,2690269376768,1167.6352752901041,17.869974943294498,0,False,False
179,35.8,2690269375088,1047.627691668115,8.54743339784465,1,False,False
179,35.8,2690269378160,1215.7221459503548,18.270828264373428,0,False,False
179,35.8,2690269375952,1261.5992906521562,18.3384362712974,0,False,False
179,35.8,2690269375760,1072.6682486564678,10.255052365083994,1,False,False
179,35.8,2690269378064,1309.3596520029744,17.629220357034722,0,False,False
179,35.8,2690269377104,1353.0385620243092,14.53565477885613,0,False,False
179,35.8,2690269375568,1101.1632562278428,11.96672494576534,1,False,False
179,35.8,2690269376240,1387.701526421538,7.594592814920395,0,False,False
179,35.8,2690269374944,1133.1214702636146,13.420004884723461,1,False,False
179,35.8,2690269377056,1167.346251642492,14.400058951467726,1,False,False
179,35.8,2690269375232,1406.583026200971,1.0932981758857647,0,False,False
179,35.8,2690269377152,1416.0645358737509,-0.3239614293500874,0,False,False
179,35.8,2690269376432,1425.7280590521307,0.0010382191918142244,0,True,True
179,35.8,2690269375040,1430.728059052131,0.0010165032380447343,0,False,True
179,35.8,2690269375904,1204.2900820115667,15.198849295634178,1,False,False
179,35.8,2690269376960,1241.8961656257884,15.659711894091975,1,False,False
179,35.8,2690269378256,1282.1382979296816,16.117936248204213,1,False,False
179,35.8,2690269376624,1322.2892019635533,16.444543373254458,1,False,False
179,35.8,2690269377584,1363.4133361700508,16.93607256425333,1,False,False
179,35.8,2690269374848,1656.912116326608,20.39618822497887,0,False,False
179,35.8,2690269377344,1408.0888468677817,17.970120929381572,1,False,False
179,35.8,2690269377296,1452.7384578071262,20.033840885527482,1,False,False
179,35.8,2690269374896,1499.8274816025548,20.189147046581446,0,False,False
179,35.8,2690269376816,1729.2790864577098,21.06943157081102,0,False,False
179,35.8,2690269378208,1816.6102589054572,21.96759413520978,0,False,False
179,35.8,2690269377248,1551.4833934124738,21.276323872441857,1,False,False
179,35.8,2690269375856,1596.3100720293091,19.504140897924675,0,False,False
179,35.8,2690269378016,1651.2539294455585,19.498058065477604,1,False,False
179,35.8,2690269375712,1708.8960446164126,20.003837965402397,1,False,False
179,35.8,2690269375376,1910.9129563064546,22.444476162487035,0,False,False
179,35.8,2690269377968,1766.4506908782778,20.3279604377735,1,False,False
179,35.8,2690269375184,1838.0366276200298,20.956210890240765,1,False,False
179,35.8,2690269377536,1925.8996163691859,21.695831077305357,1,False,False
180,36.0,2690269374656,308.04190138222714,2.5703554558608195e-14,0,True,True
180,36.0,2690269373072,306.5070487589098,1.638588743931433e-14,1,False,True
180,36.0,2690269374704,727.7828345598184,15.39570096678775,1,False,False
180,36.0,2690269374752,685.310965750289,16.243321491562373,1,False,False
180,36.0,2690269377776,766.6581389017613,12.95768201230117,1,False,False
180,36.0,2690269376192,798.1097951806488,7.244299923846866,1,False,False
180,36.0,2690269376000,816.4951044485816,1.055468592172749,1,False,False
180,36.0,2690269377392,661.9554551254035,9.955128420361458,0,False,False
180,36.0,2690269373600,825.5498584210926,-1.2960472926216813,1,False,False
180,36.0,2690269375424,689.0802378905938,11.163938817190223,0,False,False
180,36.0,2690269376864,833.4270795901042,-0.6319375652179645,1,False,False
180,36.0,2690269377680,718.5399838964894,12.11785762091129,0,False,False
180,36.0,2690269377632,749.3915997147309,12.791723634568195,0,False,False
180,36.0,2690269375472,843.4393830384673,0.2254685769846626,1,False,False
180,36.0,2690269377008,854.0892043170527,0.140141250500797,1,False,False
180,36.0,2690269375520,780.9266124268862,13.319427400504871,0,False,False
180,36.0,2690269377200,864.1695938496761,-0.008106850364926248,1,False,False
180,36.0,2690269377872,814.180534584827,13.919398971078213,0,False,False
180,36.0,2690269376144,848.2739549296299,14.552288854493415,0,False,False
180,36.0,2690269377920,883.2249608958116,16.02484606657217,0,False,False
180,36.0,2690269375136,874.1310594222866,-0.003056961897855072,1,False,False
180,36.0,2690269375808,884.1299231120382,1.556718508360414e-08,1,True,True
180,36.0,2690269375616,920.5140744252762,17.106758360844392,1,False,False
180,36.0,2690269376672,961.6620710015803,17.9955136982481,0,False,False
180,36.0,2690269376528,999.8281876017583,15.49370860823607,1,False,False
180,36.0,2690269374992,1037.4689471927336,16.696120854031733,0,False,False
180,36.0,2690269377440,889.1299231120381,1.042242547541887e-08,1,False,True
180,36.0,2690269376720,1083.7048145925019,17.385772057804353,0,False,False
180,36.0,2690269375328,1125.647508328147,17.480276880392495,0,False,False
180,36.0,2690269376768,1171.2101295636955,17.882754959526224,0,False,False
180,36.0,2690269375088,1049.3485446616598,8.71842544564926,1,False,False
180,36.0,2690269378160,1219.3764531066038,18.272556247161397,0,False,False
180,36.0,2690269375952,1265.264703882496,18.30289273677582,0,False,False
180,36.0,2690269375760,1074.7312633088968,10.434807226164219,1,False,False
180,36.0,2690269378064,1312.8740373192913,17.45251931514071,0,False,False
180,36.0,2690269377104,1355.912773991559,14.034233821636889,0,False,False
180,36.0,2690269375568,1103.5671271658205,12.123758206472873,1,False,False
180,36.0,2690269376240,1389.17370690011,6.895784498256344,0,False,False
180,36.0,2690269374944,1135.8132443123616,13.535595426734808,1,False,False
180,36.0,2690269377056,1170.2313936552932,14.476249489426424,1,False,False
180,36.0,2690269375232,1406.77961219657,0.7711953492708475,0,False,False
180,36.0,2690269377152,1416.000896999299,-0.3056156229478726,0,False,False
180,36.0,2690269376432,1425.7282511306273,0.0008441106555076242,0,True,True
180,36.0,2690269375040,1430.7282511306275,0.0008264547807984447,0,False,True
180,36.0,2690269375904,1207.3331376401961,15.247639972376101,1,False,False
180,36.0,2690269376960,1245.0303547695476,15.693152960822964,1,False,False
180,36.0,2690269378256,1285.3635697634063,16.14312914070081,1,False,False
180,36.0,2690269376624,1325.5799311666335,16.471983429760765,1,False,False
180,36.0,2690269377584,1366.8035262825254,16.981126744577985,1,False,False
180,36.0,2690269374848,1660.9918354725753,20.403396373522863,0,False,False
180,36.0,2690269377344,1411.6896159261555,18.071335931457433,1,False,False
180,36.0,2690269377296,1456.754326532353,20.167918589250444,1,False,False
180,36.0,2690269374896,1503.870705483611,20.268342007519667,0,False,False
180,36.0,2690269376816,1733.4932965599457,21.074278804138988,0,False,False
180,36.0,2690269378208,1821.003918929537,21.969708710626286,0,False,False
180,36.0,2690269377248,1555.7430737527407,21.340942915376196,1,False,False
180,36.0,2690269375856,1600.2122680212797,19.524479549673046,0,False,False
180,36.0,2690269378016,1655.1542146836223,19.508141827226538,1,False,False
180,36.0,2690269375712,1712.897359492878,20.01203058840631,1,False,False
180,36.0,2690269375376,1915.4018515389519,22.444476162487035,0,False,False
180,36.0,2690269377968,1770.5167051592643,20.334280317250798,1,False,False
180,36.0,2690269375184,1842.2281227853823,20.95999751435569,1,False,False
180,36.0,2690269377536,1930.238782584647,21.695831077305357,1,False,False
181,36.2,2690269374656,308.04190138222714,2.0897941839650635e-14,0,True,True
181,36.2,2690269373072,306.5070487589098,1.3322333372882526e-14,1,False,True
181,36.2,2690269374704,730.8529052602603,15.255554505258596,1,False,False
181,36.2,2690269374752,688.5591467056348,16.23396035136777,1,False,False
181,36.2,2690269377776,769.2218879761507,12.533402643606335,1,False,False
181,36.2,2690269376192,799.5141048560919,6.575746414050205,1,False,False
181,36.2,2690269376000,816.6773508661374,0.6312891347789222,1,False,False
181,36.2,2690269377392,663.4817687036945,10.086365179960506,0,False,False
181,36.2,2690269373600,825.2878559076667,-1.3318974000682047,1,False,False
181,36.2,2690269375424,691.3204201203271,11.274256113375815,0,False,False
181,36.2,2690269376864,833.3075050834822,-0.5293330194689406,1,False,False
181,36.2,2690269377680,720.9691689765044,12.201538492007643,0,False,False
181,36.2,2690269377632,751.9542984263849,12.856696409770304,0,False,False
181,36.2,2690269375472,843.4867084210522,0.25724318648398914,1,False,False
181,36.2,2690269377008,854.116168977169,0.12405041470746725,1,False,False
181,36.2,2690269375520,783.5942905753857,13.376169096521238,0,False,False
181,36.2,2690269377200,864.167765517252,-0.011057669986404662,1,False,False
181,36.2,2690269377872,816.968271153124,13.977752670192016,0,False,False
181,36.2,2690269376144,851.1914314043009,14.660572991025992,0,False,False
181,36.2,2690269377920,886.4532927978684,16.371037094589372,0,False,False
181,36.2,2690269375136,874.1304756036194,-0.0026439589308133813,1,False,False
181,36.2,2690269375808,884.1299231144677,1.2656698035380669e-08,1,True,True
181,36.2,2690269375616,923.950862218669,17.353881729554676,1,False,False
181,36.2,2690269376672,965.2674797610954,18.087844335095816,0,False,False
181,36.2,2690269376528,1002.9201121171538,15.38995780347889,1,False,False
181,36.2,2690269374992,1040.8107058383364,16.733620818991223,0,False,False
181,36.2,2690269377440,889.1299231144677,8.47381792727389e-09,1,False,True
181,36.2,2690269376720,1087.1827347687592,17.39721378934412,0,False,False
181,36.2,2690269375328,1129.1446373079953,17.49632520215102,0,False,False
181,36.2,2690269376768,1174.7875062101052,17.895019933354206,0,False,False
181,36.2,2690269375088,1051.1037386997991,8.891478100636823,1,False,False
181,36.2,2690269378160,1223.0309832879018,18.27239364430581,0,False,False
181,36.2,2690269375952,1268.922563244451,18.260484402107778,0,False,False
181,36.2,2690269375760,1076.830130589335,10.61301570270304,1,False,False
181,36.2,2690269378064,1316.3516004849373,17.253155691910575,0,False,False
181,36.2,2690269377104,1358.6844319264412,13.499050788656932,0,False,False
181,36.2,2690269375568,1106.0021453802242,12.276870918284938,1,False,False
181,36.2,2690269376240,1390.5068996475634,6.209708295351548,0,False,False
181,36.2,2690269374944,1138.527835879568,13.646690712255193,1,False,False
181,36.2,2690269377056,1173.1315474549742,14.549075493633998,1,False,False
181,36.2,2690269375232,1406.9144602591316,0.4890906398849216,0,False,False
181,36.2,2690269377152,1415.9412164191192,-0.2832160009991404,0,False,False
181,36.2,2690269376432,1425.7284072975594,0.0006862932262853099,0,True,True
181,36.2,2690269375040,1430.7284072975594,0.0006719383462254615,0,False,True
181,36.2,2690269375904,1210.3858049696553,15.294261832983786,1,False,False
181,36.2,2690269376960,1248.1711555898044,15.725464847921295,1,False,False
181,36.2,2690269378256,1288.5938588222396,16.16801850137476,1,False,False
181,36.2,2690269376624,1328.8761892397918,16.50005033712891,1,False,False
181,36.2,2690269377584,1370.2028507061348,17.0280010722496,1,False,False
181,36.2,2690269374848,1665.0729919559267,20.410540345994676,0,False,False
181,36.2,2690269377344,1415.310629337003,18.172440769176845,1,False,False
181,36.2,2690269377296,1460.7962942072888,20.291397649402906,1,False,False
181,36.2,2690269374896,1507.9292615105567,20.34006605038101,0,False,False
181,36.2,2690269376816,1737.7084732441394,21.07908320568398,0,False,False
181,36.2,2690269378208,1825.3980008577314,21.971808158302697,0,False,False
181,36.2,2690269377248,1560.0152045410337,21.398591665316328,1,False,False
181,36.2,2690269375856,1604.1184793114155,19.54404498362835,0,False,False
181,36.2,2690269378016,1659.056510516322,19.518133534950845,1,False,False
181,36.2,2690269375712,1716.9003079250592,20.020148910381334,1,False,False
181,36.2,2690269375376,1919.8907467714491,22.444476162487035,0,False,False
181,36.2,2690269377968,1774.5839795255447,20.340542028757703,1,False,False
181,36.2,2690269375184,1846.420372830372,20.963747585455025,1,False,False
181,36.2,2690269377536,1934.577948800108,21.695831077305357,1,False,False
182,36.4,2690269374656,308.04190138222714,1.699080071348188e-14,0,True,True
182,36.4,2690269373072,306.5070487589098,1.0831550451908046e-14,1,False,True
182,36.4,2690269374704,733.8936815484486,15.096020607774467,1,False,False
182,36.4,2690269374752,691.804814502333,16.21488743276208,1,False,False
182,36.4,2690269377776,771.6985438321038,12.075634158791535,1,False,False
182,36.4,2690269376192,800.7847124825272,5.908500737695553,1,False,False
182,36.4,2690269376000,816.7773438565036,0.2461030575109889,1,False,False
182,36.4,2690269377392,665.3353334945737,10.195751633855306,1,False,False
182,36.4,2690269373600,825.0204516260309,-1.3417726502632035,1,False,False
182,36.4,2690269375424,693.5824852543639,11.381858009150468,0,False,False
182,36.4,2690269376864,833.2085408276654,-0.42578359389646125,1,False,False
182,36.4,2690269377680,723.4149344666072,12.282894890983052,0,False,False
182,36.4,2690269377632,754.5298920271745,12.920191800431317,0,False,False
182,36.4,2690269375472,843.5398811587607,0.2814421022647474,1,False,False
182,36.4,2690269377008,854.1398821149552,0.10754985802719282,1,False,False
182,36.4,2690269375520,786.273276087614,13.432339913777794,0,False,False
182,36.4,2690269377200,864.1653923169046,-0.013338965143224808,1,False,False
182,36.4,2690269377872,819.7678416681769,14.038698064523302,0,False,False
182,36.4,2690269376144,854.1314306391616,14.781427766644676,0,False,False
182,36.4,2690269377920,889.7495844853711,16.69801620874164,0,False,False
182,36.4,2690269375136,874.1299740332562,-0.002238207325887762,1,False,False
182,36.4,2690269375808,884.1299231164428,1.0290364269358386e-08,1,True,True
182,36.4,2690269375616,927.4364594614843,17.580285819338673,1,False,False
182,36.4,2690269376672,968.8906914566774,18.170401844729355,0,False,False
182,36.4,2690269376528,1005.9908601984449,15.28009481202878,1,False,False
182,36.4,2690269374992,1044.159812807658,16.76888685310405,0,False,False
182,36.4,2690269377440,889.129923116443,6.88952781998209e-09,1,False,True
182,36.4,2690269376720,1090.662930428148,17.408469032727066,0,False,False
182,36.4,2690269375328,1132.644959049373,17.512117698647298,0,False,False
182,36.4,2690269376768,1178.3672989160057,17.906718694765697,0,False,False
182,36.4,2690269375088,1052.8936621923197,9.066235329601257,1,False,False
182,36.4,2690269378160,1226.6853421827338,18.270090245462516,0,False,False
182,36.4,2690269375952,1272.5714377893573,18.210319774108115,0,False,False
182,36.4,2690269375760,1078.9645201186895,10.789364504008551,1,False,False
182,36.4,2690269378064,1319.787678756097,17.02917601543432,0,False,False
182,36.4,2690269377104,1361.3468811350713,12.931716678841799,0,False,False
182,36.4,2690269375568,1108.4675181785412,12.425939025129532,1,False,False
182,36.4,2690269376240,1391.7039813740264,5.541234596541424,0,False,False
182,36.4,2690269374944,1141.2643502510823,13.753358836586203,1,False,False
182,36.4,2690269377056,1176.0460492303025,14.618673502704318,1,False,False
182,36.4,2690269375232,1406.9954884137587,0.24565323701339611,0,False,False
182,36.4,2690269377152,1415.8862227434233,-0.25796151807739065,0,False,False
182,36.4,2690269376432,1425.7285342670589,0.0005579818112375971,0,True,True
182,36.4,2690269375040,1430.7285342670589,0.0005463107620867159,0,False,True
182,36.4,2690269375904,1213.4476584747713,15.338837572714956,1,False,False
182,36.4,2690269376960,1251.3183478589417,15.756731040642542,1,False,False
182,36.4,2690269378256,1291.8291093858918,16.192678559050492,1,False,False
182,36.4,2690269376624,1332.1781055046772,16.528800492020753,1,False,False
182,36.4,2690269377584,1373.611663543444,17.07654292407997,1,False,False
182,36.4,2690269374848,1669.1555730037296,20.417621072361896,0,False,False
182,36.4,2690269377344,1418.9518274131933,18.272888078211672,1,False,False
182,36.4,2690269377296,1464.862285945452,20.404947729258534,1,False,False
182,36.4,2690269374896,1512.0016954035389,20.40491240350403,0,False,False
182,36.4,2690269376816,1741.9246079853472,21.083845393806975,0,False,False
182,36.4,2690269378208,1829.792501675483,21.973892642540914,0,False,False
182,36.4,2690269377248,1564.298430105058,21.449837939011186,1,False,False
182,36.4,2690269375856,1608.0285551393401,19.56289431208599,0,False,False
182,36.4,2690269378016,1662.960798625741,19.528034574640575,1,False,False
182,36.4,2690269375712,1720.9048751220316,20.02819396587464,1,False,False
182,36.4,2690269375376,1924.3796420039464,22.444476162487035,0,False,False
182,36.4,2690269377968,1778.652502400515,20.346746423264126,1,False,False
182,36.4,2690269375184,1850.6133704816073,20.96746165909134,1,False,False
182,36.4,2690269377536,1938.9171150155692,21.695831077305357,1,False,False
183,36.6,2690269374656,308.04190138222714,1.3814150268976083e-14,0,True,True
183,36.6,2690269373072,306.5070487589098,8.806451685936498e-15,1,False,True
183,36.6,2690269374704,736.9011615067635,14.915219442160843,1,False,False
183,36.6,2690269374752,695.0459951763316,16.185601093216103,1,False,False
183,36.6,2690269377776,774.0814406258947,11.584986527141325,1,False,False
183,36.6,2690269376192,801.9222318011399,5.247824346175323,1,False,False
183,36.6,2690269376000,816.8029500598043,-0.09917815906152778,1,False,False
183,36.6,2690269377392,667.321109196367,10.477149289449663,1,False,False
183,36.6,2690269373600,824.7526748849546,-1.3281673847415523,1,False,False
183,36.6,2690269375424,695.8658883254659,11.486718992537394,0,False,False
183,36.6,2690269376864,833.1302596294425,-0.3230027364052606,1,False,False
183,36.6,2690269377680,725.8768191686397,12.361983445959545,0,False,False
183,36.6,2690269377632,757.1180904736417,12.982293190579714,0,False,False
183,36.6,2690269375472,843.5973999527826,0.298302178502752,1,False,False
183,36.6,2690269377008,854.1602881352794,0.09102464903427014,1,False,False
183,36.6,2690269375520,788.9634683934374,13.488149215586915,0,False,False
183,36.6,2690269377200,864.1626050295242,-0.014999266260230163,1,False,False
183,36.6,2690269377872,822.5798049382247,14.102811196607112,0,False,False
183,36.6,2690269376144,857.0963425231255,14.913005558329061,0,False,False
183,36.6,2690269377920,893.109985717528,17.005699288172085,0,False,False
183,36.6,2690269375136,874.1295527027146,-0.0018477028527465076,1,False,False
183,36.6,2690269375808,884.129923118049,8.366447275590938e-09,1,True,True
183,36.6,2690269375616,930.9662943596095,17.78610899600648,1,False,False
183,36.6,2690269376672,972.52980324296,18.24395501893137,0,False,False
183,36.6,2690269376528,1009.039294697584,15.165393586596593,1,False,False
183,36.6,2690269374992,1047.5158334041319,16.80209737506796,0,False,False
183,36.6,2690269377440,889.129923118049,5.601441285342475e-09,1,False,True
183,36.6,2690269376720,1094.1453661259047,17.419564577679708,0,False,False
183,36.6,2690269375328,1136.1484216675294,17.52764314416761,0,False,False
183,36.6,2690269376768,1181.9493906368584,17.917792392666676,0,False,False
183,36.6,2690269375088,1054.7186322617638,9.242340213629802,1,False,False
183,36.6,2690269378160,1230.3390831724528,18.265360921243662,0,False,False
183,36.6,2690269375952,1276.2097116451362,18.151406517657204,0,False,False
183,36.6,2690269375760,1081.1340398573395,10.96355559881469,1,False,False
183,36.6,2690269378064,1323.177219529669,16.778650038172536,0,False,False
183,36.6,2690269377104,1363.8938327184828,12.334495595894118,0,False,False
183,36.6,2690269375568,1110.9624294582716,12.57085942993595,1,False,False
183,36.6,2690269376240,1392.7687763670185,4.8948218197175475,0,False,False
183,36.6,2690269374944,1144.0219072166992,13.855680849181716,1,False,False
183,36.6,2690269377056,1178.9742624944722,14.68518012999771,1,False,False
183,36.6,2690269375232,1407.0303177597295,0.03910693561224206,0,False,False
183,36.6,2690269377152,1415.8364146907486,-0.2309039216792154,0,False,False
183,36.6,2690269376432,1425.7286374979644,0.00045365987852917527,0,True,True
183,36.6,2690269375040,1430.7286374979644,0.00044417088330842925,0,False,True
183,36.6,2690269375904,1216.5182969047432,15.381485894783232,1,False,False
183,36.6,2690269376960,1254.4717278559035,15.787032181571282,1,False,False
183,36.6,2690269378256,1295.0692804017363,16.217180759409466,1,False,False
183,36.6,2690269376624,1335.4858196996772,16.5582773678917,1,False,False
183,36.6,2690269377584,1377.0302873532098,17.126585516200322,1,False,False
183,36.6,2690269374848,1673.2395660277768,20.424639463686525,0,False,False
183,36.6,2690269377344,1422.6130461217788,18.372206107661356,1,False,False
183,36.6,2690269377296,1468.9503598076165,20.50922263017155,1,False,False
183,36.6,2690269374896,1516.0866693100868,20.46343950590139,0,False,False
183,36.6,2690269376816,1746.1416923814543,21.08856597429756,0,False,False
183,36.6,2690269378208,1834.1874184009303,21.975962325200964,0,False,False
183,36.6,2690269377248,1568.5915059311778,21.49521349266219,1,False,False
183,36.6,2690269375856,1611.942355834578,19.581079756001394,0,False,False
183,36.6,2690269378016,1666.8670609689834,19.537846299891896,1,False,False
183,36.6,2690269375712,1724.9110464983933,20.03616676878795,1,False,False
183,36.6,2690269375376,1928.8685372364437,22.444476162487035,0,False,False
183,36.6,2690269377968,1782.722262376608,20.35289433446554,1,False,False
183,36.6,2690269375184,1854.8071085760266,20.971140279175575,1,False,False
183,36.6,2690269377536,1943.2562812310302,21.695831077305357,1,False,False
184,36.8,2690269374656,308.04190138222714,1.1231415803872703e-14,0,True,True
184,36.8,2690269373072,306.5070487589098,7.159971385543629e-15,1,False,True
184,36.8,2690269374704,739.8709638164746,14.711227057680002,1,False,False
184,36.8,2690269374752,698.2806060514149,16.145472418975395,1,False,False
184,36.8,2690269377776,776.3640743244309,11.062674739078194,1,False,False
184,36.8,2690269376192,802.928320321678,4.59882576097193,1,False,False
184,36.8,2690269376000,816.7621858838852,-0.4041322112307387,1,False,False
184,36.8,2690269377392,669.4015609812792,10.77984083135224,1,False,False
184,36.8,2690269373600,824.4890541019041,-1.2935972008860281,1,False,False
184,36.8,2690269375424,698.1700800904754,11.588825802673817,0,False,False
184,36.8,2690269376864,833.072400424517,-0.2225704486957327,1,False,False
184,36.8,2690269377680,728.3543735630169,12.438866055858517,0,False,False
184,36.8,2690269377632,759.7186209808181,13.043092864597442,0,False,False
184,36.8,2690269375472,843.6578193836749,0.30818455537341377,1,False,False
184,36.8,2690269377008,854.1774053534332,0.07481275240229775,1,False,False
184,36.8,2690269375520,791.664810211163,13.54382561203238,0,False,False
184,36.8,2690269377200,864.1595242712458,-0.016093485291066034,1,False,False
184,36.8,2690269377872,825.4048258007948,14.170531965464576,0,False,False
184,36.8,2690269376144,860.0881924640036,15.053537319149475,0,False,False
184,36.8,2690269377920,896.5306394786926,17.294151842129484,0,False,False
184,36.8,2690269375136,874.1292081155453,-0.001478798846372529,1,False,False
184,36.8,2690269375808,884.1299231193548,6.802231503473047e-09,1,True,True
184,36.8,2690269375616,934.5360778253665,17.97163094154451,1,False,False
184,36.8,2690269376672,976.1830635958709,18.30923538789348,0,False,False
184,36.8,2690269376528,1012.0645308103946,15.047088938097414,1,False,False
184,36.8,2690269374992,1050.8783677461777,16.833417903430263,0,False,False
184,36.8,2690269377440,889.1299231193547,4.554179225771778e-09,1,False,True
184,36.8,2690269376720,1097.6300114799085,17.43052285056924,0,False,False
184,36.8,2690269375328,1139.6549708989048,17.542888251074913,0,False,False
184,36.8,2690269376768,1185.5336519913121,17.92817342324072,0,False,False
184,36.8,2690269375088,1056.5788946633418,9.419436404570346,1,False,False
184,36.8,2690269378160,1233.9917000563196,18.257881156164323,0,False,False
184,36.8,2690269375952,1279.8355634225366,18.082645287956495,0,False,False
184,36.8,2690269375760,1083.338239243863,11.135307496008338,1,False,False
184,36.8,2690269378064,1326.5147883620857,16.499723295121804,0,False,False
184,36.8,2690269377104,1366.3194934724763,11.710288213253058,0,False,False
184,36.8,2690269375568,1113.4860438779508,12.711549647906637,1,False,False
184,36.8,2690269376240,1393.7059702537288,4.274464500125717,0,False,False
184,36.8,2690269374944,1146.799643565131,13.953749315383437,1,False,False
184,36.8,2690269377056,1181.915578049008,14.7487313181684,1,False,False
184,36.8,2690269375232,1407.0261884048352,-0.1326926053823591,0,False,False
184,36.8,2690269377152,1415.7920901274229,-0.2029539796497487,0,False,False
184,36.8,2690269376432,1425.7287214285143,0.0003688422834619428,0,True,True
184,36.8,2690269375040,1430.7287214285143,0.00036112737890320887,0,False,True
184,36.8,2690269375904,1219.597342478972,15.42232143309767,1,False,False
184,36.8,2690269376960,1257.6311078016336,15.816446125119947,1,False,False
184,36.8,2690269378256,1298.3143448952467,16.241593278315815,1,False,False
184,36.8,2690269376624,1338.7994794051071,16.58851172119663,1,False,False
184,36.8,2690269377584,1380.4590106444355,17.1779526562734,1,False,False
184,36.8,2690269374848,1677.3249586208397,20.431596412625943,0,False,False
184,36.8,2690269377344,1426.2940318197684,18.469992928101156,1,False,False
184,36.8,2690269377296,1473.0587033231163,20.60485590935697,1,False,False
184,36.8,2690269374896,1520.1829547714924,20.51617084940058,0,False,False
184,36.8,2690269376816,1750.359718150683,21.09324554070557,0,False,False
184,36.8,2690269378208,1838.5827480844237,21.97801736574712,0,False,False
184,36.8,2690269377248,1572.8932914718443,21.53521443497919,1,False,False
184,36.8,2690269375856,1615.859751866864,19.598649066163627,0,False,False
184,36.8,2690269378016,1670.7752797717737,19.547570033081268,1,False,False
184,36.8,2690269375712,1728.918807670179,20.044068313002107,1,False,False
184,36.8,2690269375376,1933.357432468941,22.444476162487035,0,False,False
184,36.8,2690269377968,1786.7932482118663,20.35898657923939,1,False,False
184,36.8,2690269375184,1859.0015800585904,20.974783978289516,1,False,False
184,36.8,2690269377536,1947.5954474464913,21.695831077305357,1,False,False
185,37.0,2690269374656,308.04190138222714,9.131557026911614e-15,0,True,True
185,37.0,2690269373072,306.5070487589098,5.8213219205723605e-15,1,False,True
185,37.0,2690269374704,742.7983213240606,14.482113302238933,1,False,False
185,37.0,2690269374752,701.5064298412333,16.093738723362534,1,False,False
185,37.0,2690269377776,778.5402256540787,10.510543183321513,1,False,False
185,37.0,2690269376192,803.8056415708113,3.966357683339455,1,False,False
185,37.0,2690269376000,816.663119447527,-0.6688271959705565,1,False,False
185,37.0,2690269377392,671.5603547581591,11.091817145431463,1,False,False
185,37.0,2690269373600,824.2336151074353,-1.2405626592118435,1,False,False
185,37.0,2690269375424,700.4945094366292,11.688176770452962,0,False,False
185,37.0,2690269376864,833.0343953420723,-0.12592736575547014,1,False,False
185,37.0,2690269377680,730.8471608571449,12.513609818022138,0,False,False
185,37.0,2690269377632,762.3312298446236,13.102692521314712,0,False,False
185,37.0,2690269375472,843.7197737233889,0.3115584967010508,1,False,False
185,37.0,2690269377008,854.1913164369562,0.059203306605125364,1,False,False
185,37.0,2690269375520,794.3772908098987,13.599608284128584,0,False,False
185,37.0,2690269377200,864.1562593627496,-0.01668077987599349,1,False,False
185,37.0,2690269377872,828.2436483947303,14.242172057402142,0,False,False
185,37.0,2690269376144,863.1086579307668,15.2013443870613,0,False,False
185,37.0,2690269377920,900.0077115011388,17.563582143564457,0,False,False
185,37.0,2690269375136,874.128935607864,-0.0011363293426518372,1,False,False
185,37.0,2690269375808,884.1299231204165,5.530466146823716e-09,1,True,True
185,37.0,2690269375616,938.1416924097656,18.137243475824185,1,False,False
185,37.0,2690269376672,979.8488646711078,18.36693464293315,0,False,False
185,37.0,2690269376528,1015.0659279273333,14.926372526208443,1,False,False
185,37.0,2690269374992,1054.2470482282722,16.86300168019374,0,False,False
185,37.0,2690269377440,889.1299231204164,3.7027163838571136e-09,1,False,True
185,37.0,2690269376720,1101.1168403171419,17.441362192760156,0,False,False
185,37.0,2690269375328,1143.164549671,17.55783739536834,0,False,False
185,37.0,2690269376768,1189.1199394316916,17.937784210593453,0,False,False
185,37.0,2690269375088,1058.4746239963454,9.597169584621572,1,False,False
185,37.0,2690269378160,1237.6426188528364,18.247282123280787,0,False,False
185,37.0,2690269375952,1283.4469444608999,18.00282477541305,0,False,False
185,37.0,2690269375760,1085.5766125829855,11.304356417276017,1,False,False
185,37.0,2690269378064,1329.7945880718062,16.190678052960934,0,False,False
185,37.0,2690269377104,1368.6186907644324,11.062589582304483,0,False,False
185,37.0,2690269375568,1116.0375109484667,12.847947306437291,1,False,False
185,37.0,2690269376240,1394.5210150156468,3.6836647308165196,0,False,False
185,37.0,2690269374944,1149.596715291576,14.047666886146517,1,False,False
185,37.0,2690269377056,1184.8694138045967,14.809461683344104,1,False,False
185,37.0,2690269375232,1406.989891366515,-0.27217413456235545,0,False,False
185,37.0,2690269377152,1415.7533738058835,-0.1748885008566672,0,False,False
185,37.0,2690269376432,1425.7287896671596,0.0002998824372798729,0,True,True
185,37.0,2690269375040,1430.7287896671596,0.00029360993413641635,0,False,True
185,37.0,2690269375904,1222.6844400700588,15.461454712825443,1,False,False
185,37.0,2690269376960,1260.7963153039148,15.845047969930002,1,False,False
185,37.0,2690269378256,1301.5642892855421,16.265980574506983,1,False,False
185,37.0,2690269376624,1342.1192375263242,16.619522036781657,1,False,False
185,37.0,2690269377584,1383.8980862793387,17.230462880897623,1,False,False
185,37.0,2690269374848,1681.4117385530187,20.438492793917312,0,False,False
185,37.0,2690269377344,1429.9944548358665,18.565910714878918,1,False,False
185,37.0,2690269377296,1477.1856291972197,20.692457419823153,1,False,False
185,37.0,2690269374896,1524.28942572699,20.56359532207138,0,False,False
185,37.0,2690269376816,1754.5786771291669,21.097884674661927,0,False,False
185,37.0,2690269378208,1842.978487808049,21.980057921292993,0,False,False
185,37.0,2690269377248,1577.2027430650455,21.570302048460764,1,False,False
185,37.0,2690269375856,1619.7806229784023,19.615645910370162,0,False,False
185,37.0,2690269378016,1674.685437522289,19.557207066477545,1,False,False
185,37.0,2690269375712,1732.9281444508958,20.05189957297166,1,False,False
185,37.0,2690269375376,1937.8463277014382,22.444476162487035,0,False,False
185,37.0,2690269377968,1790.865448826611,20.365023958086176,1,False,False
185,37.0,2690269375184,1863.1967779800364,20.97839327798801,1,False,False
185,37.0,2690269377536,1951.9346136619524,21.695831077305357,1,False,False
186,37.2,2690269374656,308.04190138222714,7.424294068694954e-15,0,True,True
186,37.2,2690269373072,306.5070487589098,4.7329503259409064e-15,1,False,True
186,37.2,2690269374704,745.6780828203538,14.22598926895679,1,False,False
186,37.2,2690269374752,704.7210875050525,16.02949795688391,1,False,False
186,37.2,2690269377776,780.6040864383673,9.931067214590302,1,False,False
186,37.2,2690269376192,804.5578081996838,3.3549362061637065,1,False,False
186,37.2,2690269376000,816.51377298882,-0.8938113021837623,1,False,False
186,37.2,2690269377392,673.7903239627965,11.404065750408506,1,False,False
186,37.2,2690269373600,823.9898861048378,-1.1715218933507012,1,False,False
186,37.2,2690269375424,702.8386256559471,11.784781160217337,0,False,False
186,37.2,2690269376864,833.0153980374525,-0.03436762501559645,1,False,False
186,37.2,2690269377680,733.3547580228868,12.586287001555277,0,False,False
186,37.2,2690269377632,764.9556843314824,13.161203262628627,0,False,False
186,37.2,2690269375472,843.781997379377,0.30898332155291014,1,False,False
186,37.2,2690269377008,854.2021586012715,0.04443633470312721,1,False,False
186,37.2,2690269375520,797.1009475785863,13.655738970738064,0,False,False
186,37.2,2690269377200,864.1529076109964,-0.016822641191306567,1,False,False
186,37.2,2690269377872,831.0970711346164,14.31792450610503,0,False,False
186,37.2,2690269376144,866.1590871803477,15.354847663212299,0,False,False
186,37.2,2690269377920,903.5374181794616,17.81433096617922,0,False,False
186,37.2,2690269375136,874.128729643222,-0.0008237464638051065,1,False,False
186,37.2,2690269375808,884.1299231212796,4.496473809447194e-09,1,True,True
186,37.2,2690269375616,941.7791523065385,18.283431150845086,1,False,False
186,37.2,2690269376672,983.5257342221571,18.417703145418105,0,False,False
186,37.2,2690269376528,1018.0430806936097,14.804388533815223,1,False,False
186,37.2,2690269374992,1057.6215371078688,16.890990306920013,0,False,False
186,37.2,2690269377440,889.1299231212796,3.01044555771968e-09,1,False,True
186,37.2,2690269376720,1104.6058298732341,17.452097100139856,0,False,False
186,37.2,2690269375328,1146.6770976147902,17.572472302588736,0,False,False
186,37.2,2690269376768,1192.7080931598014,17.94653582078206,0,False,False
186,37.2,2690269375088,1060.4059242076476,9.77518892794106,1,False,False
186,37.2,2690269378160,1241.2911885847325,18.233145288190908,0,False,False
186,37.2,2690269375952,1287.041556193063,17.910618545286873,0,False,False
186,37.2,2690269375760,1087.8486026598678,11.470457342779106,1,False,False
186,37.2,2690269378064,1333.0104905326825,15.850001410112764,0,False,False
186,37.2,2690269377104,1370.786987312887,10.395422524571169,0,False,False
186,37.2,2690269375568,1118.6159690146617,12.980009502149874,1,False,False
186,37.2,2690269376240,1395.2200295405066,3.1254208280878126,0,False,False
186,37.2,2690269374944,1152.4122995207092,14.137544893635544,1,False,False
186,37.2,2690269377056,1187.8352144765538,14.867503945329501,1,False,False
186,37.2,2690269375232,1406.9277173540304,-0.38196628941181376,0,False,False
186,37.2,2690269377152,1415.720243654484,-0.147357993033031,0,False,False
186,37.2,2690269376432,1425.7288451477057,0.000243815528265473,0,True,True
186,37.2,2690269375040,1430.7288451477057,0.0002387157508949116,0,False,True
186,37.2,2690269375904,1225.7792563811006,15.498992142339256,1,False,False
186,37.2,2690269376960,1263.9671928073253,15.872910071441543,1,False,False
186,37.2,2690269378256,1304.8191126146742,16.29040299237823,1,False,False
186,37.2,2690269376624,1345.4452498793617,16.651315164790574,1,False,False
186,37.2,2690269377584,1387.3477306647565,17.283933016004735,1,False,False
186,37.2,2690269374848,1685.4998937681917,20.44532946484605,0,False,False
186,37.2,2690269377344,1433.7139219161554,18.659680150019774,1,False,False
186,37.2,2690269377296,1481.3295703840677,20.77261069556024,1,False,False
186,37.2,2690269374896,1528.405051628386,20.606167952034944,0,False,False
186,37.2,2690269376816,1758.7985612685861,21.102483946189086,0,False,False
186,37.2,2690269378208,1847.3746346851608,21.982084146645555,0,False,False
186,37.2,2690269377248,1581.5189070406789,21.600903927299512,1,False,False
186,37.2,2690269375856,1623.7048573914144,19.63211022887426,0,False,False
186,37.2,2690269378016,1678.597516965208,19.56675866329623,1,False,False
186,37.2,2690269375712,1736.9390428476772,20.05966150429157,1,False,False
186,37.2,2690269375376,1942.3352229339355,22.444476162487035,0,False,False
186,37.2,2690269377968,1794.9388533001934,20.371007255555902,1,False,False
186,37.2,2690269375184,1867.3926954946928,20.981968689091246,1,False,False
186,37.2,2690269377536,1956.2737798774135,21.695831077305357,1,False,False
187,37.4,2690269374656,308.04190138222714,6.036226051703394e-15,0,True,True
187,37.4,2690269373072,306.5070487589098,3.848063909446474e-15,1,False,True
187,37.4,2690269374704,748.5047249555955,13.941064408629328,1,False,False
187,37.4,2690269374752,707.9220100725511,15.951704556930796,1,False,False
187,37.4,2690269377776,782.5503846379995,9.32733039581872,1,False,False
187,37.4,2690269376192,805.1893104751442,2.7686829826443513,1,False,False
187,37.4,2690269376000,816.3220282819556,-1.0800877717790418,1,False,False
187,37.4,2690269377392,676.0869462656282,11.71086208400585,1,False,False
187,37.4,2690269373600,823.7609075609439,-1.0888711436603045,1,False,False
187,37.4,2690269375424,705.2018805884277,11.878658519909235,0,False,False
187,37.4,2690269376864,833.0143135160253,0.05096914297573743,1,False,False
187,37.4,2690269377680,735.8767568301121,12.656975035189248,0,False,False
187,37.4,2690269377632,767.591774532896,13.218745102250567,0,False,False
187,37.4,2690269375472,843.8433416291763,0.3010890442051012,1,False,False
187,37.4,2690269377008,854.2101138331041,0.03070369489655926,1,False,False
187,37.4,2690269375520,799.835866043994,13.712454754681113,0,False,False
187,37.4,2690269377200,864.1495539579904,-0.016581213959918708,1,False,False
187,37.4,2690269377872,833.965923680054,14.397874391939862,0,False,False
187,37.4,2690269376144,869.2405196529986,15.512574330120149,0,False,False
187,37.4,2690269377920,907.1160522385555,18.046858568530336,0,False,False
187,37.4,2690269375136,874.1285840793327,-0.0005432666682641807,1,False,False
187,37.4,2690269375808,884.1299231219814,3.655799743147586e-09,1,True,True
187,37.4,2690269375616,945.4445941476505,18.41075641089312,1,False,False
187,37.4,2690269376672,987.2123272835415,18.462149349858223,0,False,False
187,37.4,2690269376528,1020.9958091975101,14.682229037034345,1,False,False
187,37.4,2690269374992,1061.0015242198172,16.91751438211093,0,False,False
187,37.4,2690269377440,889.1299231219814,2.447603736409719e-09,1,False,True
187,37.4,2690269376720,1108.0969600373253,17.462738423899687,0,False,False
187,37.4,2690269375328,1150.1925505113966,17.586771688574135,0,False,False
187,37.4,2690269376768,1196.2979347533562,17.95432638823744,0,False,False
187,37.4,2690269375088,1062.3728293875026,9.953148560968314,1,False,False
187,37.4,2690269378160,1244.9366709532753,18.21499654272709,0,False,False
187,37.4,2690269375952,1290.6168270332491,17.804584371700724,0,False,False
187,37.4,2690269375760,1090.153604554143,11.633384912348479,1,False,False
187,37.4,2690269378064,1336.1560824630747,15.476458475079902,0,False,False
187,37.4,2690269377104,1372.820781157836,9.713249539726935,0,False,False
187,37.4,2690269375568,1121.220549099462,13.107712027783961,1,False,False
187,37.4,2690269376240,1395.8096986957069,2.6022263080922063,0,False,False
187,37.4,2690269374944,1155.2455961513492,14.223501988464784,1,False,False
187,37.4,2690269377056,1190.8124511718356,14.92298843932721,1,False,False
187,37.4,2690269375232,1406.8454222320518,-0.4648174397630909,0,False,False
187,37.4,2690269377152,1415.6925554991717,-0.12089484810481524,0,False,False
187,37.4,2690269376432,1425.7288902554446,0.00019823105468458013,0,True,True
187,37.4,2690269375040,1430.7288902554446,0.00019408474680167033,0,False,True
187,37.4,2690269375904,1228.8814791231582,15.535036030706287,1,False,False
187,37.4,2690269376960,1267.143597044533,15.900102037443267,1,False,False
187,37.4,2690269378256,1308.0788257012264,16.314916422497227,1,False,False
187,37.4,2690269376624,1348.7776729144368,16.68388710587245,1,False,False
187,37.4,2690269377584,1390.808123619213,17.338181200000765,1,False,False
187,37.4,2690269374848,1689.5894123805538,20.452107265699006,0,False,False
187,37.4,2690269377344,1437.4519875601763,18.751074982833323,1,False,False
187,37.4,2690269377296,1485.489074688546,20.845871095128306,1,False,False
187,37.4,2690269374896,1532.528890730874,20.644310962853975,0,False,False
187,37.4,2690269376816,1763.0193626338685,21.10704391400148,0,False,False
187,37.4,2690269378208,1851.7711858599232,21.98409619434822,0,False,False
187,37.4,2690269377248,1585.840913071487,21.62741535183261,1,False,False
187,37.4,2690269375856,1627.6323510847794,19.6480785603173,0,False,False
187,37.4,2690269378016,1682.5115010959673,19.5762260586997,1,False,False
187,37.4,2690269375712,1740.9514890575451,20.067355044237743,1,False,False
187,37.4,2690269375376,1946.8241181664328,22.444476162487035,0,False,False
187,37.4,2690269377968,1799.0134508678325,20.376937240660453,1,False,False
187,37.4,2690269375184,1871.5893258583515,20.985510711967585,1,False,False
187,37.4,2690269377536,1960.6129460928746,21.695831077305357,1,False,False
188,37.6,2690269374656,308.04190138222714,4.907675343962701e-15,0,True,True
188,37.6,2690269373072,306.5070487589098,3.1286184792655187e-15,1,False,True
188,37.6,2690269374704,751.2723762009709,13.625712807292222,1,False,False
188,37.6,2690269374752,711.1064097688621,15.859167423207778,1,False,False
188,37.6,2690269377776,784.3745032123827,8.702977557065559,1,False,False
188,37.6,2690269376192,805.70543464152,2.211288145276882,1,False,False
188,37.6,2690269376000,816.0955381242115,-1.2290739769067158,1,False,False
188,37.6,2690269377392,678.4466938778166,12.00843435906114,1,False,False
188,37.6,2690269373600,823.5492455336691,-0.9949317946619901,1,False,False
188,37.6,2690269375424,707.5837306361312,11.969838045039154,0,False,False
188,37.6,2690269376864,833.0298295914878,0.12910617688876605,1,False,False
188,37.6,2690269377680,738.4127648772776,12.725756481040353,0,False,False
188,37.6,2690269377632,770.2393150926878,13.27544605210635,0,False,False
188,37.6,2690269375472,843.9027874319274,0.2885564033424592,1,False,False
188,37.6,2690269377008,854.2153993761083,0.01815106680348155,1,False,False
188,37.6,2690269375520,802.5821785044049,13.769981742476237,0,False,False
188,37.6,2690269377200,864.1462709499192,-0.01601785051349869,1,False,False
188,37.6,2690269377872,836.851046097703,14.482010244505409,0,False,False
188,37.6,2690269376144,872.3537075590118,15.673162341024732,0,False,False
188,37.6,2690269377920,910.7400056521645,18.26172965061873,0,False,False
188,37.6,2690269375136,874.1284924052081,-0.0002960211486841021,1,False,False
188,37.6,2690269375808,884.1299231225519,2.9723005911694743e-09,1,True,True
188,37.6,2690269375616,949.1342801608378,18.51984692888873,1,False,False
188,37.6,2690269376672,990.9074177910686,18.500839977709965,0,False,False
188,37.6,2690269376528,1023.9241482225386,14.560929150008604,1,False,False
188,37.6,2690269374992,1064.3867248178783,16.942694130710382,0,False,False
188,37.6,2690269377440,889.1299231225519,1.989992489691339e-09,1,False,True
188,37.6,2690269376720,1111.5902126344968,17.47329353240801,0,False,False
188,37.6,2690269375328,1153.7108396635804,17.600710848807307,0,False,False
188,37.6,2690269376768,1199.8892644640016,17.961039331387244,0,False,False
188,37.6,2690269375088,1064.3753048570557,10.130709015933336,1,False,False
188,37.6,2690269378160,1248.5782288087548,18.19229988668885,0,False,False
188,37.6,2690269375952,1294.1698893394293,17.683166879036225,0,False,False
188,37.6,2690269375760,1092.490969623739,11.792934166756288,1,False,False
188,37.6,2690269378064,1339.224726042717,15.069167675018084,0,False,False
188,37.6,2690269377104,1374.7173868019172,9.020867699966825,0,False,False
188,37.6,2690269375568,1123.8503785854555,13.231048483565223,1,False,False
188,37.6,2690269376240,1396.297172551989,2.1160729902786395,0,False,False
188,37.6,2690269374944,1158.0958292320681,14.305662832087684,1,False,False
188,37.6,2690269377056,1193.800620883566,14.97604270400053,1,False,False
188,37.6,2690269375232,1406.748208011372,-0.5235237929349575,0,False,False
188,37.6,2690269377152,1415.670066117472,-0.09592196928593483,0,False,False
188,37.6,2690269376432,1425.728926929707,0.0001611691893494779,0,True,True
188,37.6,2690269375040,1430.728926929707,0.0001577980874737136,0,False,True
188,37.6,2690269375904,1231.990816197652,15.56968462550452,1,False,False
188,37.6,2690269376960,1270.3253984857242,15.926690709759312,1,False,False
188,37.6,2690269378256,1311.34345023014,16.33957202474942,1,False,False
188,37.6,2690269376624,1352.1166616043472,16.71722390593236,1,False,False
188,37.6,2690269377584,1394.2794088109176,17.393029410667353,1,False,False
188,37.6,2690269374848,1693.680282671247,20.458827020202946,0,False,False
188,37.6,2690269377344,1441.208164281606,18.839916785134406,1,False,False
188,37.6,2690269377296,1489.6627990427044,20.91276461217753,1,False,False
188,37.6,2690269374896,1536.6600836137545,20.678415063194944,0,False,False
188,37.6,2690269376816,1767.241073400945,21.111565125796368,0,False,False
188,37.6,2690269378208,1856.1681385068603,21.98609421472289,0,False,False
188,37.6,2690269377248,1590.1679678110484,21.65020083077865,1,False,False
188,37.6,2690269375856,1631.5630071340042,19.6635843402788,0,False,False
188,37.6,2690269378016,1686.4273731552164,19.58561046074699,1,False,False
188,37.6,2690269375712,1744.9654694637832,20.07498111228322,1,False,False
188,37.6,2690269375376,1951.31301339893,22.444476162487035,0,False,False
188,37.6,2690269377968,1803.0892309175347,20.382814667272548,1,False,False
188,37.6,2690269375184,1875.7866624261949,20.9890198368072,1,False,False
188,37.6,2690269377536,1964.9521123083357,21.695831077305357,1,False,False
189,37.8,2690269374656,308.04190138222714,3.990121820395156e-15,0,True,True
189,37.8,2690269373072,306.5070487589098,2.543682698401358e-15,1,False,True
189,37.8,2690269374704,753.9748546152863,13.27854731410349,1,False,False
189,37.8,2690269374752,714.2712509195809,15.750550876382375,1,False,False
189,37.8,2690269377776,786.0725880629402,8.062145485873504,1,False,False
189,37.8,2690269376192,806.1121750195792,1.6859892644698085,1,False,False
189,37.8,2690269376000,815.8416469984528,-1.3425463252010785,1,False,False
189,37.8,2690269377392,680.8663959323985,12.29406520553918,1,False,False
189,37.8,2690269373600,823.3570072408829,-0.8919423209565758,1,False,False
189,37.8,2690269375424,709.9836386511663,12.058357959840492,0,False,False
189,37.8,2690269376864,833.0604500059028,0.1992376216167531,1,False,False
189,37.8,2690269377680,740.9624066144919,12.792718969217292,0,False,False
189,37.8,2690269377632,772.8981467267387,13.331440852251884,0,False,False
189,37.8,2690269375472,843.9594542412393,0.2720969767845624,1,False,False
189,37.8,2690269377008,854.2182586721569,0.006880768879301533,1,False,False
189,37.8,2690269375520,805.3400614619809,13.828529693276124,0,False,False
189,37.8,2690269377200,864.1431189800296,-0.01519189532256277,1,False,False
189,37.8,2690269377872,839.7532703307445,14.570235771857558,0,False,False
189,37.8,2690269376144,875.4991382278888,15.835362935132748,0,False,False
189,37.8,2690269377920,914.4057894565535,18.4595970332581,0,False,False
189,37.8,2690269375136,874.1284479481535,-8.220632844654904e-05,1,False,False
189,37.8,2690269375808,884.1299231230157,2.416590465827863e-09,1,True,True
189,37.8,2690269375616,952.8446054874155,18.611384141234335,1,False,False
189,37.8,2690269376672,994.6098902789765,18.534300791472234,0,False,False
189,37.8,2690269376528,1026.8283355229482,14.441462076922186,1,False,False
189,37.8,2690269374992,1067.776877541229,16.966640018340495,0,False,False
189,37.8,2690269377440,889.1299231230158,1.6179375975446028e-09,1,False,True
189,37.8,2690269376720,1115.0855707379624,17.483766433715417,0,False,False
189,37.8,2690269375328,1157.2318911813177,17.614261189231364,0,False,False
189,37.8,2690269376768,1203.4818581431057,17.966541332029205,0,False,False
189,37.8,2690269375088,1066.4132485457155,10.307538669857076,1,False,False
189,37.8,2690269378160,1252.2149133291941,18.164450700628194,0,False,False
189,37.8,2690269375952,1297.6975571710109,17.544704399679674,0,False,False
189,37.8,2690269375760,1094.8600096256112,11.948921116302866,1,False,False
189,37.8,2690269378064,1342.2096345432878,14.627674424638052,0,False,False
189,37.8,2690269377104,1376.4750944854989,8.323292254346121,0,False,False
189,37.8,2690269375568,1126.5045847118633,13.350029289095753,1,False,False
189,37.8,2690269376240,1396.6899662657117,1.668454015899,0,False,False
189,37.8,2690269374944,1160.9622480795526,14.38415685549864,1,False,False
189,37.8,2690269377056,1196.799245907975,15.026791140241572,1,False,False
189,37.8,2690269375232,1406.6407175335971,-0.5608681299027363,0,False,False
189,37.8,2690269377152,1415.6524545416664,-0.07276176144795825,0,False,False
189,37.8,2690269376432,1425.7289567472408,0.00013103652017036068,0,True,True
189,37.8,2690269375040,1430.7289567472408,0.00012829568948973931,0,False,True
189,37.8,2690269375904,1235.1069948874317,15.603032166391642,1,False,False
189,37.8,2690269376960,1273.512480783619,15.952740135402276,1,False,False
189,37.8,2690269378256,1314.61301779149,16.36441601663158,1,False,False
189,37.8,2690269376624,1355.4623675173032,16.751302626053583,1,False,False
189,37.8,2690269377584,1397.7616946702212,17.448305537471832,1,False,False
189,37.8,2690269374848,1697.7724930850773,20.46548953594895,0,False,False
189,37.8,2690269377344,1444.9819318346035,18.92606993217693,1,False,False
189,37.8,2690269377296,1493.8495035839671,20.973787261111696,1,False,False
189,37.8,2690269374896,1540.7978469720322,20.7088409043977,0,False,False
189,37.8,2690269376816,1771.4636858545668,21.116048118535453,0,False,False
189,37.8,2690269378208,1860.5654898304142,21.988078355911103,0,False,False
189,37.8,2690269377248,1594.4993488483342,21.669595753240632,1,False,False
189,37.8,2690269375856,1635.4967351091855,19.6786581744839,0,False,False
189,37.8,2690269378016,1690.345116623456,19.59491305129644,1,False,False
189,37.8,2690269375712,1748.9809706324086,20.082540610591447,1,False,False
189,37.8,2690269375376,1955.8019086314273,22.444476162487035,0,False,False
189,37.8,2690269377968,1807.166182987092,20.388640274511758,1,False,False
189,37.8,2690269375184,1879.9846986507791,20.992496543886983,1,False,False
189,37.8,2690269377536,1969.2912785237968,21.695831077305357,1,False,False
190,38.0,2690269374656,308.04190138222714,3.2441168222709062e-15,0,True,True
190,38.0,2690269373072,306.5070487589098,2.068108244270615e-15,1,False,True
190,38.0,2690269374704,756.6057208500348,12.898499239351153,1,False,False
190,38.0,2690269374752,717.4132212985854,15.624379630523652,1,False,False
190,38.0,2690269377776,787.6416407860729,7.409374583686342,1,False,False
190,38.0,2690269376192,806.4161426513115,1.1955601826902897,1,False,False
190,38.0,2690269376000,815.5673234962002,-1.4225751711927765,1,False,False
190,38.0,2690269377392,683.3429250361871,12.565601315102755,1,False,False
190,38.0,2690269373600,823.1858579956249,-0.7820535597714399,1,False,False
190,38.0,2690269375424,712.4010757011445,12.144264917134882,0,False,False
190,38.0,2690269376864,833.104529095573,0.2607354622877478,1,False,False
190,38.0,2690269377680,743.5253243497799,12.857955072535631,0,False,False
190,38.0,2690269377632,775.5681374685928,13.386869415159389,0,False,False
190,38.0,2690269375472,844.012604881538,0.25243404489653226,1,False,False
190,38.0,2690269377008,854.2189529112192,-0.003044790042172568,1,False,False
190,38.0,2690269375520,808.1097320455066,13.888287617778024,0,False,False
190,38.0,2690269377200,864.1401467596211,-0.01415969194942653,1,False,False
190,38.0,2690269377872,842.6734040191253,14.662381600119007,0,False,False
190,38.0,2690269376144,878.6770568421639,15.998041431776159,0,False,False
190,38.0,2690269377920,918.1100502528334,18.641184783814037,0,False,False
190,38.0,2690269375136,874.1284440508364,9.87689438462669e-05,1,False,False
190,38.0,2690269375808,884.1299231233929,1.9647775520686393e-09,1,True,True
190,38.0,2690269375616,956.5721061128625,18.686092650670606,1,False,False
190,38.0,2690269376672,998.3187317648075,18.563017834291536,0,False,False
190,38.0,2690269376528,1029.7087991134163,14.324734241292683,1,False,False
190,38.0,2690269374992,1071.1717425024838,16.989453344392086,0,False,False
190,38.0,2690269377440,889.1299231233929,1.315443190418486e-09,1,False,True
190,38.0,2690269376720,1118.5830180030973,17.494157857888684,0,False,False
190,38.0,2690269375328,1160.7556251692226,17.627389690426988,0,False,False
190,38.0,2690269376768,1207.0754637462524,17.970680050754947,0,False,False
190,38.0,2690269375088,1068.486492654871,10.48331515933835,1,False,False
190,38.0,2690269378160,1255.845649829999,18.130768685425284,0,False,False
190,38.0,2690269375952,1301.1963057492392,17.387441018159677,0,False,False
190,38.0,2690269375760,1097.26000093816,12.101183127148989,1,False,False
190,38.0,2690269378064,1345.1039623579697,14.15201873863345,0,False,False
190,38.0,2690269377104,1378.093205766155,7.625635499483778,0,False,False
190,38.0,2690269375568,1129.182297868137,13.464680612769866,1,False,False
190,38.0,2690269376240,1396.9958604590622,1.2603652573940354,0,False,False
190,38.0,2690269374944,1163.8441281535995,14.459117093075351,1,False,False
190,38.0,2690269377056,1199.807873197502,15.07535473473353,1,False,False
190,38.0,2690269375232,1406.5270406432292,-0.5795700755418681,0,False,False
190,38.0,2690269377152,1415.6393415438881,-0.05164540227457756,0,False,False
190,38.0,2690269376432,1425.7289809899999,0.000106537544102954,0,True,True
190,38.0,2690269375040,1430.7289809899999,0.00010430914724736139,0,False,True
190,38.0,2690269375904,1238.2297610594028,15.635168950481821,1,False,False
190,38.0,2690269376960,1276.7047402121889,15.978311530550663,1,False,False
190,38.0,2690269378256,1317.8875688813014,16.38948952717024,1,False,False
190,38.0,2690269376624,1358.814937087165,16.7860923574799,1,False,False
190,38.0,2690269377584,1401.2550556883884,17.503845040979286,1,False,False
190,38.0,2690269374848,1701.866032227314,20.472095604803236,0,False,False
190,38.0,2690269377344,1448.772745452772,19.009436835193902,1,False,False
190,38.0,2690269377296,1498.0480456441808,21.029404949056048,1,False,False
190,38.0,2690269374896,1544.9414677080736,20.735920649852762,0,False,False
190,38.0,2690269376816,1775.6871923861756,21.1204934187176,0,False,False
190,38.0,2690269378208,1864.963237064513,21.99004876391422,0,False,False
190,38.0,2690269377248,1598.8343989974242,21.68590810236107,1,False,False
190,38.0,2690269375856,1639.433450526026,19.69332808860588,0,False,False
190,38.0,2690269378016,1694.264715215857,19.604134986864217,1,False,False
190,38.0,2690269375712,1752.9979793087414,20.090034424488252,1,False,False
190,38.0,2690269375376,1960.2908038639246,22.444476162487035,0,False,False
190,38.0,2690269377968,1811.2442967611566,20.39441478711816,1,False,False
190,38.0,2690269375184,1884.1834280800683,20.99594130382699,1,False,False
190,38.0,2690269377536,1973.6304447392579,21.695831077305357,1,False,False
191,38.2,2690269374656,308.04190138222714,2.637587128981146e-15,0,True,True
191,38.2,2690269373072,306.5070487589098,1.6814485991936496e-15,1,False,True
191,38.2,2690269374704,759.1583473003658,12.484900286712032,1,False,False
191,38.2,2690269374752,720.5287047984681,15.479048966035565,1,False,False
191,38.2,2690269377776,789.0795927181784,6.749506065705514,1,False,False
191,38.2,2690269376192,806.6244720422496,0.7423035447091206,1,False,False
191,38.2,2690269376000,815.2791061423594,-1.4714552537946914,1,False,False
191,38.2,2690269377392,685.8730324203065,12.821195316077532,1,False,False
191,38.2,2690269373600,823.0370389415363,-0.6673258607206923,1,False,False
191,38.2,2690269375424,714.8355227158619,12.227613416811728,0,False,False
191,38.2,2690269376864,833.160307727904,0.31315454049129876,1,False,False
191,38.2,2690269377680,746.1011792254327,12.921562105351935,0,False,False
191,38.2,2690269377632,778.2491835886519,13.441875057182175,0,False,False
191,38.2,2690269375472,844.0616466782437,0.2302847913075166,1,False,False
191,38.2,2690269377008,854.2177533041879,-0.01159920853439797,1,False,False
191,38.2,2690269375520,810.8914436172971,13.949420337802845,0,False,False
191,38.2,2690269377200,864.1373919733982,-0.012973800831635603,1,False,False
191,38.2,2690269377872,845.612216654618,14.758216765294135,0,False,False
191,38.2,2690269376144,881.8874892277548,16.16017654018126,0,False,False
191,38.2,2690269377920,921.8495833321557,18.807271443372155,0,False,False
191,38.2,2690269375136,874.1284742192868,0.0002481422807511976,1,False,False
191,38.2,2690269375808,884.1299231236997,1.5974369193707692e-09,1,True,True
191,38.2,2690269375616,960.3134659469899,18.74473043528053,1,False,False
191,38.2,2690269376672,1002.0330239069916,18.58743901708596,0,False,False
191,38.2,2690269376528,1032.5661436001617,14.211580683845082,1,False,False
191,38.2,2690269374992,1074.57109949268,17.011226809352895,0,False,False
191,38.2,2690269377440,889.1299231236997,1.0695040339283929e-09,1,False,True
191,38.2,2690269376720,1122.0825380151946,17.5044652979766,0,False,False
191,38.2,2690269375328,1164.2819548018927,17.640058295931762,0,False,False
191,38.2,2690269376768,1210.6697973616924,17.973281548582975,0,False,False
191,38.2,2690269375088,1070.5948056023672,10.65772675964848,1,False,False
191,38.2,2690269378160,1259.4692221450628,18.090490586662774,0,False,False
191,38.2,2690269375952,1304.6622537230724,17.20954477749314,0,False,False
191,38.2,2690269375760,1099.690188848422,12.249579119402693,1,False,False
191,38.2,2690269378064,1347.900907903721,13.642792029825648,0,False,False
191,38.2,2690269377104,1379.5720449122462,6.932987757790891,0,False,False
191,38.2,2690269375568,1131.8826546688447,13.575043236212041,1,False,False
191,38.2,2690269376240,1397.2228018192209,0.8923063227412215,0,False,False
191,38.2,2690269374944,1166.7407717042477,14.530679098130873,1,False,False
191,38.2,2690269377056,1202.8260736626141,15.121850842282411,1,False,False
191,38.2,2690269375232,1406.4107295447795,-0.5822476104470197,0,False,False
191,38.2,2690269377152,1415.6303072529886,-0.032722301489181774,0,False,False
191,38.2,2690269376432,1425.729000700261,8.661896919066837e-05,0,True,True
191,38.2,2690269375040,1430.729000700261,8.480720001385471e-05,0,False,True
191,38.2,2690269375904,1241.3588783808375,15.666181406191395,1,False,False
191,38.2,2690269376960,1279.9020850978627,16.00346324062068,1,False,False
191,38.2,2690269378256,1321.1671518774704,16.41482851522774,1,False,False
191,38.2,2690269376624,1362.1745100883027,16.821555255633314,1,False,False
191,38.2,2690269377584,1404.7595340228718,17.559492240570403,1,False,False
191,38.2,2690269374848,1705.960888860572,20.47864600330495,0,False,False
191,38.2,2690269377344,1452.5800431525079,19.08995344603732,1,False,False
191,38.2,2690269377296,1502.2573737410942,21.080053750584206,1,False,False
191,38.2,2690269374896,1549.0902973422412,20.759959609525676,0,False,False
191,38.2,2690269376816,1779.911585491829,21.124901542643016,0,False,False
191,38.2,2690269378208,1869.3613774721432,21.992005582632736,0,False,False
191,38.2,2690269377248,1603.172520931974,21.699420191445373,1,False,False
191,38.2,2690269375856,1643.3730743453455,19.707619756494015,0,False,False
191,38.2,2690269378016,1698.1861528772467,19.61327739944157,1,False,False
191,38.2,2690269375712,1757.0164824140684,20.097463422913687,1,False,False
191,38.2,2690269375376,1964.7796990964218,22.444476162487035,0,False,False
191,38.2,2690269377968,1815.323562068388,20.400138915814086,1,False,False
191,38.2,2690269375184,1888.3828443555194,20.999354577838744,1,False,False
191,38.2,2690269377536,1977.969610954719,21.695831077305357,1,False,False
192,38.4,2690269374656,308.04190138222714,2.1444560242738564e-15,0,True,True
192,38.4,2690269373072,306.5070487589098,1.3670799870184814e-15,1,False,True
192,38.4,2690269374704,761.62600357171,12.03756234351596,1,False,False
192,38.4,2690269374752,723.6137565490841,15.312841401885613,1,False,False
192,38.4,2690269377776,790.3853577356979,6.087570175115993,1,False,False
192,38.4,2690269376192,806.7447263971915,0.3280423733454527,1,False,False
192,38.4,2690269376000,814.9830631355284,-1.4916372627338224,1,False,False
192,38.4,2690269377392,688.4532615336803,13.059168392649065,1,False,False
192,38.4,2690269373600,822.9113852997315,-0.5497268611182882,1,False,False
192,38.4,2690269375424,717.2864720188516,12.308465241482168,0,False,False
192,38.4,2690269376864,833.225950072483,0.3562348699207691,1,False,False
192,38.4,2690269377680,748.6896521484572,12.983641835484907,0,False,False
192,38.4,2690269377632,780.9412101492289,13.496602589279972,0,False,False
192,38.4,2690269375472,844.1061291431839,0.20634432407095107,1,False,False
192,38.4,2690269377008,854.2149341574537,-0.01878790550718855,1,False,False
192,38.4,2690269375520,813.6854807544464,14.012065972148143,0,False,False
192,38.4,2690269377200,864.1348820779382,-0.011682413573575549,1,False,False
192,38.4,2690269377872,848.5704280067572,14.857459753048847,0,False,False
192,38.4,2690269376144,885.1302644185735,16.320858398653154,0,False,False
192,38.4,2690269377920,925.621342482799,18.958673912157384,0,False,False
192,38.4,2690269375136,874.128532243197,0.00036766491867509435,1,False,False
192,38.4,2690269375808,884.129923123949,1.2987753797787826e-09,1,True,True
192,38.4,2690269375616,964.065522516242,18.788079893538754,1,False,False
192,38.4,2690269376672,1005.7519354976574,18.60797595205322,0,False,False
192,38.4,2690269376528,1035.401135620032,14.102760925320574,1,False,False
192,38.4,2690269374992,1077.97474629782,17.032045052801998,0,False,False
192,38.4,2690269377440,889.129923123949,8.695463908442993e-10,1,False,True
192,38.4,2690269376720,1125.5841136425781,17.51468300796398,0,False,False
192,38.4,2690269375328,1167.81078527133,17.65222321422408,0,False,False
192,38.4,2690269376768,1214.2645387019006,17.97414738306241,0,False,False
192,38.4,2690269375088,1072.7378942397609,10.830473715199696,1,False,False
192,38.4,2690269378160,1263.0842555468328,18.04276287513635,0,False,False
192,38.4,2690269375952,1308.0911495349956,17.00913295220516,0,False,False
192,38.4,2690269375760,1102.149791866191,12.39398957479207,1,False,False
192,38.4,2690269378064,1350.5938269168673,13.101178416355362,0,False,False
192,38.4,2690269377104,1380.9129469744394,6.250306940760703,0,False,False
192,38.4,2690269375568,1134.6048007980246,13.681171371279046,1,False,False
192,38.4,2690269376240,1397.3788040315906,0.5642844482690725,0,False,False
192,38.4,2690269374944,1169.6515082077117,14.598979944616405,1,False,False
192,38.4,2690269377056,1205.8534414337016,15.166393020916582,1,False,False
192,38.4,2690269375232,1406.2948211614882,-0.5713887122017195,0,False,False
192,38.4,2690269377152,1415.62490687237,-0.016069643241389184,0,False,False
192,38.4,2690269376432,1425.7290167254332,7.042443006198341e-05,0,True,True
192,38.4,2690269375040,1430.729016725433,6.89513946186718e-05,0,False,True
192,38.4,2690269375904,1244.4941275508716,15.696152172784327,1,False,False
192,38.4,2690269376960,1283.1044352426484,16.028250699520918,1,False,False
192,38.4,2690269378256,1324.451822003513,16.440463749553192,1,False,False
192,38.4,2690269376624,1365.5412183173505,16.857647571017136,1,False,False
192,38.4,2690269377584,1408.2751413374433,17.615101270702578,1,False,False
192,38.4,2690269374848,1710.0570519017726,20.485141493051426,0,False,False
192,38.4,2690269377344,1456.4032521562372,19.16758504899676,1,False,False
192,38.4,2690269377296,1506.4765216476037,21.12614050849771,1,False,False
192,38.4,2690269374896,1553.2437467527889,20.781237901479482,0,False,False
192,38.4,2690269376816,1784.1368577701787,21.129272996669176,0,False,False
192,38.4,2690269378208,1873.7599083449347,21.99394895390471,0,False,False
192,38.4,2690269377248,1607.5131721667308,21.710390391263427,1,False,False
192,38.4,2690269375856,1647.3155325168882,19.721556708547297,0,False,False
192,38.4,2690269378016,1702.1094137772561,19.622341397273413,1,False,False
192,38.4,2690269375712,1761.0364670423942,20.104828458855103,1,False,False
192,38.4,2690269375376,1969.268594328919,22.444476162487035,0,False,False
192,38.4,2690269377968,1819.4039688786743,20.40581335765448,1,False,False
192,38.4,2690269375184,1892.582941210217,21.00273681796576,1,False,False
192,38.4,2690269377536,1982.30877717018,21.695831077305357,1,False,False
193,38.6,2690269374656,308.04190138222714,1.7435221720318406e-15,0,True,True
193,38.6,2690269373072,306.5070487589098,1.1114866620381372e-15,1,False,True
193,38.6,2690269374704,764.0019574945309,11.55684987882891,1,False,False
193,38.6,2690269374752,726.6640818731348,15.123951198624168,1,False,False
193,38.6,2690269377776,791.5588624070153,5.4286713875431065,1,False,False
193,38.6,2690269376192,806.7848009860986,-0.045891178232408625,1,False,False
193,38.6,2690269376000,814.6847654472499,-1.485665207038957,1,False,False
193,38.6,2690269377392,691.0799037380199,13.277934279046592,1,False,False
193,38.6,2690269373600,822.809345073735,-0.4311288633243292,1,False,False
193,38.6,2690269375424,719.7534287470884,12.386888906834523,0,False,False
193,38.6,2690269376864,833.2995806190629,0.3899005753702288,1,False,False
193,38.6,2690269377680,751.2904446572628,13.04430010312348,0,False,False
193,38.6,2690269377632,783.6441711719775,13.551196336079258,0,False,False
193,38.6,2690269375472,844.1457386051711,0.18127187600494446,1,False,False
193,38.6,2690269377008,854.210766796167,-0.024643794110051635,1,False,False
193,38.6,2690269375520,816.492153786298,14.076334294252863,0,False,False
193,38.6,2690269377200,864.132635205034,-0.010328947418809624,1,False,False
193,38.6,2690269377872,851.5486987181948,14.959788930829285,0,False,False
193,38.6,2690269376144,888.405036754285,16.479285533118613,0,False,False
193,38.6,2690269377920,929.4224466420114,19.096232434783428,0,False,False
193,38.6,2690269375136,874.1286122902958,0.00045947881242815837,1,False,False
193,38.6,2690269375808,884.1299231241517,1.0559524865519938e-09,1,True,True
193,38.6,2690269375616,967.8252711402105,18.816939769148956,1,False,False
193,38.6,2690269376672,1009.4747153340487,18.62500594758188,0,False,False
193,38.6,2690269376528,1038.2146884930687,13.998955480520348,1,False,False
193,38.6,2690269374992,1081.3824971209092,17.051985159347108,0,False,False
193,38.6,2690269377440,889.1299231241517,7.069734211782985e-10,1,False,True
193,38.6,2690269376720,1129.0877263863297,17.524801955564563,0,False,False
193,38.6,2690269375328,1171.3420125883963,17.663834122475805,0,False,False
193,38.6,2690269376768,1217.8593259909399,17.973051345648035,0,False,False
193,38.6,2690269375088,1074.915406331705,11.00126950738599,1,False,False
193,38.6,2690269378160,1266.6891982113018,17.9866346206619,0,False,False
193,38.6,2690269375952,1311.4783633524448,16.78430512328017,0,False,False
193,38.6,2690269375760,1104.6380060270399,12.534316355667539,1,False,False
193,38.6,2690269378064,1353.1763527581384,12.528976437590359,0,False,False
193,38.6,2690269377104,1382.1182246344044,5.582322121164003,0,False,False
193,38.6,2690269375568,1137.3478936146714,13.78313144680043,1,False,False
193,38.6,2690269376240,1397.4718499028127,0.27582550794188704,0,False,False
193,38.6,2690269374944,1172.5756946085423,14.664157317461816,1,False,False
193,38.6,2690269377056,1208.8895930932024,15.209090913888165,1,False,False
193,38.6,2690269375232,1406.181864569475,-0.5493315695626001,0,False,False
193,38.6,2690269377152,1415.6226844897337,-0.0017018959101123624,0,False,False
193,38.6,2690269376432,1425.7290297544916,5.725766995261703e-05,0,True,True
193,38.6,2690269375040,1430.7290297544919,5.606003758033643e-05,0,False,True
193,38.6,2690269375904,1247.63530554817,15.72516018337409,1,False,False
193,38.6,2690269376960,1286.3117213391997,16.052726390925912,1,False,False
193,38.6,2690269378256,1327.7416402922497,16.466420846816685,1,False,False
193,38.6,2690269376624,1368.9151844799505,16.894320658487054,1,False,False
193,38.6,2690269377584,1411.8018608135085,17.66867010086106,1,False,False
193,38.6,2690269374848,1714.15451041918,20.49158282107139,0,False,False
193,38.6,2690269377344,1460.1659107370835,19.240471318764246,1,False,False
193,38.6,2690269377296,1510.704602599253,21.168043691674676,1,False,False
193,38.6,2690269374896,1557.4012812482435,20.800012109784358,0,False,False
193,38.6,2690269376816,1788.3630019204973,21.13360827745888,0,False,False
193,38.6,2690269378208,1878.1588270027487,21.995879017543338,0,False,False
193,38.6,2690269377248,1611.8558603826052,21.719054824097903,1,False,False
193,38.6,2690269375856,1651.2607555635695,19.735160521844858,0,False,False
193,38.6,2690269378016,1706.034482305621,19.63132806560066,1,False,False
193,38.6,2690269375712,1765.0579204572791,20.112130369762557,1,False,False
193,38.6,2690269375376,1973.7574895614164,22.444476162487035,0,False,False
193,38.6,2690269377968,1823.4855073004212,20.411438796366262,1,False,False
193,38.6,2690269375184,1896.7837124670555,21.006088467316506,1,False,False
193,38.6,2690269377536,1986.6479433856412,21.695831077305357,1,False,False
194,38.8,2690269374656,308.04190138222714,1.4175481007571468e-15,0,True,True
194,38.8,2690269373072,306.5070487589098,9.036798224096736e-16,1,False,True
194,38.8,2690269374704,766.2795898281136,11.043739175669932,1,False,False
194,38.8,2690269374752,729.6750207302396,14.910517935640636,1,False,False
194,38.8,2690269377776,792.6010532999832,4.77787665623811,1,False,False
194,38.8,2690269376192,806.7528241241604,-0.3786684260268831,1,False,False
194,38.8,2690269376000,814.3892718839081,-1.4561227615151593,1,False,False
194,38.8,2690269377392,693.7489758299131,13.47595429001575,1,False,False
194,38.8,2690269373600,822.7309983479299,-0.3133050300011735,1,False,False
194,38.8,2690269375424,722.2359121615849,12.46295912350967,0,False,False
194,38.8,2690269376864,833.3793207307285,0.41425495528997397,1,False,False
194,38.8,2690269377680,753.9032797058244,13.10364634534153,0,False,False
194,38.8,2690269377632,786.3580494077274,13.605798147470791,0,False,False
194,38.8,2690269375472,844.1802902386892,0.15567941166758478,1,False,False
194,38.8,2690269377008,854.2055143553567,-0.029222941508026696,1,False,False
194,38.8,2690269375520,819.311793058048,14.142305891979587,0,False,False
194,38.8,2690269377200,864.1306611350407,-0.008951802209288855,1,False,False
194,38.8,2690269377872,854.5476229398254,15.064852259452413,0,False,False
194,38.8,2690269376144,891.7113073066114,16.63476090351848,0,False,False
194,38.8,2690269377920,933.2501836357573,19.220797006390892,0,False,False
194,38.8,2690269375136,874.1287089768668,0.0005260048272577072,1,False,False
194,38.8,2690269375808,884.1299231243165,8.585284809181246e-10,1,True,True
194,38.8,2690269375616,971.5898676443471,18.832117982313033,1,False,False
194,38.8,2690269376672,1013.200685495948,18.638874094537112,0,False,False
194,38.8,2690269376528,1041.0078462300355,13.900763186710794,1,False,False
194,38.8,2690269374992,1084.7941811029366,17.0711171304542,0,False,False
194,38.8,2690269377440,889.1299231243165,5.747955756187411e-10,1,False,True
194,38.8,2690269376720,1132.593355717428,17.53480972713282,0,False,False
194,38.8,2690269375328,1174.8755222177836,17.674833258583494,0,False,False
194,38.8,2690269376768,1221.4537501736231,17.96973580639138,0,False,False
194,38.8,2690269375088,1077.1269332839722,11.169842045171402,1,False,False
194,38.8,2690269378160,1270.2823012864114,17.9210508758297,0,False,False
194,38.8,2690269375952,1314.8188861604378,16.533184506608112,0,False,False
194,38.8,2690269375760,1107.1540091468257,12.670482340925352,1,False,False
194,38.8,2690269378064,1355.6425195878574,11.928598154124185,0,False,False
194,38.8,2690269377104,1383.1911169104653,4.933454847198953,0,False,False
194,38.8,2690269375568,1140.111104514413,13.881000881496899,1,False,False
194,38.8,2690269376240,1397.5097963666392,0.02599594717447272,0,False,False
194,38.8,2690269374944,1175.512715385815,14.726348692290195,1,False,False
194,38.8,2690269377056,1211.9341668869608,15.250050172935584,1,False,False
194,38.8,2690269375232,1406.0739519053657,-0.5182516785158588,0,False,False
194,38.8,2690269377152,1415.6231849933777,0.010419833470633827,0,False,False
194,38.8,2690269376432,1425.7290403475988,4.655260632592033e-05,0,True,True
194,38.8,2690269375040,1430.7290403475988,4.5578886850501676e-05,0,False,True
194,38.8,2690269375904,1250.7822248953305,15.753280749614836,1,False,False
194,38.8,2690269376960,1289.5238843784066,16.076939806012717,1,False,False
194,38.8,2690269378256,1331.0366725270908,16.492717617571028,1,False,False
194,38.8,2690269376624,1372.2965104338548,16.93118372892544,1,False,False
194,38.8,2690269377584,1415.3382204647971,17.705246345645282,1,False,False
194,38.8,2690269374848,1718.2532536295114,20.497970720186554,0,False,False
194,38.8,2690269377344,1463.897948835919,19.294230727721562,1,False,False
194,38.8,2690269377296,1514.9408036872228,21.206114449087288,1,False,False
194,38.8,2690269374896,1561.5624159698464,20.81651691477041,0,False,False
194,38.8,2690269376816,1792.590010740756,21.13790787222062,0,False,False
194,38.8,2690269378208,1882.5581307932757,21.997795911373696,0,False,False
194,38.8,2690269377248,1616.2001390873393,21.72562900597485,1,False,False
194,38.8,2690269375856,1655.2086782026063,19.7484509935356,0,False,False
194,38.8,2690269378016,1709.9613430676286,19.64023846736856,1,False,False
194,38.8,2690269375712,1769.0808300887588,20.119369977947592,1,False,False
194,38.8,2690269375376,1978.2463847939136,22.444476162487035,0,False,False
194,38.8,2690269377968,1827.5681675779088,20.417015902677186,1,False,False
194,38.8,2690269375184,1900.985152036967,21.009409960290146,1,False,False
194,38.8,2690269377536,1990.9871096011022,21.695831077305357,1,False,False
195,39.0,2690269374656,308.04190138222714,1.1525191076970699e-15,0,True,True
195,39.0,2690269373072,306.5070487589098,7.347251652421169e-16,1,False,True
195,39.0,2690269374704,768.452519631248,10.499858636794777,1,False,False
195,39.0,2690269374752,732.6415395356055,14.670670154807807,1,False,False
195,39.0,2690269377776,793.5138824387072,4.140112325022019,1,False,False
195,39.0,2690269376192,806.6570557555557,-0.6699736643689074,1,False,False
195,39.0,2690269376000,814.1011241885374,-1.405590152585236,1,False,False
195,39.0,2690269377392,696.4562080677265,13.651708158128637,1,False,False
195,39.0,2690269373600,822.6760774556429,-0.19792385581913638,1,False,False
195,39.0,2690269375424,724.7334568509467,12.536756266926906,0,False,False
195,39.0,2690269376864,833.4633239353681,0.429571400771049,1,False,False
195,39.0,2690269377680,756.5279023465786,13.161793029188724,0,False,False
195,39.0,2690269377632,789.0828557111967,13.660545460629638,0,False,False
195,39.0,2690269375472,844.2097179804977,0.13012274092161227,1,False,False
195,39.0,2690269377008,854.1994274344859,-0.03260031864552676,1,False,False
195,39.0,2690269375520,822.1447430756682,14.210032049079091,0,False,False
195,39.0,2690269377200,864.1289623089532,-0.007584261329907129,1,False,False
195,39.0,2690269377872,857.5677228560064,15.17227620811731,0,False,False
195,39.0,2690269376144,895.0484444620432,16.786687189072776,0,False,False
195,39.0,2690269377920,937.1020113058573,19.33321540464431,0,False,False
195,39.0,2690269375136,874.1288174166874,0.000569842755803753,1,False,False
195,39.0,2690269375808,884.1299231244504,6.980154523375804e-10,1,True,True
195,39.0,2690269375616,975.3566297375547,18.83442536776099,1,False,False
195,39.0,2690269376672,1016.9292350434245,18.649895387355002,0,False,False
195,39.0,2690269376528,1043.7817670669506,13.80869947592617,1,False,False
195,39.0,2690269374992,1088.209640935861,17.08950432063586,0,False,False
195,39.0,2690269377440,889.1299231244504,4.673300917030594e-10,1,False,True
195,39.0,2690269376720,1136.1009783915088,17.544690381330344,0,False,False
195,39.0,2690269375328,1178.4111875231645,17.685154386203173,0,False,False
195,39.0,2690269376768,1225.0473483656838,17.96390763231765,0,False,False
195,39.0,2690269375088,1079.3720131036785,11.335934763660676,1,False,False
195,39.0,2690269378160,1273.8615976917213,17.84484698010266,0,False,False
195,39.0,2690269375952,1318.1073376760153,16.25396757902912,0,False,False
195,39.0,2690269375760,1109.696964991629,12.802430888080934,1,False,False
195,39.0,2690269378064,1357.9868837615834,11.303044103684602,0,False,False
195,39.0,2690269377104,1384.1357234080162,4.307759778704457,0,False,False
195,39.0,2690269375568,1142.8936210456566,13.974866858470053,1,False,False
195,39.0,2690269376240,1397.5002847357396,-0.1865621372585398,0,False,False
195,39.0,2690269374944,1178.4619824611873,14.785690603713482,1,False,False
195,39.0,2690269377056,1214.9868219227083,15.289372417440514,1,False,False
195,39.0,2690269375232,1405.97275148053,-0.48015421454879237,0,False,False
195,39.0,2690269377152,1415.625964134443,0.020378724761022746,0,False,False
195,39.0,2690269376432,1425.7290489601874,3.784899311357789e-05,0,True,True
195,39.0,2690269375040,1430.7290489601874,3.7057323116378246e-05,0,False,True
195,39.0,2690269375904,1253.9347129401808,15.780585642361082,1,False,False
195,39.0,2690269376960,1292.7408750341697,16.10093696324385,1,False,False
195,39.0,2690269378256,1334.336986335932,16.51934054392537,1,False,False
195,39.0,2690269376624,1375.6851813010526,16.967589149997824,1,False,False
195,39.0,2690269377584,1418.8815129443988,17.740360227108457,1,False,False
195,39.0,2690269374848,1722.3532708951195,20.504305909362074,0,False,False
195,39.0,2690269377344,1467.6815946248912,19.414555645695202,0,False,False
195,39.0,2690269377296,1519.1843804724058,21.24067780713442,1,False,False
195,39.0,2690269374896,1565.72671161721,20.830966677214434,0,False,False
195,39.0,2690269376816,1796.8178771257503,21.142172258941635,0,False,False
195,39.0,2690269378208,1886.9578170916413,21.999699771268684,0,False,False
195,39.0,2690269377248,1620.5456036004227,21.73030942345739,1,False,False
195,39.0,2690269375856,1659.159239000286,19.7614462988844,0,False,False
195,39.0,2690269378016,1713.8899808797044,19.649073643903126,1,False,False
195,39.0,2690269375712,1773.1051835303415,20.126548090966402,1,False,False
195,39.0,2690269375376,1982.735280026411,22.444476162487035,0,False,False
195,39.0,2690269377968,1831.6519400887116,20.42254533463452,1,False,False
195,39.0,2690269375184,1905.1872539171943,21.012701722795306,1,False,False
195,39.0,2690269377536,1995.3262758165633,21.695831077305357,1,False,False
196,39.2,2690269374656,308.04190138222714,9.370407204505956e-16,0,True,True
196,39.2,2690269373072,306.5070487589098,5.973587713849981e-16,1,False,True
196,39.2,2690269374704,770.514736160925,9.927505094848783,1,False,False
196,39.2,2690269374752,735.5582324109434,14.402579611858776,1,False,False
196,39.2,2690269377776,794.3002729708,3.5200743290962473,1,False,False
196,39.2,2690269376192,806.5057846439274,-0.9200047609451855,1,False,False
196,39.2,2690269376000,813.8243500459708,-1.336611739695285,1,False,False
196,39.2,2690269377392,699.1970365275629,13.803673263812895,1,False,False
196,39.2,2690269373600,822.6439883850198,-0.08654161838401833,1,False,False
196,39.2,2690269375424,727.245613829232,12.608365851405718,0,False,False
196,39.2,2690269376864,833.5498091227056,0.4362801724202699,1,False,False
196,39.2,2690269377680,759.1640802941721,13.218855000184622,0,False,False
196,39.2,2690269377632,791.8186280341465,13.715569462990569,0,False,False
196,39.2,2690269375472,844.2340628360354,0.1050951237686533,1,False,False
196,39.2,2690269377008,854.1927405915454,-0.03486572428111684,1,False,False
196,39.2,2690269375520,824.991356670748,14.279535261200857,0,False,False
196,39.2,2690269377200,864.1275348516725,-0.00625451781618769,1,False,False
196,39.2,2690269377872,860.6094449371396,15.281673827867506,0,False,False
196,39.2,2690269376144,898.4157035180866,16.934561450202448,0,False,False
196,39.2,2690269377920,940.9755563578332,19.43432294805025,0,False,False
196,39.2,2690269375136,874.1289332507774,0.0005936835034858221,1,False,False
196,39.2,2690269375808,884.1299231245595,5.675124151746135e-10,1,True,True
196,39.2,2690269375616,979.1230372124734,18.824670294011142,1,False,False
196,39.2,2690269376672,1020.6598141387216,18.658356835224673,0,False,False
196,39.2,2690269376528,1046.5377067219401,13.723195679897362,1,False,False
196,39.2,2690269374992,1091.6287315604002,17.107203836842743,0,False,False
196,39.2,2690269377440,889.1299231245595,3.799566730765022e-10,1,False,True
196,39.2,2690269376720,1139.6105677307348,17.55442424745522,0,False,False
196,39.2,2690269375328,1181.9488679960054,17.694721615526984,0,False,False
196,39.2,2690269376768,1228.6395964575322,17.955233647781377,0,False,False
196,39.2,2690269375088,1081.6501335723349,11.499307616251935,1,False,False
196,39.2,2690269378160,1277.4248798662536,17.756744302141843,0,False,False
196,39.2,2690269375952,1321.3379847203312,15.944981516088564,0,False,False
196,39.2,2690269375760,1112.2660273291438,12.930125134014558,1,False,False
196,39.2,2690269378064,1360.2046386057787,10.655854345582762,0,False,False
196,39.2,2690269377104,1384.9569279638306,3.7088839092970827,0,False,False
196,39.2,2690269375568,1145.6946487814794,14.064825115360463,1,False,False
196,39.2,2690269376240,1397.4506588624952,-0.36358278763435636,0,False,False
196,39.2,2690269374944,1181.4229349664226,14.842318000109262,1,False,False
196,39.2,2690269377056,1218.0472373624862,15.327155223775746,1,False,False
196,39.2,2690269375232,1405.8795421430661,-0.43687029316479176,0,False,False
196,39.2,2690269377152,1415.6305967992423,0.028293570806894812,0,False,False
196,39.2,2690269376432,1425.7290559625408,3.0772633215898596e-05,0,True,True
196,39.2,2690269375040,1430.7290559625408,3.012897618706427e-05,0,False,True
196,39.2,2690269375904,1257.0926111511428,15.807143128877682,1,False,False
196,39.2,2690269376960,1295.962652880967,16.12475912018249,1,False,False
196,39.2,2690269378256,1337.6426447302565,16.546257593207017,1,False,False
196,39.2,2690269376624,1379.081108937268,17.003754873854827,1,False,False
196,39.2,2690269377584,1422.4325567920725,17.788194239467185,1,False,False
196,39.2,2690269374848,1726.4545517212443,20.510589094046225,0,False,False
196,39.2,2690269377344,1471.540275457447,19.661745776622126,0,False,False
196,39.2,2690269377296,1523.4346518461023,21.2720339651593,1,False,False
196,39.2,2690269374896,1569.8937704870052,20.843556962818074,0,False,False
196,39.2,2690269376816,1801.04659406527,21.146401906613875,0,False,False
196,39.2,2690269378208,1891.357883300017,22.001590731184173,0,False,False
196,39.2,2690269377248,1624.8918873484895,21.733275035493953,1,False,False
196,39.2,2690269375856,1663.1123800573885,19.77416313527079,0,False,False
196,39.2,2690269378016,1717.820380765131,19.65783461555753,1,False,False
196,39.2,2690269375712,1777.1309685360823,20.133665501988297,1,False,False
196,39.2,2690269375376,1987.2241752589082,22.444476162487035,0,False,False
196,39.2,2690269377968,1835.7368153411855,20.428027737914036,1,False,False
196,39.2,2690269375184,1909.3900121896065,21.0159641724621,1,False,False
196,39.2,2690269377536,1999.6654420320244,21.695831077305357,1,False,False
197,39.4,2690269374656,308.04190138222714,7.618488109382027e-16,0,True,True
197,39.4,2690269373072,306.5070487589098,4.856748055349437e-16,1,False,True
197,39.4,2690269374704,772.4607322301669,9.329632471793946,1,False,False
197,39.4,2690269374752,738.4193339921233,14.10452600576872,1,False,False
197,39.4,2690269377776,794.9640679297692,2.9221546569654846,1,False,False
197,39.4,2690269376192,806.3072263226916,-1.1294595085662875,1,False,False
197,39.4,2690269376000,813.5624718983472,-1.251673416543914,1,False,False
197,39.4,2690269377392,701.9665965738864,13.930308951649362,1,False,False
197,39.4,2690269373600,822.6338338339167,0.01940724275799552,1,False,False
197,39.4,2690269375424,729.7719515287403,12.677878005116241,0,False,False
197,39.4,2690269376864,833.6370908330729,0.43495131523657427,1,False,False
197,39.4,2690269377680,761.8116043537714,13.274948756320045,0,False,False
197,39.4,2690269377632,794.5654300601288,13.770993398709022,0,False,False
197,39.4,2690269375472,844.2534600676628,0.08102325388855547,1,False,False
197,39.4,2690269377008,854.1856696371755,-0.036119949230369826,1,False,False
197,39.4,2690269375520,827.8519893061683,14.350810296137183,0,False,False
197,39.4,2690269377200,864.1263695826786,-0.0049858069013739,1,False,False
197,39.4,2690269377872,863.6731577496761,15.39265196427754,0,False,False
197,39.4,2690269376144,901.8122451770412,17.07796929526149,0,False,False
197,39.4,2690269377920,944.8686112766968,19.524933992626107,0,False,False
197,39.4,2690269375136,874.129052660401,0.0006002334558056638,1,False,False
197,39.4,2690269375808,884.129923124648,4.614086125153006e-10,1,True,True
197,39.4,2690269375616,982.8867311326064,18.803654116850232,1,False,False
197,39.4,2690269376672,1024.3919285878635,18.6645195288537,0,False,False
197,39.4,2690269376528,1049.277001584554,13.644599411735246,1,False,False
197,39.4,2690269374992,1095.0513189411952,17.124266900157412,0,False,False
197,39.4,2690269377440,889.129923124648,3.089188476805695e-10,1,False,True
197,39.4,2690269376720,1143.1220928613955,17.56398766352099,0,False,False
197,39.4,2690269375328,1185.4884072379243,17.703448060346197,0,False,False
197,39.4,2690269376768,1232.2299007780778,17.943335609310584,0,False,False
197,39.4,2690269375088,1083.9607356095246,11.659737946841163,1,False,False
197,39.4,2690269378160,1280.9696767927808,17.65534805708935,0,False,False
197,39.4,2690269375952,1324.504771545948,15.604748317767681,0,False,False
197,39.4,2690269375760,1114.8603438302403,13.053547149752246,1,False,False
197,39.4,2690269378064,1362.2917179015499,9.991037643022475,0,False,False
197,39.4,2690269377104,1385.6603152402747,3.1400415453592148,0,False,False
197,39.4,2690269375568,1148.513412951259,14.150978762786018,1,False,False
197,39.4,2690269376240,1397.367893714717,-0.5071170986735907,0,False,False
197,39.4,2690269374944,1184.3950388874725,14.896363681634233,1,False,False
197,39.4,2690269377056,1221.115111614576,15.36349213763698,1,False,False
197,39.4,2690269375232,1405.7952481881512,-0.390056009271168,0,False,False
197,39.4,2690269377152,1415.6366835793551,0.034310614916774916,0,False,False
197,39.4,2690269376432,1425.7290616557134,2.5019290531681702e-05,0,True,True
197,39.4,2690269375040,1430.7290616557132,2.449597352809018e-05,0,False,True
197,39.4,2690269375904,1260.2557744158632,15.833017961333553,1,False,False
197,39.4,2690269376960,1299.1891854193916,16.148442906544062,1,False,False
197,39.4,2690269378256,1340.9537053355386,16.573457937988426,1,False,False
197,39.4,2690269376624,1382.484287471599,17.041445125595317,1,False,False
197,39.4,2690269377584,1425.9988415028909,17.988652450997442,1,False,False
197,39.4,2690269374848,1730.557085753331,20.51682096649976,0,False,False
197,39.4,2690269377344,1475.469185130271,19.892161449234525,0,False,False
197,39.4,2690269377296,1527.6909951543528,21.300459651229957,1,False,False
197,39.4,2690269374896,1574.0632328120366,20.854465997312047,0,False,False
197,39.4,2690269376816,1805.2761546423146,21.150597275453148,0,False,False
197,39.4,2690269378208,1895.758326847239,22.00346892319338,0,False,False
197,39.4,2690269377248,1629.2386584557435,21.734688694180498,1,False,False
197,39.4,2690269375856,1667.0680467225336,19.786616853338913,0,False,False
197,39.4,2690269378016,1721.7525279498964,19.666522382330328,1,False,False
197,39.4,2690269375712,1781.1581730177295,20.14072299015026,1,False,False
197,39.4,2690269375376,1991.7130704914055,22.444476162487035,0,False,False
197,39.4,2690269377968,1839.8227839720118,20.433463746119553,1,False,False
197,39.4,2690269375184,1913.593421019058,21.0191977188477,1,False,False
197,39.4,2690269377536,2004.0046082474855,21.695831077305357,1,False,False
198,39.6,2690269374656,308.04190138222714,6.194112999153861e-16,0,True,True
198,39.6,2690269373072,306.5070487589098,3.9487160485566976e-16,1,False,True
198,39.6,2690269374704,774.2856333534978,8.709811179218384,1,False,False
198,39.6,2690269374752,741.2187458360106,13.774971169628333,1,False,False
198,39.6,2690269377776,795.5099654336259,2.3503848899756217,1,False,False
198,39.6,2690269376192,806.0694249316299,-1.2995041595930965,1,False,False
198,39.6,2690269376000,813.31851970094,-1.153188324025888,1,False,False
198,39.6,2690269377392,704.7597159543516,14.030044853241833,1,False,False
198,39.6,2690269373600,822.6444383187941,0.11862162342150145,1,False,False
198,39.6,2690269375424,732.3120566876842,12.745386942812102,0,False,False
198,39.6,2690269376864,833.723605897979,0.42627425243863815,1,False,False
198,39.6,2690269377680,764.4702886998505,13.330191660309845,0,False,False
198,39.6,2690269377632,797.3233495119275,13.826931052835922,0,False,False
198,39.6,2690269375472,844.2681257288729,0.05826543226639017,1,False,False
198,39.6,2690269377008,854.17840967725,-0.036471230206070314,1,False,False
198,39.6,2690269375520,830.7269936254025,14.423825707796547,0,False,False
198,39.6,2690269377200,864.1254529940506,-0.003796626735867546,1,False,False
198,39.6,2690269377872,866.7591511512273,15.504817611043272,0,False,False
198,39.6,2690269376144,905.2371528464339,17.21657867313905,0,False,False
198,39.6,2690269377920,948.7791296553795,19.6058351086797,0,False,False
198,39.6,2690269375136,874.129172365742,0.0005921507634658209,1,False,False
198,39.6,2690269375808,884.1299231247201,3.7514229118281035e-10,1,True,True
198,39.6,2690269375616,986.645512165292,18.772167404104394,1,False,False
198,39.6,2690269376672,1028.1251347912553,18.66862063696536,0,False,False
198,39.6,2690269376528,1052.001052053478,13.573176023468642,1,False,False
198,39.6,2690269374992,1098.4772789117612,17.140739169034024,0,False,False
198,39.6,2690269377440,889.1299231247201,2.51162464603106e-10,1,False,True
198,39.6,2690269376720,1146.6355178948093,17.573352648243006,0,False,False
198,39.6,2690269375328,1189.0296306624327,17.711234309549354,0,False,False
198,39.6,2690269376768,1235.8175887200387,17.927784674868715,0,False,False
198,39.6,2690269375088,1086.3032168023813,11.81702122990319,1,False,False
198,39.6,2690269378160,1284.4932307624697,17.539147960528286,0,False,False
198,39.6,2690269375952,1327.601363345313,15.232053783467409,0,False,False
198,39.6,2690269375760,1117.4790597926526,13.172696966948001,1,False,False
198,39.6,2690269378064,1364.244883928504,9.312982484766568,0,False,False
198,39.6,2690269377104,1386.2520831497122,2.604000743831283,0,False,False
198,39.6,2690269375568,1151.349159838463,14.233437142056673,1,False,False
198,39.6,2690269376240,1397.2585362996674,-0.6194671526022173,0,False,False
198,39.6,2690269374944,1187.377786601499,14.947957817252368,1,False,False
198,39.6,2690269377056,1224.1901615291324,15.398472704362815,1,False,False
198,39.6,2690269375232,1405.7204743198913,-0.3411934343264337,0,False,False
198,39.6,2690269377152,1415.6438557484212,0.03859599583951691,0,False,False
198,39.6,2690269376432,1425.7290662844734,2.0341609842647288e-05,0,True,True
198,39.6,2690269375040,1430.7290662844734,1.9916133736616135e-05,0,False,True
198,39.6,2690269375904,1263.4240703389962,15.858271412121196,1,False,False
198,39.6,2690269376960,1302.4204472655153,16.172023351059565,1,False,False
198,39.6,2690269378256,1344.270231893908,16.60114103411547,1,False,False
198,39.6,2690269376624,1385.8955553065364,17.0882186018298,1,False,False
198,39.6,2690269377584,1429.6139318014486,18.244781088678646,1,False,False
198,39.6,2690269374848,1734.6608627744147,20.523002206115283,0,False,False
198,39.6,2690269377344,1479.4537909401695,20.105535778218215,0,False,False
198,39.6,2690269377296,1531.9528415957702,21.326209506834882,1,False,False
198,39.6,2690269374896,1578.234773386359,20.863856045793888,0,False,False
198,39.6,2690269376816,1809.5065520313528,21.15475881711167,0,False,False
198,39.6,2690269378208,1900.1591451884349,22.005334477520503,0,False,False
198,39.6,2690269377248,1633.58561661294,21.73469848101593,1,False,False
198,39.6,2690269375856,1671.0261873309619,19.798821576405672,0,False,False
198,39.6,2690269378016,1725.6864078586616,19.675137924457125,1,False,False
198,39.6,2690269375712,1785.1867850419417,20.14772132089842,1,False,False
198,39.6,2690269375376,1996.2019657239027,22.444476162487035,0,False,False
198,39.6,2690269377968,1843.9098367438028,20.438853981073525,1,False,False
198,39.6,2690269375184,1917.7974746517866,21.022402763635693,1,False,False
198,39.6,2690269377536,2008.3437744629466,21.695831077305357,1,False,False
199,39.8,2690269374656,308.04190138222714,5.03604327990465e-16,0,True,True
199,39.8,2690269373072,306.5070487589098,3.210452396219134e-16,1,False,True
199,39.8,2690269374704,775.9853168466693,8.072159105290998,1,False,False
199,39.8,2690269374752,743.9500781968558,13.41264064273177,1,False,False
199,39.8,2690269377776,795.9434436671263,1.808395281322515,1,False,False
199,39.8,2690269376192,805.8001625749051,-1.4317238921645878,1,False,False
199,39.8,2690269376000,813.0950460737291,-1.043489075264223,1,False,False
199,39.8,2690269377392,707.5709070786307,14.10127339590976,1,False,False
199,39.8,2690269373600,822.6743756871884,0.20994669027350113,1,False,False
199,39.8,2690269375424,734.865535132128,12.810990433908907,0,False,False
199,39.8,2690269376864,833.8079358160178,0.41103481631461847,1,False,False
199,39.8,2690269377680,767.139970994065,13.384701104818925,0,False,False
199,39.8,2690269377632,800.0924961690885,13.883485439142813,0,False,False
199,39.8,2690269375472,844.2783429669506,0.03711168825068699,1,False,False
199,39.8,2690269377008,854.1711338434848,-0.03603202803282948,1,False,False
199,39.8,2690269375520,833.6167143302583,14.498479008554988,0,False,False
199,39.8,2690269377200,864.1247681793791,-0.00270102976896385,1,False,False
199,39.8,2690269377872,869.8674527699949,15.60831349661917,0,False,False
199,39.8,2690269376144,908.539714285553,17.34224058460582,0,False,False
199,39.8,2690269377920,952.705220265112,19.677779827484493,0,False,False
199,39.8,2690269375136,874.1292896126049,0.0005719930546227864,1,False,False
199,39.8,2690269375808,884.1299231247788,3.050045768905575e-10,1,True,True
199,39.8,2690269375616,990.3973382084102,18.73098685830498,1,False,False
199,39.8,2690269376672,1031.8590350878849,18.670875313883137,0,False,False
199,39.8,2690269376528,1054.7113062355293,13.509111096123132,1,False,False
199,39.8,2690269374992,1101.9064960814856,17.156661023371864,0,False,False
199,39.8,2690269377440,889.1299231247785,2.0420438603582903e-10,1,False,True
199,39.8,2690269376720,1150.1508010378689,17.58248650003999,0,False,False
199,39.8,2690269375328,1192.5723428773608,17.717966688627342,0,False,False
199,39.8,2690269376768,1239.4018982248563,17.90809535923185,0,False,False
199,39.8,2690269375088,1088.6769350737209,11.970971668072565,1,False,False
199,39.8,2690269378160,1287.9924745044032,17.40652260283115,0,False,False
199,39.8,2690269375952,1330.6212037490604,14.826018754224327,0,False,False
199,39.8,2690269375760,1120.1213216624071,13.287591495444207,1,False,False
199,39.8,2690269378064,1366.0617967539797,8.626354945831881,0,False,False
199,39.8,2690269377104,1386.7389530791384,2.1030763858269883,0,False,False
199,39.8,2690269375568,1154.2011579530924,14.312314731475604,1,False,False
199,39.8,2690269376240,1397.1286600275473,-0.7031175994945876,0,False,False
199,39.8,2690269374944,1190.3706963223224,14.997227535968062,1,False,False
199,39.8,2690269377056,1227.2721216010807,15.432182519206997,1,False,False
199,39.8,2690269375232,1405.6555403138439,-0.2915930151924252,0,False,False
199,39.8,2690269377152,1415.6517787726048,0.04132887780855988,0,False,False
199,39.8,2690269376432,1425.729070047827,1.653848219502938e-05,0,True,True
199,39.8,2690269375040,1430.729070047827,1.6192554362451753e-05,0,False,True
199,39.8,2690269375904,1266.5973785613587,15.882961644911989,1,False,False
199,39.8,2690269376960,1305.6564206050914,16.195547257603714,1,False,False
199,39.8,2690269378256,1347.592350577812,16.629746488072353,1,False,False
199,39.8,2690269376624,1389.3167744999294,17.143581879118678,1,False,False
199,39.8,2690269377584,1433.2789791302248,18.482027082929267,1,False,False
199,39.8,2690269374848,1738.7658727025669,20.52913347972702,0,False,False
199,39.8,2690269377344,1483.4847664390747,20.30201501250279,0,False,False
199,39.8,2690269377296,1536.2196718968808,21.349517475029035,1,False,False
199,39.8,2690269374896,1582.4080984610025,20.871874712562253,0,False,False
199,39.8,2690269376816,1813.7377794966242,21.158886974884304,0,False,False
199,39.8,2690269378208,1904.5603358046556,22.007187522573627,0,False,False
199,39.8,2690269377248,1637.9324902079031,21.73343895739091,1,False,False
199,39.8,2690269375856,1674.9867529664652,19.81079030914689,0,False,False
199,39.8,2690269378016,1729.622006110847,19.683682202977273,1,False,False
199,39.8,2690269375712,1789.2167928275703,20.154661246317193,1,False,False
199,39.8,2690269375376,2000.6908609564,22.444476162487035,0,False,False
199,39.8,2690269377968,1847.9979645427647,20.444199053098856,1,False,False
199,39.8,2690269375184,1922.0021674138522,21.025579700829354,1,False,False
199,39.8,2690269377536,2012.6829406784077,21.695831077305357,1,False,False
