step,vehicle_id,x_position,y_position,speed,lane_index
0,1391235665392,265.3874117149077,0.0,17.61575140878839,0
0,1391235664720,276.9724208675476,0.0,16.53324119354533,0
0,1391235664912,288.57889247848294,0.0,18.656538409885652,0
0,1391235665008,298.6162270917135,4.0,15.426451119194645,1
0,1391235666736,311.4662646047301,4.0,17.047287009810525,1
0,1391235665056,322.22152485910266,0.0,18.43685283913487,0
0,1391235666256,334.4489328228827,4.0,17.085522155491056,1
0,1391235664480,347.4165328774624,4.0,20.538026527372743,1
0,1391235664960,357.2501348097762,0.0,16.30078039382228,0
0,1391235664528,368.536066842254,0.0,15.757196614321161,0
0,1391235664864,380.83595158902574,0.0,16.498486082240316,0
0,1391235667264,393.4521696357936,0.0,18.48974578602453,0
0,1391235664288,403.7353018684931,4.0,16.109518244551722,1
0,1391235666928,417.1220443854406,4.0,19.32692577179503,1
0,1391235667360,426.6347273039411,0.0,16.079529376545388,0
0,1391235667552,440.48367426537317,0.0,20.182130500957307,0
0,1391235667456,453.0956834039376,4.0,17.820753099476278,1
0,1391235664192,463.6525835614793,4.0,16.722973638583966,1
0,1391235667216,477.49265385957585,4.0,20.501951129580334,1
0,1391235665632,489.9243136697941,0.0,17.857201186435173,0
0,1391235666160,501.14520920120486,0.0,17.526845565414128,0
0,1391235667600,515.1644600269465,4.0,20.59178827971117,1
0,1391235667648,525.6075971959059,0.0,16.735439257056328,0
0,1391235664768,537.6459150671486,0.0,15.853508856154777,0
0,1391235664336,552.011270086077,0.0,17.80610576884737,0
0,1391235666544,563.2984560903794,4.0,18.558049790853605,1
0,1391235666784,576.0624016308673,0.0,17.773166461596304,0
0,1391235667744,590.3184484507252,4.0,20.37061817614289,1
0,1391235664240,599.2911887134483,0.0,15.181887920543366,0
0,1391235667072,612.849272570101,0.0,17.249214073501985,0
0,1391235667504,627.9476039540363,4.0,17.918161668718597,1
0,1391235666400,640.346719858129,0.0,19.29932317989643,0
0,1391235666448,651.2763395273007,4.0,15.605917862697522,1
0,1391235664624,665.7313149702927,4.0,18.848905057687613,1
0,1391235666976,677.8955197221816,0.0,17.746691347420704,0
0,1391235666688,689.5042034675487,0.0,17.654633306701378,0
0,1391235665968,701.9044919978619,4.0,18.782784491772354,1
0,1391235666112,712.2673927246325,0.0,16.204687876541005,0
0,1391235666640,725.2179400731765,0.0,20.32646904720801,0
0,1391235664384,736.1525164603081,4.0,16.776228648691987,1
0,1391235666064,745.9344960165078,4.0,15.650156770789296,1
0,1391235664576,759.5615142184608,4.0,17.575923963571466,1
0,1391235666880,772.3653736317759,4.0,19.823961422270582,1
0,1391235666304,782.9646108868404,0.0,15.421222471777355,0
0,1391235667312,795.5649397032785,0.0,16.660058984277363,0
0,1391235666208,807.6377255403316,0.0,19.164431906169742,0
0,1391235667792,819.7749987775168,4.0,16.98282981014769,1
0,1391235667840,833.2841073699012,4.0,20.427977740012395,1
0,1391235667888,845.0293834655544,0.0,17.58208106527305,0
0,1391235667936,858.7022417875078,0.0,17.633410715560093,0
0,1391235667984,873.2826774034752,4.0,21.567279224554863,1
0,1391235668032,882.4702380191773,0.0,15.341899187314318,0
0,1391235668080,895.9736290479054,0.0,16.71398308560315,0
0,1391235668128,909.1277588597123,0.0,16.982872526220998,0
0,1391235668176,919.562038736039,0.0,16.040610350100593,0
0,1391235668224,934.2719406638664,0.0,20.814636108858625,0
0,1391235668272,944.6917098595233,4.0,16.898501466488458,1
0,1391235668320,957.9830271266444,4.0,17.528398740857597,1
0,1391235668368,969.7807211641843,4.0,21.08889265847261,1
0,1391235668416,982.8878339025496,0.0,22.657035679554397,0
0,1391235665248,254.6164766190116,4.0,21.118814358871923,1
1,1391235665392,280.2031631236961,0.0,11.615751408788393,0
1,1391235664720,290.81641036181753,0.0,11.468698282639153,0
1,1391235664912,306.205632392994,0.0,16.567443265758225,0
1,1391235665008,311.2629223773837,4.0,9.755096100536555,1
1,1391235666736,325.9623138180404,4.0,12.329487786275255,1
1,1391235665056,339.25768738180125,0.0,15.374155924075813,0
1,1391235666256,349.2048851798319,4.0,13.174073711022018,1
1,1391235664480,367.094341532449,4.0,18.66979450907734,1
1,1391235664960,370.7509152035985,0.0,10.300780393822274,0
1,1391235664528,381.49326345657516,0.0,9.757196614321156,0
1,1391235664864,394.62727034122224,0.0,11.298038467613885,0
1,1391235667264,410.3847234497931,0.0,15.36761612194755,0
1,1391235664288,417.4847188821118,4.0,12.020354466802686,1
1,1391235666928,435.07006736308927,4.0,16.32400868642358,1
1,1391235667360,440.73583733423277,0.0,12.896435345082125,0
1,1391235667552,459.7694109555963,0.0,18.16093492819021,0
1,1391235667456,468.1164365034139,4.0,11.82075309947628,1
1,1391235664192,478.2733644995575,4.0,13.335231863064076,1
1,1391235667216,497.1794767129833,4.0,18.91374732250801,1
1,1391235665632,504.9815148562293,0.0,11.857201186435175,0
1,1391235666160,516.5256426598518,0.0,13.17859016208173,0
1,1391235667600,534.9824562962459,4.0,19.012474579063188,1
1,1391235667648,539.5430364529623,0.0,10.735439257056324,0
1,1391235664768,550.8901298366445,0.0,10.964087872632632,0
1,1391235664336,567.7490818372524,0.0,13.668717301714334,0
1,1391235666544,580.7212664450515,4.0,16.33041180773618,1
1,1391235666784,591.1168855449747,0.0,12.366198727689138,0
1,1391235667744,609.2060742499294,4.0,17.19932306255344,1
1,1391235664240,612.0546839200634,0.0,11.0144665113507,0
1,1391235667072,629.2430368191707,0.0,15.572522821769638,0
1,1391235667504,643.2377999737201,4.0,12.867062796120706,1
1,1391235666400,658.4069381049983,0.0,16.567854889917594,0
1,1391235666448,664.8395187558405,4.0,12.277713954621952,1
1,1391235664624,683.6927006031697,4.0,17.016195910065797,1
1,1391235666976,692.8422110696023,0.0,11.746691347420706,0
1,1391235666688,704.6371203194293,0.0,12.906693894077911,0
1,1391235665968,719.1673644350893,4.0,15.495858902400538,1
1,1391235666112,726.3617897561147,0.0,12.78849098063162,0
1,1391235666640,744.6432748995311,0.0,18.285862737529445,0
1,1391235664384,750.1287451090001,4.0,10.776228648691983,1
1,1391235666064,758.838301306584,4.0,10.205213844702465,1
1,1391235664576,774.508924210246,4.0,12.748708615832015,1
1,1391235666880,791.200407138943,4.0,17.736189369701876,1
1,1391235666304,795.5877714302569,0.0,9.523807122798965,0
1,1391235667312,809.5643405964036,0.0,11.678407288350455,0
1,1391235666208,825.5131561066079,0.0,16.340669532383824,0
1,1391235667792,834.5583197650631,4.0,13.428987714406942,1
1,1391235667840,853.1358780714893,4.0,19.303746083191715,1
1,1391235667888,859.8114645308275,0.0,11.582081065273051,0
1,1391235667936,873.6800903225353,0.0,12.29535134996215,0
1,1391235667984,894.189872421654,4.0,20.058835969626525,1
1,1391235668032,895.0277471661534,0.0,9.583912802727474,0
1,1391235668080,909.8876121335086,0.0,10.713983085603147,0
1,1391235668128,923.3106313859333,0.0,10.982872526220996,0
1,1391235668176,934.1599030340516,0.0,13.929808931170477,0
1,1391235668224,954.7734407380675,0.0,20.245577064376377,0
1,1391235668272,958.7902113260118,4.0,10.957848257790445,1
1,1391235668320,973.1956408778402,4.0,13.829870971596785,1
1,1391235668368,990.8696138226576,4.0,21.08889265847261,1
1,1391235668416,1005.5448695821033,0.0,22.657035679554397,0
1,1391235665248,274.0285030891658,4.0,17.400234277377535,1
2,1391235665392,289.1083182136006,0.0,6.466176061772146,0
2,1391235664720,301.72354060742225,0.0,10.603018817903893,0
2,1391235664912,321.9080220049124,0.0,14.678112246680268,0
2,1391235665008,319.92913435138865,4.0,7.951797185787805,1
2,1391235666736,337.4817026726844,4.0,10.916450292914336,1
2,1391235665056,352.9753665067965,0.0,11.682919639201515,0
2,1391235666256,362.06587799194034,4.0,12.70836261976114,1
2,1391235664480,384.944130085749,4.0,16.956683340126688,1
2,1391235664960,378.28387921232047,0.0,4.758014666386189,0
2,1391235664528,389.49496074607634,0.0,6.913763133643268,0
2,1391235664864,405.1584860551002,0.0,10.03525863747116,0
2,1391235667264,424.80859625583685,0.0,13.538806625538708,0
2,1391235664288,428.8986866617318,4.0,10.85409215428719,1
2,1391235666928,449.81819881868785,4.0,12.919682781217004,1
2,1391235667360,453.3159671604194,0.0,12.313881841522301,0
2,1391235667552,476.70345205688136,0.0,15.400708061902241,0
2,1391235667456,477.4237083530677,4.0,7.508935540681573,1
2,1391235664192,491.43088281340385,4.0,13.153180246845826,1
2,1391235667216,515.6001648435146,4.0,17.92295059866523,1
2,1391235665632,514.2250845690696,0.0,6.995738158359045,0
2,1391235666160,527.9352379753655,0.0,9.464003308262626,0
2,1391235667600,553.3895734810138,4.0,17.750766644346143,1
2,1391235667648,547.6998763976956,0.0,6.076672261334749,0
2,1391235664768,560.9331065695606,0.0,9.273689804597687,0
2,1391235664336,580.0618721806368,0.0,11.005035316315851,0
2,1391235666544,596.2872912796812,4.0,14.754063447426656,1
2,1391235666784,602.1777658297607,0.0,9.989493566820618,0
2,1391235667744,625.0810662718455,4.0,14.496258162399359,1
2,1391235664240,622.7011889770713,0.0,10.470554175457707,0
2,1391235667072,644.1943485602654,0.0,14.223600925634903,0
2,1391235667504,655.0112914162843,4.0,10.89135823074634,1
2,1391235666400,673.4682867925237,0.0,13.287402258152504,0
2,1391235666448,676.8254969650702,4.0,11.811142144195086,1
2,1391235664624,699.8935074701154,4.0,15.217778639492188,1
2,1391235666976,702.110014620249,0.0,7.4086028243629025,0
2,1391235666688,716.562400694148,0.0,11.140176801570366,0
2,1391235665968,732.9677155006711,4.0,11.735954986560953,1
2,1391235666112,738.85249309257,0.0,12.281471551786673,0
2,1391235666640,761.7954000626611,0.0,15.87050934933736,0
2,1391235664384,758.1070830771487,4.0,4.905299546707,1
2,1391235666064,768.0981738752238,4.0,8.670702773689461,1
2,1391235664576,786.7244009942459,4.0,11.92901111855404,1
2,1391235666880,808.1788097043933,4.0,16.242824790055508,1
2,1391235666304,803.8139681721873,0.0,7.3968638953607515,0
2,1391235667312,820.5073423632394,0.0,10.352967944054909,0
2,1391235666208,840.3570802455429,0.0,13.12094010689476,0
2,1391235667792,847.8599901300107,4.0,13.365008096383988,1
2,1391235667840,872.0537611936238,4.0,18.495457994634847,1
2,1391235667888,869.0517388196785,0.0,7.3951046836377055,0
2,1391235667936,884.2163116256177,0.0,8.795961879749475,0
2,1391235667984,913.3894324027508,4.0,18.239037434150827,1
2,1391235668032,902.9690735032517,0.0,6.439698036488895,0
2,1391235668080,918.1475041192584,0.0,6.318629149294425,0
2,1391235668128,932.3232371476324,0.0,8.066352693303461,0
2,1391235668176,948.1914026329614,0.0,14.296696153747428,0
2,1391235668224,974.9153023513396,0.0,20.067550795181855,0
2,1391235668272,968.6059383703782,4.0,9.296126569140306,1
2,1391235668320,987.1091833946313,4.0,14.237636898243668,1
2,1391235668368,1011.9585064811308,4.0,21.08889265847261,1
2,1391235668416,1028.201905261657,0.0,22.657035679554397,0
2,1391235665248,289.7290513319099,4.0,13.914930447587137,1
3,1391235665392,295.14868106420187,0.0,6.003505730704865,0
3,1391235664720,312.2906828029049,0.0,10.538270583393086,0
3,1391235664912,335.5682637967066,0.0,12.431257701465361,0
3,1391235665008,327.77215140821346,4.0,7.87845598452943,1
3,1391235666736,348.2199273355195,4.0,10.65163340811672,1
3,1391235665056,362.9179044548173,0.0,8.142334021516719,0
3,1391235666256,374.8008438842968,4.0,12.788034962913141,1
3,1391235664480,401.1663990268303,4.0,15.393989692377884,1
3,1391235664960,382.23393155082147,0.0,3.567060254838399,0
3,1391235664528,396.25128862461213,0.0,6.796517055184793,0
3,1391235664864,415.1110182921784,0.0,9.955401360719527,0
3,1391235667264,437.81483160280146,0.0,12.486894242127839,0
3,1391235664288,439.3422995382183,4.0,9.994558319420419,1
3,1391235666928,461.4427851364463,4.0,10.396143726977398,1
3,1391235667360,465.4074649011646,0.0,11.799080026776206,0
3,1391235667552,490.73031755375575,0.0,12.505608785690924,0
3,1391235667456,484.90343565147896,4.0,7.783118823326291,1
3,1391235664192,504.75579234981785,4.0,13.56084796575241,1
3,1391235667216,533.1633161197977,4.0,17.17679092470044,1
3,1391235665632,520.4281314229204,0.0,5.58872343496935,0
3,1391235666160,536.0885242227563,0.0,6.921889726634475,0
3,1391235667600,570.6034622804489,4.0,16.610576082178895,1
3,1391235667648,553.3277297199858,0.0,5.4559815254912944,0
3,1391235664768,569.8244946441188,0.0,8.55070389023922,0
3,1391235664336,590.2822519443246,0.0,9.492194792978848,0
3,1391235666544,610.4131311069161,4.0,13.446959841935747,1
3,1391235666784,611.7295073461555,0.0,9.236668087807564,0
3,1391235667744,638.6133311533662,4.0,12.563413458474155,1
3,1391235664240,633.2072201123443,0.0,10.571480547195842,0
3,1391235667072,657.7249436358427,0.0,12.716549197155725,0
3,1391235667504,665.5543746012113,4.0,10.2929417423673,1
3,1391235666400,685.4027907555493,0.0,10.574270456410252,0
3,1391235666448,688.5752617449074,4.0,11.658943823122476,1
3,1391235664624,714.1001806558997,4.0,12.967939692078668,1
3,1391235666976,709.1723452863291,0.0,6.981232485384913,0
3,1391235666688,727.398510364865,0.0,10.621395855784035,0
3,1391235665968,742.9116039032255,4.0,8.125316984086927,1
3,1391235666112,751.0310122627217,0.0,12.058719240643372,0
3,1391235666640,776.6292674144828,0.0,13.711616542686524,0
3,1391235664384,762.1545200147503,4.0,3.8125945014070077,1
3,1391235666064,776.7528724285505,4.0,8.79515504059775,1
3,1391235664576,798.6952628961333,4.0,12.099192227482622,1
3,1391235666880,823.9758800624198,4.0,15.380923807634675,1
3,1391235666304,811.0661437257704,0.0,7.239794597729391,0
3,1391235667312,830.5115321991019,0.0,9.623429192573004,0
3,1391235666208,852.1143235501838,0.0,10.311869024323105,0
3,1391235667792,861.452104149953,4.0,13.88378943929358,1
3,1391235667840,890.1956774891696,4.0,17.74316607620098,1
3,1391235667888,875.6749303115962,0.0,5.956226184873748,0
3,1391235667936,891.8698042084435,0.0,6.528073250526428,0
3,1391235667984,930.8886629250144,4.0,16.72667527182039,1
3,1391235668032,908.63182647589,0.0,5.015003871770809,0
3,1391235668080,923.9509581959663,0.0,5.594006549440313,0
3,1391235668128,940.6565203680444,0.0,8.869367198411972,0
3,1391235668176,962.8513921479833,0.0,15.103585734679559,0
3,1391235668224,994.9713521849098,0.0,20.062820794951023,0
3,1391235668272,978.1347857625478,4.0,9.98463363845733,1
3,1391235668320,1001.8093497692294,4.0,15.260885198627625,1
3,1391235668368,1033.047399139604,4.0,21.08889265847261,1
3,1391235668416,1050.8589409412107,0.0,22.657035679554397,0
3,1391235665248,302.3912828791164,4.0,11.406648376088658,1
4,1391235665392,301.5019820025399,0.0,6.838815135508882,0
4,1391235664720,322.73496585299716,0.0,10.263246128771021,0
4,1391235664912,346.86304116079646,0.0,9.997604839785144,0
4,1391235665008,335.8585585337951,4.0,8.382817698871357,1
4,1391235666736,358.92476955083305,4.0,10.805129767425276,1
4,1391235665056,369.87161062991146,0.0,5.822468781900871,0
4,1391235666256,387.61946136396034,4.0,12.82169868176828,1
4,1391235664480,415.84331539140055,4.0,13.860412081357286,1
4,1391235664960,385.98060962234734,0.0,4.107685602467139,0
4,1391235664528,403.31393773482154,0.0,7.438194458941373,0
4,1391235664864,425.1599038148421,0.0,10.174315001156018,0
4,1391235667264,449.9456156979454,0.0,11.75106794737336,0
4,1391235664288,448.98642166863453,4.0,9.276819667506398,1
4,1391235666928,471.1747297503254,4.0,9.180377592425533,1
4,1391235667360,476.8605726723916,0.0,11.000546892788595,0
4,1391235667552,502.0170732906621,0.0,9.96837679568552,0
4,1391235667456,493.24742767423845,4.0,9.058041067325034,1
4,1391235664192,518.5434739291975,4.0,14.038139081254528,1
4,1391235667216,550.0245654586345,4.0,16.503321190101943,1
4,1391235665632,525.7559883699964,0.0,5.11185068651496,0
4,1391235666160,542.3425378486443,0.0,5.6866139588609785,0
4,1391235667600,586.6938861324159,4.0,15.496811825055044,1
4,1391235667648,558.9481633832319,0.0,5.891612383812182,0
4,1391235664768,578.1935646217593,0.0,8.208272417081362,0
4,1391235664336,599.3829015968266,0.0,8.767268098695013,0
4,1391235666544,623.3310392819359,4.0,12.350031798030006,1
4,1391235666784,620.9118325743716,0.0,9.1980995776132,0
4,1391235667744,650.5415684219344,4.0,11.309268780818396,1
4,1391235664240,643.8157540026059,0.0,10.615107227684764,0
4,1391235667072,669.7229217101351,0.0,11.193057091153678,0
4,1391235667504,675.7874650604284,4.0,10.207119419576403,1
4,1391235666400,695.1132019810664,0.0,8.899825826024358,0
4,1391235666448,700.0567474503168,4.0,11.200204006805606,1
4,1391235664624,725.908365961289,4.0,10.485443245707389,1
4,1391235666976,716.3865304025733,0.0,7.567630706273028,0
4,1391235666688,737.9792516816849,0.0,10.579182189879614,0
4,1391235665968,749.911357564591,4.0,5.974740265280782,1
4,1391235666112,762.9496787402319,0.0,11.728373276975153,0
4,1391235666640,789.4739219188175,0.0,11.921232763821212,0
4,1391235664384,766.3659042512218,4.0,4.820707741299621,1
4,1391235666064,785.8467806814571,4.0,9.493178562399754,1
4,1391235664576,810.9860348197985,4.0,12.530992301560563,1
4,1391235666880,839.1268971193009,4.0,14.949016168156666,1
4,1391235666304,818.4298757834331,0.0,7.527256238199645,0
4,1391235667312,839.7856369450648,0.0,8.850206952948254,0
4,1391235666208,861.3544213533334,0.0,8.119102977243253,0
4,1391235667792,875.5973416979448,4.0,14.42811869724243,1
4,1391235667840,907.5999642883598,4.0,17.02478747068694,1
4,1391235667888,881.2616253821561,0.0,5.229122210426873,0
4,1391235667936,897.6917398384649,0.0,5.157312195236492,0
4,1391235667984,947.0736057736605,4.0,15.644519077923741,1
4,1391235668032,913.4197628552937,0.0,4.685715790107358,0
4,1391235668080,929.7972429920924,0.0,6.2939585944160745,0
4,1391235668128,950.2057208789453,0.0,10.378977126979674,0
4,1391235668176,978.3552177923124,0.0,15.953005388984176,0
4,1391235668224,1015.063845775334,0.0,20.13488841682155,0
4,1391235668272,988.7133269222422,4.0,11.314592503281098,1
4,1391235668320,1017.567568634185,4.0,16.31146507644318,1
4,1391235668368,1054.1362917980773,4.0,21.08889265847261,1
4,1391235668416,1073.5159766207644,0.0,22.657035679554397,0
4,1391235665248,312.9907241159607,4.0,9.831462198827863,1
5,1391235665392,308.8090834926267,0.0,7.8191295044506335,0
5,1391235664720,332.69014613601746,0.0,9.51633837088912,0
5,1391235664912,355.78845332507353,0.0,7.770269263126086,0
5,1391235665008,344.5614695583962,4.0,9.083760631264704,1
5,1391235666736,369.8497275519723,4.0,11.062795317837727,1
5,1391235665056,375.08523155390424,0.0,4.718832764810363,0
5,1391235666256,400.36867717219786,4.0,12.616935951768905,1
5,1391235664480,429.0042924170688,4.0,12.379915636638216,1
5,1391235664960,390.5751358903289,0.0,5.207249202735467,0
5,1391235664528,411.14853669645026,0.0,8.300032973687587,0
5,1391235664864,435.44212085012737,0.0,10.387963551635746,0
5,1391235667264,461.3770524519816,0.0,11.056019066919669,0
5,1391235664288,458.0174709203708,4.0,8.80327402705499,1
5,1391235666928,480.1859206049,4.0,8.966219156790661,1
5,1391235667360,487.3702005854326,0.0,9.90204451545476,0
5,1391235667552,510.97779987044123,0.0,7.901819835041834,0
5,1391235667456,502.98511615149,4.0,10.514928348619415,1
5,1391235664192,532.7658015808248,4.0,14.404277873292962,1
5,1391235667216,566.2078129790582,4.0,15.808148186400649,1
5,1391235665632,530.7738993772608,0.0,4.94945528966145,0
5,1391235666160,547.8172354944717,0.0,5.361997634832866,0
5,1391235667600,601.6723161592694,4.0,14.388046418222434,1
5,1391235667648,565.1476054850903,0.0,6.561248425233991,0
5,1391235664768,586.3273275268978,0.0,8.080391332766022,0
5,1391235664336,608.0218878108398,0.0,8.56546766663388,0
5,1391235666544,635.2493569004034,4.0,11.462417711198503,1
5,1391235666784,630.2034915847976,0.0,9.416050803426149,0
5,1391235667744,661.468288008551,4.0,10.561952168415335,1
5,1391235664240,654.3582204851555,0.0,10.41187723352241,0
5,1391235667072,680.2705372762605,0.0,9.860393794919595,0
5,1391235667504,685.987695850655,4.0,10.172004724603438,1
5,1391235666400,703.5858083701564,0.0,8.126226496030844,0
5,1391235666448,710.865868933923,4.0,10.284518305354808,1
5,1391235664624,735.3127236529969,4.0,8.252045750798672,1
5,1391235666976,724.3448809036486,0.0,8.42060601856862,0
5,1391235666688,748.592229249825,0.0,10.650952438754425,0
5,1391235665968,755.4099291372369,4.0,5.167505965461005,1
5,1391235666112,774.4560124831345,0.0,11.22268482514168,0
5,1391235666640,800.704224923821,0.0,10.505073239039499,0
5,1391235664384,771.8717304735951,4.0,6.331582644886483,1
5,1391235666064,795.7483471121494,4.0,10.382742222955759,1
5,1391235664576,823.7433626397707,4.0,13.016372730005735,1
5,1391235666880,853.9833160901406,4.0,14.786602457345248,1
5,1391235666304,826.0834565411714,0.0,7.763163568367574,0
5,1391235667312,848.2167761845623,0.0,7.926956995582121,0
5,1391235666208,868.6636640431725,0.0,6.475304183042514,0
5,1391235667792,890.2298323110227,4.0,14.836352057258406,1
5,1391235667840,924.3124753730692,4.0,16.371410935436717,1
5,1391235667888,886.2518851740859,0.0,4.748021823419659,0
5,1391235667936,902.4977955180827,0.0,4.526307976322645,0
5,1391235667984,962.3829999437879,4.0,15.003653616678472,1
5,1391235668032,918.2492966065155,0.0,5.105413255099001,0
5,1391235668080,936.6785688582102,0.0,7.626832350072792,0
5,1391235668128,961.3474170014704,0.0,12.010138563338321,0
5,1391235668176,994.6739033508752,0.0,16.716081377641643,0
5,1391235668224,1035.2452663558422,0.0,20.23750631724935,0
5,1391235668272,1000.7209440646228,4.0,12.804161667735421,1
5,1391235668320,1034.3214546428208,4.0,17.230228731135412,1
5,1391235668368,1075.2251844565506,4.0,21.08889265847261,1
5,1391235668416,1096.173012300318,0.0,22.657035679554397,0
5,1391235665248,322.3970218669569,4.0,9.045359119795966,1
6,1391235665392,316.9798394315909,0.0,8.489565410496244,0
6,1391235664720,341.69261976964725,0.0,8.362086365389944,0
6,1391235664912,362.71671409290667,0.0,6.084510006476752,0
6,1391235665008,353.9820413777436,4.0,9.79620305219812,1
6,1391235666736,381.0157740396305,4.0,11.265622526043305,1
6,1391235665056,379.682871743371,0.0,4.609638037408971,0
6,1391235666256,412.7839909034946,4.0,12.140201947143225,1
6,1391235664480,440.75458230505046,4.0,11.075569710414669,1
6,1391235664960,396.3760582595691,0.0,6.492661836837526,0
6,1391235664528,419.8468304769516,0.0,9.132538228671047,0
6,1391235664864,445.87200169155227,0.0,10.438785711054818,0
6,1391235667264,472.0679144308502,0.0,10.244816794820625,0
6,1391235664288,466.7257534313695,4.0,8.663584005365712,1
6,1391235666928,489.32341352420207,4.0,9.425044229585703,1
6,1391235667360,496.6810347336777,0.0,8.617234902239849,0
6,1391235667552,518.12739891308,0.0,6.394446007661912,0
6,1391235667456,514.1487587184042,4.0,11.871612637140586,1
6,1391235664192,547.2710222859137,4.0,14.583845726918648,1
6,1391235667216,581.66647784782,4.0,15.04546095519989,1
6,1391235665632,535.7250178514761,0.0,4.987465914458624,0
6,1391235666160,553.259293417101,0.0,5.609128975823454,0
6,1391235667600,615.5528931452404,4.0,13.309936276530571,1
6,1391235667648,572.0162183824664,0.0,7.204115232552133,0
6,1391235664768,594.4111730968119,0.0,8.113683354369748,0
6,1391235664336,616.6211298584016,0.0,8.676858172377125,0
6,1391235666544,646.3768056001106,4.0,10.77892585144611,1
6,1391235666784,639.7253691964959,0.0,9.624868037088978,0
6,1391235667744,671.8057938908336,4.0,10.115474291501444,1
6,1391235664240,664.5810723458624,0.0,9.97319041688135,0
6,1391235667072,689.6391249622845,0.0,8.878864739018066,0
6,1391235667504,696.0652323996064,4.0,9.91462204865784,1
6,1391235666400,711.6211348275231,0.0,8.029846812223832,0
6,1391235666448,720.5841925734658,4.0,9.033722926906709,1
6,1391235664624,742.7517396986102,4.0,6.643874638075663,1
6,1391235666976,733.1643516256963,0.0,9.255884664597733,0
6,1391235666688,759.252272604541,0.0,10.646140653888258,0
6,1391235665968,760.6075348062271,4.0,5.3810345893462035,1
6,1391235666112,785.3862554049791,0.0,10.576520139856193,0
6,1391235666640,810.6776636535553,0.0,9.416456337515857,0
6,1391235664384,778.9609721479342,4.0,7.957166715790942,1
6,1391235666064,806.5564863453892,4.0,11.286988375181036,1
6,1391235664576,836.9787032829687,4.0,13.477599304226972,1
6,1391235666880,868.7554789445282,4.0,14.77366808583207,1
6,1391235666304,833.8559598826445,0.0,7.723426762042341,0
6,1391235667312,855.6711917034479,0.0,6.906597731377749,0
6,1391235666208,874.5604815473587,0.0,5.31680430862433,0
6,1391235667792,905.1918379082016,4.0,15.07717621076743,1
6,1391235667840,940.4211336365564,4.0,15.833553625828301,1
6,1391235667888,890.842140892563,0.0,4.445556491849855,0
6,1391235667936,906.9772213561394,0.0,4.5294820248553584,0
6,1391235667984,977.2476214963345,4.0,14.773206593104886,1
6,1391235668032,923.7612523475292,0.0,6.054097500685518,0
6,1391235668080,945.0457454383094,0.0,9.24269729656282,0
6,1391235668128,974.0863797268004,0.0,13.542295427770725,0
6,1391235668176,1011.6988165131688,0.0,17.355174194570242,0
6,1391235668224,1055.534310116689,0.0,20.348162013859703,0
6,1391235668272,1014.203833541564,4.0,14.235574838197177,1
6,1391235668320,1051.9145325590018,4.0,17.976926944086514,1
6,1391235668368,1096.3140771150238,4.0,21.08889265847261,1
6,1391235668416,1118.8300479798718,0.0,22.657035679554397,0
6,1391235665248,331.3158756101563,4.0,8.863938900740994,1
7,1391235665392,325.573172354003,0.0,8.601443583674248,0
7,1391235664720,349.44827452793635,0.0,7.066773868792015,0
7,1391235664912,368.2900362848149,0.0,5.123932804818814,0
7,1391235665008,364.0768841085153,4.0,10.412147059746331,1
7,1391235666736,392.3284635313503,4.0,11.340831523476735,1
7,1391235665056,384.51908674610553,0.0,5.190864182088838,0
7,1391235666256,424.6207552322778,4.0,11.466188523157966,1
7,1391235664480,451.3396430661755,4.0,10.092584009103405,1
7,1391235664960,403.47264302765956,0.0,7.772646371421298,0
7,1391235664528,429.3019326740623,0.0,9.77974607173543,0
7,1391235664864,456.23827127833727,0.0,10.231974724840157,0
7,1391235667264,481.86889239426415,0.0,9.264915443848349,0
7,1391235664288,475.4619675594926,4.0,8.880392243128373,1
7,1391235666928,499.11893666982365,4.0,10.263642485798682,1
7,1391235667360,504.69023008869664,0.0,7.332342556050101,0
7,1391235667552,524.0445291347454,0.0,5.473651674151916,0
7,1391235667456,526.5633758048863,4.0,12.982856222709664,1
7,1391235664192,561.8567614314977,4.0,14.549031774341165,1
7,1391235667216,596.3267283207626,4.0,14.207915909419741,1
7,1391235665632,540.8056199041372,0.0,5.222135629167084,0
7,1391235666160,559.1104602754428,0.0,6.163142000482612,0
7,1391235667600,628.3870725952421,4.0,12.307994939136938,1
7,1391235667648,579.4792030861304,0.0,7.737512494865227,0
7,1391235664768,602.591482641098,0.0,8.276158957013331,0
7,1391235664336,625.4090837582457,0.0,8.925486734472011,0
7,1391235666544,656.903792007095,4.0,10.263749138066505,1
7,1391235666784,649.3921875621755,0.0,9.68085963147357,0
7,1391235667744,681.7567158208077,4.0,9.762590926265142,1
7,1391235664240,674.2981967415178,0.0,9.41718602484764,0
7,1391235667072,698.2233405124422,0.0,8.32483631243549,0
7,1391235667504,705.7317266995104,4.0,9.323384220568785,1
7,1391235666400,719.7813572387951,0.0,8.364730752550638,0
7,1391235666448,729.000977249911,4.0,7.731425196434803,1
7,1391235664624,748.9507651262968,4.0,5.836037060947129,1
7,1391235666976,742.7483235149729,0.0,9.918224523375264,0
7,1391235666688,769.8338621357356,0.0,10.474313268419811,0
7,1391235665968,766.3572649199031,4.0,6.260591706186678,1
7,1391235666112,795.6286071227119,0.0,9.85147142040656,0
7,1391235666640,819.6777487973643,0.0,8.553287011289978,0
7,1391235664384,787.6603909263846,4.0,9.527359923788703,1
7,1391235666064,818.2390643752497,4.0,12.116531542456348,1
7,1391235664576,850.6508738241387,4.0,13.883160961416852,1
7,1391235666880,883.5510286725505,4.0,14.826866645249963,1
7,1391235666304,841.4274626290564,0.0,7.3376822878222185,0
7,1391235667312,862.1046235895516,0.0,5.908583674245148,0
7,1391235666208,879.5039226495159,0.0,4.589102322965349,0
7,1391235667792,920.3264863425418,4.0,15.18045089951763,1
7,1391235667840,956.0644785456506,4.0,15.457850509601563,1
7,1391235667888,895.2359344896041,0.0,4.385104657291391,0
7,1391235667936,911.7153224178434,0.0,5.060217890041556,0
7,1391235667984,992.0453568991061,4.0,14.876138001330496,1
7,1391235668032,930.4006822154645,0.0,7.357652390922538,0
7,1391235668080,955.0792662007251,0.0,10.937108013814258,0
7,1391235668128,988.2673413413622,0.0,14.868912414973943,0
7,1391235668176,1029.3046992310926,0.0,17.871951670051985,0
7,1391235668224,1075.9333743198586,0.0,20.456239197698583,0
7,1391235668272,1029.0438946832314,4.0,15.493853364679298,1
7,1391235668320,1070.1760151120575,4.0,18.559619371294843,1
7,1391235668368,1117.402969773497,4.0,21.08889265847261,1
7,1391235668416,1141.4870836594255,0.0,22.657035679554397,0
7,1391235665248,340.2586298940817,4.0,9.087676611141298,1
8,1391235665392,333.99380875531017,0.0,8.119420819212815,0
8,1391235664720,355.96727778413367,0.0,5.950150784059203,0
8,1391235664912,373.2495976602597,0.0,4.89312810973035,0
8,1391235665008,374.71692163814475,4.0,10.868593923180955,1
8,1391235666736,403.64862899050274,4.0,11.271792462153874,1
8,1391235665056,390.1472596246545,0.0,6.1780684023466375,0
8,1391235666256,435.74477701707593,4.0,10.73776582237551,1
8,1391235664480,461.13166408130405,4.0,9.526637466694611,1
8,1391235664960,411.7925677145286,0.0,8.90872754754142,0
8,1391235664528,439.2737364708315,0.0,10.13094156285331,0
8,1391235664864,466.25879557224624,0.0,9.725151743772456,0
8,1391235667264,490.6257785836837,0.0,8.16390612042146,0
8,1391235664288,484.56571860130714,4.0,9.406880015869621,1
8,1391235666928,509.8380947314263,4.0,11.248397148353774,1
8,1391235667360,511.49009686960665,0.0,6.24061632386131,0
8,1391235667552,529.2976697398897,0.0,5.088257179425585,0
8,1391235667456,539.9427508936733,4.0,13.77126879883873,1
8,1391235664192,576.3065558153623,4.0,14.299262517261445,1
8,1391235667216,610.1222585829934,4.0,13.318176149900975,1
8,1391235665632,546.2101781249478,0.0,5.643444739065229,0
8,1391235666160,565.5832102527987,0.0,6.834530991313366,0
8,1391235667600,640.2701055884861,4.0,11.419396238490894,1
8,1391235667648,587.4218342296055,0.0,8.159402655250148,0
8,1391235664768,610.9787569881904,0.0,8.524789660511981,0
8,1391235664336,634.4537305840294,0.0,9.169764555502551,0
8,1391235666544,666.9685747435219,4.0,9.847369187608919,1
8,1391235666784,659.0245914921329,0.0,9.544796854460136,0
8,1391235667744,691.3313379270103,4.0,9.33578375633186,1
8,1391235664240,683.4634289202648,0.0,8.896365518374326,0
8,1391235667072,706.4501439225683,0.0,8.181839285368993,0
8,1391235667504,714.6673624250211,4.0,8.457949463540416,1
8,1391235666400,728.3897062372945,0.0,8.905344537144746,0
8,1391235666448,736.2119802913995,4.0,6.685014943284963,1
8,1391235664624,754.7107134760369,4.0,5.798311063947536,1
8,1391235666976,752.8760695076115,0.0,10.314429192092833,0
8,1391235666688,780.1547367593062,0.0,10.112407548614472,0
8,1391235665968,773.1808845313909,4.0,7.511595964111897,1
8,1391235666112,805.1282691709671,0.0,9.0944817291279,0
8,1391235666640,827.8725386478318,0.0,7.793522575376804,0
8,1391235664384,797.8632856216576,4.0,10.940220697740754,1
8,1391235666064,830.69904436514,4.0,12.830082532501597,1
8,1391235664576,864.6975808928871,4.0,14.221230893901916,1
8,1391235666880,898.4102632504023,4.0,14.89638421370815,1
8,1391235666304,848.4691678206885,0.0,6.663264989396052,0
8,1391235667312,867.601032087115,0.0,5.062951190726103,0
8,1391235666208,883.903915373726,0.0,4.250022305865522,0
8,1391235667792,935.521321884806,4.0,15.20220396630314,1
8,1391235667840,971.4181163133661,4.0,15.267991471427434,1
8,1391235667888,899.7114325041572,0.0,4.63874750935386,0
8,1391235667936,917.1862298782571,0.0,6.003139712411343,0
8,1391235667984,1007.0617452647175,4.0,15.207631830675284,1
8,1391235668032,938.4517814012528,0.0,8.868394335312738,0
8,1391235668080,966.7868803199627,0.0,12.565940422552584,0
8,1391235668128,1003.6612459219452,0.0,15.949480253154496,0
8,1391235668176,1047.3767082921995,0.0,18.283900804056927,0
8,1391235668224,1096.4374059694399,0.0,20.557182308094717,0
8,1391235668272,1045.0400414531853,4.0,16.529098758537067,1
8,1391235668320,1088.9536346740838,4.0,19.00511382102763,1
8,1391235668368,1138.4918624319703,4.0,21.08889265847261,1
8,1391235668416,1164.1441193389792,0.0,22.657035679554397,0
8,1391235665248,349.54279027742353,4.0,9.533719173529006,1
9,1391235665392,341.724803834755,0.0,7.245802896884045,0
9,1391235664720,361.5500637876453,0.0,5.25042332081586,0
9,1391235664912,378.2732906766444,0.0,5.2643311004411375,0
9,1391235665008,385.7269657743643,4.0,11.13770651908437,1
9,1391235666736,414.83944735392026,4.0,11.08000573982881,1
9,1391235665056,396.8623405350463,0.0,7.342815990122247,0
9,1391235666256,446.17639632281737,4.0,10.112849035060691,1
9,1391235664480,470.5611824723233,4.0,9.392056848839507,1
9,1391235664960,421.1349827781448,0.0,9.78145398086837,0
9,1391235664528,449.42943449984756,0.0,10.115025472725106,0
9,1391235664864,475.63788924490626,0.0,8.940173701084895,0
9,1391235667264,498.27038823363523,0.0,7.064832989962104,0
9,1391235664288,494.3062409600301,4.0,10.150911717442069,1
9,1391235666928,521.5408402167358,4.0,12.204274860781025,1
9,1391235667360,517.345630849487,0.0,5.482849940286366,0
9,1391235667552,534.3772590166961,0.0,5.136401391205279,0
9,1391235667456,553.9475509341113,4.0,14.209248197313741,1
9,1391235664192,590.4126633213458,4.0,13.852936508518935,1
9,1391235667216,623.0185403392092,4.0,12.415591826358327,1
9,1391235665632,552.1080181087551,0.0,6.208904038410077,0
9,1391235666160,572.7323576366898,0.0,7.499886690175448,0
9,1391235667600,651.322132711731,4.0,10.652623990488001,1
9,1391235667648,595.7448761832848,0.0,8.497950824779874,0
9,1391235664768,619.6329210002419,0.0,8.80126301368145,0
9,1391235664336,643.7011928855659,0.0,9.31261587972501,0
9,1391235666544,676.6296474738633,4.0,9.442552875385294,1
9,1391235666784,668.447186447424,0.0,9.265513506220264,0
9,1391235667744,700.4076929816997,4.0,8.750093051990895,1
9,1391235664240,692.1746919437654,0.0,8.536179647278116,0
9,1391235667072,714.6943034103336,0.0,8.36254417353869,0
9,1391235667504,722.6811050905346,4.0,7.513529729195975,1
9,1391235666400,737.560960444309,0.0,9.463909189471996,0
9,1391235666448,742.5831980169991,4.0,6.1066516856678,1
9,1391235664624,760.734053490897,4.0,6.371788447392488,1
9,1391235666976,763.2570005956885,0.0,10.40052421894889,0
9,1391235666688,790.0309201767199,0.0,9.578612355693622,0
9,1391235665968,781.3430300060093,4.0,8.917570387096278,1
9,1391235666112,813.864356599512,0.0,8.324521827523709,0
9,1391235666640,835.3177695231777,0.0,7.043907467089218,0
9,1391235664384,809.3801427709303,4.0,12.133328069808094,1
9,1391235666064,843.8130373503776,4.0,13.41584506618999,1
9,1391235664576,879.0500236576338,4.0,14.490486032958595,1
9,1391235666880,913.3372241666639,4.0,14.960182338452396,1
9,1391235666304,854.7567436316582,0.0,5.849724118391977,0
9,1391235667312,872.3645857713952,0.0,4.473997900114492,0
9,1391235666208,888.1346132373877,0.0,4.270370517403454,0
9,1391235667792,950.7226770523722,4.0,15.20096808631546,1
9,1391235667840,986.6675236275577,4.0,15.258136879165665,1
9,1391235667888,904.5991113007992,0.0,5.231499179423087,0
9,1391235667936,923.7478804173563,0.0,7.242689208778257,0
9,1391235667984,1022.4758214229144,4.0,15.663992938651251,1
9,1391235668032,948.0596279103258,0.0,10.455610908672345,0
9,1391235668080,980.0506920911051,0.0,14.023821890384957,0
9,1391235668128,1020.0218349500807,0.0,16.790232404702685,0
9,1391235668176,1065.8199328921335,0.0,18.612292553366238,0
9,1391235668224,1117.0383946219815,0.0,20.649481735614216,0
9,1391235668272,1061.9651592663652,4.0,17.33962168455155,1
9,1391235668320,1108.124473561637,4.0,19.343828993111075,1
9,1391235668368,1159.5807550904435,4.0,21.08889265847261,1
9,1391235668416,1186.8011550185329,0.0,22.657035679554397,0
9,1391235665248,359.3176462665125,4.0,10.051979878234759,1
10,1391235665392,347.5342053942106,2.763552868269297,6.910506252549307,1
10,1391235664720,366.6706936251452,0.0,5.064345196875366,0
10,1391235664912,383.8795586034234,0.0,6.0547583013872055,0
10,1391235665008,396.91857805224436,4.0,11.222202441079526,1
10,1391235666736,425.7987162729933,4.0,10.813324894368249,1
10,1391235665056,404.7523192821544,0.0,8.49858188840573,0
10,1391235666256,456.0809866692751,4.0,9.714458901295783,1
10,1391235664480,480.03796628910277,4.0,9.632453202908124,1
10,1391235664960,431.1871374616989,0.0,10.289056232162585,0
10,1391235664528,459.38779550947834,0.0,9.712424709334911,0
10,1391235664864,484.13513025988806,0.0,7.969939017067112,0
10,1391235667264,504.87461817674927,0.0,6.117332169412784,0
10,1391235664288,504.85017405347264,4.0,11.002216924939416,1
10,1391235666928,534.1363606905625,4.0,13.006984900373533,1
10,1391235667360,522.6254248174529,0.0,5.118250189381352,0
10,1391235667552,539.6624463232201,0.0,5.501336000987469,0
10,1391235667456,568.2292628538787,4.0,14.306323806729242,1
10,1391235664192,603.9928662277591,4.0,13.242987216232228,1
10,1391235667216,635.0216773745108,4.0,11.539240854180438,1
10,1391235665632,558.6143922043469,0.0,6.854400765171995,0
10,1391235666160,580.5153048471894,0.0,8.089146779644175,0
10,1391235667600,661.6559436907352,4.0,9.983035911931122,1
10,1391235667648,604.3778974850379,0.0,8.778337784538,0
10,1391235664768,628.5521032504149,0.0,9.042426296266104,0
10,1391235664336,653.0259208119338,0.0,9.312986878837664,0
10,1391235666544,685.8608106348095,4.0,8.97335400521711,1
10,1391235666784,677.5614735076831,0.0,8.943902435853312,0
10,1391235667744,708.8288505099225,4.0,8.029357243912347,1
10,1391235664240,700.627827329393,0.0,8.399617081826618,0
10,1391235667072,723.2231429664483,0.0,8.742304002606696,0
10,1391235667504,729.80559874156,4.0,6.7271937929496435,1
10,1391235666400,747.2408867292054,0.0,9.893013185142353,0
10,1391235666448,748.6270522253288,4.0,6.066501429643084,1
10,1391235664624,767.540823726267,4.0,7.360890999970362,1
10,1391235666976,773.5779944829492,0.0,10.177450628583262,0
10,1391235666688,799.3067892062801,0.0,8.909367332537503,0
10,1391235665968,790.9209290869447,4.0,10.32054272178435,1
10,1391235666112,821.8248298428325,0.0,7.541969242412551,0
10,1391235666640,842.0033058716036,0.0,6.273593209898501,0
10,1391235664384,821.9762180434984,4.0,13.08105029212119,1
10,1391235666064,857.454918232881,4.0,13.87969226344004,1
10,1391235664576,893.6416257521056,4.0,14.696842897568775,1
10,1391235666880,928.3238287529682,4.0,15.015913376484946,1
10,1391235666304,860.2363922669199,0.0,5.080167808058945,0
10,1391235667312,876.6845974086492,0.0,4.203668350244469,0
10,1391235666208,892.5440687155992,0.0,4.625517020013365,0
10,1391235667792,965.9305622210027,4.0,15.223033104742653,1
10,1391235667840,1001.9804062015393,4.0,15.398661785011166,1
10,1391235667888,910.2290473243581,0.0,6.135995287278228,0
10,1391235667936,931.6449856471801,0.0,8.668696346160361,0
10,1391235667984,1038.3716931059394,4.0,16.162588689246434,1
10,1391235668032,959.2445107420424,0.0,12.001299270451527,0
10,1391235668080,994.6660841426367,0.0,15.246509005587454,0
10,1391235668128,1037.1236905349097,0.0,17.425269668948633,0
10,1391235668176,1084.5601733016251,0.0,18.876608142545127,0
10,1391235668224,1137.7275970794553,0.0,20.733094504030884,0
10,1391235668272,1079.6060975346215,4.0,17.953874347276177,1
10,1391235668320,1127.594798065457,4.0,19.602813298399056,1
10,1391235668368,1180.6696477489168,4.0,21.08889265847261,1
10,1391235668416,1209.4581906980866,0.0,22.657035679554397,0
10,1391235665248,369.5993244538056,4.0,10.528783535979606,1
11,1391235665392,354.9139094431983,3.6618326137818173,8.09254526497412,1
11,1391235664720,371.83750804088663,0.0,5.362150682496073,0
11,1391235664912,390.40038807122704,0.0,7.079407843529122,0
11,1391235665008,408.1187602283254,4.0,11.151287457509119,1
11,1391235666736,436.48064904320546,4.0,10.53608266976631,1
11,1391235665056,413.7301483602299,0.0,9.480995130475776,0
11,1391235666256,465.71902567331324,4.0,9.603479777503008,1
11,1391235664480,489.89368827262564,4.0,10.150452763804465,1
11,1391235664960,441.5480193859359,0.0,10.362324149844966,0
11,1391235664528,468.7783902048586,0.0,8.970946998000572,0
11,1391235664864,491.6306990537589,0.0,6.961117075684694,0
11,1391235667264,510.65165705268197,0.0,5.444974525760915,0
11,1391235664288,516.2533380330223,4.0,11.85211864134974,1
11,1391235666928,547.4308784290478,4.0,13.576980668009712,1
11,1391235667360,527.7201611637295,0.0,5.129970864813962,0
11,1391235667552,545.4174917279437,0.0,6.072586292118726,0
11,1391235667456,582.4611657137934,4.0,14.096097981587548,1
11,1391235664192,616.9028602978356,4.0,12.511975804290733,1
11,1391235667216,646.1709524582494,4.0,10.713674678887392,1
11,1391235665632,565.7773482979321,0.0,7.512118558100472,0
11,1391235666160,588.8389661600829,0.0,8.571546121256393,0
11,1391235667600,671.3483796230795,4.0,9.365184586443064,1
11,1391235667648,613.2676961604836,0.0,9.007650584792376,0
11,1391235664768,637.6752531714498,0.0,9.196687512592963,0
11,1391235664336,662.2889580120456,0.0,9.188056774188196,0
11,1391235666544,694.5777457269451,4.0,8.407226835410235,1
11,1391235666784,686.3757883894621,0.0,8.685307337709895,0
11,1391235667744,716.50898080254,4.0,7.291905478386943,1
11,1391235664240,709.0494958171523,0.0,8.482120731468322,0
11,1391235667072,732.1729187756437,0.0,9.186619569774606,0
11,1391235667504,736.2917145779884,4.0,6.282058807339135,1
11,1391235666400,757.2473892993363,0.0,10.087792666054717,0
11,1391235666448,754.8669243834908,4.0,6.516330776072787,1
11,1391235664624,775.4604795816282,4.0,8.58580647981264,1
11,1391235666976,783.5446530206472,0.0,9.682153218514953,0
11,1391235666688,807.8655777179597,0.0,8.14467466054895,0
11,1391235665968,801.8548024464427,4.0,11.606005886210589,1
11,1391235666112,828.9971899391854,0.0,6.749366377593218,0
11,1391235666640,847.920897707002,0.0,5.520348922763404,0
11,1391235664384,835.4074829604014,4.0,13.791668510001783,1
11,1391235666064,871.509396467101,4.0,14.236933605751624,1
11,1391235664576,908.4144175705784,4.0,14.85167608796556,1
11,1391235666880,943.3654754125882,4.0,15.07222521835634,1
11,1391235666304,865.0298828139757,0.0,4.51279944828758,0
11,1391235667312,880.8919623356891,0.0,4.271323939004807,0
11,1391235666208,897.4534165191217,0.0,5.284233862466402,0
11,1391235667792,981.1828198401915,4.0,15.29610640001003,1
11,1391235667840,1017.4881178235307,4.0,15.647686699435331,1
11,1391235667888,916.8860786625559,0.0,7.290209517682662,0
11,1391235667936,941.0147738144025,0.0,10.176585616765164,0
11,1391235667984,1054.7635966947134,4.0,16.648269442851962,1
11,1391235668032,971.9163257818916,0.0,13.405654336900552,0
11,1391235668080,1010.3852613284001,0.0,16.214828769899093,0
11,1391235668128,1054.78149727802,0.0,17.898796164907544,0
11,1391235668176,1103.541049412387,0.0,19.092638515807433,0
11,1391235668224,1158.496576053189,0.0,20.808623515507744,0
11,1391235668272,1097.7851496761887,4.0,18.412427499740307,1
11,1391235668320,1147.2953689239982,4.0,19.803517667463648,1
11,1391235668368,1201.75854040739,4.0,21.08889265847261,1
11,1391235668416,1232.1152263776403,0.0,22.657035679554397,0
11,1391235665248,380.30747415373133,4.0,10.887441580819614,1
12,1391235665392,363.57074919812135,3.918737556510426,9.286578559537162,1
12,1391235664720,377.48920760632126,0.0,6.038244145581895,0
12,1391235664912,397.9886202158169,0.0,8.16610298090957,0
12,1391235665008,419.1941735918459,4.0,10.975447718202217,1
12,1391235666736,446.9068864507511,4.0,10.316668957868817,1
12,1391235665056,423.552306132414,0.0,10.143675239565129,0
12,1391235666256,475.381736024507,4.0,9.778037243479053,1
12,1391235664480,500.354290994737,4.0,10.834689964000079,1
12,1391235664960,451.7712478779834,0.0,9.987372586187508,0
12,1391235664528,477.3122845564588,0.0,8.009105888172144,0
12,1391235664864,498.1613425666103,0.0,6.073146854398037,0
12,1391235667264,515.9123344856383,0.0,5.112497048215422,0
12,1391235664288,528.4686187863748,4.0,12.605955380161065,1
12,1391235666928,561.16969731981,4.0,13.87335418312535,1
12,1391235667360,532.9779946673818,0.0,5.4515534787048265,0
12,1391235667552,551.8022945515169,0.0,6.753314225406601,0
12,1391235667456,596.3571421610069,4.0,13.62564739518271,1
12,1391235664192,629.0428570482828,4.0,11.70533578588206,1
12,1391235667216,656.5209449319303,4.0,9.943688478585429,1
12,1391235665632,573.58072169734,0.0,8.123698351945608,0
12,1391235666160,597.5919717187969,0.0,8.940369896313138,0
12,1391235667600,680.4297714130123,4.0,8.75588753313691,1
12,1391235667648,622.3597412661239,0.0,9.176345370327939,0
12,1391235664768,646.9012354185659,0.0,9.239355224958144,0
12,1391235664336,671.3907629683936,0.0,8.99852028179346,0
12,1391235666544,702.6924980272448,4.0,7.7751557256846,1
12,1391235666784,694.9904012103121,0.0,8.561359182911497,0
12,1391235667744,723.5045897641872,4.0,6.695639297710736,1
12,1391235664240,717.6357199752822,0.0,8.726953623203062,0
12,1391235667072,741.5477639741521,0.0,9.568473536874183,0
12,1391235667504,742.5279263026097,4.0,6.260752918076297,1
12,1391235666400,767.3149840755539,0.0,9.990103722603774,0
12,1391235666448,761.7434633299729,4.0,7.343778506903776,1
12,1391235664624,784.6560022209406,4.0,9.89561916134603,1
12,1391235666976,792.9113556448963,0.0,8.97455148265925,0
12,1391235666688,815.6303880958449,0.0,7.324505543285785,0
12,1391235665968,813.989154016071,4.0,12.699847441106174,1
12,1391235666112,835.3802155336977,0.0,5.970557536195481,0
12,1391235666640,853.1248644451841,0.0,4.869380286031024,0
12,1391235664384,849.4505200914502,4.0,14.297651565541818,1
12,1391235666064,885.878715347523,4.0,14.506899578354599,1
12,1391235664576,923.3236256945189,4.0,14.96987653244088,1
12,1391235666880,958.4683568521041,4.0,15.1411975141708,1
12,1391235666304,869.3912017314906,0.0,4.246889921954136,0
12,1391235667312,885.320375537757,0.0,4.662837945094001,0
12,1391235666208,903.146838661851,0.0,6.202547927966883,0
12,1391235667792,996.5362320595633,4.0,15.429603518706275,1
12,1391235667840,1033.2787608087067,4.0,15.962068803717093,1
12,1391235667888,924.7839246956419,0.0,8.615135271410326,0
12,1391235667936,951.8924567995667,0.0,11.667646797110088,0
12,1391235667984,1071.6226324871907,4.0,17.090660139409042,1
12,1391235668032,985.8986182778348,0.0,14.600196020875115,0
12,1391235668080,1026.9602077854618,0.0,16.947950905750012,0
12,1391235668128,1072.8539137522803,0.0,18.25297943047077,0
12,1391235668176,1122.72017347773,0.0,19.27239153943685,0
12,1391235668224,1179.3376280934106,0.0,20.876901889869693,0
12,1391235668272,1116.365632552362,4.0,18.755159754005344,1
12,1391235668320,1167.1757789718326,4.0,19.961913648403197,1
12,1391235668368,1222.8474330658632,4.0,21.08889265847261,1
12,1391235668416,1254.772262057194,0.0,22.657035679554397,0
12,1391235665248,391.3027037538802,4.0,11.089254259223601,1
13,1391235665392,373.3390830773696,3.9825039891105485,10.272396776780463,1
13,1391235664720,383.94185647520936,0.0,6.956623138603696,0
13,1391235664912,406.6299076934,0.0,9.152520592074614,0
13,1391235665008,430.0689716553845,4.0,10.75842214909476,1
13,1391235666736,457.1633536877539,4.0,10.211770122947932,1
13,1391235665056,433.84258090350164,0.0,10.373954587749632,0
13,1391235666256,485.3350488561739,4.0,10.189679729332127,1
13,1391235664480,511.53468157898936,4.0,11.57667341528326,1
13,1391235664960,461.43050076110006,0.0,9.225464358593719,0
13,1391235664528,484.84452452767914,0.0,6.993543429350186,0
13,1391235664864,503.9116104484641,0.0,5.433688839211921,0
13,1391235667264,521.001992351218,0.0,5.121326140226769,0
13,1391235664288,541.3637762561507,4.0,13.190390418311626,1
13,1391235666928,575.072107927203,4.0,13.885463386477648,1
13,1391235667360,538.6686158800505,0.0,5.995165526158015,0
13,1391235667552,558.8868604248763,0.0,7.461605671850803,0
13,1391235667456,609.6817373296337,4.0,12.948853681671885,1
13,1391235664192,640.3570818770229,4.0,10.864365629254632,1
13,1391235667216,666.1236253316862,4.0,9.220113629287718,1
13,1391235665632,581.9571694206891,0.0,8.646800052536843,0
13,1391235666160,606.6620982983535,0.0,9.199467321262695,0
13,1391235667600,688.8977985267767,4.0,8.13826513658027,1
13,1391235667648,631.5863623071037,0.0,9.269619630721893,0
13,1391235664768,656.120148858589,0.0,9.180190137599588,0
13,1391235664336,680.3022426826152,0.0,8.820428650109243,0
13,1391235666544,710.1767400172797,4.0,7.165844433496805,1
13,1391235666784,703.5542948935004,0.0,8.593670129600245,0
13,1391235667744,730.0234713526331,4.0,6.374417496662748,1
13,1391235664240,726.509766488825,0.0,9.046809710496365,0
13,1391235667072,751.2328524324083,0.0,9.77997567758304,0
13,1391235667504,748.9394113245147,4.0,6.652136862619867,1
13,1391235666400,777.1427903776095,0.0,9.590451103592125,0
13,1391235666448,769.5733957953312,4.0,8.41777556035502,1
13,1391235664624,795.1527035077266,4.0,11.167622072253094,1
13,1391235666976,801.4984258166213,0.0,8.125747524817337,0
13,1391235666688,822.5657667776898,0.0,6.493069141545092,0
13,1391235665968,827.1135596286374,4.0,13.568904466880209,1
13,1391235666112,841.0098292917826,0.0,5.257701714932967,0
13,1391235666640,857.7629612823605,0.0,4.416682089269242,0
13,1391235664384,863.9206047974731,4.0,14.642517280890365,1
13,1391235666064,900.4850101639332,4.0,14.709696875576439,1
13,1391235664576,938.340120465615,4.0,15.067515607789943,1
13,1391235666880,973.6502019595652,4.0,15.23303219957147,1
13,1391235666304,873.6434139548629,0.0,4.318423429061488,0
13,1391235667312,890.2781067208341,0.0,5.341721962270675,0
13,1391235666208,909.8583910107192,0.0,7.323657844916393,0
13,1391235667792,1012.0500031831976,4.0,15.618910866506097,1
13,1391235667840,1049.399697797852,4.0,16.30474526161182,1
13,1391235667888,934.0536546331467,0.0,10.025289203048917,0
13,1391235667936,964.2189736254417,0.0,13.054099820118806,0
13,1391235667984,1088.8986352003171,4.0,17.47763792322828,1
13,1391235668032,1000.9654168738533,0.0,15.55792960354605,0
13,1391235668080,1044.1739603258866,0.0,17.48730328737867,0
13,1391235668128,1091.2384286639256,0.0,18.522324197112635,0
13,1391235668176,1142.065620850568,0.0,19.424696135912267,0
13,1391235668224,1200.2439075299546,0.0,20.938792251734405,0
13,1391235668272,1135.2478092480792,4.0,19.01507937441855,1
13,1391235668320,1187.1994020328439,4.0,20.089480804722445,1
13,1391235668368,1243.9363257243365,4.0,21.08889265847261,1
13,1391235668416,1277.4292977367477,0.0,22.657035679554397,0
13,1391235665248,402.42470609712694,4.0,11.133299921490577,1
14,1391235665392,383.9603707849173,3.9965168597925524,10.964093401826807,1
14,1391235664720,391.370715318077,0.0,7.972914933066858,0
14,1391235664912,416.1514824677608,0.0,9.885583584923411,0
14,1391235665008,440.7328833190235,4.0,10.565552247465794,1
14,1391235666736,467.3814294032758,4.0,10.251956828265808,1
14,1391235665056,444.1388887484493,0.0,10.122277145165095,0
14,1391235666256,495.7825619398545,4.0,10.763616067821225,1
14,1391235664480,523.4463343821249,4.0,12.279936141703228,1
14,1391235664960,470.19741302966435,0.0,8.214188191702624,0
14,1391235664528,491.4027408810434,0.0,6.09502547962122,0
14,1391235664864,509.167578102696,0.0,5.111888708575049,0
14,1391235667264,526.2434699181297,0.0,5.425408775439931,0
14,1391235664288,554.7443801685466,4.0,13.555993043829924,1
14,1391235666928,588.8573508242185,4.0,13.623879856296876,1
14,1391235667360,544.9716347820532,0.0,6.670567061326366,0
14,1391235667552,566.6663501222085,0.0,8.13080108734464,0
14,1391235667456,622.2549886892032,4.0,12.122499442450879,1
14,1391235664192,650.8273548715831,4.0,10.022114929818153,1
14,1391235667216,675.0203302223812,4.0,8.53340085788361,1
14,1391235665632,590.8051141929005,0.0,9.056294666512544,0
14,1391235666160,615.9425940712887,0.0,9.35539398187232,0
14,1391235667600,696.7516325877248,4.0,7.535904299262824,1
14,1391235667648,640.8678709614104,0.0,9.280788908422108,0
14,1391235664768,665.2466716365999,0.0,9.05876315071031,0
14,1391235664336,689.0660817968339,0.0,8.716201182387605,0
14,1391235666544,717.1063412800355,4.0,6.694049576143914,1
14,1391235666784,712.215323333051,0.0,8.756839317985028,0
14,1391235667744,736.3796972095454,4.0,6.399285775316252,1
14,1391235664240,735.7007572672057,0.0,9.342634683095826,0
14,1391235667072,761.0183365614987,0.0,9.742613512983995,0
14,1391235667504,755.9091281592905,4.0,7.385181230075367,1
14,1391235666400,786.4420365565746,0.0,8.924501647537816,0
14,1391235666448,778.5433906318883,4.0,9.61192702240373,1
14,1391235664624,806.8667371779227,4.0,12.308885536772529,1
14,1391235666976,809.1995408793919,0.0,7.210798270820748,0
14,1391235666688,828.6845648418619,0.0,5.703930742733095,0
14,1391235665968,841.0021317055969,4.0,14.216467658828428,1
14,1391235666112,845.9845374167405,0.0,4.682491892487038,0
14,1391235666640,862.0704971600651,0.0,4.235379482000913,0
14,1391235664384,878.6773117160135,4.0,14.869928977222017,1
14,1391235666064,915.2701423468405,4.0,14.864377524465379,1
14,1391235664576,953.4504831011841,4.0,15.159505821810008,1
14,1391235666880,988.9369124433615,4.0,15.35331199741694,1
14,1391235666304,878.1213047755227,0.0,4.714862620087784,0
14,1391235667312,896.0300028608216,0.0,6.257865463289146,0
14,1391235666208,917.7603977603584,0.0,8.580815587641327,0
14,1391235667792,1027.77434566286,4.0,15.851043654894283,1
14,1391235667840,1065.8654914713725,4.0,16.64806951674012,1
14,1391235667888,944.7403229512057,0.0,11.435118807709582,0
14,1391235667936,977.8562703647434,0.0,14.26893411838328,0
14,1391235667984,1106.5351704164968,4.0,17.808500740399165,1
14,1391235668032,1016.8827097853658,0.0,16.290734139276385,0
14,1391235668080,1061.8548127176791,0.0,17.87998561050782,0
14,1391235668128,1109.8629284969975,0.0,18.732609097778933,0
14,1391235668176,1161.55309978816,0.0,19.555946960419266,0
14,1391235668224,1221.2094080853926,0.0,20.99509796417745,0
14,1391235668272,1154.361086600317,4.0,19.216950547426496,1
14,1391235668320,1207.3394287275044,4.0,20.19432492510483,1
14,1391235668368,1265.0252183828097,4.0,21.08889265847261,1
14,1391235668416,1300.0863334163014,0.0,22.657035679554397,0
14,1391235665248,413.5283701291549,4.0,11.051852874403714,1
15,1391235665392,395.1267461126095,3.9993387607596493,11.344135503207813,1
15,1391235664720,399.80480797557016,0.0,8.938765028410053,0
15,1391235664912,426.2361419107518,0.0,10.234575401105708,0
15,1391235665008,451.2366031097052,4.0,10.450543190459925,1
15,1391235666736,477.7079109903648,4.0,10.435102321168426,1
15,1391235665056,453.9701572712075,0.0,9.429500630633182,0
15,1391235666256,506.8473586020216,4.0,11.415225056124378,1
15,1391235664480,536.0119555278924,4.0,12.865176417234347,1
15,1391235664960,477.9071436917855,0.0,7.139167746732649,0
15,1391235664528,497.1699387123457,0.0,5.44502817359259,0
15,1391235664864,514.2554120564516,0.0,5.116144938385391,0
15,1391235667264,531.8998138418208,0.0,5.952909639275569,0
15,1391235664288,568.3770942989248,4.0,13.675183087071943,1
15,1391235666928,602.2624347016921,4.0,13.113760690279111,1
15,1391235667360,551.9792209680819,0.0,7.394603273254559,0
15,1391235667552,575.0767189679724,0.0,8.710419940743934,0
15,1391235667456,633.9540071799645,4.0,11.203573732278452,1
15,1391235664192,660.4648454642721,4.0,9.204339370702902,1
15,1391235667216,683.2484374242644,4.0,7.888229792080479,1
15,1391235665632,600.0051423937014,0.0,9.342143036553491,0
15,1391235666160,625.3338572289579,0.0,9.416282007010937,0
15,1391235667600,704.032399634307,4.0,7.009466071543987,1
15,1391235667648,650.1253821442369,0.0,9.220104214161456,0
15,1391235664768,674.243319026313,0.0,8.928979462671517,0
15,1391235664336,697.7733265346287,0.0,8.716077517942935,0
15,1391235666544,723.6683570933868,4.0,6.460204601511218,1
15,1391235666784,721.0786689080016,0.0,8.990999881466285,0
15,1391235667744,742.9261371818417,4.0,6.773956973268632,1
15,1391235664240,745.1389086408856,0.0,9.517943714574097,0
15,1391235667072,770.6333577752797,0.0,9.416993570994642,0
15,1391235667504,763.7344680383737,4.0,8.36269897081806,1
15,1391235666400,794.9775014265183,0.0,8.064282644018803,0
15,1391235666448,788.7198110317522,4.0,10.814048889260054,1
15,1391235664624,819.6372098421076,4.0,13.261426143340351,1
15,1391235666976,815.9838567611748,0.0,6.305209060928116,0
15,1391235666688,834.0577879472473,0.0,5.019786319195848,0
15,1391235665968,855.4451672859666,4.0,14.671070010498626,1
15,1391235666112,850.4763775629038,0.0,4.316726342291485,0
15,1391235666640,866.3378053478141,0.0,4.358491592604353,0
15,1391235664384,893.6214126943499,4.0,15.017606191601148,1
15,1391235666064,930.1941112119056,4.0,14.987893677648387,1
15,1391235664576,968.6549283064776,4.0,15.257757914560884,1
15,1391235666880,1004.3575381005043,4.0,15.5024648832244,1
15,1391235666304,883.1320763610744,0.0,5.3946707833236545,0
15,1391235667312,902.7866000444196,0.0,7.352833490215217,0
15,1391235666208,926.9552363162883,0.0,9.901190878249754,0
15,1391235667792,1043.744627254671,4.0,16.10984876941002,1
15,1391235667840,1082.667657355433,4.0,16.97410492480618,1
15,1391235667888,956.8059679370091,0.0,12.765940634259978,0
15,1391235667936,992.6127707799182,0.0,15.275246063125936,0
15,1391235667984,1124.4782606273081,4.0,18.088504821096713,1
15,1391235668032,1033.441257788948,0.0,16.835018116388884,0
15,1391235668080,1079.876399781236,0.0,18.16805866142344,0
15,1391235668128,1128.6774041567382,0.0,18.902036891513387,0
15,1391235668176,1181.1638361385037,0.0,19.67076393287726,0
15,1391235668224,1242.2288853757245,0.0,21.046530873048706,0
15,1391235668272,1173.6561242282594,4.0,19.378291703416135,1
15,1391235668320,1227.575958399113,4.0,20.282137113372038,1
15,1391235668368,1286.114111041283,4.0,21.08889265847261,1
15,1391235668416,1322.743369095855,0.0,22.657035679554397,0
15,1391235665248,424.51252331240477,4.0,10.899799641972702,1
16,1391235665392,406.54161285577874,3.999877121003524,11.454066551867816,1
16,1391235664720,409.12319744991555,0.0,9.703174798025533,0
16,1391235664912,436.45699888650375,0.0,10.120043640302406,0
16,1391235665008,461.67486903748335,4.0,10.445049446636824,1
16,1391235666736,488.2732977021911,4.0,10.730232029370788,1
16,1391235665056,462.95147538501703,0.0,8.431276020458263,0
16,1391235666256,518.5677662016124,4.0,12.061143683850323,1
16,1391235664480,549.0839872857514,4.0,13.272614798927036,1
16,1391235664960,484.58429556878093,0.0,6.18496043948052,0
16,1391235664528,502.4324014287632,0.0,5.112839559308073,0
16,1391235664864,519.4866513091472,0.0,5.408968832708249,0
16,1391235667264,538.1570897153321,0.0,6.6233557301178525,0
16,1391235664288,582.009418494961,4.0,13.53754328885249,1
16,1391235666928,615.0551390072918,4.0,12.392135852657047,1
16,1391235667360,559.7054929126783,0.0,8.095628058406412,0
16,1391235667552,584.0114046225801,0.0,9.167171906847347,0
16,1391235667456,644.7122031148117,4.0,10.247320088912446,1
16,1391235664192,669.3050181913031,4.0,8.434840418431536,1
16,1391235667216,690.8602230245635,4.0,7.311737678940364,1
16,1391235665632,609.4336426222629,0.0,9.506305251265253,0
16,1391235666160,634.7462805101014,0.0,9.394950271017366,0
16,1391235667600,710.8519966800926,4.0,6.636735694479232,1
16,1391235667648,659.2987198429316,0.0,9.115221101951503,0
16,1391235664768,683.1256982981025,0.0,8.839684604231122,0
16,1391235664336,706.5278071534782,0.0,8.813034706950464,0
16,1391235666544,730.1318178318132,4.0,6.521968479129053,1
16,1391235666784,730.178993626777,0.0,9.21583647998337,0
16,1391235667744,749.9943319807667,4.0,7.452579064365434,1
16,1391235664240,754.6638196557485,0.0,9.490956507351042,0
16,1391235667072,779.7889451440793,0.0,8.810266483630697,0
16,1391235667504,772.6120687637078,4.0,9.482439264017481,1
16,1391235666400,802.5981871325554,0.0,7.105406612316108,0
16,1391235666448,800.0658985178927,4.0,11.93256969561892,1
16,1391235664624,833.2627403613701,4.0,14.004527770629764,1
16,1391235666976,821.895239655469,0.0,5.482217882236206,0
16,1391235666688,838.8208206077459,0.0,4.505104825288694,0
16,1391235665968,870.2680475542186,4.0,14.973005735937752,1
16,1391235666112,854.7214338388115,0.0,4.212668022393304,0
16,1391235666640,870.8692376485911,0.0,4.7797092041187295,0
16,1391235664384,908.687754350411,4.0,15.11537802660389,1
16,1391235666064,945.2326351639654,4.0,15.094470036410714,1
16,1391235664576,983.9637505215156,4.0,15.370157226290543,1
16,1391235666880,1019.9394702066397,4.0,15.676697961146424,1
16,1391235666304,888.9338746261964,0.0,6.302209657213238,0
16,1391235667312,910.6972981993175,0.0,8.562829696538984,0
16,1391235666208,937.4715404697038,0.0,11.211113146459239,0
16,1391235667792,1059.9801095589432,4.0,16.379802891853462,1
16,1391235667840,1099.7837790456958,4.0,17.273140646928177,1
16,1391235667888,970.1405304311526,0.0,13.95484530084695,0
16,1391235667936,1008.2753076344034,0.0,16.0684899813914,0
16,1391235667984,1142.6804873784338,4.0,18.32519875976699,1
16,1391235668032,1050.4731137504384,0.0,17.23500217911851,0
16,1391235668080,1098.1502446469651,0.0,18.384359971149372,0
16,1391235668128,1147.6471986914476,0.0,19.043023849302774,0
16,1391235668176,1200.883050575277,0.0,19.77250563175469,0
16,1391235668224,1263.2977615336351,0.0,21.093706177328034,0
16,1391235668272,1193.0983700976503,4.0,19.511080985615305,1
16,1391235668320,1247.8939446069824,4.0,20.356925513082057,1
16,1391235668368,1307.2030036997562,4.0,21.08889265847261,1
16,1391235668416,1345.4004047754088,0.0,22.657035679554397,0
16,1391235665248,435.335752540796,4.0,10.739619946798948,1
17,1391235665392,417.9708415450061,3.999977211747449,11.375942453557306,1
17,1391235664720,419.05660432474514,0.0,10.124516602420533,0
17,1391235664912,446.3450949025052,0.0,9.548021072959559,0
17,1391235665008,472.1619866394346,4.0,10.5548083525432,1
17,1391235666736,499.16786039000164,4.0,11.088943433238331,1
17,1391235665056,470.86718250462235,0.0,7.326597965656676,0
17,1391235666256,530.9021202844237,4.0,12.626168945047201,1
17,1391235664480,562.4640621821248,4.0,13.461308290222373,1
17,1391235664960,490.4194168010548,0.0,5.4899636897195165,0
17,1391235664528,507.516363237078,0.0,5.1068604923456515,0
17,1391235664864,525.1215574971939,0.0,5.926643914026112,0
17,1391235667264,545.1209770740141,0.0,7.357732325343972,0
17,1391235664288,595.3848775529681,4.0,13.146076471659086,1
17,1391235666928,627.0458247447299,4.0,11.508083622527032,1
17,1391235667360,568.0994044260729,0.0,8.716345108727904,0
17,1391235667552,593.3386721514125,0.0,9.485060925757823,0
17,1391235667456,654.5170014368399,4.0,9.306271158338383,1
17,1391235664192,677.4087164915678,4.0,7.741753253976733,1
17,1391235667216,697.9450275699172,4.0,6.850853754061845,1
17,1391235665632,618.9736148393305,0.0,9.56039906660156,0
17,1391235666160,644.1065731438313,0.0,9.312048566545323,0
17,1391235667600,717.3979563337214,4.0,6.486453241578758,1
17,1391235667648,668.3607784571843,0.0,9.003466442956643,0
17,1391235664768,691.9496418425239,0.0,8.819152261951947,0
17,1391235664336,715.4104607815949,0.0,8.967404939166796,0
17,1391235666544,736.7998244558528,4.0,6.886953193510379,1
17,1391235666784,739.4660202546797,0.0,9.343317563520216,0
17,1391235667744,757.8556570437906,4.0,8.362296104141278,1
17,1391235664240,764.0449227004984,0.0,9.2071052031029,0
17,1391235667072,788.2259992228478,0.0,7.977838996532242,0
17,1391235667504,782.6381375552032,4.0,10.647270624418253,1
17,1391235666400,809.2539169529356,0.0,6.151842493538498,0
17,1391235666448,812.4655891545326,4.0,12.903344582316459,1
17,1391235664624,847.5368237247884,4.0,14.549179468899354,1
17,1391235666976,827.0482608699729,0.0,4.808767880566746,0
17,1391235666688,843.1699711962796,0.0,4.214644181570547,0
17,1391235665968,885.337615562388,4.0,15.16356314117394,1
17,1391235666112,858.9942393766692,0.0,4.392050233791733,0
17,1391235666640,875.948576078137,0.0,5.464481727329344,0
17,1391235664384,923.8374225612212,4.0,15.185559306410074,1
17,1391235666064,960.3742389599812,4.0,15.195251719345254,1
17,1391235664576,999.3931603974298,4.0,15.500413614062984,1
17,1391235666880,1035.704944202152,4.0,15.869603117117009,1
17,1391235666304,895.7259474046994,0.0,7.375758003983031,0
17,1391235667312,919.8461605138519,0.0,9.821300591510495,0
17,1391235666208,949.2666349013016,0.0,12.443456907636124,0
17,1391235667792,1076.4857254698038,4.0,16.648196503875084,1
17,1391235667840,1117.1847381000625,4.0,17.541510876795776,1
17,1391235667888,984.5816968017817,0.0,14.962891115632376,0
17,1391235667936,1024.6389550260944,0.0,16.669665763270448,0
17,1391235667984,1161.1021893974114,4.0,18.526316916444905,1
17,1391235668032,1067.853490804739,0.0,17.53122351716928,0
17,1391235668080,1116.6162947980222,0.0,18.55248668058876,0
17,1391235668128,1166.7480273123974,0.0,19.16387445973816,0
17,1391235668176,1220.6988824817813,0.0,19.863643781930424,0
17,1391235668224,1284.4120311342674,0.0,21.13714920692361,0
17,1391235668272,1212.663297258865,4.0,19.623370015957374,1
17,1391235668320,1268.2817725669088,4.0,20.421540420150972,1
17,1391235668368,1328.2918963582295,4.0,21.08889265847261,1
17,1391235668416,1368.0574404549625,0.0,22.657035679554397,0
17,1391235665248,446.01671651421043,4.0,10.626196825063998,1
18,1391235665392,429.27122711761797,3.999995733358404,11.20604790162155,1
18,1391235664720,429.2093694629608,0.0,10.100764331724667,0
18,1391235664912,455.4851503751364,0.0,8.626575133966163,0
18,1391235665008,482.8068894774536,4.0,10.762840180872244,1
18,1391235666736,510.430576575558,4.0,11.45892424124585,1
18,1391235665056,477.7085217820062,0.0,6.320455862312721,0
18,1391235666256,543.738962311455,4.0,13.047139138971989,1
18,1391235664480,575.9205561808684,4.0,13.406185055368026,1
18,1391235664960,495.71052032016394,0.0,5.124956615750022,0
18,1391235664528,512.7340301599407,0.0,5.390962895912996,0
18,1391235664864,531.3507208095392,0.0,6.594902185020501,0
18,1391235667264,552.8210248936759,0.0,8.083955601504138,0
18,1391235664288,608.2561029003266,4.0,12.517281686295043,1
18,1391235666928,638.0997866880388,4.0,10.523162090322472,1
18,1391235667360,577.0602427701923,0.0,9.21617317873151,0
18,1391235667552,602.918434145536,0.0,9.664133564493552,0
18,1391235667456,663.4070361236827,4.0,8.43013807372906,1
18,1391235664192,684.8683384560493,4.0,7.160620280222158,1
18,1391235667216,704.643848618598,4.0,6.559853473906726,1
18,1391235665632,628.5236466089428,0.0,9.524348811734935,0
18,1391235666160,653.3658424418869,0.0,9.195811481280163,0
18,1391235667600,723.9142362289069,4.0,6.598539894684296,1
18,1391235667648,677.3216829229448,0.0,8.919710079399312,0
18,1391235664768,700.7864193781586,0.0,8.86755405531731,0
18,1391235664336,724.4507062036545,0.0,9.115902812122156,0
18,1391235666544,743.962897916791,4.0,7.522031797879776,1
18,1391235666784,748.8027290864026,0.0,9.290667355813818,0
18,1391235667744,766.7027680498718,4.0,9.419939446662603,1
18,1391235664240,773.0148427137285,0.0,8.652113682504947,0
18,1391235667072,795.760828371554,0.0,7.015612259836875,0
18,1391235667504,793.8164242544882,4.0,11.77105754047808,1
18,1391235666400,814.9964791178045,0.0,5.300768418543497,0
18,1391235666448,825.753351720332,4.0,13.693963893586654,1
18,1391235664624,862.2743024536992,4.0,14.926207003920098,1
18,1391235666976,831.6194547383325,0.0,4.340120537339758,0
18,1391235666688,847.3476361602034,0.0,4.1831408036185085,0
18,1391235665968,900.5599352096795,4.0,15.278910578989592,1
18,1391235666112,863.5764521481995,0.0,4.846153757569794,0
18,1391235666640,881.8166574300194,0.0,6.362151335096614,0
18,1391235664384,939.0507693819145,4.0,15.244169465548504,1
18,1391235666064,975.617106811631,4.0,15.298205697252026,1
18,1391235664576,1014.9613200247021,4.0,15.648614219521603,1
18,1391235666880,1051.6692069911144,4.0,16.073797335610884,1
18,1391235666304,903.644377784763,0.0,8.550883605754242,0
18,1391235667312,930.2508609886663,0.0,11.062939128410923,0
18,1391235666208,962.2370494158741,0.0,13.546105577680386,0
18,1391235667792,1093.2553697658168,4.0,16.90594793976844,1
18,1391235667840,1134.8397336355624,4.0,17.77944737042335,1
18,1391235667888,999.9408971218485,0.0,15.778251109498683,0
18,1391235667936,1041.5272228269594,0.0,17.113519160380054,0
18,1391235667984,1179.7111062932904,4.0,18.698771298669197,1
18,1391235668032,1085.4943377407187,0.0,17.755703963228914,0
18,1391235668080,1135.234418966423,0.0,18.688523573732063,0
18,1391235668128,1185.9625114104247,0.0,19.270095956874563,0
18,1391235668176,1240.6016341043248,0.0,19.946027042845227,0
18,1391235668224,1305.56817632702,0.0,21.177306488926096,0
18,1391235668272,1232.3330984802176,4.0,19.720547021087718,1
18,1391235668320,1288.7302826373211,4.0,20.478038447715303,1
18,1391235668368,1349.3807890167027,4.0,21.08889265847261,1
18,1391235668416,1390.7144761345162,0.0,22.657035679554397,0
18,1391235665248,456.6209913897322,4.0,10.595987826917568,1
19,1391235665392,440.3929939168205,3.9999991900149277,11.030982697870515,1
19,1391235664720,439.11831649889587,0.0,9.611035172468016,0
19,1391235664912,463.61098539432083,0.0,7.544149159035714,0
19,1391235665008,493.6938163151463,4.0,11.037217650592611,1
19,1391235666736,522.0506063423387,4.0,11.794665947350778,1
19,1391235665056,483.65289682462947,0.0,5.569888720751895,0
19,1391235666256,556.9098897743476,4.0,13.274249881790551,1
19,1391235664480,589.2031126204541,4.0,13.095559768201891,1
19,1391235664960,500.79554550065853,0.0,5.097059063145531,0
19,1391235664528,518.348279268091,0.0,5.9039181743993545,0
19,1391235664864,538.2893759113076,0.0,7.338345080244943,0
19,1391235667264,561.2194244009597,0.0,8.740719383103839,0
19,1391235664288,620.3999646090012,4.0,11.685175860467723,1
19,1391235666928,648.1490728358245,4.0,9.509370546009198,1
19,1391235667360,586.4551299822883,0.0,9.572696607148847,0
19,1391235667552,612.6172629035262,0.0,9.718113806659376,0
19,1391235667456,671.4693096315423,4.0,7.665658431401546,1
19,1391235664192,691.814563565714,4.0,6.731915506174048,1
19,1391235667216,711.1491810539742,4.0,6.484331265617053,1
19,1391235665632,638.0056145516204,0.0,9.424940451051164,0
19,1391235666160,662.5053504542445,0.0,9.077430880921884,0
19,1391235667600,730.668118006243,4.0,6.977315013782443,1
19,1391235667648,686.2207534980895,0.0,8.884937505792978,0
19,1391235664768,709.6941253244096,0.0,8.957001980468634,0
19,1391235664336,733.607649362722,0.0,9.182173003515125,0
19,1391235666544,751.8652743471347,4.0,8.368572901132017,1
19,1391235666784,757.9776968513202,0.0,8.996186693400503,0
19,1391235667744,776.6442055993924,4.0,10.541542461847357,1
19,1391235664240,781.3148225314579,0.0,7.8618537875090535,0
19,1391235667072,802.3178801156162,0.0,6.04168910486011,0
19,1391235667504,806.0719281762794,4.0,12.784626705349291,1
19,1391235666400,819.966932340232,0.0,4.630771906427599,0
19,1391235666448,839.7455802968527,4.0,14.301740870467624,1
19,1391235664624,877.3251891929165,4.0,15.173766441924121,1
19,1391235666976,835.8330845060063,0.0,4.114576395011896,0
19,1391235666688,851.6194595802731,0.0,4.4204519620539795,0
19,1391235665968,915.8738822921745,4.0,15.347885939240845,1
19,1391235666112,868.7294723477062,0.0,5.543137170839226,0
19,1391235666640,888.6595071073697,0.0,7.414230975669967,0
19,1391235664384,954.3217274948474,4.0,15.302215005306609,1
19,1391235666064,990.9659568407991,4.0,15.408277920872427,1
19,1391235664576,1030.6851503215075,4.0,15.812191474040617,1
19,1391235666880,1067.8401831408753,4.0,16.282215236735677,1
19,1391235666304,912.7603385228286,0.0,9.762565184839175,0
19,1391235667312,941.8665643154862,0.0,12.229616038514656,0
19,1391235666208,976.2368407359168,0.0,14.488362903451598,0
19,1391235667792,1110.2755279665391,4.0,17.14747950603642,1
19,1391235667840,1152.7193271427134,4.0,17.989341319756754,1
19,1391235667888,1016.0291769504427,0.0,16.41238550573084,0
19,1391235667936,1058.8004280746422,0.0,17.437581264270648,0
19,1391235667984,1198.4813555256349,4.0,18.848307067352366,1
19,1391235668032,1103.3353980939473,0.0,17.93158322932522,0
19,1391235668080,1153.9778508048707,0.0,18.803070358508013,0
19,1391235668128,1205.277850322525,0.0,19.36534277354039,0
19,1391235668176,1260.583238312082,0.0,20.02106354824562,0
19,1391235668224,1326.7630935405073,0.0,21.214557484553126,0
19,1391235668272,1252.0944709936946,4.0,19.806238081333163,1
19,1391235668320,1309.232100320721,4.0,20.52793038878175,1
19,1391235668368,1370.469681675176,4.0,21.08889265847261,1
19,1391235668416,1413.37151181407,0.0,22.657035679554397,0
19,1391235665248,467.24014135394754,4.0,10.66288063843774,1
20,1391235665392,451.36230355777565,3.9999998443307696,10.912797251295446,1
20,1391235664720,448.3492277392349,0.0,8.74305351854423,0
20,1391235664912,470.66165670296414,0.0,6.513610930369036,0
20,1391235665008,504.8715217893645,4.0,11.339869506110622,1
20,1391235666736,533.9770063021755,4.0,12.062614185500168,1
20,1391235665056,489.00086548459814,0.0,5.157569640253276,0
20,1391235666256,570.2027971711949,4.0,13.270646617367063,1
20,1391235664480,602.0562125382659,4.0,12.532407231080413,1
20,1391235664960,505.9967361891308,0.0,5.368344571992075,0
20,1391235664528,524.5549912142309,0.0,6.5741754893273345,0
20,1391235664864,545.978921872551,0.0,8.085646832760268,0
20,1391235667264,570.2234899000932,0.0,9.281125196533385,0
20,1391235664288,631.6374454077345,4.0,10.706024049525944,1
20,1391235666928,657.2005176655261,4.0,8.543326066837016,1
20,1391235667360,596.1372628204873,0.0,9.781498029072402,0
20,1391235667552,622.3206783976644,0.0,9.671316872976874,0
20,1391235667456,678.8357608984107,4.0,7.055357131885667,1
20,1391235664192,698.4182106197728,4.0,6.493867063471899,1
20,1391235667216,717.6900329826094,4.0,6.64886209174174,1
20,1391235665632,647.3703643364165,0.0,9.292955947419987,0
20,1391235666160,671.5361127056469,0.0,8.983590038832787,0
20,1391235667600,737.9159963761939,4.0,7.595981218662827,1
20,1391235667648,695.1088506939459,0.0,8.899092791617079,0
20,1391235664768,718.6916633591145,0.0,9.036590447792875,0
20,1391235664336,742.7625962075,0.0,9.089269159910321,0
20,1391235666544,760.6859104716397,4.0,9.355672484710862,1
20,1391235666784,766.7347057140747,0.0,8.437658256135297,0
20,1391235667744,787.7064816037257,4.0,11.64825200626314,1
20,1391235664240,788.7458469869971,0.0,6.9219920810528395,0
20,1391235667072,807.9408294054042,0.0,5.172258638356608,0
20,1391235667504,819.2707841336079,4.0,13.641832770833947,1
20,1391235666400,824.3735740883765,0.0,4.195507416724552,0
20,1391235666448,854.266866151226,4.0,14.745487550101165,1
20,1391235664624,892.5774874090059,4.0,15.328513662791998,1
20,1391235666976,839.9424117190282,0.0,4.150185479738593,0
20,1391235666688,856.2497155754435,0.0,4.913136032961486,0
20,1391235665968,931.2437204414655,4.0,15.392064384457973,1
20,1391235666112,874.6754887153365,0.0,6.436784405804962,0
20,1391235666640,896.6028145898819,0.0,8.55884140689596,0
20,1391235664384,969.6533211708808,4.0,15.366770464631701,1
20,1391235666064,1006.42918325355,4.0,15.527778769192576,1
20,1391235664576,1046.5781852703913,4.0,15.987012120075391,1
20,1391235666880,1084.2192091115273,4.0,16.488913577694127,1
20,1391235666304,923.0809326809183,0.0,10.948622790468516,0
20,1391235667312,954.5962145936576,0.0,13.27695139719403,0
20,1391235666208,991.1001199649277,0.0,15.262272749000966,0
20,1391235667792,1127.528513509671,4.0,17.370090422656588,1
20,1391235667840,1170.796989175659,4.0,18.17452074993227,1
20,1391235667888,1032.6766998206162,0.0,16.891451741809323,0
20,1391235667936,1076.354886556028,0.0,17.67527588653677,0
20,1391235667984,1217.3922475141705,4.0,18.979504417000395,1
20,1391235668032,1121.3359821383572,0.0,18.074691895611092,0
20,1391235668080,1172.8285439451308,0.0,18.902966158492703,0
20,1391235668128,1224.6842908371195,0.0,19.452061411890316,0
20,1391235668176,1280.636880525888,0.0,20.089846380725163,0
20,1391235668224,1347.9940315842082,0.0,21.249225433100428,0
20,1391235668272,1271.9371599327008,4.0,19.882917803297964,1
20,1391235668320,1329.781173958446,4.0,20.57234844987761,1
20,1391235668368,1391.5585743336492,4.0,21.08889265847261,1
20,1391235668416,1436.0285474936236,0.0,22.657035679554397,0
20,1391235665248,477.9696345351846,4.0,10.820129905510333,1
21,1391235665392,462.2537177516049,3.9999999698800144,10.884230779604383,1
21,1391235664720,456.6027939149193,0.0,7.678639024523481,0
21,1391235664912,476.7763874270002,0.0,5.711244640047458,0
21,1391235665008,516.350648859474,4.0,11.633639138108494,1
21,1391235666736,546.1308452334653,4.0,12.240633028176928,1
21,1391235665056,494.1014184307523,0.0,5.095534795560486,0
21,1391235666256,583.3746950256765,4.0,13.012494302416687,1
21,1391235664480,614.2363381265604,4.0,11.740446342643683,1
21,1391235664960,511.58545907857064,0.0,5.876428077745057,0
21,1391235664528,531.4771599350923,0.0,7.328371843644909,0
21,1391235664864,554.3928076575414,0.0,8.773396937792015,0
21,1391235667264,579.7016098222763,0.0,9.675812074794294,0
21,1391235664288,641.8565736127999,4.0,9.65855417751055,1
21,1391235666928,665.3364657869262,4.0,7.697629064286754,1
21,1391235667360,605.9631262673769,0.0,9.854168027839078,0
21,1391235667552,631.9420570844168,0.0,9.55491701440919,0
21,1391235667456,685.677911974804,4.0,6.634875182359843,1
21,1391235664192,704.8839507217991,4.0,6.473909293643829,1
21,1391235667216,724.5080689956441,4.0,7.052374091228563,1
21,1391235665632,656.5996366414477,0.0,9.15843802687165,0
21,1391235666160,680.4907654094442,0.0,8.928928786058197,0
21,1391235667600,745.8765797352638,4.0,8.406218893947425,1
21,1391235667648,704.0260053069348,0.0,8.939110803763244,0
21,1391235664768,727.7392952729189,0.0,9.040531121537722,0
21,1391235664336,751.7257058179713,0.0,8.775973747996646,0
21,1391235666544,770.5307836517982,4.0,10.409309555890534,1
21,1391235666784,774.819839812244,0.0,7.6471339127162326,0
21,1391235667744,799.8418143786807,4.0,12.672090908465584,1
21,1391235664240,795.2124553563879,0.0,5.95242446883096,0
21,1391235667072,812.7801807096075,0.0,4.500425164602501,0
21,1391235667504,833.2451549194111,4.0,14.322742164096686,1
21,1391235666400,828.4661630928018,0.0,4.02273304393214,0
21,1391235666448,869.1665780701192,4.0,15.05498257444965,1
21,1391235664624,907.9533430638262,4.0,15.421297334876439,1
21,1391235666976,844.209142889073,0.0,4.44471954141117,0
21,1391235666688,861.480467354044,0.0,5.630128417003094,0
21,1391235665968,946.6522749797211,4.0,15.426779317431663,1
21,1391235666112,881.5863915744414,0.0,7.473030426693237,0
21,1391235666640,905.7099383014813,0.0,9.733677125212294,0
21,1391235664384,985.0541538286333,4.0,15.441843980937922,1
21,1391235666064,1022.0164659634637,4.0,15.656929321941442,1
21,1391235664576,1062.649480936109,4.0,16.168361003482584,1
21,1391235666880,1100.8023511710871,4.0,16.689418345521222,1
21,1391235666304,934.5544393091296,0.0,12.055166259537293,0
21,1391235667312,968.3067260195361,0.0,14.17897051016326,0
21,1391235666208,1006.6622248528771,0.0,15.878427776062255,0
21,1391235667792,1144.9949781152068,4.0,17.573165032733677,1
21,1391235667840,1189.0496479152744,4.0,18.33849155844251,1
21,1391235667888,1049.7430555178119,0.0,17.247140248068828,0
21,1391235667936,1094.11721916136,0.0,17.85314113556675,0
21,1391235667984,1236.4271843319525,4.0,19.09592958909019,1
21,1391235668032,1139.4685772147561,0.0,18.195508894608803,0
21,1391235668080,1191.77404577628,0.0,18.992571267384765,0
21,1391235668128,1244.1741334083129,0.0,19.531917195950086,0
21,1391235668176,1300.756726612437,0.0,20.153239913215245,0
21,1391235668224,1369.258539942215,0.0,21.281586756451034,0
21,1391235668272,1291.853008509101,4.0,19.952310817022294,1
21,1391235668320,1350.372452383379,4.0,20.61215889079248,1
21,1391235668368,1412.6474669921224,4.0,21.08889265847261,1
21,1391235668416,1458.6855831731773,0.0,22.657035679554397,0
21,1391235665248,488.8906251921084,4.0,11.045924070983059,1
22,1391235665392,473.1617051058716,3.9999999941762208,10.951476276208249,1
22,1391235664720,463.78449788585067,0.0,6.636334426448317,0
22,1391235664912,482.2381292344713,0.0,5.2401052427486405,0
22,1391235665008,528.106777511209,4.0,11.886274591844394,1
22,1391235666736,558.4148529459801,4.0,12.31381204536197,1
22,1391235665056,499.29039518875294,0.0,5.346207320348364,0
22,1391235666256,596.165956354435,4.0,12.492411760178285,1
22,1391235664480,625.5363923808505,4.0,10.771730633355604,1
22,1391235664960,517.7653231721159,0.0,6.5494160121232925,0
22,1391235664528,539.1653658350684,0.0,8.095787827168444,0
22,1391235664864,563.4463144379204,0.0,9.350184942325265,0
22,1391235667264,589.5016844450499,0.0,9.91450992131784,0
22,1391235664288,651.0318626620633,4.0,8.63593206938765,1
22,1391235666928,672.7065706606135,4.0,7.032163240392562,1
22,1391235667360,615.8069676225906,0.0,9.814785888455175,0
22,1391235667552,641.4274521500358,0.0,9.40243474811925,0
22,1391235667456,692.1983874799421,4.0,6.429509783825817,1
22,1391235664192,711.4362919477991,4.0,6.6824439002537215,1
22,1391235667216,731.8326395468046,4.0,7.670588711007926,1
22,1391235665632,665.7026407612624,0.0,9.044858978548861,0
22,1391235666160,689.4088092255868,0.0,8.91076812580446,0
22,1391235667600,754.7139136130675,4.0,9.347616536282432,1
22,1391235667648,712.9792212575314,0.0,8.961344188203999,0
22,1391235664768,736.7287339961857,0.0,8.899498257033327,0
22,1391235664336,760.2608149235105,0.0,8.216559774951996,0
22,1391235666544,781.4329942713649,4.0,11.458997675022854,1
22,1391235666784,782.0377078936077,0.0,6.711816841017551,0
22,1391235667744,812.9419692204393,4.0,13.56229881237532,1
22,1391235664240,800.7447292108973,0.0,5.079758612957805,0
22,1391235667072,817.0639354389256,0.0,4.084865576306886,0
22,1391235667504,847.8188893255307,4.0,14.831426663676028,1
22,1391235666400,832.5111294201319,0.0,4.1172007269746915,0
22,1391235666448,884.3254799279001,4.0,15.26220919141734,1
22,1391235664624,923.402541649911,4.0,15.476091059177882,1
22,1391235666976,848.8843823060878,0.0,4.97875939825901,0
22,1391235666688,867.5169513493909,0.0,6.529030450226029,0
22,1391235665968,962.0952651735897,4.0,15.462351293424563,1
22,1391235666112,889.5779354883385,0.0,8.593927505513733,0
22,1391235666640,915.9831010458256,0.0,10.879744028938573,0
22,1391235664384,1000.5356838924728,4.0,15.529089153706664,1
22,1391235666064,1037.7369668947342,4.0,15.79447735384768,1
22,1391235664576,1078.9034055141005,4.0,16.351690328075673,1
22,1391235666880,1117.5819004144882,4.0,16.880731993550704,1
22,1391235666304,947.0814739306478,0.0,13.042622412534428,0
22,1391235667312,982.8480565443663,0.0,14.92873293233233,0
22,1391235666208,1022.7749887770951,0.0,16.358693528594387,0
22,1391235667792,1162.6556400260279,4.0,17.75742861481928,1
22,1391235667840,1207.4576518455146,4.0,18.484527377369528,1
22,1391235667888,1067.1193944833785,0.0,17.5099638347042,0
22,1391235667936,1112.0372612483932,0.0,17.990722015552592,0
22,1391235667984,1255.572734903493,4.0,19.200327376108415,1
22,1391235668032,1157.714316071763,0.0,18.300845560531965,0
22,1391235668080,1210.805461205408,0.0,19.074653484532575,0
22,1391235668128,1263.7410902670808,0.0,19.60607115182516,0
22,1391235668176,1320.937723881539,0.0,20.211939625725982,0
22,1391235668224,1390.5544257615975,0.0,21.311878953829613,0
22,1391235668272,1311.835338612104,4.0,20.01565124233627,1
22,1391235668320,1371.0016569529346,4.0,20.64803816834864,1
22,1391235668368,1433.7363596505957,4.0,21.08889265847261,1
22,1391235668416,1481.342618852731,0.0,22.657035679554397,0
22,1391235665248,500.0579419004393,4.0,11.309896268088703,1
23,1391235665392,484.1770057106508,3.999999998883008,11.100789416946174,1
23,1391235664720,470.0088842215426,0.0,5.803758008647495,0
23,1391235664912,487.39618631398486,0.0,5.126544535464458,0
23,1391235665008,540.085980069174,4.0,12.07132552810449,1
23,1391235666736,570.718248750789,4.0,12.269407622615022,1
23,1391235665056,504.8520384964715,0.0,5.845669050557201,0
23,1391235666256,608.320140205643,4.0,11.727352075765683,1
23,1391235664480,635.8157806391469,4.0,9.708746107188794,1
23,1391235664960,524.6669541470204,0.0,7.314036839607669,0
23,1391235664528,547.6019769413062,0.0,8.811705454725699,0
23,1391235664864,573.0105469017068,0.0,9.78079215245949,0
23,1391235667264,599.4700326970107,0.0,10.005185081619727,0
23,1391235664288,659.2321279194094,4.0,7.730770867464354,1
23,1391235666928,679.5119804539542,4.0,6.588119185088354,1
23,1391235667360,625.5712058063542,0.0,9.695304308410295,0
23,1391235667552,650.755559098161,0.0,9.244554361947866,0
23,1391235667456,698.6190753468461,4.0,6.4512058241824635,1
23,1391235664192,718.3012614082143,4.0,7.11088210495988,1
23,1391235667216,739.860264858936,4.0,8.462098129973334,1
23,1391235665632,674.7068415116931,0.0,8.963656518813659,0
23,1391235666160,698.3180829727456,0.0,8.907133507280102,0
23,1391235667600,764.5288998518959,4.0,10.355055936322515,1
23,1391235667648,721.924431407625,0.0,8.907649391452166,0
23,1391235664768,745.486584356893,0.0,8.556446108626954,0
23,1391235664336,768.1294624135759,0.0,7.437638155403057,0
23,1391235666544,793.3591017460222,4.0,12.443743993443583,1
23,1391235666784,788.2994326679577,0.0,5.755405128958021,0
23,1391235667744,826.8579932412835,4.0,14.290197902688824,1
23,1391235664240,805.4913627224097,0.0,4.409129998529467,0
23,1391235667072,821.0621690143022,0.0,3.949421094538086,0
23,1391235667504,862.8285533049909,4.0,15.188977094728411,1
23,1391235666400,836.7707651495399,0.0,4.465569980555999,0
23,1391235666448,899.6551871759966,4.0,15.396103891562266,1
23,1391235664624,938.8958178863471,4.0,15.510562688590007,1
23,1391235666976,854.1935645627779,0.0,5.720342756509101,0
23,1391235666688,874.5186005412207,0.0,7.5608002465622555,0
23,1391235665968,977.5768314038938,4.0,15.50521546433008,1
23,1391235666112,898.7072567973112,0.0,9.740648728507091,0
23,1391235666640,927.3690297103252,0.0,11.946554932956795,0
23,1391235664384,1016.1101631592804,4.0,15.62841848220205,1
23,1391235666064,1053.5981397754683,4.0,15.938293471158874,1
23,1391235664576,1095.3400509893,4.0,16.533095101059605,1
23,1391235666880,1134.5477694726947,4.0,17.061137894443345,1
23,1391235666304,960.531413827882,0.0,13.889641156231917,0
23,1391235667312,998.0708927596545,0.0,15.534823796636084,0
23,1391235666208,1039.31455286062,0.0,16.729046213522142,0
23,1391235667792,1180.4923327409601,4.0,17.924351612269415,1
23,1391235667840,1226.0044389732975,4.0,18.615490103244024,1
23,1391235667888,1084.7253679919386,0.0,17.705758803400233,0
23,1391235667936,1130.081534950498,0.0,18.101684334535797,0
23,1391235667984,1274.8179008658885,4.0,19.294804077246365,1
23,1391235668032,1176.0599288979492,0.0,18.395096978305315,0
23,1391235668080,1229.916154915088,0.0,19.150975141803965,0
23,1391235668128,1283.3798705210133,0.0,19.6753574423283,0
23,1391235668176,1341.175452957348,0.0,20.266514003966805,0
23,1391235668224,1411.8797180770716,0.0,21.340307117674968,0
23,1391235668272,1331.8785440319891,4.0,20.073848945033788,1
23,1391235668320,1391.6651175815707,4.0,20.68052481683799,1
23,1391235668368,1454.825252309069,4.0,21.08889265847261,1
23,1391235668416,1503.9996545322847,0.0,22.657035679554397,0
23,1391235665248,511.49425827937097,4.0,11.578688100282063,1
24,1391235665392,495.3701597763942,3.999999999788718,11.3058394980755,1
24,1391235664720,474.3412268551461,2.5645659327454737,5.640150900881771,1
24,1391235664912,492.59734195614755,0.0,5.339541600547666,0
24,1391235665008,552.2101173864617,4.0,12.166753251480532,1
24,1391235666736,582.9170211811539,4.0,12.093206232705489,1
24,1391235665056,511.00112103739184,0.0,6.5203003991606545,0
24,1391235666256,619.612665207882,4.0,10.767476871753656,1
24,1391235664480,645.0275606904169,4.0,8.655184708637794,1
24,1391235664960,532.3486405212436,0.0,8.099524004365707,0
24,1391235664528,556.7089592517435,0.0,9.421468779947968,0
24,1391235664864,582.9301865755592,0.0,10.049186547945503,0
24,1391235667264,609.4682659768698,0.0,9.9707195720111,0
24,1391235664288,666.6122843974746,4.0,7.019223366248657,1
24,1391235666928,685.9853856956223,4.0,6.3860074861076885,1
24,1391235667360,635.1918623237314,0.0,9.530223894141963,0
24,1391235667552,659.9323992983662,0.0,9.103873509223165,0
24,1391235667456,705.1669453294406,4.0,6.697126042350912,1
24,1391235664192,725.6880572260981,4.0,7.733570553564656,1
24,1391235667216,748.7405889005574,4.0,9.374859500083243,1
24,1391235665632,683.6439809249516,0.0,8.910451725479534,0
24,1391235666160,707.2158498382169,0.0,8.878170760749969,0
24,1391235667600,775.3574573836817,4.0,11.364732679537584,1
24,1391235667648,730.7563713522476,0.0,8.715587506361967,0
24,1391235664768,753.7956176406132,0.0,7.9862336497805035,0
24,1391235664336,775.1462411080757,0.0,6.521281456002212,0
24,1391235666544,806.2212390504085,4.0,13.317482223890368,1
24,1391235666784,793.6449216481644,0.0,4.9065648583138675,0
24,1391235667744,841.423040337156,4.0,14.849883349572103,1
24,1391235664240,809.6888400159662,0.0,4.006730223868251,0
24,1391235667072,825.0550305781155,0.0,4.090029141754918,0
24,1391235667504,878.1364140717938,4.0,15.424883995020624,1
24,1391235666400,841.4876395744203,0.0,5.041727830691107,0
24,1391235666448,915.0939123289459,4.0,15.480421983786233,1
24,1391235664624,954.4190543008446,4.0,15.53718950972502,1
24,1391235666976,860.3260184699111,0.0,6.629290979799491,0
24,1391235666688,882.5938725330846,0.0,8.672666291084797,0
24,1391235665968,993.1061068453811,4.0,15.558868506521955,1
24,1391235666112,908.9736368338037,0.0,10.857240575502106,0
24,1391235666640,939.770060398429,0.0,12.897538164656753,0
24,1391235664384,1031.7891538016809,4.0,15.738544279350856,1
24,1391235666064,1069.605099516374,4.0,16.085879489004938,1
24,1391235664576,1111.9560001472491,4.0,16.70953961779591,1
24,1391235666880,1151.688645091709,4.0,17.22991830410491,1
24,1391235666304,974.7608951655608,0.0,14.592892256874766,0
24,1391235667312,1013.8395521127429,0.0,16.015541558469867,0
24,1391235666208,1056.1829012661044,0.0,17.014502249040117,0
24,1391235667792,1198.4885384399922,4.0,18.075725615081378,1
24,1391235667840,1244.6760966598624,4.0,18.733786397986698,1
24,1391235667888,1102.5038199276448,0.0,17.85467524556516,0
24,1391235667936,1148.2280290005872,0.0,18.19522888679639,0
24,1391235667984,1294.1535526643474,4.0,19.38098154559303,1
24,1391235668032,1194.4957577255375,0.0,18.48110371012137,0
24,1391235668080,1249.1009364632919,0.0,19.222671250920502,0
24,1391235668128,1303.0859102206339,0.0,19.74039627309599,0
24,1391235668176,1361.4660154963556,0.0,20.317434301730263,0
24,1391235668224,1433.2326379831009,0.0,21.36704926823771,0
24,1391235668272,1351.9778197446797,4.0,20.12759585703031,1
24,1391235668320,1412.3596525843338,4.0,20.71005520068379,1
24,1391235668368,1475.9141449675421,4.0,21.08889265847261,1
24,1391235668416,1526.6566902118384,0.0,22.657035679554397,0
24,1391235665248,523.1890054241551,4.0,11.819668934486312,1
25,1391235665392,506.78196499907983,3.9999999999607185,11.533934901574531,1
25,1391235664720,480.6108616038692,3.5431144852413827,7.241525487414637,1
25,1391235664912,498.14045467904964,0.0,5.816090932519387,0
25,1391235665008,564.3801328719632,4.0,12.152463429127504,1
25,1391235666736,594.8718376833571,4.0,11.768827997123383,1
25,1391235665056,517.8778692330303,0.0,7.295472896083365,0
25,1391235666256,629.8859434671022,4.0,9.698361113591767,1
25,1391235664480,653.2312090966992,4.0,7.7166808093301835,1
25,1391235664960,540.8001235714629,0.0,8.840401711049463,0
25,1391235664528,566.3601481681585,0.0,9.885246547658046,0
25,1391235664864,593.0431292374504,0.0,10.158949229205687,0
25,1391235667264,619.3859000221117,0.0,9.843713668238875,0
25,1391235664288,673.3913956181434,4.0,6.550588945731125,1
25,1391235666928,692.3707942577553,4.0,6.427127636344093,1
25,1391235667360,644.6384989650454,0.0,9.3510021491914,0
25,1391235667552,668.9810619858574,0.0,8.990474663929461,0
25,1391235667456,712.0593713910499,4.0,7.150215568887852,1
25,1391235664192,733.7737597862548,4.0,8.511790620161314,1
25,1391235667216,758.5684277342882,4.0,10.351773469295711,1
25,1391235665632,692.5334017827806,0.0,8.863666195058022,0
25,1391235666160,716.0529140684788,0.0,8.771108849713544,0
25,1391235667600,787.1745279128342,4.0,12.319929780289861,1
25,1391235667648,739.3110097490928,0.0,8.333787562421046,0
25,1391235664768,761.4353949552968,0.0,7.213037172037198,0
25,1391235664336,781.2279572652639,0.0,5.5880352886438605,0
25,1391235666544,819.8939219031772,4.0,14.052616967065209,1
25,1391235666784,798.2332703789657,0.0,4.269350954394972,0
25,1391235667744,856.4735454605861,4.0,15.25403403271116,1
25,1391235664240,813.6200856163956,0.0,3.897156368594753,0
25,1391235667072,829.3091769366698,0.0,4.48404760174231,0
25,1391235667504,893.6352882360529,4.0,15.569867860601262,1
25,1391235666400,846.8740246625226,0.0,5.811266565320599,0
25,1391235666448,930.6010751036758,4.0,15.533525811895124,1
25,1391235664624,969.9686272480658,4.0,15.564386362043686,1
25,1391235666976,867.4282644602898,0.0,7.660195547580968,0
25,1391235666688,891.797575033103,0.0,9.810406379930352,0
25,1391235665968,1008.6946544202575,4.0,15.624645528704457,1
25,1391235666112,920.3236398520731,0.0,11.895654588195947,0
25,1391235666640,953.0598637731246,0.0,13.713345521599408,0
25,1391235664384,1047.5825537265257,4.0,15.857448689067317,1
25,1391235666064,1085.7604435001472,4.0,16.234752044700823,1
25,1391235664576,1128.745225778062,4.0,16.878893827193806,1
25,1391235666880,1168.9928505419584,4.0,17.387065729930914,1
25,1391235666304,989.6301795978023,0.0,15.162981115978875,0
25,1391235667312,1030.038914862254,0.0,16.393116253811826,0
25,1391235666208,1073.3054883324787,0.0,17.236487060824015,0
25,1391235667792,1216.6295711471714,4.0,18.213391834582893,1
25,1391235667840,1263.460915125385,4.0,18.841394628350265,1
25,1391235667888,1120.4152092848929,0.0,17.9715729453036,0
25,1391235667936,1166.462351199491,0.0,18.277371903465138,0
25,1391235667984,1313.5720044651848,4.0,19.46011878266566,1
25,1391235668032,1213.0144872942392,0.0,18.560719745429562,0
25,1391235668080,1268.3555537153577,0.0,19.290488493859332,0
25,1391235668128,1322.8551945323488,0.0,19.801665540524734,0
25,1391235668176,1381.8059475453335,0.0,20.365096023650977,0
25,1391235668224,1454.611573667671,0.0,21.392260709415403,0
25,1391235668272,1372.1289783019063,4.0,20.17743420836496,1
25,1391235668320,1433.0824788930797,4.0,20.73698850399515,1
25,1391235668368,1497.0030376260154,4.0,21.08889265847261,1
25,1391235668416,1549.313725891392,0.0,22.657035679554397,0
25,1391235665248,535.1000605282778,4.0,12.002654975618952,1
26,1391235665392,518.4193103393953,3.999999999992826,11.750371798447246,1
26,1391235664720,488.63518974785677,3.8811147588645496,8.91259705049435,1
26,1391235664912,504.25435111299237,0.0,6.480801424668887,0
26,1391235665008,576.476908033709,4.0,12.008169113447764,1
26,1391235666736,606.427114409769,4.0,11.281250804320813,1
26,1391235665056,525.5489427424541,0.0,8.09926914179179,0
26,1391235666256,639.08092949455,4.0,8.63024528683368,1
26,1391235664480,660.5845742532744,4.0,6.980063761187066,1
26,1391235664960,549.949477068075,0.0,9.480112579237385,0
26,1391235664528,576.3980855160012,0.0,10.182039278479728,0
26,1391235664864,603.1991027976643,0.0,10.130607489184113,0
26,1391235667264,629.1472193136854,0.0,9.660268822263285,0
26,1391235664288,679.8241072893588,4.0,6.345050825186373,1
26,1391235666928,698.9058211265143,4.0,6.69698493340727,1
26,1391235667360,653.9086732032346,0.0,9.180820726764505,0
26,1391235667552,677.9277109169559,0.0,8.899091874440359,0
26,1391235667456,719.4908150665356,4.0,7.781342524757088,1
26,1391235664192,742.69233477343,4.0,9.398172308578717,1
26,1391235667216,769.3810460748139,4.0,11.335643495802003,1
26,1391235665632,701.3652368430311,0.0,8.785873839313702,0
26,1391235666160,724.724673956194,0.0,8.529670704674736,0
26,1391235667600,799.9037980020978,4.0,13.176529402619781,1
26,1391235667648,747.3855138106412,0.0,7.7413632864237325,0
26,1391235664768,768.2352404449445,0.0,6.314987738041676,0
26,1391235664336,786.4181709180319,0.0,4.765731698020694,0
26,1391235666544,834.2329278877537,4.0,14.640241729941332,1
26,1391235666784,802.3092037236546,0.0,3.906857987712525,0
26,1391235667744,871.8646067386214,4.0,15.526798843012203,1
26,1391235664240,817.5761754214825,0.0,4.071851739775684,0
26,1391235667072,834.0631353150608,0.0,5.098257974106637,0
26,1391235667504,909.2474868834838,4.0,15.65149196737095,1
26,1391235666400,853.1051172563845,0.0,6.73444549823109,0
26,1391235666448,946.1521766418825,4.0,15.569041599137046,1
26,1391235664624,985.5478083226596,4.0,15.597464865761685,1
26,1391235666976,875.599703916109,0.0,8.764256279610272,0
26,1391235666688,902.1307125487706,0.0,10.921347774675636,0
26,1391235665968,1024.3546128324717,4.0,15.702356738430675,1
26,1391235666112,932.6615095674337,0.0,12.82093681977865,0
26,1391235666640,967.1007993031334,0.0,14.391426244216452,0
26,1391235664384,1063.4980554196472,4.0,15.982773540621462,1
26,1391235666064,1102.0643943819757,4.0,16.38269408103569,1
26,1391235664576,1145.6999636340179,4.0,17.039847278743025,1
26,1391235666880,1186.4489345899797,4.0,17.53303199254904,1
26,1391235666304,1005.014386927493,0.0,15.618559375297098,0
26,1391235667312,1046.5762145953097,0.0,16.68945770984985,0
26,1391235666208,1090.6271594581672,0.0,17.412042829566154,0
26,1391235667792,1234.902546054068,4.0,18.3390864394543,1
26,1391235667840,1282.3489843370758,4.0,18.939921650743315,1
26,1391235667888,1138.432745943639,0.0,18.06698087722109,0
26,1391235667936,1184.7750380011228,0.0,18.351952779190697,0
26,1391235667984,1333.066696634269,4.0,19.53320434399663,1
26,1391235668032,1231.6103422462543,0.0,18.635177001996,0
26,1391235668080,1287.6763799189764,0.0,19.354934170251767,0
26,1391235668128,1342.6841383734302,0.0,19.859546356781994,0
26,1391235668176,1402.1921515450515,0.0,20.409834698567447,0
26,1391235668224,1476.0150594161482,0.0,21.41607758790701,0
26,1391235668272,1392.3283223067933,4.0,20.223800693743165,1
26,1391235668320,1453.8311436503127,4.0,20.76162448333793,1
26,1391235668368,1518.0919302844886,4.0,21.08889265847261,1
26,1391235668416,1571.9707615709458,0.0,22.657035679554397,0
26,1391235665248,547.1563280268248,4.0,12.099948681765666,1
27,1391235665392,530.254445464297,3.99999999999871,11.920859911913888,1
27,1391235664720,498.2480140157904,3.9738491684650894,10.362431135972098,1
27,1391235664912,511.09114107308807,0.0,7.256686369214567,0
27,1391235665008,588.3607690100557,4.0,11.713285388143433,1
27,1391235666736,617.4161277043804,4.0,10.625959845229735,1
27,1391235665056,534.0112309300514,0.0,8.864824278686152,0
27,1391235666256,647.252188620112,4.0,7.676214832673392,1
27,1391235664480,667.3180335112526,4.0,6.500137478967012,1
27,1391235664960,559.6741420220756,0.0,9.97564942788209,0
27,1391235664528,586.6538036063305,0.0,10.311144922689264,0
27,1391235664864,613.2743329924098,0.0,9.996374450943625,0
27,1391235667264,638.7117901127932,0.0,9.453638090332948,0
27,1391235664288,686.173095678924,4.0,6.397871007424809,1
27,1391235666928,705.8077144841981,4.0,7.169169785163964,1
27,1391235667360,663.0176033281009,0.0,9.030422564577526,0
27,1391235667552,686.7856913327895,0.0,8.808339915880131,0
27,1391235667456,727.6220722217001,4.0,8.552203104459707,1
27,1391235664192,752.5279644665687,4.0,10.340914477997234,1
27,1391235667216,781.1603832986405,4.0,12.27419611641751,1
27,1391235665632,710.0864190869145,0.0,8.628453193403338,0
27,1391235666160,733.074078910194,0.0,8.108878341561548,0
27,1391235667600,813.4323297332621,4.0,13.90692655816309,1
27,1391235667648,754.7772898579564,0.0,6.964910985568164,0
27,1391235664768,774.122725685231,0.0,5.408878472321034,0
27,1391235664336,790.8794825220995,0.0,4.158767070433131,0
27,1391235666544,849.09273316488,4.0,15.086935229555463,1
27,1391235666784,806.1604473729999,0.0,3.840058140556965,0
27,1391235667744,887.4780300118364,4.0,15.696680363274497,1
27,1391235664240,821.8289154045369,0.0,4.50146590698243,0
27,1391235667072,839.5193599349168,0.0,5.893959582681204,0
27,1391235667504,924.9206155326193,4.0,15.692303781641185,1
27,1391235666400,860.3145070137981,0.0,7.767693407457533,0
27,1391235666448,961.7344755291465,4.0,15.596749613220824,1
27,1391235664624,1001.1640353297925,4.0,15.639404001763438,1
27,1391235666976,884.8899747362451,0.0,9.890959557920837,0
27,1391235666688,913.5439568211375,0.0,11.958706582918653,0
27,1391235665968,1040.0974233664328,4.0,15.790807614666985,1
27,1391235666112,945.8640227090808,0.0,13.614467845182224,0
27,1391235666640,981.7591306762001,0.0,14.942160320784149,0
27,1391235664384,1079.540953728265,4.0,16.11212153200701,1
27,1391235666064,1118.5151376095064,4.0,16.527888633613262,1
27,1391235664576,1162.8114658664354,4.0,17.19176081973547,1
27,1391235666880,1204.0460345947708,4.0,17.668532246859616,1
27,1391235666304,1020.808902998076,0.0,15.980908551309284,0
27,1391235667312,1063.3794638271472,0.0,16.923782505308537,0
27,1391235666208,1108.1078282246533,0.0,17.55408083194088,0
27,1391235667792,1253.2962345456172,4.0,18.45436636230485,1
27,1391235667840,1301.3318523455287,4.0,19.03066676244629,1
27,1391235667888,1156.5385506311568,0.0,18.148137527697,0
27,1391235667936,1203.1597414983673,0.0,18.421368831202884,0
27,1391235667984,1352.6319590628534,4.0,19.60102498778056,1
27,1391235668032,1250.2785813116818,0.0,18.70531545148521,0
27,1391235668080,1307.0602208820733,0.0,19.416368024355926,0
27,1391235668128,1362.5695042683417,0.0,19.914352136293168,0
27,1391235668176,1422.6218421295769,0.0,20.451937663090533,0
27,1391235668224,1497.44175786275,0.0,21.438619809593643,0
27,1391235668272,1412.572553390453,4.0,20.267055448583402,1
27,1391235668320,1474.6034711066093,4.0,20.78421630384708,1
27,1391235668368,1539.1808229429619,4.0,21.08889265847261,1
27,1391235668416,1594.6277972504995,0.0,22.657035679554397,0
27,1391235665248,559.2598350163698,4.0,12.085421975309949,1
28,1391235665392,542.2259046874495,3.99999999999977,12.012392953298558,1
28,1391235664720,509.16232714210577,3.9949047928377297,11.480490834231725,1
28,1391235664912,518.727159770073,0.0,8.069891275516033,0
28,1391235665008,599.8726535994448,4.0,11.25102345719526,1
28,1391235666736,627.6781092514028,4.0,9.823890626528557,1
28,1391235665056,543.1982945405766,0.0,9.533555565365189,0
28,1391235666256,654.5595899375834,4.0,6.929097539748528,1
28,1391235664480,673.7004889399369,4.0,6.297275544340725,1
28,1391235664960,569.8165919565321,0.0,10.301863073221217,0
28,1391235664528,596.9664866424189,0.0,10.290179578812454,0
28,1391235664864,623.1801508352921,0.0,9.793398308438233,0
28,1391235667264,648.0688881571346,0.0,9.248584269587205,0
28,1391235664288,692.687339430034,4.0,6.686410859743159,1
28,1391235666928,713.2630995093554,4.0,7.808791505027501,1
28,1391235667360,671.984403364895,0.0,8.895602364112346,0
28,1391235667552,695.5399655039198,0.0,8.682383381900957,0
28,1391235667456,736.5725368286463,4.0,9.41840771412747,1
28,1391235664192,763.3125914224307,4.0,11.288068393794271,1
28,1391235667216,793.8403550101716,4.0,13.125112385879921,1
28,1391235665632,718.5932975921605,0.0,8.340647595482919,0
28,1391235666160,740.9114872241213,0.0,7.493647212144641,0
28,1391235667600,827.6277420862205,4.0,14.500825485529226,1
28,1391235667648,761.3347946547516,0.0,6.082421742508494,0
28,1391235664768,779.1488408593475,0.0,4.619697022996822,0
28,1391235664336,794.8603649812658,0.0,3.8301161939167,0
28,1391235666544,864.3396482242475,4.0,15.40954207435036,1
28,1391235666784,810.0793296152399,0.0,4.057010512294342,0
28,1391235667744,903.2240679981763,4.0,15.791358506467773,1
28,1391235664240,826.6152309005769,0.0,5.1462942728174115,0
28,1391235667072,845.8400282952534,0.0,6.829292703201346,0
28,1391235667504,940.6223564905954,4.0,15.709610249981639,1
28,1391235666400,868.5907201725357,0.0,8.864371033863849,0
28,1391235666448,977.3435418876174,4.0,15.623419530674648,1
28,1391235664624,1016.8268776835702,4.0,15.691464476587646,1
28,1391235666976,895.2983431266114,0.0,10.990684713595908,0
28,1391235666688,925.9458747889364,0.0,12.88658005341536,0
28,1391235665968,1055.9330282435594,4.0,15.888216764290695,1
28,1391235666112,959.7970155768263,0.0,14.273706902273611,0
28,1391235666640,996.9154528837424,0.0,15.383409886335187,0
28,1391235664384,1095.7142125720334,4.0,16.243267414736472,1
28,1391235666064,1135.109247646749,4.0,16.668961201955863,1
28,1391235664576,1180.070595037451,4.0,17.33450093110835,1
28,1391235666880,1221.7740698775947,4.0,17.79440434177086,1
28,1391235666304,1036.9301231346951,0.0,16.270243118013983,0
28,1391235667312,1080.3942533746417,0.0,17.11174184747031,0
28,1391235666208,1125.7186487298445,0.0,17.67206952489041,0
28,1391235667792,1271.800870723915,4.0,18.560585545511827,1
28,1391235667840,1320.4022462813937,4.0,19.114681617840727,1
28,1391235667888,1174.7208030898496,0.0,18.219898511235467,0
28,1391235667936,1221.6120418950818,0.0,18.487086110562213,0
28,1391235667984,1372.2628341779664,4.0,19.66421602846068,1
28,1391235668032,1269.0151781265786,0.0,18.771726985425335,0
28,1391235668080,1326.5041959066075,0.0,19.47505835966791,0
28,1391235668128,1382.5083440812434,0.0,19.966347370279163,0
28,1391235668176,1443.092502309699,0.0,20.491653014661395,0
28,1391235668224,1518.8904449078432,0.0,21.4599934390477,0
28,1391235668272,1432.85870531464,4.0,20.307501405668354,1
28,1391235668320,1495.397520672559,4.0,20.80497999177803,1
28,1391235668368,1560.269715601435,4.0,21.08889265847261,1
28,1391235668416,1617.2848329300532,0.0,22.657035679554397,0
28,1391235665248,571.2869175549711,4.0,11.933898493035658,1
29,1391235665392,554.2398533811678,3.9999999999999587,11.993345525668408,1
29,1391235664720,521.021758154385,3.999083850500816,12.225869847535579,1
29,1391235664912,527.1673418981378,0.0,8.852257409858206,0
29,1391235665008,610.8421296147093,4.0,10.618577092156391,1
29,1391235666736,637.0913168204839,4.0,8.936873866571641,1
29,1391235665056,552.9906669602497,0.0,10.059638201279231,0
29,1391235666256,661.2402993193543,4.0,6.44693565742317,1
29,1391235664480,680.0071739041872,4.0,6.363256470460057,1
29,1391235664960,580.2034414583158,0.0,10.453620415258266,0
29,1391235664528,607.1996492355859,0.0,10.150042083743084,0
29,1391235664864,632.864627635619,0.0,9.55674749581875,0
29,1391235667264,657.2268954311483,0.0,9.057154838751654,0
29,1391235664288,699.5874641863173,4.0,7.176837490152766,1
29,1391235666928,721.4208327639043,4.0,8.575230715647702,1
29,1391235667360,680.8167294787929,0.0,8.75672596347805,0
29,1391235667552,704.1346077473763,0.0,8.47575848681549,0
29,1391235667456,746.41558872018,4.0,10.332674930701502,1
29,1391235664192,775.0279142992938,4.0,12.192193097930737,1
29,1391235667216,807.3188111583798,4.0,13.860001721362604,1
29,1391235665632,726.7357305763102,0.0,7.8837891293012206,0
29,1391235666160,748.0524907127949,0.0,6.7143473329888455,0
29,1391235667600,842.3545492746708,4.0,14.962622837104492,1
29,1391235667648,767.0032000978534,0.0,5.207575444454635,0
29,1391235664768,783.4810959564179,0.0,4.049589272742372,0
29,1391235664336,798.6515901899397,0.0,3.7993494603404083,0
29,1391235666544,879.8595330911616,4.0,15.629832533409616,1
29,1391235666784,814.3357578731625,0.0,4.5255186622103425,0
29,1391235667744,919.0390998420991,4.0,15.834869842973307,1
29,1391235664240,832.1300616110408,0.0,5.962466952032119,0
29,1391235667072,853.1442547440795,0.0,7.859852849593203,0
29,1391235667504,956.3354571508478,4.0,15.716052240179987,1
29,1391235666400,877.9746003400742,0.0,9.97590267330186,0
29,1391235666448,992.9805826816723,4.0,15.65350343160702,1
29,1391235664624,1032.5465575685223,4.0,15.753683153661983,1
29,1391235666976,906.7763591922346,0.0,12.018713750688242,0
29,1391235666688,939.2157885007268,0.0,13.683802660696488,0
29,1391235665968,1071.8694424965101,4.0,15.992540092427154,1
29,1391235666112,974.3300223802864,0.0,14.808639476026219,0
29,1391235666640,1012.4697347618647,0.0,15.735505216042695,0
29,1391235664384,1112.0187032915753,4.0,16.374286403919008,1
29,1391235666064,1151.842125225181,4.0,16.8049600596123,1
29,1391235664576,1197.4682558852883,4.0,17.468285067251095,1
29,1391235666880,1239.6238173529953,4.0,17.911515427672477,1
29,1391235666304,1053.3133780822318,0.0,16.503844033422034,0
29,1391235667312,1097.5801556079573,0.0,17.26546914743672,0
29,1391235666208,1143.4389339173479,0.0,17.772803416748182,0
29,1391235667792,1290.4079490015954,4.0,18.658899771336472,1
29,1391235667840,1339.5538494737114,4.0,19.192821608777525,1
29,1391235667888,1192.9717086713902,0.0,18.285450450990375,0
29,1391235667936,1240.1286882656984,0.0,18.549983018552165,0
29,1391235667984,1391.95494360055,4.0,19.723298063051406,1
29,1391235668032,1287.8166184307215,0.0,18.834844891903437,0
29,1391235668080,1346.0056636493057,0.0,19.531216081632863,0
29,1391235668128,1402.4979562561446,0.0,20.015759934318467,0
29,1391235668176,1463.6018476032214,0.0,20.52919652390583,0
29,1391235668224,1540.3599968332765,0.0,21.48029268335255,0
29,1391235668272,1453.1840933421706,4.0,20.3453975160406,1
29,1391235668320,1516.2115532517967,4.0,20.82410152383454,1
29,1391235668368,1581.3586082599084,4.0,21.08889265847261,1
29,1391235668416,1639.941868609607,0.0,22.657035679554397,0
29,1391235665248,583.0896494266024,4.0,11.622783024751369,1
30,1391235665392,566.1716755817544,3.9999999999999925,11.834190097477837,1
30,1391235664720,533.455345370703,3.9998426301699763,12.609787317950993,1
30,1391235664912,536.3521954903075,0.0,9.544232771513931,0
30,1391235665008,621.1081577955497,4.0,9.841994018371896,1
30,1391235666736,645.6167896810841,4.0,8.069968147173293,1
30,1391235665056,563.2307674644643,0.0,10.414446755878883,0
30,1391235666256,667.571862167125,4.0,6.250442127804352,1
30,1391235664480,686.4952585660038,4.0,6.6704352697662035,1
30,1391235664960,590.6652196651271,0.0,10.444666277410349,0
30,1391235664528,617.2513023042393,0.0,9.928031545727125,0
30,1391235664864,642.3074988086197,0.0,9.313219640740256,0
30,1391235667264,666.1993262125733,0.0,8.876349580548643,0
30,1391235664288,707.0569954234928,4.0,7.829002390603936,1
30,1391235666928,730.3873818743391,4.0,9.42448443619368,1
30,1391235667360,689.4960245891899,0.0,8.580645762071173,0
30,1391235667552,712.4670191433792,0.0,8.142461253062564,0
30,1391235667456,757.1773093701339,4.0,11.248350940805762,1
30,1391235664192,787.6121071954288,4.0,13.015012112199182,1
30,1391235667216,821.4724262138964,4.0,14.465936311213708,1
30,1391235665632,734.3372297090991,0.0,7.248677485679909,0
30,1391235666160,754.3659498735145,0.0,5.849207334453014,0
30,1391235667600,857.486726504668,4.0,15.306635772986871,1
30,1391235667648,771.8468206495178,0.0,4.459998427562524,0
30,1391235664768,787.3707051059678,0.0,3.75940075978501,0
30,1391235664336,802.5466136626897,0.0,4.052135297340031,0
30,1391235666544,895.5606598716138,4.0,15.770357353603734,1
30,1391235666784,819.1622460108584,0.0,5.203784646439586,0
30,1391235667744,934.8814033287845,4.0,15.846610882102796,1
30,1391235664240,838.5235989116507,0.0,6.90444130634647,0
30,1391235667072,861.5056501908663,0.0,8.938982901221655,0
30,1391235667504,972.0534469759837,4.0,15.72044087869884,1
30,1391235666400,888.4584109900861,0.0,11.054316767219492,0
30,1391235666448,1008.6503923396067,4.0,15.689687711397262,1
30,1391235664624,1048.332919885759,4.0,15.825273166221015,1
30,1391235666976,919.234980384553,0.0,12.940001386999326,0
30,1391235666688,953.2192433388828,0.0,14.344899016039038,0
30,1391235665968,1087.9126091985752,4.0,16.101708989009612,1
30,1391235666112,989.3464424619805,0.0,15.23662273541469,0
30,1391235666640,1028.3420265054426,0.0,16.017786022476198,0
30,1391235664384,1128.4535378974688,4.0,16.5036136494985,1
30,1391235666064,1168.708396312208,4.0,16.935300953686305,1
30,1391235664576,1214.9956835641833,4.0,17.5935523925151,1
30,1391235666880,1257.5869116572203,4.0,18.0207049310554,1
30,1391235666304,1069.9096687011063,0.0,16.69553096276689,0
30,1391235667312,1114.9074110298727,0.0,17.394062146639644,0
30,1391235666208,1161.2538119914313,0.0,17.86108912545422,0
30,1391235667792,1309.1100340433068,4.0,18.750285588646076,1
30,1391235667840,1358.7811255139948,4.0,19.265787769139813,1
30,1391235667888,1211.2860903500969,0.0,18.346840047430437,0
30,1391235667936,1258.7071241623,0.0,18.610575689422422,0
30,1391235667984,1411.704386623208,4.0,19.778703752087075,1
30,1391235668032,1306.6797695839448,0.0,18.8949994294341,0
30,1391235668080,1365.5621751679776,0.0,19.585015232285738,0
30,1391235668128,1422.5358533116098,0.0,20.06278932888911,0
30,1391235668176,1484.1477963421635,0.0,20.56475705127384,0
30,1391235668224,1561.8493792392142,0.0,21.499601540814293,0
30,1391235668272,1473.5462748400298,4.0,20.38096801188564,1
30,1391235668320,1537.0440038341085,4.0,20.841742238950424,1
30,1391235668368,1602.4475009183816,4.0,21.08889265847261,1
30,1391235668416,1662.5989042891606,0.0,22.657035679554397,0
30,1391235665248,594.5008298115048,4.0,11.138168782090704,1
31,1391235665392,577.8693188653425,3.999999999999999,11.510815369130185,1
31,1391235664720,546.1191147470686,3.999973436793147,12.672562676540103,1
31,1391235664912,546.1681352755223,0.0,10.098682024784864,0
31,1391235665008,630.5539972672462,4.0,8.987361378728888,1
31,1391235666736,653.3329621388049,4.0,7.348275363088283,1
31,1391235665056,573.7414997379194,0.0,10.589059194278526,0
31,1391235666256,673.8373945136253,4.0,6.329556173284563,1
31,1391235664480,693.3885435639288,4.0,7.1801962845112275,1
31,1391235664960,601.0534521687358,0.0,10.30327435153508,0
31,1391235664528,627.0569071402498,0.0,9.66049410108257,0
31,1391235664864,651.5096107364136,0.0,9.076799052982766,0
31,1391235667264,674.9895121527065,0.0,8.687954045019431,0
31,1391235664288,715.2375863789296,4.0,8.599478275399276,1
31,1391235666928,740.2245507517805,4.0,10.311600980583908,1
31,1391235667360,697.9660399440958,0.0,8.325692455571394,0
31,1391235667552,720.3934885652898,0.0,7.649791005065967,0
31,1391235667456,768.8389010214509,4.0,12.123287856633326,1
31,1391235664192,800.9707806934422,4.0,13.73094211983083,1
31,1391235667216,836.1717095061332,4.0,14.943971070313854,1
31,1391235665632,741.231532811171,0.0,6.469317860929634,0
31,1391235666160,759.81582888187,0.0,5.0082854372985235,0
31,1391235667600,872.9152274798979,4.0,15.552055131800108,1
31,1391235667648,776.0407211107174,0.0,3.9359325876293676,0
31,1391235664768,791.1090568869944,0.0,3.76659924535576,0
31,1391235664336,806.8139026818609,0.0,4.553633839499078,0
31,1391235666544,911.3731739442278,4.0,15.851896122842115,1
31,1391235666784,824.7476615082279,0.0,6.046804763325538,0
31,1391235667744,950.7264891885491,4.0,15.841413530947893,1
31,1391235664240,845.8999677006381,0.0,7.925600900569466,0
31,1391235667072,870.9505421493271,0.0,10.01905928034669,0
31,1391235667504,987.7772012339298,4.0,15.728586459907312,1
31,1391235666400,899.9883097693531,0.0,12.056525867652956,0
31,1391235666448,1024.3598000184534,4.0,15.733332017174725,1
31,1391235664624,1064.1947643994356,4.0,15.904944759071213,1
31,1391235666976,932.5562109806231,0.0,13.733062197460816,0
31,1391235666688,967.8228286848183,0.0,14.877684472847491,0
31,1391235665968,1104.0664562915117,4.0,16.213792020631278,1
31,1391235666112,1004.7485650360255,0.0,15.577546093605282,0
31,1391235666640,1044.470512115085,0.0,16.24682039033949,0
31,1391235664384,1145.0164361498566,4.0,16.630051914086664,1
31,1391235666064,1185.7022473194202,4.0,17.05969673635899,1
31,1391235664576,1232.6446164780177,4.0,17.710864346231023,1
31,1391235666880,1275.6558011379498,4.0,18.122753417313096,1
31,1391235666304,1086.682268191551,0.0,16.855886684291747,0
31,1391235667312,1132.3541746298974,0.0,17.504191703962793,0
31,1391235666208,1179.152507323594,0.0,17.94029642234386,0
31,1391235667792,1327.9005926339912,4.0,18.835564496688512,1
31,1391235667840,1378.0791800471336,4.0,19.3341599370449,1
31,1391235667888,1229.6604359946346,0.0,18.405351588221002,0
31,1391235667936,1277.3451982916422,0.0,18.66916265956123,0
31,1391235667984,1431.507661925223,4.0,19.830797427965567,1
31,1391235668032,1325.60179502848,0.0,18.952452419608285,0
31,1391235668080,1385.1714433373306,0.0,19.63660533126583,0
31,1391235668128,1442.6197362784799,0.0,20.107612345978474,0
31,1391235668176,1504.7284448501982,0.0,20.5985008494455,0
31,1391235668224,1583.3576374984289,0.0,21.517995178505377,0
31,1391235668272,1493.9430178467785,4.0,20.414409076930834,1
31,1391235668320,1557.8934589032867,4.0,20.858043038790402,1
31,1391235668368,1623.5363935768548,4.0,21.08889265847261,1
31,1391235668416,1685.2559399687143,0.0,22.657035679554397,0
31,1391235665248,605.3475345535837,4.0,10.48597682820452,1
32,1391235665392,589.1618516576295,3.9999999999999996,11.012042423666225,1
32,1391235664720,558.713588681197,3.9999954924952945,12.460068945490935,1
32,1391235664912,556.4617157235936,0.0,10.484633543053526,0
32,1391235665008,639.1467450037745,4.0,8.156079379000657,1
32,1391235666736,660.4371409262208,4.0,6.876206149537881,1
32,1391235665056,584.3459187657102,0.0,10.593572651353748,0
32,1391235666256,680.299512336971,4.0,6.653713303217798,1
32,1391235664480,700.8694578262314,4.0,7.848807534977428,1
32,1391235664960,611.2522642872078,0.0,10.065705985303472,0
32,1391235664528,636.5852303624956,0.0,9.376207160927867,0
32,1391235664864,660.4787997564368,0.0,8.84626459599263,0
32,1391235667264,683.5762412755344,0.0,8.460851825071789,0
32,1391235664288,724.2267150181384,4.0,9.443552308579102,1
32,1391235666928,750.949837982985,4.0,11.19357442670542,1
32,1391235667360,706.1281561806113,0.0,7.9506979718023345,0
32,1391235667552,727.7500891177929,0.0,6.99458543054092,0
32,1391235667456,781.3429875829988,4.0,12.923593713475814,1
32,1391235664192,814.9904624220376,4.0,14.32829651858319,1
32,1391235667216,851.2933656311463,4.0,15.305388917821318,1
32,1391235665632,747.3076093987652,0.0,5.623829938931194,0
32,1391235666160,764.4802843720367,0.0,4.305096650512772,0
32,1391235667600,888.5508918875717,4.0,15.718995744435261,1
32,1391235667648,779.838155507043,0.0,3.6913662723184686,0
32,1391235664768,794.9881940963716,0.0,4.054941490410264,0
32,1391235664336,811.6819917320058,0.0,5.259691449904536,0
32,1391235666544,927.2466694913005,4.0,15.8922581027081,1
32,1391235666784,831.2354909103002,0.0,7.008985479683632,0
32,1391235667744,966.5627758583018,4.0,15.830106435697889,1
32,1391235664240,854.3163507798789,0.0,8.978811802076681,0
32,1391235667072,881.4582857768175,0.0,11.054565850469087,0
32,1391235667504,1003.5122864375663,4.0,15.744017501885793,1
32,1391235666400,912.4716181087613,0.0,12.949430515096761,0
32,1391235666448,1040.116514088623,4.0,15.784823083979779,1
32,1391235664624,1080.1394652729855,4.0,15.991155734359872,1
32,1391235666976,946.6075338241266,0.0,14.391278543163764,0
32,1391235666688,982.9054314320626,0.0,15.298673278213407,0
32,1391235665968,1120.3330838790152,4.0,16.327092000087347,1
32,1391235666112,1020.4583743728272,0.0,15.850426846178665,0
32,1391235666640,1060.8084093957775,0.0,16.4358745232545,0
32,1391235664384,1161.704082831745,4.0,16.752744715190087,1
32,1391235666064,1202.817688530702,4.0,17.178085899510958,1
32,1391235664576,1250.40738314637,4.0,17.82083343688697,1
32,1391235666880,1293.823681372472,4.0,18.218368673334968,1
32,1391235666304,1103.6037228740051,0.0,16.99279360480643,0
32,1391235667312,1149.9043646369828,0.0,17.600678987738736,0
32,1391235666208,1197.1271086761612,0.0,18.01277547321907,0
32,1391235667792,1346.7738501696838,4.0,18.915427453404313,1
32,1391235667840,1397.4436521570435,4.0,19.39842253383178,1
32,1391235667888,1248.0922665307849,0.0,18.4617692949049,0
32,1391235667936,1296.0409929363313,0.0,18.725915825747123,0
32,1391235667984,1451.3616063534591,4.0,19.87988955980939,1
32,1391235668032,1344.5800967905998,0.0,19.007418907796144,0
32,1391235668080,1404.8313220972948,0.0,19.68611878872906,0
32,1391235668128,1462.747473976106,0.0,20.15038708955187,0
32,1391235668176,1525.3420465101105,0.0,20.6305750226415,0
32,1391235668224,1604.883888481523,0.0,21.53554108936386,0
32,1391235668272,1514.3722754463731,4.0,20.445893786034315,1
32,1391235668320,1578.7586376081306,4.0,20.873127698381467,1
32,1391235668368,1644.625286235328,4.0,21.08889265847261,1
32,1391235668416,1707.912975648268,0.0,22.657035679554397,0
32,1391235665248,615.4768024758334,4.0,9.703963960705172,1
33,1391235665392,599.8772928284222,3.9999999999999996,10.35036906932367,1
33,1391235664720,570.9826631194447,3.9999992164717306,12.012153889527797,1
33,1391235664912,567.057001288468,0.0,10.6894700095871,0
33,1391235665008,646.9626718260397,4.0,7.460644098423638,1
33,1391235666736,667.2083539113038,4.0,6.706259479799204,1
33,1391235665056,594.8846853536271,0.0,10.453254255636901,0
33,1391235666256,687.1844381633241,4.0,7.181306269421366,1
33,1391235664480,709.0756604077044,4.0,8.63072611192028,1
33,1391235664960,621.1829368753436,0.0,9.768827065038248,0
33,1391235664528,645.8283009387361,0.0,9.09144220828321,0
33,1391235664864,669.2144870418801,0.0,8.605209998110697,0
33,1391235667264,691.9030927102535,0.0,8.156445793299815,0
33,1391235664288,734.0772549556324,4.0,10.31711260568786,1
33,1391235666928,762.5399009319488,4.0,12.03262989968423,1
33,1391235667360,713.847770970216,0.0,7.428264429065786,0
33,1391235667552,734.3884959126716,0.0,6.21511226363892,0
33,1391235667456,794.6032621915476,4.0,13.62634353500391,1
33,1391235664192,829.5520083129488,4.0,14.807803580345572,1
33,1391235667216,866.7284179566444,4.0,15.567198191196143,1
33,1391235665632,752.5475960431096,0.0,4.8184032722158445,0
33,1391235666160,768.5417688803708,0.0,3.8293991283236104,0
33,1391235667600,904.324120554456,4.0,15.826088773158741,1
33,1391235667648,783.5284877625007,0.0,3.7406423594245646,0
33,1391235664768,799.2734060437044,0.0,4.588000523122433,0
33,1391235664336,817.3336431614478,0.0,6.1234627941503925,0
33,1391235666544,943.1470201750202,4.0,15.90597319081983,1
33,1391235666784,838.7235953200757,0.0,8.044679976616095,0
33,1391235667744,982.3879110857913,4.0,15.820217070037778,1
33,1391235664240,863.7831736479501,0.0,10.018210424034347,0
33,1391235667072,892.9654365953701,0.0,12.00669386133316,0
33,1391235667504,1019.2669640480216,4.0,15.768569960372401,1
33,1391235666400,925.788841744771,0.0,13.713877672301688,0
33,1391235666448,1055.9282886268186,4.0,15.843863067037093,1
33,1391235664624,1096.1728108315342,4.0,16.082298345130607,1
33,1391235666976,961.2561607585739,0.0,14.921056149405977,0
33,1391235666688,998.3645903776113,0.0,15.628147349968406,0
33,1391235665968,1136.7130235592776,4.0,16.44019187150905,1
33,1391235666112,1036.4157166261311,0.0,16.071612682825805,0
33,1391235666640,1077.3207167356984,0.0,16.595103254945087,0
33,1391235664384,1178.5124479610104,4.0,16.871130003625538,1
33,1391235666064,1220.0487488938645,4.0,17.290568182827304,1
33,1391235664576,1268.276929357067,4.0,17.924075727265127,1
33,1391235666880,1312.084420216484,4.0,18.30818249015082,1
33,1391235666304,1120.6534300996373,0.0,17.112025872352817,0
33,1391235667312,1167.5460470612109,0.0,17.686978549515594,0
33,1391235666208,1215.1717001035863,0.0,18.080161635799787,0
33,1391235667792,1365.724670799107,4.0,18.990457271662294,1
33,1391235667840,1416.8706286471959,4.0,19.458984412885858,1
33,1391235667888,1266.5797250685137,0.0,18.516555986651912,0
33,1391235667936,1314.7927257276274,0.0,18.780936391157585,0
33,1391235667984,1471.2633463469685,4.0,19.92624753333009,1
33,1391235668032,1363.6122756094132,0.0,19.06008086445867,0
33,1391235668080,1424.5397916159668,0.0,19.7336753786913,0
33,1391235668128,1482.9170857728786,0.0,20.191255927023835,0
33,1391235668176,1545.9869939746873,0.0,20.661110338592838,0
33,1391235668224,1626.4273133522179,0.0,21.55230006916964,0
33,1391235668272,1534.8321644939863,4.0,20.475575863001907,1
33,1391235668320,1599.6383759181806,4.0,20.887105511779176,1
33,1391235668368,1665.7141788938013,4.0,21.08889265847261,1
33,1391235668416,1730.5700113278217,0.0,22.657035679554397,0
33,1391235665248,624.7903940165361,4.0,8.865726019851323,1
34,1391235665392,609.8708556866701,3.9999999999999996,9.570738762104256,1
34,1391235664720,582.7079441660702,3.9999998582239473,11.365673696241805,1
34,1391235664912,577.7739763158668,0.0,10.718555351862193,0
34,1391235665008,654.1834004585062,4.0,6.993017000745661,1
34,1391235666736,673.9512276381093,4.0,6.834885731038508,1
34,1391235665056,605.22854158256,0.0,10.202483208682004,0
34,1391235666256,694.674263650063,4.0,7.86618849463446,1
34,1391235664480,718.0991449492432,4.0,9.480406192936524,1
34,1391235664960,630.8011919517468,0.0,9.44318350081429,0
34,1391235664528,654.7874676689466,0.0,8.807335461823913,0
34,1391235664864,677.6935199457057,0.0,8.324761992611654,0
34,1391235667264,699.8749620108675,0.0,7.7379826609802596,0
34,1391235664288,744.799135994115,4.0,11.17902759496956,1
34,1391235666928,774.9372750773042,4.0,12.799299290415801,1
34,1391235667360,720.9751368203857,0.0,6.759766224627799,0
34,1391235667552,740.2183419055305,0.0,5.390222600827548,0
34,1391235667456,808.5160261190997,4.0,14.220431283435312,1
34,1391235664192,844.5415363257483,4.0,15.179206873445777,1
34,1391235667216,882.3860301238348,4.0,15.748245920639125,1
34,1391235665632,757.0427426281757,0.0,4.160443885076973,0
34,1391235666160,772.254929002967,0.0,3.6319492184958215,0
34,1391235667600,920.1827913902345,4.0,15.88938931189167,1
34,1391235667648,787.3993804130142,0.0,4.065961625419135,0
34,1391235664768,804.1886135627167,0.0,5.320345890940191,0
34,1391235664336,823.9046733796139,0.0,7.098122577708159,0
34,1391235666544,959.0531517354004,4.0,15.90445856240505,1
34,1391235666784,847.264220391635,0.0,9.108399150700942,0
34,1391235667744,998.205793293975,4.0,15.816651311872509,1
34,1391235664240,874.2668176506993,0.0,11.002531666069915,0
34,1391235667072,905.3747048832868,0.0,12.847982648026838,0
34,1391235667504,1035.0507268542171,4.0,15.802858579179224,1
34,1391235666400,939.8083634824707,0.0,14.34563393429618,0
34,1391235666448,1071.8023524033715,4.0,15.909704031479214,1
34,1391235664624,1112.2990032985072,4.0,16.176829899988924,1
34,1391235666976,976.3802700665658,0.0,15.337741644180651,0
34,1391235666688,1014.1183380180424,0.0,15.886292546543118,0
34,1391235665968,1153.2055250116161,4.0,16.55196302969333,1
34,1391235666112,1052.5752840722587,0.0,16.254212460367125,0
34,1391235666640,1093.9813225363255,0.0,16.73205162486937,0
34,1391235664384,1195.4370562382892,4.0,16.984886075889413,1
34,1391235666064,1237.3896113094713,4.0,17.39735102154061,1
34,1391235664576,1286.2468067846191,4.0,18.02118160460731,1
34,1391235666880,1330.4324828047856,4.0,18.3927535767634,1
34,1391235666304,1137.8157843084773,0.0,17.21777773407432,0
34,1391235667312,1185.2702536996821,0.0,17.76555571710118,0
34,1391235666208,1233.2817539447983,0.0,18.1435931208519,0
34,1391235667792,1384.748458567932,4.0,19.061147948776277,1
34,1391235667840,1436.3565759140135,4.0,19.51619408829216,1
34,1391235667888,1285.1213153653048,0.0,18.569972672237242,0
34,1391235667936,1333.5986960648474,0.0,18.83428840832784,0
34,1391235667984,1491.2102588339003,4.0,19.970103782833792,1
34,1391235668032,1382.6961022826454,0.0,19.11059598218667,0
34,1391235668080,1444.2949470382985,0.0,19.779384973204017,0
34,1391235668128,1503.1267269441555,0.0,20.230347732095268,0
34,1391235668176,1566.6618039442706,0.0,20.690223536713795,0
34,1391235668224,1647.9871512681902,0.0,21.568327045562555,0
34,1391235668272,1555.3209476900702,4.0,20.503592611111966,1
34,1391235668320,1620.5316131782492,4.0,20.900073432664154,1
34,1391235668368,1686.8030715522746,4.0,21.08889265847261,1
34,1391235668416,1753.2270470073754,0.0,22.657035679554397,0
34,1391235665248,633.2768354775503,4.0,8.069782889132599,1
35,1391235665392,619.058163127869,3.9999999999999996,8.749992510994906,1
35,1391235664720,593.7108361118749,3.999999972927539,10.566074461370254,1
35,1391235664912,588.4453224050576,0.0,10.59222759119059,0
35,1391235665008,661.0638549698726,4.0,6.802849267378274,1
35,1391235666736,680.9464533503256,4.0,7.21850884388713,1
35,1391235665056,615.2841693372004,0.0,9.877711566874474,0
35,1391235666256,702.9042805968603,4.0,8.661245165534382,1
35,1391235664480,727.9869238407085,4.0,10.353808662203079,1
35,1391235664960,640.0882010305288,0.0,9.10763644728571,0
35,1391235664528,663.4580521801581,0.0,8.509935761155516,0
35,1391235664864,685.8601890431066,0.0,7.969540204404272,0
35,1391235667264,707.365763412355,0.0,7.183633205036058,0
35,1391235664288,756.3636374251403,4.0,11.994005770128265,1
35,1391235666928,788.0597352939118,4.0,13.474416042104247,1
35,1391235667360,727.3796908062096,0.0,5.9857111913583205,0
35,1391235667552,745.2412191622693,0.0,4.6227274528069895,0
35,1391235667456,822.9716068283847,4.0,14.705376911858622,1
35,1391235664192,859.857583441205,4.0,15.457302224900086,1
35,1391235667216,898.1940096721269,4.0,15.866597774080082,1
35,1391235665632,760.9822143297469,0.0,3.7333461911324513,0
35,1391235666160,775.9061660762455,0.0,3.7237726216363183,0
35,1391235667600,936.0895190016679,4.0,15.922134071487985,1
35,1391235667648,791.7107115280941,0.0,4.630360018144233,0
35,1391235664768,809.9107927848155,0.0,6.2040568993632945,0
35,1391235664336,831.4843747935457,0.0,8.137538050412934,0
35,1391235666544,974.9540913851532,4.0,15.896384752594702,1
35,1391235666784,856.8645779020508,0.0,10.155959508264509,0
35,1391235667744,1014.0242365690593,4.0,15.822291040891516,1
35,1391235664240,885.6961084602407,0.0,11.899159522371122,0
35,1391235667072,918.5677888230448,0.0,13.564999700629253,0
35,1391235667504,1050.8732592207573,4.0,15.846649974890747,1
35,1391235666400,954.400491392676,0.0,14.85298977360379,0
35,1391235666448,1087.7450499184044,4.0,15.981335273585678,1
35,1391235664624,1128.5207660731082,4.0,16.273355554443548,1
35,1391235666976,991.8757561510425,0.0,15.66097179386015,0
35,1391235666688,1030.1039023349142,0.0,16.090898520720135,0
35,1391235665968,1169.8088382377334,4.0,16.661548561649994,1
35,1391235666112,1068.9034079111182,0.0,16.40825225911365,0
35,1391235666640,1110.7706608330993,0.0,16.852221266410446,0
35,1391235664384,1212.473202028554,4.0,17.093877806838716,1
35,1391235666064,1254.8346998302306,4.0,17.49870766072731,1
35,1391235664576,1304.3111389270716,4.0,18.11269974366842,1
35,1391235666880,1348.862861116923,4.0,18.47257359005818,1
35,1391235666304,1155.0788047038113,0.0,17.313089378232075,0
35,1391235667312,1203.0701319670916,0.0,17.8381692620643,0
35,1391235666208,1251.453709685448,0.0,18.203864167173514,0
35,1391235667792,1403.8410763852553,4.0,19.127920786095245,1
35,1391235667840,1455.898285319522,4.0,19.57035143002153,1
35,1391235667888,1303.7157395418812,0.0,18.62215729483682,0
35,1391235667936,1352.457257958267,0.0,18.886018250249542,0
35,1391235667984,1511.199939316282,4.0,20.01166200890777,1
35,1391235668032,1401.8294962742118,0.0,19.159103439416665,0
35,1391235668080,1464.09498944731,0.0,19.823349255609592,0
35,1391235668128,1523.3746760332967,0.0,20.267779645533086,0
35,1391235668176,1587.3651040595983,0.0,20.718019239333337,0
35,1391235668224,1669.562693851994,0.0,21.583671784873204,0
35,1391235668272,1575.837018291883,4.0,20.530067249059048,1
35,1391235668320,1641.437380613624,4.0,20.91211782541533,1
35,1391235668368,1707.8919642107478,4.0,21.08889265847261,1
35,1391235668416,1775.884082686929,0.0,22.657035679554397,0
35,1391235665248,641.0261837031398,4.0,7.416489625418969,1
36,1391235665392,627.4419261927287,3.9999999999999996,7.98356142760081,1
36,1391235664720,603.866495263511,3.999999994484996,9.677799489150976,1
36,1391235664912,598.9291827163826,0.0,10.340780897887438,0
36,1391235665008,667.8866367121125,4.0,6.89348944072244,1
36,1391235666736,688.4202050957497,4.0,7.793245291985823,1
36,1391235665056,624.9930043658852,0.0,9.510613863294191,0
36,1391235666256,711.9629415853877,4.0,9.520193307080346,1
36,1391235664480,738.7434153264762,4.0,11.210411124428308,1
36,1391235664960,649.0372839019967,0.0,8.766376956099197,0
36,1391235664528,671.8154169664972,0.0,8.17324806812013,0
36,1391235664864,693.6239493163476,0.0,7.507400305442383,0
36,1391235667264,714.2399951451753,0.0,6.500397208552797,0
36,1391235664288,768.7105418790894,4.0,12.7353033233961,1
36,1391235666928,801.8108813916967,4.0,14.049395339737977,1
36,1391235667360,732.989588340942,0.0,5.183957758685016,0
36,1391235667552,749.5628884087718,0.0,4.013619999815672,0
36,1391235667456,837.8638242426642,4.0,15.088661552286501,1
36,1391235664192,875.414500284757,4.0,15.658557618873465,1
36,1391235667216,914.097297061122,4.0,15.938172050498919,1
36,1391235665632,764.6214832608574,0.0,3.5827111757771366,0
36,1391235666160,779.7777252492845,0.0,4.085522241071194,0
36,1391235667600,952.0189026047378,4.0,15.934930868407239,1
36,1391235667648,796.6807167773718,0.0,5.38835382655949,0
36,1391235664768,816.5689507870202,0.0,7.1913327688213435,0
36,1391235664336,840.116363280228,0.0,9.196681066873262,0
36,1391235666544,990.8464148161779,4.0,15.888091621166275,1
36,1391235666784,867.4892422326546,0.0,11.147069822967692,0
36,1391235667744,1029.8531895841045,4.0,15.83849836597391,1
36,1391235664240,897.9725979033653,0.0,12.687326919616082,0
36,1391235667072,932.4194484093364,0.0,14.15785894879571,0
36,1391235667504,1066.743731597683,4.0,15.899155384581391,1
36,1391235666400,969.4479801756444,0.0,15.252265349335605,0
36,1391235666448,1103.7616495285918,4.0,16.05762803936357,1
36,1391235664624,1144.839515068784,4.0,16.370672673440957,1
36,1391235666976,1007.6586250831002,0.0,15.910837923685532,0
36,1391235666688,1046.274779511854,0.0,16.25642464740378,0
36,1391235665968,1186.5204714535494,4.0,16.7683318711947,1
36,1391235666112,1085.3751852217076,0.0,16.541155674724372,0
36,1391235666640,1127.6739139463102,0.0,16.95958252611199,0
36,1391235664384,1229.6161127093944,4.0,17.198108072282242,1
36,1391235666064,1272.378730126956,4.0,17.594946059167,1
36,1391235664576,1322.4645754945277,4.0,18.199130022365942,1
36,1391235666880,1367.3710102693676,4.0,18.54807440359451,1
36,1391235666304,1172.4331402629005,0.0,17.400170845411598,0
36,1391235667312,1220.9403400751096,0.0,17.9060774610071,0
36,1391235666208,1269.6846830342465,0.0,18.26153181071292,0
36,1391235667792,1422.998779699948,4.0,19.191137552523525,1
36,1391235667840,1475.4928289487857,4.0,19.62171668498326,1
36,1391235667888,1322.3618006712438,0.0,18.67317568793284,0
36,1391235667936,1371.3668079451445,0.0,18.936165419137172,0
36,1391235667984,1531.2301754850607,4.0,20.051101999968747,1
36,1391235668032,1421.0105091307341,0.0,19.2057277750727,0
36,1391235668080,1483.9382182341367,0.0,19.865662838626154,0
36,1391235668128,1543.6593238062615,0.0,20.30365849790411,0
36,1391235668176,1608.0956215524743,0.0,20.744591546670456,0
36,1391235668224,1691.1532803199373,0.0,21.598379497517225,0
36,1391235668272,1596.3788869456466,4.0,20.55511080815675,1
36,1391235668320,1662.3547914381334,4.0,20.923315911526867,1
36,1391235668368,1728.980856869221,4.0,21.08889265847261,1
36,1391235668416,1798.5411183664828,0.0,22.657035679554397,0
36,1391235665248,648.220175736777,4.0,6.983925305234533,1
37,1391235665392,635.1208164307958,3.9999999999999996,7.363996126388197,1
37,1391235664720,613.1242073531612,3.999999998793095,8.785062734966436,1
37,1391235664912,609.11630158205,0.0,9.998308555114034,0
37,1391235665008,674.919496688125,4.0,7.231739274938981,1
37,1391235666736,696.5310374055039,4.0,8.48915265648292,1
37,1391235665056,634.3237091541765,0.0,9.122514067095489,0
37,1391235666256,721.893313003918,4.0,10.398932234449596,1
37,1391235664480,750.3351459991361,4.0,12.015822047312486,1
37,1391235664960,657.6389468398899,0.0,8.408854867048403,0
37,1391235664528,679.8056382793079,0.0,7.7657027173824975,0
37,1391235664864,700.8685019384557,0.0,6.922328422168971,0
37,1391235667264,720.3862557271614,0.0,5.7324989362579535,0
37,1391235664288,781.7575737243786,4.0,13.386370239790201,1
37,1391235666928,816.0901745641861,4.0,14.524800193537583,1
37,1391235667360,737.822515261158,0.0,4.453415825031425,0
37,1391235667552,753.3800113912946,0.0,3.6390099726881453,0
37,1391235667456,853.096474212511,4.0,15.382557574443465,1
37,1391235664192,891.1429657441417,4.0,15.798841166088334,1
37,1391235667216,930.0555467275204,4.0,15.976283102411152,1
37,1391235665632,768.2434606314677,0.0,3.7162484711209847,0
37,1391235666160,784.1231264714958,0.0,4.6798660111190635,0
37,1391235667600,967.9550534176349,4.0,15.936105125389386,1
37,1391235667648,802.4807198728262,0.0,6.292111831033435,0
37,1391235664768,824.2446338586361,0.0,8.235160150615627,0
37,1391235664336,849.8001854672277,0.0,10.23291664521301,0
37,1391235666544,1006.7321048293604,4.0,15.883988317839094,1
37,1391235666784,879.0656789280355,0.0,12.048925669064754,0
37,1391235667744,1045.7034172569608,4.0,15.865532638424714,1
37,1391235664240,910.9830780388794,0.0,13.359068779213983,0
37,1391235667072,946.8097127975653,0.0,14.636979582577199,0
37,1391235667504,1082.6703558619665,4.0,15.959257213337699,1
37,1391235666400,984.8518112612963,0.0,15.563100721833733,0
37,1391235666448,1119.856278056404,4.0,16.13744197760154,1
37,1391235664624,1161.255560145821,4.0,16.46778627089731,1
37,1391235666976,1023.6641932430716,0.0,16.105452285211243,0
37,1391235666688,1062.5973329114308,0.0,16.393965545763376,0
37,1391235665968,1203.3374139707637,4.0,16.871898723982337,1
37,1391235666112,1101.9721367758207,0.0,16.658301062371866,0
37,1391235666640,1144.679683855531,0.0,17.056990666666238,0
37,1391235664384,1246.8610668516542,4.0,17.297676717324848,1
37,1391235666064,1290.0167332653434,4.0,17.686386904669124,1
37,1391235664576,1340.702242603586,4.0,18.280922138462987,1
37,1391235666880,1385.952792209981,4.0,18.619635520768004,1
37,1391235666304,1189.8713569205859,0.0,17.480639854941742,0
37,1391235667312,1238.8766195684912,0.0,17.970185668076375,0
37,1391235666208,1287.9722654964605,0.0,18.316989842285906,0
37,1391235667792,1442.2181621162301,4.0,19.25111110302794,1
37,1391235667840,1495.1375234009438,4.0,19.670517483744433,1
37,1391235667888,1341.0583469995747,0.0,18.72305389498135,0
37,1391235667936,1390.3257811595008,0.0,18.984768148131753,0
37,1391235667984,1551.2989251508889,4.0,20.088583424536644,1
37,1391235668032,1440.237311173055,0.0,19.25058157434879,0
37,1391235668080,1503.823024409449,0.0,19.906414037061666,0
37,1391235668128,1563.9791635083936,0.0,20.338081987218647,0
37,1391235668176,1628.8521733681562,0.0,20.77002537729312,0
37,1391235668224,1712.758293175595,0.0,21.61249135874836,0
37,1391235668272,1616.945170253646,4.0,20.578823697544426,1
37,1391235668320,1683.2830322914724,4.0,20.933736974693925,1
37,1391235668368,1750.0697495276943,4.0,21.08889265847261,1
37,1391235668416,1821.1981540460365,0.0,22.657035679554397,0
37,1391235665248,655.1020837889208,4.0,6.81328808217199,1
38,1391235665392,642.2767225984365,3.9999999999999996,6.960928589471012,1
38,1391235664720,621.5228055039133,3.9999999997157674,7.9806521825603545,1
38,1391235664912,618.9308304419586,0.0,9.596339771431623,0
38,1391235665008,682.3855423395472,4.0,7.7624571287669895,1
38,1391235666736,705.3682113114234,4.0,9.23889941954198,1
38,1391235665056,643.2600498355928,0.0,8.72106330230305,0
38,1391235666256,732.6960356140764,4.0,11.257328606802174,1
38,1391235664480,762.6981372507746,4.0,12.744384951506287,1
38,1391235664960,665.8673565603161,0.0,8.012997895353353,0
38,1391235664528,687.3443567097383,0.0,7.260246496876177,0
38,1391235664864,707.4740718883484,0.0,6.227075770728539,0
38,1391235667264,725.7539182452316,0.0,4.957705159301322,0
38,1391235664288,795.4107233688077,4.0,13.94081088184529,1
38,1391235666928,830.8009586547842,4.0,14.907807083462503,1
38,1391235667360,741.9955441426994,0.0,3.8895559869246368,0
38,1391235667552,756.9486983099582,0.0,3.538429042591339,0
38,1391235667456,868.5867479344339,4.0,15.60130502896193,1
38,1391235664192,906.9887524830192,4.0,15.892231461246528,1
38,1391235667216,946.0405243027092,4.0,15.991706586679781,1
38,1391235665632,772.1244258351999,0.0,4.1130231164535,0
38,1391235666160,789.154177062563,0.0,5.461489380989489,0
38,1391235667600,983.8894827028158,4.0,15.932060590668438,1
38,1391235667648,809.2341687368604,0.0,7.293918212083544,0
38,1391235664768,832.9729281514411,0.0,9.289882470959151,0
38,1391235664336,860.4947753947449,0.0,11.208467554942958,0
38,1391235666544,1022.6167931486865,4.0,15.88691573286426,1
38,1391235666784,891.49337970849,0.0,12.83956088505247,0
38,1391235667744,1061.585562607612,4.0,15.902890389514676,1
38,1391235664240,924.6118171655196,0.0,13.917594092943549,0
38,1391235667072,961.6321403584898,0.0,15.018649430510907,0
38,1391235667504,1098.6601406108027,4.0,16.02568031821528,1
38,1391235666400,1000.5327147585194,0.0,15.804866483598314,0
38,1391235666448,1136.0319458557535,4.0,16.219698254526058,1
38,1391235664624,1177.7683119133073,4.0,16.56390433636308,1
38,1391235666976,1039.844491267021,0.0,16.259828766136135,0
38,1391235666688,1079.0476035983468,0.0,16.51167670652489,0
38,1391235665968,1220.256320310733,4.0,16.971998355583125,1
38,1391235666112,1118.6804068433098,0.0,16.763532529195814,0
38,1391235666640,1161.7790332046739,0.0,17.146503840062582,0
38,1391235664384,1264.2034751759923,4.0,17.392747676231792,1
38,1391235666064,1307.7440610215808,4.0,17.77334884545511,1
38,1391235664576,1359.0196933175655,4.0,18.358477588020886,1
38,1391235666880,1404.604426653371,4.0,18.687591048302302,1
38,1391235666304,1207.3874297635446,0.0,17.55569263337288,0
38,1391235667312,1256.8754941805978,0.0,18.03115078347086,0
38,1391235666208,1306.3143865122806,0.0,18.370519826205083,0
38,1391235667792,1461.4961106095272,4.0,19.308113891637955,1
38,1391235667840,1514.8298998435655,4.0,19.71695433033012,1
38,1391235667888,1359.8042423060701,0.0,18.771798164281925,0
38,1391235667936,1409.3326514464238,0.0,19.031865966096962,0
38,1391235667984,1571.4042975905006,4.0,20.124248855303104,1
38,1391235668032,1459.5081804916445,0.0,19.293767395257767,0
38,1391235668080,1523.747884585071,0.0,19.945685440051125,0
38,1391235668128,1584.332782208936,0.0,20.371139672724443,0
38,1391235668176,1649.6336575282528,0.0,20.794397601884548,0
38,1391235668224,1734.3771543899363,0.0,21.626044958436527,0
38,1391235668272,1637.534580781348,4.0,20.601297012318977,1
38,1391235668320,1704.2213557879093,4.0,20.94344337253247,1
38,1391235668368,1771.1586421861675,4.0,21.08889265847261,1
38,1391235668416,1843.8551897255902,0.0,22.657035679554397,0
38,1391235665248,661.9380209505741,4.0,6.9071573936702295,1
39,1391235665392,649.1457781077219,3.9999999999999996,6.810053103475754,1
39,1391235664720,629.1911157811122,3.9999999999282942,7.348116816087728,1
39,1391235664912,628.3250631677831,0.0,9.158294933763786,0
39,1391235665008,690.4476187199709,4.0,8.421516167497431,1
39,1391235666736,714.9572578201443,4.0,9.983852997622067,1
39,1391235665056,651.7868034112284,0.0,8.29992818130219,0
39,1391235666256,744.3343672015917,4.0,12.061596765062019,1
39,1391235664480,775.7475145743338,4.0,13.380792765489433,1
39,1391235664960,673.6716870508264,0.0,7.552006179844102,0
39,1391235664528,694.3270510415886,0.0,6.646870053868847,0
39,1391235664864,713.3498761606573,0.0,5.469354966885623,0
39,1391235667264,730.3797500685889,0.0,4.270547780022364,0
39,1391235664288,809.5737373461437,4.0,14.40071624948848,1
39,1391235666928,845.8557606570923,4.0,15.209417405493308,1
39,1391235667360,745.7109272824874,0.0,3.562769823182921,0
39,1391235667552,760.5474695183644,0.0,3.715832068093467,0
39,1391235667456,884.2661793949364,4.0,15.759081812234665,1
39,1391235664192,922.9106982595144,4.0,15.950613860586223,1
39,1391235667216,962.0336952949979,4.0,15.992974193298902,1
39,1391235665632,776.5109404739289,0.0,4.735269218517179,0
39,1391235666160,795.0360142279242,0.0,6.382834448514281,0
39,1391235667600,999.8193333985347,4.0,15.927598687268395,1
39,1391235667648,817.0171216307747,0.0,8.346818466113119,0
39,1391235664768,842.7444597276376,0.0,10.31281424685571,0
39,1391235664336,872.1247428973114,0.0,12.093500494408492,0
39,1391235666544,1038.5083457318758,4.0,15.898468560885773,1
39,1391235666784,904.6556623300481,0.0,13.509502921333715,0
39,1391235667744,1077.5095163055337,4.0,15.949577740313952,1
39,1391235664240,938.7502507450508,0.0,14.373915288919262,0
39,1391235667072,976.7977213142788,0.0,15.3209885089696,0
39,1391235667504,1114.7187954246822,4.0,16.097116939370196,1
39,1391235666400,1016.4298125001454,0.0,15.994595018150127,0
39,1391235666448,1152.2906315516461,4.0,16.30342489691506,1
39,1391235664624,1194.37647742049,4.0,16.658420568191378,1
39,1391235666976,1056.165014867925,0.0,16.385684431078683,0
39,1391235666688,1095.6086390817254,0.0,16.615357815581078,0
39,1391235665968,1237.2736564293575,4.0,17.06850719966198,1
39,1391235666112,1135.4894327662053,0.0,16.859579052611767,0
39,1391235666640,1178.9648034696393,0.0,17.22961670121429,0
39,1391235664384,1281.638932282794,4.0,17.483523774082617,1
39,1391235666064,1325.5563791031934,4.0,17.85613915527501,1
39,1391235664576,1377.4128610970108,4.0,18.432153413664977,1
39,1391235666880,1423.3224486725824,4.0,18.752235962409554,1
39,1391235666304,1224.9763815433435,0.0,17.62622500626948,0
39,1391235667312,1274.9340578015338,0.0,18.089454672788506,0
39,1391235666208,1324.709218699072,0.0,18.422326198016403,0
39,1391235667792,1480.8297684307363,4.0,19.362384784856367,1
39,1391235667840,1534.5676789956447,4.0,19.76120494608721,1
39,1391235667888,1378.5983522200188,0.0,18.819406913282226,0
39,1391235667936,1428.3859331629983,0.0,19.077500563415906,0
39,1391235667984,1591.5445376329042,4.0,20.15822621219131,1
39,1391235668032,1478.8214936208146,0.0,19.335379200876393,0
39,1391235668080,1543.7113554679065,0.0,19.983554365767812,0
39,1391235668128,1604.7188530700305,0.0,20.402913826241974,0
39,1391235668176,1670.439045545663,0.0,20.81777800777761,0
39,1391235668224,1756.0093220024842,0.0,21.63907469104951,0
39,1391235668272,1658.1459182740462,4.0,20.622613638515055,1
39,1391235668320,1725.1690740009876,4.0,20.952491391775684,1
39,1391235668368,1792.2475348446408,4.0,21.08889265847261,1
39,1391235668416,1866.512225405144,0.0,22.657035679554397,0
39,1391235665248,668.9813971265776,4.0,7.237253213875973,1
40,1391235665392,655.9834595847599,3.9999999999999996,6.912781220184654,1
40,1391235664720,636.3309166071531,3.9999999999808513,6.946144611326697,1
40,1391235664912,637.2694273037008,0.0,8.695847433480733,0
40,1391235665008,699.2040002934868,4.0,9.145226427607511,1
40,1391235666736,725.2711083035114,4.0,10.679077011504189,1
40,1391235665056,659.8769607376539,0.0,7.841987739638567,0
40,1391235666256,756.7416906709801,4.0,12.786710828296934,1
40,1391235664480,789.387965897766,4.0,13.91999096800032,1
40,1391235664960,680.9758957151663,0.0,7.004520287849739,0
40,1391235664528,700.6516305071536,0.0,5.943760802567292,0
40,1391235664864,718.4675398776217,0.0,4.7262166236182335,0
40,1391235667264,734.3940202785567,0.0,3.759288157223425,0
40,1391235664288,824.1554220837581,4.0,14.774036515771442,1
40,1391235666928,861.178955032219,4.0,15.442083741826558,1
40,1391235667360,749.22499128105,0.0,3.5077621664278564,0
40,1391235667552,764.4455555186547,0.0,4.148786398794288,0
40,1391235667456,900.079966095039,4.0,15.868820591975068,1
40,1391235664192,938.8785108887736,4.0,15.983731754628167,1
40,1391235667216,978.0241446068339,4.0,15.98672424332502,1
40,1391235665632,781.6077024380177,0.0,5.537742250240884,0
40,1391235666160,801.886152201797,0.0,7.396410596438456,0
40,1391235667600,1015.7459070245582,4.0,15.926186870424292,1
40,1391235667648,825.8592389114041,0.0,9.405233999297128,0
40,1391235664768,853.5096100853677,0.0,11.267084333861904,0
40,1391235664336,884.5896136478502,0.0,12.868702216493961,0
40,1391235666544,1054.4157521594411,4.0,15.919279307470141,1
40,1391235666784,918.4319912618837,0.0,14.060959754833801,0
40,1391235667744,1093.4840303231535,4.0,16.004323534600015,1
40,1391235664240,953.3030045228157,0.0,14.743074004347154,0
40,1391235667072,992.2352957891344,0.0,15.56116985097068,0
40,1391235667504,1130.8507414565863,4.0,16.172313087976008,1
40,1391235666400,1032.497820463883,0.0,16.14618151771912,0
40,1391235666448,1168.6334014077268,4.0,16.387780211826378,1
40,1391235664624,1211.078235049738,4.0,16.75089044846825,1
40,1391235666976,1072.6015457728254,0.0,16.491751541994606,0
40,1391235666688,1112.2684099885519,0.0,16.709025922704583,0
40,1391235665968,1254.3858116832073,4.0,17.161397150749966,1
40,1391235666112,1152.3909878402371,0.0,16.94837661854578,0
40,1391235666640,1196.231134288312,0.0,17.307427679959797,0
40,1391235664384,1299.1632463877513,4.0,17.570228185256635,1
40,1391235666064,1343.4496529764183,4.0,17.9350483166586,1
40,1391235664576,1395.8780174117144,4.0,18.502266696680316,1
40,1391235666880,1442.103672190103,4.0,18.8138315853656,1
40,1391235666304,1242.6340245413287,0.0,17.69291762680208,0
40,1391235667312,1293.04982494749,0.0,18.145455554363014,0
40,1391235666208,1343.1551127205414,0.0,18.472560364194145,0
40,1391235667792,1500.216504166907,4.0,19.414134523504686,1
40,1391235667840,1554.3487500285808,4.0,19.803427742846882,1
40,1391235667888,1397.4395399078403,0.0,18.86587754855589,0
40,1391235667936,1447.4841833780085,0.0,19.121715765721014,0
40,1391235667984,1611.7180119711998,4.0,20.19063075992898,1
40,1391235668032,1498.1757174806676,0.0,19.37550346193959,0
40,1391235668080,1563.712068772723,0.0,20.020093245389234,0
40,1391235668128,1625.1361284120214,0.0,20.43348016986575,0
40,1391235668176,1691.2673757367193,0.0,20.84023012389938,0
40,1391235668224,1777.6542870881512,0.0,21.651612095029627,0
40,1391235668272,1678.7780618994,4.0,20.6428491947156,1
40,1391235668320,1746.1255527416595,4.0,20.96093197561117,1
40,1391235668368,1813.336427503114,4.0,21.08889265847261,1
40,1391235668416,1889.1692610846976,0.0,22.657035679554397,0
40,1391235665248,676.4472911090284,4.0,7.755796506239699,1
41,1391235665392,663.0332019524185,3.9999999999999996,7.243343120427906,1
41,1391235664720,643.1878454705216,3.9999999999946896,6.801189015764591,1
41,1391235664912,645.7401129482197,0.0,8.20817174345708,0
41,1391235665008,708.6921043230499,4.0,9.876956888391154,1
41,1391235666736,736.2454409808527,4.0,11.296372407321243,1
41,1391235665056,667.4838455479872,0.0,7.326196922684418,0
41,1391235666256,769.8310900412185,4.0,13.417912447348762,1
41,1391235664480,803.5232759243016,4.0,14.36538289765422,1
41,1391235664960,687.6896818217331,0.0,6.366463750006453,0
41,1391235664528,706.2493196703701,0.0,5.20129042988662,0
41,1391235664864,722.8832231107326,0.0,4.087038997789356,0
41,1391235667264,738.0045981607549,0.0,3.4867621573596006,0
41,1391235664288,839.0742043523727,4.0,15.071846367417425,1
41,1391235666928,876.7073809155379,4.0,15.618058802467905,1
41,1391235667360,752.8123175713704,0.0,3.725157420294791,0
41,1391235667552,768.8817471643189,0.0,4.799531021888139,0
41,1391235667456,915.9854392643698,4.0,15.941697176970571,1
41,1391235664192,954.8707357438849,4.0,15.999440533355267,1
41,1391235667216,994.0068384904606,4.0,15.97802631315567,1
41,1391235665632,787.5728694211978,0.0,6.473037369853505,0
41,1391235666160,809.7749382892868,0.0,8.455508845417542,0
41,1391235667600,1031.673438244023,4.0,15.930184825247233,1
41,1391235667648,835.745837713078,0.0,10.426656941995576,0
41,1391235664768,865.185877677406,0.0,12.124914960736556,0
41,1391235664336,897.7749658309118,0.0,13.526247656071687,0
41,1391235666544,1070.3482821540508,4.0,15.949266398895494,1
41,1391235666784,932.7084338718487,0.0,14.50491602990054,0
41,1391235667744,1109.5165199323717,4.0,16.06574063599407,1
41,1391235664240,968.1903856165998,0.0,15.0410208477857,0
41,1391235667072,1007.889833905355,0.0,15.753978010172721,0
41,1391235667504,1147.059193202606,4.0,16.25012358419833,1
41,1391235666400,1048.703865963508,0.0,16.270388426837197,0
41,1391235666448,1185.0605440727832,4.0,16.472059939916416,1
41,1391235664624,1227.8713841016317,4.0,16.84100498890564,1
41,1391235666976,1089.1374017786752,0.0,16.584298407006507,0
41,1391235666688,1129.0182640638614,0.0,16.795404605063002,0
41,1391235665968,1271.589181493913,4.0,17.25070909596065,1
41,1391235666112,1169.378505453681,0.0,17.031305656677617,0
41,1391235666640,1213.5731256692256,0.0,17.380756724212922,0
41,1391235664384,1316.7724531551055,4.0,17.653091326868598,1
41,1391235666064,1361.4201296300948,4.0,18.010347317015956,1
41,1391235664576,1414.4117339401455,4.0,18.569099170760794,1
41,1391235666880,1460.9451585815666,4.0,18.872610291336006,1
41,1391235666304,1260.3567750722862,0.0,17.756295812248613,0
41,1391235667312,1311.2206249361473,0.0,18.199423906301636,0
41,1391235666208,1361.6505524864024,0.0,18.521337227613824,0
41,1391235667792,1519.6538857451562,4.0,19.463550118680004,1
41,1391235667840,1574.1711526146876,4.0,19.843764629367207,1
41,1391235667888,1416.3266669460415,0.0,18.911210057866807,0
41,1391235667936,1466.6260038207943,0.0,19.1645570889709,0
41,1391235667984,1631.9231973033413,4.0,20.221566759349226,1
41,1391235668032,1517.5694023093374,0.0,19.414220033260214,0
41,1391235668080,1583.7487264964263,0.0,20.055369962250808,0
41,1391235668128,1645.5834334716399,0.0,20.4629085207747,0
41,1391235668176,1712.117747302426,0.0,20.86181192979879,0
41,1391235668224,1799.3115710428067,0.0,21.663686149160178,0
41,1391235668272,1699.429963367195,4.0,20.662072840334247,1
41,1391235668320,1767.0902065129565,4.0,20.968811345721928,1
41,1391235668368,1834.4253201615873,4.0,21.08889265847261,1
41,1391235668416,1911.8262967642513,0.0,22.657035679554397,0
41,1391235665248,684.498009898714,4.0,8.405943567473644,1
42,1391235665392,670.5037213490194,3.9999999999999996,7.758517209240505,1
42,1391235664720,650.0192342784447,3.9999999999985087,6.9089898783393355,1
42,1391235664912,653.7075683594098,0.0,7.684736977899405,0
42,1391235665008,718.8978710988158,4.0,10.571780876987853,1
42,1391235666736,747.7955825728309,4.0,11.823980017895972,1
42,1391235665056,674.5416312443739,0.0,6.7375232048267035,0
42,1391235666256,783.5057152307968,4.0,13.950604448613559,1
42,1391235664480,818.0635258091596,4.0,14.726040862322385,1
42,1391235664960,693.7306265458759,0.0,5.660575734499187,0
42,1391235664528,711.1144274377257,0.0,4.494768814636414,0
42,1391235664864,726.7399823200906,0.0,3.632261932772041,0
42,1391235667264,741.4665474219389,0.0,3.481831932604118,0
42,1391235664288,854.2601619236159,4.0,15.306126496428407,1
42,1391235666928,892.389653147297,4.0,15.748463060963262,1
42,1391235667360,756.7355954468966,0.0,4.190701497732462,0
42,1391235667552,774.0533408729508,0.0,5.62346914227987,0
42,1391235667456,931.950243751226,4.0,15.987051704112373,1
42,1391235664192,970.8730093425381,4.0,16.004011066920942,1
42,1391235667216,1009.9811875501397,4.0,15.970653919319881,1
42,1391235665632,794.5171212131534,0.0,7.493812143849191,0
42,1391235666160,818.7266415241907,0.0,9.514986260684207,0
42,1391235667600,1047.608080739262,4.0,15.94104079909477,1
42,1391235667648,846.6222509707926,0.0,11.37458745642355,0
42,1391235664768,877.6682053649608,0.0,12.869982290827664,0
42,1391235664336,911.5635825214208,0.0,14.068732176575184,0
42,1391235666544,1086.3148738444775,4.0,15.987847296434255,1
42,1391235666784,947.3846800896063,0.0,14.857327703871524,0
42,1391235667744,1125.6130055614115,4.0,16.132442558330908,1
42,1391235664240,983.3482517329759,0.0,15.28258774276842,0
42,1391235667072,1023.7197758455461,0.0,15.911366512588586,0
42,1391235667504,1163.3462832731839,4.0,16.329542445259495,1
42,1391235666400,1065.0245214633492,0.0,16.375243881958475,0
42,1391235666448,1201.571706864844,4.0,16.555693205543076,1
42,1391235664624,1244.7534682013963,4.0,16.92856503881916,1
42,1391235666976,1105.761231943134,0.0,16.66767979761352,0
42,1391235666688,1145.8518211217881,0.0,16.876309325369185,0
42,1391235665968,1288.8802260122907,4.0,17.33653168051198,1
42,1391235666112,1186.4466077513302,0.0,17.109361084144346,0
42,1391235666640,1230.9866002513218,0.0,17.45022728185017,0
42,1391235664384,1334.4628184959133,4.0,17.73234198804129,1
42,1391235666064,1379.464317540717,4.0,18.08228674592393,1
42,1391235664576,1433.0108492971576,4.0,18.63290160904834,1
42,1391235666880,1479.84418965059,4.0,18.92877950950394,1
42,1391235666304,1278.1415189970312,0.0,17.81677160059477,0
42,1391235667312,1329.4445266012915,0.0,18.25156756401959,0
42,1391235666208,1380.1941242862088,0.0,18.568746507167862,0
42,1391235667792,1539.1396584248735,4.0,19.51079841007536,1
42,1391235667840,1594.0330615309167,4.0,19.882343302568923,1
42,1391235667888,1435.2585967829666,0.0,18.955408630324253,0
42,1391235667936,1485.8100422985967,0.0,19.20607114339249,0
42,1391235667984,1652.1586699916752,4.0,20.2511288459539,1
42,1391235668032,1537.0011753925567,0.0,19.451602869980956,0
42,1391235668080,1603.8200965163294,0.0,20.089448160297103,0
42,1391235668128,1666.059660767746,0.0,20.491263358587908,0
42,1391235668176,1732.9893150721086,0.0,20.882576467821437,0
42,1391235668224,1820.9807231476075,0.0,21.675323532227875,0
42,1391235668272,1720.1006408042854,4.0,20.68034797374113,1
42,1391235668320,1788.0624940446094,4.0,20.976171536979063,1
42,1391235668368,1855.5142128200605,4.0,21.08889265847261,1
42,1391235668416,1934.483332443805,0.0,22.657035679554397,0
42,1391235665248,693.2378941271555,4.0,9.129602665759984,1
43,1391235665392,678.5558241680758,3.9999999999999996,8.4064012361637,1
43,1391235664720,657.0664540125663,3.999999999999587,7.241747319985339,1
43,1391235664912,661.1295139695133,0.0,7.111745271012627,0
43,1391235665008,729.768880192224,4.0,11.199103908769823,1
43,1391235666736,759.831517065033,4.0,12.263061067648428,1
43,1391235665056,680.9764951803107,0.0,6.077832141179554,0
43,1391235666256,797.6682465688308,4.0,14.388607970222775,1
43,1391235664480,832.9293984881346,4.0,15.013843596517722,1
43,1391235664960,699.0527821177121,0.0,4.938493233754199,0
43,1391235664528,715.321995465904,0.0,3.9076381729336114,0
43,1391235664864,730.2504218747708,0.0,3.416858803500658,0
43,1391235667264,745.048506020665,0.0,3.7417937212659105,0
43,1391235664288,869.6551843599649,4.0,15.488303716130828,1
43,1391235666928,908.1848148121181,4.0,15.84290299026326,1
43,1391235667360,761.2257792431008,0.0,4.865823296223757,0
43,1391235667552,780.1117852328226,0.0,6.573852524277016,0
43,1391235667456,947.9505595867522,4.0,16.01253694876356,1
43,1391235664192,986.8766083266637,4.0,16.002407830898196,1
43,1391235667216,1025.9498582284323,4.0,15.967306946228224,1
43,1391235665632,802.5041777032973,0.0,8.553678647826457,0
43,1391235666160,828.7217675712499,0.0,10.533092028862374,0
43,1391235667600,1063.5570792355165,4.0,15.959467352693064,1
43,1391235667648,858.4014209562139,0.0,12.221887658481148,0
43,1391235664768,890.8407847070247,0.0,13.497757665839531,0
43,1391235664336,925.8447269394702,0.0,14.506513215816534,0
43,1391235666544,1102.3237189195684,4.0,16.034116895346106,1
43,1391235666784,962.3773221078835,0.0,15.135637630232061,0
43,1391235667744,1141.7781531771523,4.0,16.20312256678439,1
43,1391235664240,998.7263508482123,0.0,15.480486657397945,0
43,1391235667072,1039.6942332518104,0.0,16.042597951207245,0
43,1391235667504,1179.7132084261589,4.0,16.409714745669234,1
43,1391235666400,1081.4433121829106,0.0,16.466566565803085,0
43,1391235666448,1218.1660244342847,4.0,16.638231481741258,1
43,1391235664624,1261.7218739768275,4.0,17.013457876530012,1
43,1391235666976,1122.465339589962,0.0,16.744829407794548,0
43,1391235666688,1162.7642067906659,0.0,16.952935416912098,0
43,1391235665968,1306.255509818302,4.0,17.41898482834899,1
43,1391235666112,1203.590779383677,0.0,17.183271614324994,0
43,1391235666640,1248.4679350173885,0.0,17.516323036301326,0
43,1391235664384,1352.2308340579914,4.0,17.80820163433543,1
43,1391235666064,1397.5789663123196,4.0,18.151097031631537,1
43,1391235664576,1451.6724399717907,4.0,18.693897812995083,1
43,1391235666880,1498.7982443118829,4.0,18.98252511138584,1
43,1391235666304,1295.9855131435775,0.0,17.874673432132592,0
43,1391235667312,1347.7197843684717,0.0,18.302049296316554,0
43,1391235666208,1398.7844954638408,0.0,18.614860484151595,0
43,1391235667792,1558.6717260279447,4.0,19.556028965996838,1
43,1391235667840,1613.9327733580847,4.0,19.919279136651703,1
43,1391235667888,1454.2341992258503,0.0,18.998482115768567,0
43,1391235667936,1505.034993505816,0.0,19.24630502925568,0
43,1391235667984,1672.4230969955597,4.0,20.27940319095243,1
43,1391235668032,1556.4697354518912,0.0,19.487720626572866,0
43,1391235668080,1623.9250084856096,0.0,20.122387529369984,0
43,1391235668128,1686.5637650029441,0.0,20.518604327126912,0
43,1391235668176,1753.8812848201012,0.0,20.902572373901588,0
43,1391235668224,1842.661318377915,0.0,21.68654885124144,0
43,1391235668272,1740.7891732834096,4.0,20.69773283844171,1
43,1391235668320,1809.0419143272532,4.0,20.983050859198556,1
43,1391235668368,1876.6031054785337,4.0,21.08889265847261,1
43,1391235668416,1957.1403681233587,0.0,22.657035679554397,0
43,1391235665248,702.714800662981,4.0,9.872954852483646,1
44,1391235665392,687.2969517228084,3.9999999999999996,9.132919249232945,1
44,1391235664720,664.5354530200934,3.9999999999998903,7.756818228555271,1
44,1391235664912,667.9518165035713,0.0,6.481344219889366,0
44,1391235665008,741.228992410695,4.0,11.742882203032988,1
44,1391235666736,772.2685019095268,4.0,12.6226850159508,1
44,1391235665056,686.7276320384498,0.0,5.373746489768984,0
44,1391235666256,812.2280819818761,4.0,14.741426963053348,1
44,1391235664480,848.0538602849092,4.0,15.241206133034446,1
44,1391235664960,703.6725824375171,0.0,4.27254990809481,0
44,1391235664528,719.0267861321452,0.0,3.512199136953041,0
44,1391235664864,733.667290388143,0.0,3.463822621051413,0
44,1391235667264,749.004965021118,0.0,4.241235504093657,0
44,1391235664288,885.2120145503517,4.0,15.6284936875096,1
44,1391235666928,924.060786219699,4.0,15.90943683985591,1
44,1391235667360,766.4717373654287,0.0,5.705480025998632,0
44,1391235667552,787.1615656448752,0.0,7.60365157032442,0
44,1391235667456,963.9695210504524,4.0,16.02435282964883,1
44,1391235664192,1002.8772535917432,4.0,15.998516209122906,1
44,1391235667216,1041.9177876008887,4.0,15.969795412039971,1
44,1391235665632,811.5521887001654,0.0,9.608261100006992,0
44,1391235666160,839.7017445221095,0.0,11.474383196464466,0
44,1391235667600,1079.52810965606,4.0,15.985601238075763,1
44,1391235667648,870.9745078033889,0.0,12.953154209244747,0
44,1391235664768,904.5881528866258,0.0,14.013671288046556,0
44,1391235664336,940.5203816621221,0.0,14.854427710198115,0
44,1391235666544,1118.3820101809426,4.0,16.086991819363327,1
44,1391235666784,977.6200946460101,0.0,15.35631185876198,0
44,1391235667744,1158.015378970549,4.0,16.2766023047986,1
44,1391235664240,1014.2860281192477,0.0,15.645039002470593,0
44,1391235667072,1055.7904731100455,0.0,16.154643305472387,0
44,1391235667504,1196.1603809165606,4.0,16.48993534113503,1
44,1391235666400,1097.9487491506875,0.0,16.54847545378612,0
44,1391235666448,1234.8422344299036,4.0,16.719333851329843,1
44,1391235664624,1278.7739077468514,4.0,17.095636930758403,1
44,1391235666976,1139.2444571252215,0.0,16.817662928575217,0
44,1391235666688,1179.7515349585854,0.0,17.026065141526466,0
44,1391235665968,1323.7117271012085,4.0,17.498207331182453,1
44,1391235666112,1220.8071423543038,0.0,17.253582231659433,0
44,1391235666640,1266.0139410155311,0.0,17.579427091183746,0
44,1391235664384,1370.0732081577046,4.0,17.880881010663835,1
44,1391235666064,1415.7610468996895,4.0,18.216989353121097,1
44,1391235664576,1470.3937950408144,4.0,18.752288140095107,1
44,1391235666880,1517.8049784086245,4.0,19.03401427133525,1
44,1391235666304,1313.8863121397617,0.0,17.93026723658157,0
44,1391235667312,1366.044799310324,0.0,18.350999155376947,0
44,1391235666208,1417.420399618334,0.0,18.65973929840854,0
44,1391235667792,1578.2481348167444,4.0,19.59937646458726,1
44,1391235667840,1633.8686949151127,4.0,19.954676755079962,1
44,1391235667888,1473.2523550524274,0.0,19.040443838129914,0
44,1391235667936,1524.2995992540134,0.0,19.2853057939868,0
44,1391235667984,1692.7152278800786,4.0,20.306468486784713,1
44,1391235668032,1575.97384758865,0.0,19.52263716713606,0
44,1391235668080,1644.062350004877,0.0,20.15424407131975,0
44,1391235668128,1707.0947584400365,0.0,20.544986679964868,0
44,1391235668176,1774.7929090802008,0.0,20.921844339612363,0
44,1391235668224,1864.352955427484,0.0,21.69738484261338,0
44,1391235668272,1761.4946959209842,4.0,20.714281051850573,1
44,1391235668320,1830.0280030789288,4.0,20.989484297633485,1
44,1391235668368,1897.691998137007,4.0,21.08889265847261,1
44,1391235668416,1979.7974038029124,0.0,22.657035679554397,0
44,1391235665248,712.9263559726536,4.0,10.590485025097953,1
45,1391235665392,696.7812821070941,3.9999999999999996,9.88644167852965,1
45,1391235664720,672.5855500228106,3.9999999999999725,8.404153527974538,1
45,1391235664912,674.1190365699433,0.0,5.801262619538111,0
45,1391235665008,753.1920906576819,4.0,12.199531122732804,1
45,1391235666736,785.0327469044486,4.0,12.915258223475988,1
45,1391235665056,691.7729709155343,0.0,4.677092172139485,0
45,1391235666256,827.1056664198803,4.0,15.021398979780239,1
45,1391235664480,863.3819575612747,4.0,15.419643048232942,1
45,1391235664960,707.682456598,0.0,3.739714270104594,0
45,1391235664528,722.4449375935394,0.0,3.355638166994134,0
45,1391235664864,737.2523059218057,0.0,3.76730114406523,0
45,1391235667264,753.5582099873226,0.0,4.941740886638108,0
45,1391235664288,900.892788461003,4.0,15.735252592861448,1
45,1391235666928,939.9928749807655,4.0,15.954719499449187,1
45,1391235667360,772.6160395510178,0.0,6.662429635884165,0
45,1391235667552,795.2603105354033,0.0,8.666344799545348,0
45,1391235667456,979.9958775013694,4.0,16.027486647096378,1
45,1391235664192,1018.874117583982,4.0,15.995319495383479,1
45,1391235667216,1057.891368665481,4.0,15.979196723263279,1
45,1391235665632,821.6365861057697,0.0,10.617178631802494,0
45,1391235666160,851.5767372059556,0.0,12.312884079267034,0
45,1391235667600,1095.5287722237251,4.0,16.01914834305621,1
45,1391235667648,884.2229454684771,0.0,13.564981389696722,0
45,1391235664768,918.803717290848,0.0,14.429897066273359,0
45,1391235664336,955.5082821779404,0.0,15.12880879032066,0
45,1391235666544,1134.495818034909,4.0,16.14532219790917,1
45,1391235666784,993.0621896743799,0.0,15.53350799212476,0
45,1391235667744,1174.3269910576553,4.0,16.3518566972951,1
45,1391235664240,1029.9978807640923,0.0,15.784323468801313,0
45,1391235667072,1071.9918416515081,0.0,16.252643572853945,0
45,1391235667504,1212.6875742174816,4.0,16.569638990397475,1
45,1391235666400,1114.5328400144165,0.0,16.62382553623005,0
45,1391235666448,1251.5987776456411,4.0,16.798750944379037,1
45,1391235664624,1295.9068535046367,4.0,17.175104876617684,1
45,1391235666976,1156.0948807300808,0.0,16.887389749562537,0
45,1391235666688,1196.8105665380208,0.0,17.09621201321478,0
45,1391235665968,1341.2457160430718,4.0,17.574347766718095,1
45,1391235666112,1238.0923004076794,0.0,17.320710598121284,0
45,1391235666640,1283.6217762521967,0.0,17.639849079035887,0
45,1391235664384,1387.9868541153867,4.0,17.95057835324735,1
45,1391235666064,1434.0077329334224,4.0,18.280156913933393,1
45,1391235664576,1489.172394192911,4.0,18.808252569993734,1
45,1391235666880,1536.8622071766174,4.0,19.083397882962377,1
45,1391235666304,1331.8417133657651,0.0,17.983771545753065,0
45,1391235667312,1384.4180907476875,0.0,18.398523194617994,0
45,1391235666208,1436.100626264795,0.0,18.703434565603626,0
45,1391235667792,1597.8670595537942,4.0,19.640962664254747,1
45,1391235667840,1653.839333142678,4.0,19.98863134984683,1
45,1391235667888,1492.311960263141,0.0,19.08131108233049,0
45,1391235667936,1543.602648199409,0.0,19.32311997823727,0
45,1391235667984,1713.0338877411189,4.0,20.332396789510558,1
45,1391235668032,1595.5123387044705,0.0,19.556412006521537,0
45,1391235668080,1664.2310630517695,0.0,20.185070349074937,0
45,1391235668128,1727.6517067007617,0.0,20.57046167736368,0
45,1391235668176,1795.7234833941613,0.0,20.940433515869653,0
45,1391235668224,1886.0552549226618,0.0,21.707852550012824,0
45,1391235668272,1782.216395472163,4.0,20.73004206843231,1
45,1391235668320,1851.0203295872122,4.0,20.99550386172639,1
45,1391235668368,1918.7808907954802,4.0,21.08889265847261,1
45,1391235668416,2002.4544394824661,0.0,22.657035679554397,0
45,1391235665248,723.8297006009182,4.0,11.247855253432792,1
46,1391235665392,707.0139102883018,3.9999999999999996,10.621380442830747,1
46,1391235664720,681.3247003448382,3.999999999999994,9.131681630206256,1
46,1391235664912,679.5934011806557,0.0,5.101119916724222,0
46,1391235665008,765.572952876658,4.0,12.57437016160216,1
46,1391235666736,798.0631626769762,4.0,13.15340678505046,1
46,1391235665056,696.1510235686907,0.0,4.056185456330438,0
46,1391235666256,842.2341894530538,4.0,15.241394906943466,1
46,1391235664480,878.8695416349339,4.0,15.559080629134554,1
46,1391235664960,711.2471972033184,0.0,3.404330810800848,0
46,1391235664528,725.8258661588781,0.0,3.4553526747965155,0
46,1391235664864,741.2510358182798,0.0,4.301047460899009,0
46,1391235667264,758.8888938608591,0.0,5.79894820754144,0
46,1391235664288,916.6674833913403,4.0,15.815631347247761,1
46,1391235666928,955.9624686467306,4.0,15.984212670224153,1
46,1391235667360,779.7537653823365,0.0,7.6891218892537445,0
46,1391235667552,804.4197827038488,0.0,9.717125855077406,0
46,1391235667456,996.0228816533863,4.0,16.02592222302099,1
46,1391235664192,1034.8689892401692,4.0,15.99503676838674,1
46,1391235667216,1073.8777840743794,4.0,15.99599524381169,1
46,1391235665632,832.6953418912136,0.0,11.546839089452877,0
46,1391235666160,864.2362371500499,0.0,13.034195454436372,0
46,1391235667600,1111.5662221166087,4.0,16.059512484103067,1
46,1391235667648,898.0296747429109,0.0,14.063973971834363,0
46,1391235664768,933.3948696948399,0.0,14.761915560485654,0
46,1391235664336,970.7423267109243,0.0,15.345324167517326,0
46,1391235666544,1150.6700645989295,4.0,16.207973683812742,1
46,1391235666784,1008.6656821353534,0.0,15.678633597628966,0
46,1391235667744,1190.7143474136983,4.0,16.42802130869166,1
46,1391235664240,1045.8396623937276,0.0,15.90450861191843,0
46,1391235667072,1088.286138446539,0.0,16.340336145216575,0
46,1391235667504,1229.294056275852,4.0,16.648385496437427,1
46,1391235666400,1131.1899945055786,0.0,16.69455543904255,0
46,1391235666448,1268.4338821281588,4.0,16.87630914834989,1
46,1391235664624,1313.1180155315637,4.0,17.25189997408963,1
46,1391235666976,1173.0138780794541,0.0,16.954744304641668,0
46,1391235666688,1213.9384896598353,0.0,17.163718705108447,0
46,1391235665968,1358.854465402546,4.0,17.647558046547623,1
46,1391235666112,1255.443230815862,0.0,17.38498535438309,0
46,1391235666640,1301.2888815798615,0.0,17.69784401411444,0
46,1391235664384,1405.9688773473347,4.0,18.017478689361226,1
46,1391235666064,1452.3163834054105,4.0,18.340776372884484,1
46,1391235664576,1508.005888615119,4.0,18.86195334125851,1
46,1391235666880,1555.9678899460512,4.0,19.13081260439808,1
46,1391235666304,1349.8497149509408,0.0,18.035368438335887,0
46,1391235667312,1402.8382753129972,0.0,18.444709657881027,0
46,1391235666208,1454.8240135400852,0.0,18.74599184500212,0
46,1391235667792,1617.5267913730506,4.0,19.68089804681087,1
46,1391235667840,1673.8432862076086,4.0,20.02122979729003,1
46,1391235667888,1511.411929745783,0.0,19.121104447458332,0
46,1391235667936,1562.9429751604337,0.0,19.35979325577547,0
46,1391235667984,1733.377970915987,4.0,20.35725424334437,1
46,1391235668032,1615.0840933361972,0.0,19.58910069601657,0
46,1391235668080,1684.4301406521556,0.0,20.214915719895757,0
46,1391235668128,1748.2337249412537,0.0,20.59507694088214,0
46,1391235668176,1816.6723429400265,0.0,20.958377866888704,0
46,1391235668224,1907.7678578047742,0.0,21.717971482021618,0
46,1391235668272,1802.95350636218,4.0,20.745061586849676,1
46,1391235668320,1872.0184938790221,4.0,21.001138889947274,1
46,1391235668368,1939.8697834539535,4.0,21.08889265847261,1
46,1391235668416,2025.1114751620198,0.0,22.657035679554397,0
46,1391235665248,735.3534890255045,4.0,11.823382465267334,1
47,1391235665392,717.95834670096,3.9999999999999996,11.301209101022492,1
47,1391235664720,690.809371634303,3.999999999999999,9.889191658713433,1
47,1391235664912,684.3770696130273,0.0,4.431780771890735,0
47,1391235665008,778.2943407174236,4.0,12.877778954561764,1
47,1391235666736,811.3107135742883,4.0,13.348352669818711,1
47,1391235665056,699.9706760873026,0.0,3.58085952965909,0
47,1391235666256,857.5593557366826,4.0,15.413331257919555,1
47,1391235664480,894.4815706501322,4.0,15.667693065660862,1
47,1391235664960,714.5851852563769,0.0,3.30633701967017,0
47,1391235664528,729.423655773297,0.0,3.802659311119373,0
47,1391235664864,745.8767437116688,0.0,5.02722151663567,0
47,1391235667264,765.1321072811502,0.0,6.766364386870898,0
47,1391235664288,932.5124977736871,4.0,15.87537235475776,1
47,1391235666928,971.9559413963516,4.0,16.002395357397763,1
47,1391235667360,787.932755876601,0.0,8.738914334840434,0
47,1391235667552,814.608603134478,0.0,10.715287450549631,0
47,1391235667456,1012.0473678405326,4.0,16.022807765234177,1
47,1391235664192,1050.865563634963,4.0,15.99923476596973,1
47,1391235667216,1089.8844731592976,4.0,16.0202089287233,1
47,1391235665632,844.6370936280468,0.0,12.373196958150519,0
47,1391235666160,877.5608657443277,0.0,13.635581754563587,0
47,1391235667600,1127.6469206704114,4.0,16.10590622061792,1
47,1391235667648,912.2876404214943,0.0,14.463365874771887,0
47,1391235664768,948.2849173372475,0.0,15.025729944984345,0
47,1391235664336,986.1712579943829,0.0,15.51773033167669,0
47,1391235666544,1166.9085673467152,4.0,16.273883466854436,1
47,1391235666784,1024.402798911887,0.0,15.800456749054298,0
47,1391235667744,1207.1780150803522,4.0,16.504387539285677,1
47,1391235664240,1061.7945482974737,0.0,16.010228137830698,0
47,1391235667072,1104.6643848208457,0.0,16.42040963082164,0
47,1391235667504,1245.9787066684225,4.0,16.72584259917008,1
47,1391235666400,1147.9162384226781,0.0,16.761953318007993,0
47,1391235666448,1285.3456320147404,4.0,16.95189605808167,1
47,1391235664624,1330.4047487379366,4.0,17.326085310190024,1
47,1391235666976,1189.9992956719875,0.0,17.020152170769187,0
47,1391235666688,1231.1327813315736,0.0,17.228821792547063,0
47,1391235665968,1376.53511563432,4.0,17.717988980678324,1
47,1391235666112,1272.8572082866456,0.0,17.446672025323807,0
47,1391235666640,1319.012932632686,0.0,17.753625517866276,0
47,1391235664384,1424.0165621138935,4.0,18.081753843682495,1
47,1391235666064,1470.6845268065535,4.0,18.39900930336935,1
47,1391235664576,1526.8920843333617,4.0,18.913537205594185,1
47,1391235666880,1575.120116739653,4.0,19.176382594691926,1
47,1391235666304,1367.9084832657816,0.0,18.08521156020089,0
47,1391235667312,1421.3040513266926,0.0,18.489633403009247,0
47,1391235666208,1473.5894429845555,0.0,18.787452320847066,0
47,1391235667792,1637.2257271670594,4.0,19.71928319799231,1
47,1391235667840,1693.8792356431445,4.0,20.052551608533744,1
47,1391235667888,1530.5512002761848,0.0,19.15984717775458,0
47,1391235667936,1582.319460116719,0.0,19.39537016065974,0
47,1391235667984,1753.7464353714058,4.0,20.38110170730513,1
47,1391235668032,1634.688049854519,0.0,19.620755163572923,0
47,1391235668080,1704.6586237775343,0.0,20.243826553626434,0
47,1391235668128,1768.839974364402,0.0,20.618876770929496,0
47,1391235668176,1837.638859494,0.0,20.975712481545663,0
47,1391235668224,1929.4904238617853,0.0,21.72775975224949,0
47,1391235668272,1823.7053071018317,4.0,20.75938190908949,1
47,1391235668320,1893.0221241772972,4.0,21.006416317187664,1
47,1391235668368,1960.9586761124267,4.0,21.08889265847261,1
47,1391235668416,2047.7685108415735,0.0,22.657035679554397,0
47,1391235665248,747.4105714608133,4.0,12.307771761492496,1
48,1391235665392,729.5467037880437,3.9999999999999996,11.900680945361987,1
48,1391235664720,701.0479443268742,3.9999999999999996,10.631577438775158,1
48,1391235664912,688.5299596869742,0.0,3.8567516810477844,0
48,1391235665008,791.2904851994449,4.0,13.12199005845021,1
48,1391235666736,824.7366839008249,4.0,13.509350756592008,1
48,1391235665056,703.4053879860398,0.0,3.3073301572519167,0
48,1391235666256,873.0380332834911,4.0,15.547436269502976,1
48,1391235664480,910.1904029211602,4.0,15.752035245020977,1
48,1391235664960,717.9417653060724,0.0,3.458049116378934,0
48,1391235664528,733.47454560121,0.0,4.370772535343219,0
48,1391235664864,751.3019652036762,0.0,5.902618243398438,0
48,1391235667264,772.3761652509925,0.0,7.797109658409362,0
48,1391235664288,948.4094528330786,4.0,15.919146577086313,1
48,1391235666928,987.9637586956204,4.0,16.012944444705525,1
48,1391235667360,797.1552829853573,0.0,9.767874687831679,0
48,1391235667552,825.7578605344918,0.0,11.62754788060349,0
48,1391235667456,1028.0689799596726,4.0,16.020586101307096,1
48,1391235664192,1066.8688356854268,4.0,16.0089246259213,1
48,1391235667216,1105.9187202131993,4.0,16.051504469383875,1
48,1391235665632,857.3515812561985,0.0,13.083372602828655,0
48,1391235666160,891.4332568164375,0.0,14.123978977646251,0
48,1391235667600,1143.7764884538278,4.0,16.157442356306703,1
48,1391235667648,926.9047285096248,0.0,14.779461011928744,0
48,1391235664768,963.4126862706474,0.0,15.236075565199899,0
48,1391235664336,1001.7564674049769,0.0,15.65737318207183,0
48,1391235666544,1183.2141282955781,4.0,16.3420946564725,1
48,1391235666784,1040.2534426406357,0.0,15.905483508621032,0
48,1391235667744,1223.7179206436667,4.0,16.580390115537444,1
48,1391235664240,1077.849766277951,0.0,16.104927311188707,0
48,1391235667072,1121.1199111769286,0.0,16.494782523338618,0
48,1391235667504,1262.740116371939,4.0,16.801768550037057,1
48,1391235666400,1164.7086604703657,0.0,16.82685456763969,0
48,1391235666448,1302.3320226061853,4.0,17.025447663049444,1
48,1391235664624,1347.7644794384482,4.0,17.397740517761818,1
48,1391235666976,1207.0493075939194,0.0,17.083845815985043,0
48,1391235666688,1248.3911223739867,0.0,17.291693475410547,0
48,1391235665968,1394.28495631427,4.0,17.785787349039634,1
48,1391235666112,1290.3317505862722,0.0,17.5059905324774,0
48,1391235666640,1336.7918030761996,0.0,17.807375208414918,0
48,1391235664384,1442.1273584959642,4.0,18.14356288067643,1
48,1391235666064,1489.1098467062577,4.0,18.455003605166,1
48,1391235664576,1545.8289276481105,4.0,18.963137350120284,1
48,1391235666880,1594.317096483516,4.0,19.220220993520268,1
48,1391235666304,1386.0163274105732,0.0,18.1334320767035,0
48,1391235667312,1439.8141869834026,0.0,18.53335908759221,0
48,1391235666208,1492.3958357373904,0.0,18.82785394627477,0
48,1391235667792,1656.9623602518784,4.0,19.756209975648147,1
48,1391235667840,1713.9459393741588,4.0,20.082669744278537,1
48,1391235667888,1549.7287328643033,0.0,19.197564531943737,0
48,1391235667936,1601.7310269716936,0.0,19.429893890253847,0
48,1391235667984,1774.1382976787431,4.0,20.40399529993383,1
48,1391235668032,1654.3231969845724,0.0,19.651424016047518,0
48,1391235668080,1724.915598453942,0.0,20.271846436608644,0
48,1391235668128,1789.4696590342312,0.0,20.64190243174627,0
48,1391235668176,1858.6224386861381,0.0,20.992469848122617,0
48,1391235668224,1951.222630392761,0.0,21.73723420416872,0
48,1391235668272,1844.471117042269,4.0,20.773042258209703,1
48,1391235668320,1914.0308746097007,4.0,21.01136091009088,1
48,1391235668368,1982.0475687709,4.0,21.08889265847261,1
48,1391235668416,2070.425546521127,0.0,22.657035679554397,0
48,1391235665248,759.909589282935,4.0,12.702152942771729,1
49,1391235665392,741.6914996218295,3.9999999999999996,12.406654809293114,1
49,1391235664720,712.0072395752248,3.9999999999999996,11.321837812109155,1
49,1391235664912,691.5479258027584,1.284077740009982,3.475135866559803,0
49,1391235665008,804.507838836794,4.0,13.31892267226289,1
49,1391235666736,838.3106900001773,4.0,13.643713390645912,1
49,1391235665056,706.674445672052,0.0,3.268508403061691,0
49,1391235666256,888.6364411654955,4.0,15.652059796057115,1
49,1391235664480,925.9742936726173,4.0,15.81730288241954,1
49,1391235664960,721.5630696050332,0.0,3.8482520894142254,0
49,1391235664528,738.1826546535154,0.0,5.1226934348721,0
49,1391235664864,757.6548833772462,0.0,6.881946743399862,0
49,1391235667264,780.6627906080507,0.0,8.845177935213012,0
49,1391235664288,964.3442274404125,4.0,15.950775792227958,1
49,1391235666928,1003.9797445710482,4.0,16.018876486348358,1
49,1391235667360,807.3819805746626,0.0,10.737544836970235,0
49,1391235667552,837.7700792375866,0.0,12.43119379215806,0
49,1391235667456,1044.0895155061123,4.0,16.021096399297885,1
49,1391235664192,1082.884586435948,4.0,16.024650638994896,1
49,1391235667216,1121.9873523879273,4.0,16.089300384961852,1
49,1391235665632,870.7208679526733,0.0,13.675420723133238,0
49,1391235666160,905.7462662867786,0.0,14.512737524777618,0
49,1391235667600,1159.9596406781438,4.0,16.213205855250425,1
49,1391235667648,941.805431314218,0.0,15.028799615129229,0
49,1391235664768,978.7307784593083,0.0,15.405543245604779,0
49,1391235664336,1017.4695509368155,0.0,15.773182072913164,0
49,1391235666544,1199.588649233554,4.0,16.411773589829725,1
49,1391235666784,1056.2031414374414,0.0,15.998414190764557,0
49,1391235667744,1240.3334859857985,4.0,16.655590368147347,1
49,1391235664240,1093.9955486201216,0.0,16.191152935276325,0
49,1391235667072,1137.6476906073976,0.0,16.564814632365476,0
49,1391235667504,1279.5766704657042,4.0,16.875995624694674,1
49,1391235666400,1181.565030565934,0.0,16.88978575752304,0
49,1391235666448,1319.3910035135266,4.0,17.096937442850532,1
49,1391235664624,1365.1947188326926,4.0,17.46695553128282,1
49,1391235666976,1224.1622615897898,0.0,17.14594290949561,0
49,1391235666688,1265.711346293257,0.0,17.352467730438637,0
49,1391235665968,1412.101421179054,4.0,17.85109407257043,1
49,1391235666112,1307.864578857467,0.0,17.563127071381043,0
49,1391235666640,1354.6235359404163,0.0,17.85924946694703,0
49,1391235664384,1460.2988699429104,4.0,18.20305279638984,1
49,1391235666064,1507.590168704572,4.0,18.50889482722135,1
49,1391235664576,1564.8144923562666,4.0,19.01087503639202,1
49,1391235666880,1613.5571465947562,4.0,19.26243118739712,1
49,1391235666304,1404.1716789268955,0.0,18.180143148775343,0
49,1391235667312,1458.3675112917779,0.0,18.57594348250515,0
49,1391235666208,1511.2421496930497,0.0,18.86723222038687,0
49,1391235667792,1676.735272116558,4.0,19.791762504898106,1
49,1391235667840,1734.0422255030771,4.0,20.111651317379703,1
49,1391235667888,1568.9435144996648,0.0,19.23428322013004,0
49,1391235667936,1621.1766421486968,0.0,19.463406171333535,0
49,1391235667984,1794.5526285007697,4.0,20.42598687495067,1
49,1391235668032,1673.9885706133186,0.0,19.68115280920909,0
49,1391235668080,1745.2001930683225,0.0,20.299016361884508,0
49,1391235668128,1810.1220229615526,0.0,20.664192407654674,0
49,1391235668176,1879.6225175156615,0.0,21.008680097457646,0
49,1391235668224,1972.9641709907949,0.0,21.746410522598588,0
49,1391235668272,1865.2502934304068,4.0,20.786079060284013,1
49,1391235668320,1935.04442313945,4.0,21.015995474815607,1
49,1391235668368,2003.1364614293732,4.0,21.08889265847261,1
49,1391235668416,2093.082582200681,0.0,22.657035679554397,0
49,1391235665248,772.7640234244622,4.0,13.015008764991988,1
50,1391235665392,754.2974725466444,3.9999999999999996,12.817157525061555,1
50,1391235664720,723.6218403813239,3.9999999999999996,11.933525700943546,1
50,1391235664912,694.6026321100724,3.1347499153721037,5.069930036852244,1
50,1391235665008,817.9041448139595,4.0,13.479018031112787,1
50,1391235666736,852.008855124109,4.0,13.757085473103034,1
50,1391235665056,710.0181135323309,0.0,3.4720390116137176,0
50,1391235666256,904.3283130455333,4.0,15.733802266938053,1
50,1391235664480,941.8161692121207,4.0,15.867616471314008,1
50,1391235664960,725.6758748993116,0.0,4.449675688061602,0
50,1391235664528,743.7125247113443,0.0,6.016593097469175,0
50,1391235664864,765.0180168344527,0.0,7.9193038112518135,0
50,1391235667264,789.9888004882433,0.0,9.867351478424958,0
50,1391235664288,980.3061983201949,4.0,15.97341642252125,1
50,1391235666928,1020.0004732932274,4.0,16.022653324679418,1
50,1391235667360,818.5388006343135,0.0,11.618090873032534,0
50,1391235667552,850.5306993636452,0.0,13.115655237977146,0
50,1391235667456,1060.1123618175973,4.0,16.02565712932991,1
50,1391235664192,1098.9189558444502,4.0,16.046574515165805,1
50,1391235667216,1138.0965345503994,4.0,16.13285672442034,1
50,1391235665632,884.6294632080098,0.0,14.156329215392429,0
50,1391235666160,920.4077660192642,0.0,14.818211486772398,0
50,1391235667600,1176.2001856855231,4.0,16.27230707981376,1
50,1391235667648,956.930167365823,0.0,15.226383537692318,0
50,1391235664768,994.2032790379582,0.0,15.544351002956509,0
50,1391235664336,1033.2900000391742,0.0,15.871930823170509,0
50,1391235666544,1216.0332579738567,4.0,16.482214419722336,1
50,1391235666784,1072.2414495521143,0.0,16.082576128293923,0
50,1391235667744,1257.0237463756703,4.0,16.729657881623655,1
50,1391235664240,1110.2243455702549,0.0,16.270782852355016,0
50,1391235667072,1154.243857468544,0.0,16.631464123028792,0
50,1391235667504,1296.4866150810399,4.0,16.948415298692804,1
50,1391235666400,1198.4835419834544,0.0,16.951067568236137,0
50,1391235666448,1336.5205117821902,4.0,17.16636733264215,1
50,1391235664624,1382.6930710333338,4.0,17.53382597108103,1
50,1391235666976,1241.3365900801653,0.0,17.206497632599465,0
50,1391235666688,1283.0914091487928,0.0,17.411256195213486,0
50,1391235665968,1429.982081725367,4.0,17.914043168218583,1
50,1391235666112,1325.4535879333182,0.0,17.618242228340524,0
50,1391235666640,1372.506320821844,0.0,17.909384399205482,0
50,1391235664384,1478.5288415786274,4.0,18.260359334641098,1
50,1391235666064,1526.1234486574651,4.0,18.560807382065676,1
50,1391235664576,1583.8469684969855,4.0,19.05686100014043,1
50,1391235666880,1632.838683749661,4.0,19.303107897906845,1
50,1391235666304,1422.3730754598569,0.0,18.225443343806127,0
50,1391235667312,1476.962907021904,0.0,18.617437167226292,0
50,1391235666208,1530.1273773101802,0.0,18.905620715378355,0
50,1391235667792,1696.5431250991896,4.0,19.826018031189523,1
50,1391235667840,1754.1669867533374,4.0,20.13955820188247,1
50,1391235667888,1588.1945593698438,0.0,19.270030918869093,0
50,1391235667936,1640.655313077902,0.0,19.49594717706358,0
50,1391235667984,1814.9885485259551,4.0,20.447124438336438,1
50,1391235668032,1693.6832508536718,0.0,19.709984290056592,0
50,1391235668080,1765.5115758589488,0.0,20.325374906332698,0
50,1391235668128,1830.7963474337519,0.0,20.685782633896178,0
50,1391235668176,1900.6385620963235,0.0,21.024371218736174,0
50,1391235668224,1994.7147544318298,0.0,21.755303333493814,0
50,1391235668272,1886.0422287314068,4.0,20.79852619525237,1
50,1391235668320,1956.0624696925186,4.0,21.0203410410098,1
50,1391235668368,2024.2253540878464,4.0,21.08889265847261,1
50,1391235668416,2115.7396178802346,0.0,22.657035679554397,0
50,1391235665248,785.8979838602115,4.0,13.258855479917854,1
51,1391235665392,767.2716998246742,3.9999999999999996,13.138920361816506,1
51,1391235664720,735.8053352060731,3.9999999999999996,12.451941455062869,1
51,1391235664912,699.9778622884876,3.7161869254328086,4.282065739247866,1
51,1391235665008,831.4467130068589,4.0,13.610817179498502,1
51,1391235666736,865.8122985754426,4.0,13.853780613653544,1
51,1391235665056,712.2377745681603,2.708882461847327,4.247836604714186,1
51,1391235666256,920.0932690904347,4.0,15.797788692130649,1
51,1391235664480,957.702674364662,4.0,15.906276412921994,1
51,1391235664960,730.4749738587334,0.0,5.22600756369636,0
51,1391235664528,750.1857348250932,0.0,7.0085044860185945,0
51,1391235664864,773.4281190635783,0.0,8.969333152497704,0
51,1391235667264,800.3101623006315,0.0,10.826055649672686,0
51,1391235664288,996.2876436327671,4.0,15.989699653855428,1
51,1391235666928,1036.0247526368103,4.0,16.02625917666671,1
51,1391235667360,830.5268612577088,0.0,12.39067968978185,0
51,1391235667552,863.9200680465116,0.0,13.681762936580121,0
51,1391235667456,1076.1420096904958,4.0,16.03513823958868,1
51,1391235664192,1114.9780980921819,4.0,16.07455584628687,1
51,1391235667216,1154.2516471155216,4.0,16.18135019685946,1
51,1391235665632,898.9718920816106,0.0,14.53900216234488,0
51,1391235666160,935.3422929429158,0.0,15.05702000362057,0
51,1391235667600,1192.501068655245,4.0,16.333918251446953,1
51,1391235667648,972.23329169469,0.0,15.384854894566429,0
51,1391235664768,1009.8034304226557,0.0,15.660490227802539,0
51,1391235664336,1049.2032136181895,0.0,15.958605254256963,0
51,1391235666544,1232.5484347726742,4.0,16.55283485646815,1
51,1391235666784,1088.3607512934298,0.0,16.160289116980728,0
51,1391235667744,1273.7874501633785,4.0,16.802352299517732,1
51,1391235664240,1126.5302423599887,0.0,16.345201436832273,0
51,1391235667072,1170.9053624551752,0.0,16.69540260338904,0
51,1391235667504,1313.4681104429812,4.0,17.018965418656045,1
51,1391235666400,1215.4626414019908,0.0,17.0108871607409,0
51,1391235666448,1353.7184967965259,4.0,17.233760399880982,1
51,1391235664624,1400.2572370992257,4.0,17.59844979950933,1
51,1391235666976,1258.5707630752104,0.0,17.265533053689314,0
51,1391235666688,1300.529371977373,0.0,17.468157455587153,0
51,1391235665968,1447.924640035751,4.0,17.97476124949526,1
51,1391235666112,1343.0968235163514,0.0,17.671476596572955,0
51,1391235666640,1390.438475424779,0.0,17.95789954344873,0
51,1391235664384,1496.815149349316,4.0,18.31560784658732,1
51,1391235666064,1544.7077620633704,4.0,18.610855646190096,1
51,1391235664576,1602.9246524005005,4.0,19.101196650002727,1
51,1391235666880,1652.1602156684226,4.0,19.342338121079994,1
51,1391235666304,1440.6191474483942,0.0,18.269419268744166,0
51,1391235667312,1495.5993051299822,0.0,18.657885784023893,0
51,1391235666208,1549.0505438629343,0.0,18.94305143378116,0
51,1391235667792,1716.3846558593336,4.0,19.85904765576707,1
51,1391235667840,1774.319175484118,4.0,20.166447563522695,1
51,1391235667888,1607.4809096307977,0.0,19.304835864457104,0
51,1391235667936,1660.1660866197203,0.0,19.527555483992316,0
51,1391235667984,1835.445224795876,4.0,20.467452515448727,1
51,1391235668032,1713.4063593394626,0.0,19.737958615121183,0
51,1391235668080,1785.8489525771356,0.0,20.350958395407822,0
51,1391235668128,1851.4919485646801,0.0,20.70670670493577,0
51,1391235668176,1921.6700656062064,0.0,21.039569251512425,0
51,1391235668224,2016.4741036583655,0.0,21.763926293458717,0
51,1391235668272,1906.8463481890583,4.0,20.81041522067356,1
51,1391235668320,1977.084734458956,4.0,21.024417025181645,1
51,1391235668368,2045.3142467463197,4.0,21.08889265847261,1
51,1391235668416,2138.3966535597883,0.0,22.657035679554397,0
51,1391235665248,799.2488587673125,4.0,13.447408942151169,1
52,1391235665392,780.53082089932,3.9999999999999996,13.38415029143695,1
52,1391235664720,748.461953723358,3.9999999999999996,12.873570135535301,1
52,1391235664912,703.3083651276264,3.304822310384625,3.219832796409806,1
52,1391235665008,845.1105064448719,4.0,13.720989257780131,1
52,1391235666736,879.7059531738182,4.0,13.937091389503108,1
52,1391235665056,717.4398485608162,3.4847397230615194,6.4776546316117125,1
52,1391235666256,935.9154847273587,4.0,15.847977083603778,1
52,1391235664480,973.6234529050585,4.0,15.935969100389705,1
52,1391235664960,736.1165027371729,0.0,6.1364923186588785,0
52,1391235664528,757.6793549448583,0.0,8.053441424439123,0
52,1391235664864,782.8775395334701,0.0,9.98916474256407,0
52,1391235667264,811.5491347779264,0.0,11.692528064997958,0
52,1391235664288,1012.2832676150261,4.0,16.0018319091711,1
52,1391235666928,1052.0531743226452,4.0,16.031258038627588,1
52,1391235667360,843.2338925093286,0.0,13.048060432149349,0
52,1391235667552,877.8236973046609,0.0,14.139034786304684,0
52,1391235667456,1092.183636293911,4.0,16.05002786748331,1
52,1391235664192,1131.067915217065,4.0,16.10822769958346,1
52,1391235667216,1170.4572319834942,4.0,16.233934234387416,1
52,1391235665632,913.6571398829076,0.0,14.839166675696008,0
52,1391235666160,950.4904146646056,0.0,15.244297938826955,0
52,1391235667600,1208.864444905579,4.0,16.397295692587807,1
52,1391235667648,987.6806196098759,0.0,15.514336162080136,0
52,1391235664768,1025.5115452933126,0.0,15.760041434483384,0
52,1391235664336,1065.1988881201478,0.0,16.036781057127172,0
52,1391235666544,1249.134131630619,4.0,16.623166298946604,1
52,1391235666784,1104.5553941607313,0.0,16.23315326842719,0
52,1391235667744,1290.62314080812,4.0,16.87350641204578,1
52,1391235664240,1142.908530274851,0.0,16.415430946942067,0
52,1391235667072,1187.6297272947513,0.0,16.75709872369591,0
52,1391235667504,1330.5192720467537,4.0,17.08761943143757,1
52,1391235666400,1232.500920277959,0.0,17.069348144438823,0
52,1391235666448,1370.982938577898,4.0,17.2991550161996,1
52,1391235664624,1417.885016201667,4.0,17.660924951516414,1
52,1391235666976,1275.8632670106642,0.0,17.323060586688307,0
52,1391235666688,1318.023390417694,0.0,17.523262216884106,0
52,1391235665968,1465.9269212898123,4.0,18.033367396581728,1
52,1391235666112,1360.7924641422956,0.0,17.72295473092116,0
52,1391235666640,1408.418430374063,0.0,18.00490069698112,0
52,1391235664384,1515.155790030739,4.0,18.36891414325648,1
52,1391235666064,1563.341294497579,4.0,18.659144948765135,1
52,1391235664576,1622.0459378545875,4.0,19.143975097778057,1
52,1391235666880,1671.5203337791304,4.0,19.38020194177762,1
52,1391235666304,1458.9086071662425,0.0,18.312147628148804,0
52,1391235667312,1514.2756802806598,0.0,18.697330975069615,0
52,1391235666208,1568.0107059920872,0.0,18.979555050620085,0
52,1391235667792,1736.258669538723,4.0,19.890916973135862,1
52,1391235667840,1794.4977992036922,4.0,20.192372323865897,1
52,1391235667888,1626.8016358050158,0.0,19.33872651891453,0
52,1391235667936,1679.7080474602772,0.0,19.55826805985536,0
52,1391235667984,1855.9218673792152,4.0,20.48701247529891,1
52,1391235668032,1733.1570567286742,0.0,19.76511354777275,0
52,1391235668080,1806.2115643081752,0.0,20.375801056175202,0
52,1391235668128,1872.2081750433058,0.0,20.726996062742845,0
52,1391235668176,1942.716546419637,0.0,21.054298457013214,0
52,1391235668224,2038.2419548483656,0.0,21.772292170213206,0
52,1391235668272,1927.6621075986013,4.0,20.821775571787416,1
52,1391235668320,1998.110956349017,4.0,21.028241376167202,1
52,1391235668368,2066.4031394047897,4.0,21.08889265847261,1
52,1391235668416,2161.053689239342,0.0,22.657035679554397,0
52,1391235665248,812.7675160699273,4.0,13.59361036432207,1
53,1391235665392,794.0050149485804,3.9999999999999996,13.56740349050452,1
53,1391235664720,761.4968445010434,3.9999999999999996,13.203901130519645,1
53,1391235664912,705.772303824627,1.0171018001782133,4.768104661946601,0
53,1391235665008,858.8763742702819,4.0,13.814579454631435,1
53,1391235666736,893.6776680644367,4.0,14.009544091742766,1
53,1391235665056,724.9820353766781,3.855110776794625,8.759671787356497,1
53,1391235666256,951.7826595472819,4.0,15.887442240591911,1
53,1391235664480,989.570609820262,4.0,15.958921588561704,1
53,1391235664960,742.7146921718454,0.0,7.1381468918684385,0
53,1391235664528,766.2253460728512,0.0,9.106394168246839,0
53,1391235664864,793.3180360455729,0.0,10.941415379350595,0
53,1391235667264,823.6042805621664,0.0,12.449131228288204,0
53,1391235664288,1028.2898101752737,4.0,16.011663624214112,1
53,1391235666928,1068.0877158079568,4.0,16.03883938437271,1
53,1391235667360,856.5452926955097,0.0,13.593107028969527,0
53,1391235667552,892.1393037535144,0.0,14.50210512258681,0
53,1391235667456,1108.242753382763,4.0,16.07049630097084,1
53,1391235664192,1147.193863381743,4.0,16.147065530677956,1
53,1391235667216,1186.7169916167963,4.0,16.289784363069572,1
53,1391235665632,928.6102461013261,0.0,15.07288283658118,0
53,1391235666160,965.8067867611747,0.0,15.392854163803047,0
53,1391235667600,1225.2917698920676,4.0,16.46179069849738,1
53,1391235667648,1003.2469844255698,0.0,15.622639642889729,0
53,1391235664768,1041.3132632421123,0.0,15.847533591586826,0
53,1391235664336,1081.2697701284235,0.0,16.108963276807767,0
53,1391235666544,1265.789880111558,4.0,16.692840899379316,1
53,1391235666784,1120.8210755896291,0.0,16.302265366657505,0
53,1391235667744,1307.5292228468943,4.0,16.943011144904318,1
53,1391235664240,1159.355392294711,0.0,16.48222856583543,0
53,1391235667072,1204.4148715896017,0.0,16.816878510079214,0
53,1391235667504,1347.6382019872758,4.0,17.15437756328372,1
53,1391235666400,1249.597048191913,0.0,17.126504372838273,0
53,1391235666448,1388.3118608631628,4.0,17.362600292131916,1
53,1391235664624,1435.5743047814674,4.0,17.721347699181013,1
53,1391235666976,1293.2125987483894,0.0,17.379090899262888,0
53,1391235666688,1335.5717082400965,0.0,17.576655993580335,0
53,1391235665968,1483.986866267437,4.0,18.089973268624686,1
53,1391235666112,1378.538806545189,0.0,17.772787995989145,0
53,1391235666640,1426.4447165436102,0.0,18.050482113436107,0
53,1391235664384,1533.5488720726937,4.0,18.4203853114103,1
53,1391235666064,1582.0223329857222,4.0,18.705772455461055,1
53,1391235664576,1641.2093082333213,4.0,19.185282047466202,1
53,1391235666880,1690.9177066454854,4.0,19.416773242669684,1
53,1391235666304,1477.2402396099164,0.0,18.353696851615776,0
53,1391235667312,1532.991047193231,0.0,18.735811089865255,0
53,1391235666208,1587.0069504595472,0.0,19.015161077952484,0
53,1391235667792,1756.1640345198812,4.0,19.921686626280746,1
53,1391235667840,1814.701916519846,4.0,20.21738156803901,1
53,1391235667888,1646.1558368765347,0.0,19.371731300605042,0
53,1391235667936,1699.2803165060955,0.0,19.588120274610063,0
53,1391235667984,1876.4177263523673,4.0,20.505842817927228,1
53,1391235668032,1752.9345403951809,0.0,19.79148463705449,0
53,1391235668080,1826.5986854401128,0.0,20.39993515934414,0
53,1391235668128,1892.944406062159,0.0,20.746680167244165,0
53,1391235668176,1963.7775464017536,0.0,21.068581471329693,0
53,1391235668224,2060.0180565608166,0.0,21.780412915070656,0
53,1391235668272,1948.4889912696865,4.0,20.8326347408046,1
53,1391235668320,2019.1408915873012,4.0,21.031830704990877,1
53,1391235668368,2087.4920320632596,4.0,21.08889265847261,1
53,1391235668416,2183.7107249188957,0.0,22.657035679554397,0
53,1391235665248,826.4169523010213,4.0,13.708535859091143,1
54,1391235665392,807.6391445063189,3.9999999999999996,13.703156101598625,1
54,1391235664720,774.8236803308241,3.9999999999999996,13.454352234936954,1
54,1391235664912,711.602817665711,0.3692805378997054,7.087315447948565,0
54,1391235665008,872.7295748424289,4.0,13.895327637801202,1
54,1391235666736,907.7175388102246,4.0,14.07309548535164,1
54,1391235665056,734.7304673627859,3.968244355475775,10.826796795135465,1
54,1391235666256,967.6852479801033,4.0,15.918610103848303,1
54,1391235664480,1005.538306388268,4.0,15.977010907441386,1
54,1391235664960,750.3401354019927,0.0,8.186726574179302,0
54,1391235664528,775.8113564447119,0.0,10.124325001212169,0
54,1391235664864,804.6678637373033,0.0,11.797589034843583,0
54,1391235667264,836.36198161348,0.0,13.08981010646898,0
54,1391235664288,1044.3057138602035,4.0,16.02073512070558,1
54,1391235666928,1084.1313847521592,4.0,16.049858289205265,1
54,1391235667360,870.3529884068264,0.0,14.03594473488627,0
54,1391235667552,906.7803304785498,0.0,14.78743504545632,0
54,1391235667456,1124.3249185022617,4.0,16.09645783026914,1
54,1391235664192,1163.36082423653,4.0,16.190447632379055,1
54,1391235667216,1203.033827056172,4.0,16.348130061899138,1
54,1391235665632,943.7718061777829,0.0,15.254918406071827,0
54,1391235666160,981.2576941538101,0.0,15.512976743016933,0
54,1391235667600,1241.7838958622663,4.0,16.526851860840996,1
54,1391235667648,1018.9140912789126,0.0,15.715632667376713,0
54,1391235664768,1057.1981601339178,0.0,15.926281742917958,0
54,1391235664336,1097.4107224792083,0.0,16.176868652417067,0
54,1391235666544,1282.5148855434077,4.0,16.761577444818855,1
54,1391235666784,1137.1544173206028,0.0,16.368376036794313,0
54,1391235667744,1324.5040138473757,4.0,17.01080269997216,1
54,1391235664240,1175.8676730716227,0.0,16.54615756757921,0
54,1391235667072,1221.2589915986214,0.0,16.874968662777313,0
54,1391235667504,1364.823012302409,4.0,17.219259746291332,1
54,1391235666400,1266.749734291159,0.0,17.182382237169808,0
54,1391235666448,1405.703340120703,4.0,17.42415255131173,1
54,1391235664624,1453.3230943384617,4.0,17.77981156079053,1
54,1391235666976,1310.617267722797,0.0,17.43363935501145,0
54,1391235666688,1353.1726528295367,0.0,17.62842036723998,0
54,1391235665968,1502.1025240413603,4.0,18.144683367796006,1
54,1391235666112,1396.3342535002016,0.0,17.82107667249876,0
54,1391235666640,1444.5159543571503,0.0,18.094728242922155,0
54,1391235664384,1551.9926072357162,4.0,18.470120476853655,1
54,1391235666064,1600.7492582154694,4.0,18.750827956209072,1
54,1391235664576,1660.4133294578328,4.0,19.22519656572341,1
54,1391235666880,1710.3510740606143,4.0,19.452120323924092,1
54,1391235666304,1495.6128948543906,0.0,18.39412839459916,0
54,1391235667312,1551.7444576126813,0.0,18.773361724925824,0
54,1391235666208,1606.0383930413834,0.0,19.049897977381153,0
54,1391235667792,1776.099677706586,4.0,19.951412792430165,1
54,1391235667840,1834.9306334749178,4.0,20.241520904256298,1
54,1391235667888,1665.542640143348,0.0,19.403878370666593,0
54,1391235667936,1718.882049298257,0.0,19.61714592859722,0
54,1391235667984,1896.9320890521394,4.0,20.523979429853814,1
54,1391235668032,1772.7380422915246,0.0,19.817105380179857,0
54,1391235668080,1847.0096217696935,0.0,20.423391151001066,0
54,1391235668128,1913.7000494086578,0.0,20.765786650874077,0
54,1391235668176,1984.8526293486816,0.0,21.082439442729285,0
54,1391235668224,2081.8021689503976,0.0,21.78829972834698,0
54,1391235668272,1969.3265101599113,4.0,20.843018437931466,1
54,1391235668320,2040.1743124302313,4.0,21.035200401079035,1
54,1391235668368,2108.5809247217294,4.0,21.08889265847261,1
54,1391235668416,2206.3677605984494,0.0,22.657035679554397,0
54,1391235665248,840.1701974052876,4.0,13.801006182105791,1
55,1391235665392,821.391887793906,3.9999999999999996,13.804275255256481,1
55,1391235664720,788.3691132698128,3.9999999999999996,13.639178123291076,1
55,1391235664912,719.657612740387,0.09692104981874602,9.107801885485294,0
55,1391235665008,886.6586171322143,4.0,13.965976606862794,1
55,1391235666736,921.817410083069,4.0,14.129279609026943,1
55,1391235665056,746.38641734287,3.99417302732471,12.528506854704174,1
55,1391235666256,983.6158987761374,4.0,15.94343757892205,1
55,1391235664480,1021.5224468602282,4.0,15.991837130746369,1
55,1391235664960,759.0189735646012,0.0,9.237813870577094,0
55,1391235664528,786.3841454402256,0.0,11.069482304765101,0
55,1391235664864,816.8219682786442,0.0,12.540600328232838,0
55,1391235667264,849.7074304818542,0.0,13.618497070640688,0
55,1391235664288,1060.330829158825,4.0,16.030307651370148,1
55,1391235666928,1100.1879026326123,4.0,16.06487399607672,1
55,1391235667360,884.5611537206049,0.0,14.39068664564727,0
55,1391235667552,921.676583664212,0.0,15.010951441265858,0
55,1391235667456,1140.4355068206696,4.0,16.12762977007403,1
55,1391235664192,1179.5730322654035,4.0,16.237705850406023,1
55,1391235667216,1219.4099021524783,4.0,16.408274882492684,1
55,1391235665632,959.0962359693856,0.0,15.397924640629359,0
55,1391235666160,996.8185931632223,0.0,15.612613409734479,0
55,1391235667600,1258.3411678437321,4.0,16.5920214072695,1
55,1391235667648,1034.6687566807661,0.0,15.797630636613881,0
55,1391235664768,1073.1586735264748,0.0,15.998675951862733,0
55,1391235664336,1113.618044804819,0.0,16.241648694919412,0
55,1391235666544,1299.3081070690146,4.0,16.829167356693958,1
55,1391235666784,1153.5526744331912,0.0,16.432000962747484,0
55,1391235667744,1341.5457845142373,4.0,17.076851850329884,1
55,1391235664240,1192.4427106446633,0.0,16.607639321974293,0
55,1391235667072,1238.1604761995338,0.0,16.931527447889838,0
55,1391235667504,1382.0718419652026,4.0,17.28230004842029,1
55,1391235666400,1283.9577070260161,0.0,17.23699491133812,0
55,1391235666448,1423.15551144747,4.0,17.483872643066377,1
55,1391235664624,1471.1294683265392,4.0,17.83640660822499,1
55,1391235666976,1328.0758018253123,0.0,17.48672811107017,0
55,1391235666688,1370.8246315221033,0.0,17.678633467547527,0
55,1391235665968,1520.2720449795238,4.0,18.19759539213162,1
55,1391235666112,1414.1773035223027,0.0,17.867911560839215,0
55,1391235666640,1462.6308446630132,0.0,18.137715133662518,0
55,1391235664384,1570.485302963594,4.0,18.518211508149754,1
55,1391235666064,1619.5205374948114,4.0,18.79439456641987,1
55,1391235664576,1679.6566436795,4.0,19.263791752444092,1
55,1391235666880,1729.8192417241148,4.0,19.486306446916146,1
55,1391235666304,1514.0254815872079,0.0,18.433497788449255,0
55,1391235667312,1570.5349977596757,0.0,18.810016139930795,0
55,1391235666208,1625.1041775160459,0.0,19.083793237980224,0
55,1391235667792,1796.0645802617842,4.0,19.980147609817667,1
55,1391235667840,1855.1831002205283,4.0,20.264832781944246,1
55,1391235667888,1684.9612008789718,0.0,19.435195466650853,0
55,1391235667936,1738.512434460814,0.0,19.645377292994954,0
55,1391235667984,1917.4642775706457,4.0,20.54145581180242,1
55,1391235668032,1792.5668269672813,0.0,19.842007370515137,0
55,1391235668080,1867.4437087354968,0.0,20.446197774732326,0
55,1391235668128,1934.4745397042238,0.0,20.784341458914753,0
55,1391235668176,2005.9413795583596,0.0,21.09589215500658,0
55,1391235668224,2103.5940630445707,0.0,21.79596311850046,0
55,1391235668272,1990.1742001617033,4.0,20.852950736292957,1
55,1391235668320,2061.211005994034,4.0,21.038364736505706,1
55,1391235668368,2129.669817380199,4.0,21.08889265847261,1
55,1391235668416,2229.024796278003,0.0,22.657035679554397,0
55,1391235665248,854.0080618138911,4.0,13.87765192565231,1
56,1391235665392,835.2337348594285,3.9999999999999996,13.881298671614289,1
56,1391235664720,802.0743887029004,3.9999999999999996,13.772992570990382,1
56,1391235664912,729.5579259407469,0.02080769498604489,10.73171197283673,0
56,1391235665008,900.6543905331422,4.0,14.028534368060333,1
56,1391235666736,935.9705058907053,4.0,14.179315159205933,1
56,1391235665056,759.537459916906,3.9990538440034302,13.77961104361457,1
56,1391235666256,999.5690504452493,4.0,15.963542546833736,1
56,1391235664480,1037.5204249355806,4.0,16.004769608875844,1
56,1391235664960,768.7336387730505,0.0,10.249027943907567,0
56,1391235664528,797.8566920728972,0.0,11.91328492924363,0
56,1391235664864,829.6638342570254,0.0,13.16530046149146,0
56,1391235667264,863.5333001068489,0.0,14.04613439242606,0
56,1391235664288,1076.3661465432276,4.0,16.041386242495282,1
56,1391235666928,1116.2614270587678,4.0,16.084188974244086,1
56,1391235667360,899.0888304462558,0.0,14.672638164428664,0
56,1391235667552,936.7729992276853,0.0,15.186719319528592,0
56,1391235667456,1156.5795401455,4.0,16.163587272381548,1
56,1391235664192,1195.8340480682534,4.0,16.28816603060261,1
56,1391235667216,1235.8467232395192,4.0,16.469606931057733,1
56,1391235665632,974.5495056020243,0.0,15.512198356080448,0
56,1391235666160,1012.4719267593083,0.0,15.697721249983053,0
56,1391235667600,1274.9635140302396,4.0,16.656927727700662,1
56,1391235667648,1050.501527764182,0.0,15.871754456588198,0
56,1391235664768,1089.1892914750727,0.0,16.066415552709017,0
56,1391235664336,1129.8889915852594,0.0,16.304059407098514,0
56,1391235666544,1316.1683240849088,4.0,16.895461632935685,1
56,1391235666784,1170.0135387699027,0.0,16.49349795432652,0
56,1391235667744,1358.652789042493,4.0,17.1411552394202,1
56,1391235664240,1209.0782132409688,0.0,16.666991256906996,0
56,1391235667072,1255.1178493018747,0.0,16.9866665880185,0
56,1391235667504,1399.3828689117233,4.0,17.343542357755815,1
56,1391235666400,1301.2197053743764,0.0,17.290351068512113,0
56,1391235666448,1440.6665721022316,4.0,17.541823920243267,1
56,1391235664624,1488.9915984980603,4.0,17.891219061603344,1
56,1391235666976,1345.586754393329,0.0,17.538386289556303,0
56,1391235666688,1388.5261282194836,0.0,17.72737007094906,0
56,1391235665968,1538.4936741245388,4.0,18.248800634159682,1
56,1391235666112,1432.066541996409,0.0,17.913375238143274,0
56,1391235666640,1480.7881608854987,0.0,18.179511577952233,0
56,1391235664384,1589.0253554310318,4.0,18.56474365919326,1
56,1391235666064,1638.3347183747896,4.0,18.83654935104252,1
56,1391235664576,1698.937963593163,4.0,19.301135326904756,1
56,1391235666880,1749.3210764316689,4.0,19.519390312995448,1
56,1391235666304,1532.4769615977214,0.0,18.471855495616126,0
56,1391235667312,1589.3617861516582,0.0,18.84580558213385,0
56,1391235666208,1644.2034747190985,0.0,19.116873431484425,0
56,1391235667792,1816.0577737480974,4.0,20.00793955404661,1
56,1391235667840,1875.458507993332,4.0,20.287356774147256,1
56,1391235667888,1704.4107018466138,0.0,19.46570977548493,0
56,1391235667936,1758.1706921939071,0.0,19.672845158785282,0
56,1391235667984,1938.013646466378,4.0,20.558303282253476,1
56,1391235668032,1812.4201897292453,0.0,19.866220432618693,0
56,1391235668080,1887.900309768971,0.0,20.46838218480451,0
56,1391235668128,1955.2673367776833,0.0,20.802368977118068,0
56,1391235668176,2027.0434005188479,0.0,21.108958138527818,0
56,1391235668224,2125.3935200771575,0.0,21.803412955698995,0
56,1391235668272,2011.031620527336,4.0,20.862454202625006,1
56,1391235668320,2082.2507731819423,4.0,21.04133695971398,1
56,1391235668368,2150.758710038669,4.0,21.08889265847261,1
56,1391235668416,2251.681831957557,0.0,22.657035679554397,0
56,1391235665248,867.9170760227798,4.0,13.943218308473172,1
57,1391235665392,849.1445564884025,3.9999999999999996,13.942298923534395,1
57,1391235664720,815.894873967404,3.9999999999999996,13.869141529959144,1
57,1391235664912,740.8855153985659,0.003916498346340098,11.936518783362377,0
57,1391235665008,914.7095311790526,4.0,14.084481001753462,1
57,1391235666736,950.1711526123246,4.0,14.224183230210254,1
57,1391235665056,773.7262845035456,3.9998577968073463,14.581530389921532,1
57,1391235666256,1015.5406367197218,4.0,15.980292727300068,1
57,1391235664480,1053.5309072439316,4.0,16.016974811877777,1
57,1391235664960,779.4264345863631,0.0,11.183514956440353,0
57,1391235664528,810.1188794522025,0.0,12.639250760089357,0
57,1391235664864,843.0767910557352,0.0,13.676768719664429,0
57,1391235667264,877.745195648095,0.0,14.387366436523402,0
57,1391235664288,1092.4135494844402,4.0,16.05473925636093,1
57,1391235666928,1132.3563136088444,4.0,16.107888942506257,1
57,1391235667360,913.8701465739954,0.0,14.896376161138104,0
57,1391235667552,952.0274872922114,0.0,15.326430687818931,0
57,1391235667456,1172.7615682159476,4.0,16.203812459142313,1
57,1391235664192,1212.1467673494021,4.0,16.3411784038987,1
57,1391235667216,1252.3452256302107,4.0,16.531601892770347,1
57,1391235665632,990.1068189323142,0.0,15.605799604802806,0
57,1391235666160,1028.2053162133757,0.0,15.772656912174034,0
57,1391235667600,1291.650527594858,4.0,16.7212758111403,1
57,1391235667648,1066.405632168673,0.0,15.940228702204951,0
57,1391235664768,1105.28595133424,0.0,16.130692588907568,0
57,1391235664336,1146.2214383948642,0.0,16.36458655067163,0
57,1391235666544,1333.0941902500026,4.0,16.960359190010976,1
57,1391235666784,1186.535007261185,0.0,16.55311944083693,0
57,1391235667744,1375.8232876184293,4.0,17.203728453082242,1
57,1391235664240,1225.7721689920804,0.0,16.724454582109022,0
57,1391235667072,1272.1297309379665,0.0,17.0404666456206,0
57,1391235667504,1416.7543182478466,4.0,17.403037087450794,1
57,1391235666400,1318.53447692335,0.0,17.342459883558192,0
57,1391235666448,1458.2347832705013,4.0,17.59807073782404,1
57,1391235664624,1506.907740944087,4.0,17.944331088042443,1
57,1391235666976,1363.1487108404551,0.0,17.588649141127625,0
57,1391235666688,1406.2757000159056,0.0,17.774701544127485,0
57,1391235665968,1556.765744981672,4.0,18.2983843966519,1
57,1391235666112,1450.000633443904,0.0,17.957543071326203,0
57,1391235666640,1498.986742226195,0.0,18.220180061156796,0
57,1391235664384,1607.6112432059197,4.0,18.60979615234825,1
57,1391235666064,1657.1904228636936,4.0,18.877363880276423,1
57,1391235664576,1718.2560673020623,4.0,19.33729014221506,1
57,1391235666880,1768.8555017167082,4.0,19.55142648650394,1
57,1391235666304,1550.9663450471278,0.0,18.509247611824243,0
57,1391235667312,1608.2239717146806,0.0,18.880759542068034,0
57,1391235666208,1663.3354816457295,0.0,19.149164252759746,0
57,1391235667792,1836.0783366239657,4.0,20.03483377119121,1
57,1391235667840,1895.7560863583758,4.0,20.309129828986215,1
57,1391235667888,1723.8903527019456,0.0,19.495447838797137,0
57,1391235667936,1777.8560728186658,0.0,19.699578891313102,0
57,1391235667984,1958.5795806687233,4.0,20.574551159854384,1
57,1391235668032,1832.2974549311457,0.0,19.889772745698945,0
57,1391235668080,1908.3788147547189,0.0,20.48997005104346,0
57,1391235668128,1976.0779241608686,0.0,20.81989214792569,0
57,1391235668176,2048.1583137024904,0.0,21.12165477040012,0
57,1391235668224,2147.2003308731223,0.0,21.810658520423907,0
57,1391235668272,2031.898352418632,4.0,20.871550015360388,1
57,1391235668320,2103.2934277006957,4.0,21.04412937995743,1
57,1391235668368,2171.847602697139,4.0,21.08889265847261,1
57,1391235668416,2274.3388676371105,0.0,22.657035679554397,0
57,1391235665248,881.8877850751641,4.0,14.000955811063584,1
58,1391235665392,863.111219066898,3.9999999999999996,13.993098899184968,1
58,1391235664720,829.7983404665559,3.9999999999999996,13.93886248626126,1
58,1391235664912,753.2391404718225,0.0006771594495682757,12.772210288242352,0
58,1391235665008,928.8179703370922,4.0,14.134923676472635,1
58,1391235666736,964.4145690783552,4.0,14.264683378776695,1
58,1391235665056,788.5342209868447,3.9999795229922634,15.009352640292535,1
58,1391235666256,1031.5278653275748,4.0,15.99486286766716,1
58,1391235664480,1069.5536388371324,4.0,16.029432778570207,1
58,1391235664960,791.0069062021354,0.0,12.013841239123453,0
58,1391235664528,823.0500988630919,0.0,13.243594791663195,0
58,1391235664864,856.9528242821974,0.0,14.08711457642951,0
58,1391235667264,892.263991102235,0.0,14.657757435245234,0
58,1391235664288,1108.4755868088735,4.0,16.070917913196734,1
58,1391235666928,1148.4769179349848,4.0,16.135883239684834,1
58,1391235667360,928.8530347365698,0.0,15.074704728470666,0
58,1391235667552,967.4085297789275,0.0,15.439407673702297,0
58,1391235667456,1188.9855960077666,4.0,16.247736700685024,1
58,1391235664192,1228.5134558895006,4.0,16.396138729312206,1
58,1391235667216,1268.9058604563622,4.0,16.593820658676208,1
58,1391235665632,1005.7505044170149,0.0,15.68484368049868,0
58,1391235666160,1044.0101339879182,0.0,15.840539754572072,0
58,1391235667600,1308.4015384751428,4.0,16.784836878522807,1
58,1391235667648,1082.3761969165735,0.0,16.004617924111958,0
58,1391235664768,1121.4456011442712,0.0,16.19233203790634,0
58,1391235664336,1162.6136562453298,0.0,16.423535706814036,0
58,1391235666544,1350.0842765717266,4.0,17.023796796360205,1
58,1391235666784,1203.1152941772143,0.0,16.611047726613073,0
58,1391235667744,1393.0555627195838,4.0,17.26460060214827,1
58,1391235664240,1242.5227796998133,0.0,16.780214559432228,0
58,1391235667072,1289.194811422634,0.0,17.092987721805468,0
58,1391235667504,1434.1844675567054,4.0,17.460838694594216,1
58,1391235666400,1335.9007797315876,0.0,17.3933336074716,0
58,1391235666448,1475.8584705249493,4.0,17.65267735468579,1
58,1391235664624,1524.8762320042683,4.0,17.995820743009162,1
58,1391235666976,1380.760294210439,0.0,17.637556772240718,0
58,1391235666688,1424.071973746363,0.0,17.82069575505198,0
58,1391235665968,1575.0866737231186,4.0,18.34642640693006,1
58,1391235666112,1467.9783147152934,0.0,18.000484053562587,0
58,1391235666640,1517.2254877391706,0.0,18.259777556135237,0
58,1391235664384,1626.2415214682944,4.0,18.653442705650118,1
58,1391235666064,1676.086342168188,4.0,18.916904724974067,1
58,1391235664576,1737.6097936678987,4.0,19.372314638620185,1
58,1391235666880,1788.4214938920938,4.0,19.58246576973802,1
58,1391235666304,1569.4926863817411,0.0,18.545716446843592,0
58,1391235667312,1627.1207321255324,0.0,18.9149059573732,0
58,1391235666208,1682.49942058902,0.0,19.1806905509475,0
58,1391235667792,1856.125391055029,4.0,20.060872373583752,1
58,1391235667840,1916.075100691043,4.0,20.330186494199435,1
58,1391235667888,1743.3993893139677,0.0,19.524435484619136,0
58,1391235667936,1797.5678553783991,0.0,19.72560648820553,0
58,1391235667984,1979.1614935560451,4.0,20.5902269272766,1
58,1391235668032,1852.1979743818763,0.0,19.912690956679903,0
58,1391235668080,1928.878638592024,0.0,20.510985656020832,0
58,1391235668128,1996.9058076955725,0.0,20.836932576451865,0
58,1391235668176,2069.285757455661,0.0,21.133998365007134,0
58,1391235668224,2169.0142952798424,0.0,21.81770854764382,0
58,1391235668272,2052.7739975694176,4.0,20.880258071521865,1
58,1391235668320,2124.338795157564,4.0,21.046753443537835,1
58,1391235668368,2192.9364953556087,4.0,21.08889265847261,1
58,1391235668416,2296.995903316664,0.0,22.657035679554397,0
58,1391235665248,895.9134359772106,4.0,14.05300392980753,1
59,1391235665392,877.1255053844965,3.9999999999999996,14.037653862880736,1
59,1391235664720,843.7626961757834,3.9999999999999996,13.991027188416272,1
59,1391235664912,765.76802321425,3.153101713273196,13.506140616586553,1
59,1391235665008,942.9746168674535,4.0,14.180708498230201,1
59,1391235666736,978.6967050111125,4.0,14.30147411235069,1
59,1391235665056,803.6360310235544,3.9999971061847215,15.169372512264252,1
59,1391235666256,1047.529042591929,4.0,16.008269038746644,1
59,1391235664480,1085.5892619628773,4.0,16.04294760735441,1
59,1391235664960,803.3627065521542,0.0,12.724751714086494,0
59,1391235664528,836.5312009719333,0.0,13.733219717963406,0
59,1391235664864,871.1979457869046,0.0,14.411962756326162,0
59,1391235667264,907.0257968313176,0.0,14.871921179304227,0
59,1391235664288,1124.5552652821732,4.0,16.09027751706819,1
59,1391235666928,1164.627437946851,4.0,16.16794432468291,1
59,1391235667360,943.9972384398314,0.0,15.218276914020246,0
59,1391235667552,982.8929200032316,0.0,15.532865579571594,0
59,1391235667456,1205.2550498366204,4.0,16.29477536698151,1
59,1391235664192,1244.935801811691,4.0,16.452501435945713,1
59,1391235667216,1285.5286773228243,4.0,16.655903362664144,1
59,1391235665632,1021.4682314864841,0.0,15.753849012031589,0
59,1391235666160,1059.8804152497187,0.0,15.903559893827047,0
59,1391235667600,1325.2156747738761,4.0,16.84743810651176,1
59,1391235667648,1098.4096771448174,0.0,16.06600788883203,0
59,1391235664768,1137.665884254098,0.0,16.251897058350224,0
59,1391235664336,1179.0641628131093,0.0,16.48109546933756,0
59,1391235666544,1367.1371051782762,4.0,17.08574060894745,1
59,1391235666784,1219.7527727314305,0.0,16.667418404370206,0
59,1391235667744,1410.3479306015083,4.0,17.323810154733685,1
59,1391235664240,1259.3284121963795,0.0,16.83441534323256,0
59,1391235667072,1306.311834552811,0.0,17.14427680117868,0
59,1391235667504,1451.6716500360974,4.0,17.517003837235798,1
59,1391235666400,1353.3173859899848,0.0,17.44298860988412,0
59,1391235666448,1493.5360233387355,4.0,17.70570714445266,1
59,1391235664624,1542.8954841667698,4.0,18.045762009232458,1
59,1391235666976,1398.4201693917,0.0,17.685152773823766,0
59,1391235666688,1441.9136424554756,0.0,17.86541701126338,0
59,1391235665968,1593.454953801246,4.0,18.39300121816891,1
59,1391235666112,1485.9983889548619,0.0,18.04226150908997,0
59,1391235666640,1535.503351140783,0.0,18.29835619427033,0
59,1391235664384,1644.9148167320593,4.0,18.695752008431437,1
59,1391235666064,1695.0212319045008,4.0,18.95523389893126,1
59,1391235664576,1756.9980380890815,4.0,19.406263244407093,1
59,1391235666880,1808.0180784468537,4.0,19.612555536322244,1
59,1391235666304,1588.0550807799204,0.0,18.58130100806717,0
59,1391235667312,1646.0512723383931,0.0,18.94827137713597,0
59,1391235666208,1701.694538306438,0.0,19.211476354875774,0
59,1391235667792,1876.1981000058292,4.0,20.08609470328006,1
59,1391235667840,1936.4148498723118,4.0,20.35055911818567,1
59,1391235667888,1762.937073027906,0.0,19.552697780402532,0
59,1391235667936,1817.3053462986077,0.0,19.75095463896392,0
59,1391235667984,1999.7588251898185,4.0,20.605356378742492,1
59,1391235668032,1872.1211258623468,0.0,19.935000283916125,0
59,1391235668080,1949.3992198501974,0.0,20.531451985122775,0
59,1391235668128,2017.7505142421064,0.0,20.853510627260682,0
59,1391235668176,2090.425385974965,0.0,21.14600425599107,0
59,1391235668224,2190.835221640672,0.0,21.824571267027064,0
59,1391235668272,2073.6581770501293,4.0,20.88859708365587,1
59,1391235668320,2145.3867122301526,4.0,21.049219802772836,1
59,1391235668368,2214.0253880140785,4.0,21.08889265847261,1
59,1391235668416,2319.652938996218,0.0,22.657035679554397,0
59,1391235665248,909.9890264058848,4.0,14.100721744156457,1
60,1391235665392,891.1824455432032,3.9999999999999996,14.078476779180734,1
60,1391235664720,857.7736483176999,3.9999999999999996,14.032250292938386,1
60,1391235664912,779.6514600012616,3.8697296144033806,14.318337179533941,1
60,1391235665008,957.175135120013,4.0,14.222498863199815,1
60,1391235666736,993.0141144713389,4.0,14.33510230905223,1
60,1391235665056,818.8121025469014,3.999999592546172,15.161567707152962,1
60,1391235666256,1063.543424573688,4.0,16.021387519046357,1
60,1391235664480,1101.6391441183011,4.0,16.058155926857342,1
60,1391235664960,816.3721713144516,0.0,13.313539272344679,0
60,1391235664528,850.4535493349505,0.0,14.122046551859421,0
60,1391235664864,885.7342806802675,0.0,14.667555700311189,0
60,1391235667264,921.9804858247206,0.0,15.042541103835028,0
60,1391235664288,1140.6558644611011,4.0,16.113000921028977,1
60,1391235666928,1180.8117945510548,4.0,16.20374500820518,1
60,1391235667360,959.2721526103813,0.0,15.33562963713023,0
60,1391235667552,998.4638187175884,0.0,15.612267960019322,0
60,1391235667456,1221.572774631688,4.0,16.34435493101434,1
60,1391235664192,1261.4149778113106,4.0,16.509786221815204,1
60,1391235667216,1302.2133999077178,4.0,16.717561314903314,1
60,1391235665632,1037.2515737093622,0.0,15.816074574432964,0
60,1391235666160,1075.81204888601,0.0,15.963225273490014,0
60,1391235667600,1342.0919141569896,4.0,16.908953014214678,1
60,1391235667648,1114.5034441053444,0.0,16.12514153052022,0
60,1391235664768,1153.944915802212,0.0,16.30976678674695,0
60,1391235664336,1195.5716270560276,0.0,16.53738073902269,0
60,1391235666544,1384.2511753403733,4.0,17.146179213041233,1
60,1391235666784,1236.445936101794,0.0,16.722335775173544,0
60,1391235667744,1427.6987491066322,4.0,17.38140177787436,1
60,1391235664240,1276.1875625922921,0.0,16.88717085713731,0
60,1391235667072,1323.4795869711195,0.0,17.19437271241947,0
60,1391235667504,1469.214256033883,4.0,17.571590024633153,1
60,1391235666400,1370.783086254261,0.0,17.4914455014576,0
60,1391235666448,1511.2658939247663,4.0,17.75722204132054,1
60,1391235664624,1560.963982039696,4.0,18.094224900534652,1
60,1391235666976,1416.1270459900932,0.0,17.731482936023475,0
60,1391235666688,1459.7994618272676,0.0,17.90892604861038,0
60,1391235665968,1611.8691509543207,4.0,18.43817859092394,1
60,1391235666112,1504.059720220775,0.0,18.082933696665084,0
60,1391235666640,1553.8193362421712,0.0,18.33596383651155,0
60,1391235664384,1663.629822020039,4.0,18.736788150017624,1
60,1391235666064,1713.9939077295883,4.0,18.992409254432285,1
60,1391235664576,1776.4197486582877,4.0,19.439186731708677,1
60,1391235666880,1827.6443267590187,4.0,19.641740028456322,1
60,1391235666304,1606.652661044602,0.0,18.6160374056378,0
60,1391235667312,1665.014823261035,0.0,18.980881095937228,0
60,1391235666208,1720.9201052100223,0.0,19.241544895104408,0
60,1391235667792,1896.2956645815439,4.0,20.110537567415218,1
60,1391235667840,1956.77466417523,4.0,20.37027803046431,1
60,1391235667888,1782.5026898894168,0.0,19.580259003124233,0
60,1391235667936,1837.0678781068682,0.0,19.775648784968432,0
60,1391235667984,2020.3710406894286,4.0,20.619963753137874,1
60,1391235668032,1892.0663117420447,0.0,19.95672461247449,0
60,1391235668080,1969.9400195108776,0.0,20.551390810039695,0
60,1391235668128,2038.6115904806968,0.0,20.86964551285312,0
60,1391235668176,2111.576868361802,0.0,21.15768687062324,0
60,1391235668224,2212.662926307036,0.0,21.831254439604816,0
60,1391235668272,2094.5505301251196,4.0,20.896584667886227,1
60,1391235668320,2166.4370259020898,4.0,21.051538378505338,1
60,1391235668368,2235.1142806725484,4.0,21.08889265847261,1
60,1391235668416,2342.3099746757716,0.0,22.657035679554397,0
60,1391235665248,924.1106521159078,4.0,14.144949225688329,1
61,1391235665392,905.2790642581917,3.9999999999999996,14.117035610639267,1
61,1391235664720,871.8225763477943,3.9999999999999996,14.067189948273603,1
61,1391235664912,794.2409723722132,3.9809529097541994,14.8526815829924,1
61,1391235665008,971.4157889667548,4.0,14.26082905072099,1
61,1391235666736,1007.3638548546884,4.0,14.366024832921726,1
61,1391235665056,833.9326020008069,3.9999999423535026,15.062779175871134,1
61,1391235666256,1079.5710822764395,4.0,16.03496428665557,1
61,1391235664480,1117.7052146760104,4.0,16.075535935542685,1
61,1391235664960,829.916043184718,0.0,13.787892483542121,0
61,1391235664528,864.7241840657415,0.0,14.427115889080698,0
61,1391235664864,900.4997186178987,0.0,14.868868660095972,0
61,1391235667264,937.0895716805178,0.0,15.180053344728247,0
61,1391235664288,1156.7807759521259,4.0,16.13912389059875,1
61,1391235666928,1197.033548066611,4.0,16.242892150328927,1
61,1391235667360,974.654810071545,0.0,15.433426176977154,0
61,1391235667552,1014.1091702359995,0.0,15.681681334634908,0
61,1391235667456,1237.9410548694254,4.0,16.39593279813779,1
61,1391235664192,1277.9517075075655,4.0,16.56757960634715,1
61,1391235667216,1318.9594929689868,4.0,16.77856798071217,1
61,1391235665632,1053.094891526298,0.0,15.873815822314759,0
61,1391235666160,1091.8021887387947,0.0,16.02055256694734,0
61,1391235667600,1359.029126079476,4.0,16.969292834326076,1
61,1391235667648,1130.6554917492872,0.0,16.18251931487156,0
61,1391235664768,1170.2811266763247,0.0,16.36619304530597,0
61,1391235664336,1212.134810020621,0.0,16.592461659815296,0
61,1391235666544,1401.4249831741654,4.0,17.20511800459641,1
61,1391235666784,1253.1933712089021,0.0,16.775882952635598,0
61,1391235667744,1445.1064227037236,4.0,17.437423978179115,1
61,1391235664240,1293.0988299727433,0.0,16.938572770273407,0
61,1391235667072,1340.6968916567198,0.0,17.243309409191415,0
61,1391235667504,1486.8107334179554,4.0,17.624654644041616,1
61,1391235666400,1388.296693533769,0.0,17.538728743938176,0
61,1391235666448,1529.0465956076837,4.0,17.8072821631196,1
61,1391235664624,1579.0802784473349,4.0,18.141275607148827,1
61,1391235666976,1433.8796799932459,0.0,17.776594137030592,0
61,1391235666688,1477.728246629061,0.0,17.951280073864076,0
61,1391235665968,1630.3278985830682,4.0,18.4820238513246,1
61,1391235666112,1522.1612286696677,0.0,18.122554332603958,0
61,1391235666640,1572.1724929131883,0.0,18.372644562349286,0
61,1391235664384,1682.3852924476007,4.0,18.77661100608475,1
61,1391235666064,1733.0032413482065,4.0,19.02848483664214,1
61,1391235664576,1795.8739226571572,4.0,19.471132533313067,1
61,1391235666880,1847.299353090656,4.0,19.67006062266806,1
61,1391235666304,1625.2845948701079,0.0,18.649959193786273,0
61,1391235667312,1684.0106405536485,0.0,19.012759264484714,0
61,1391235666208,1740.1754145776465,0.0,19.27091862413304,0
61,1391235667792,1916.417321593349,4.0,20.13423544902093,1
61,1391235667840,1977.1539033232164,4.0,20.389371704048532,1
61,1391235667888,1802.0955498455069,0.0,19.6071426229854,0
61,1391235667936,1856.8548082125471,0.0,19.79971317896766,0
61,1391235667984,2040.9976287339905,4.0,20.634071854366958,1
61,1391235668032,1912.032957687254,0.0,19.977886581793523,0
61,1391235668080,1990.5005197909459,0.0,20.5708227661803,0
61,1391235668128,2059.4886017978165,0.0,20.885355374677687,0
61,1391235668176,2132.73988774806,0.0,21.169059797387064,0
61,1391235668224,2234.497233185659,0.0,21.83776539124867,0
61,1391235668272,2115.450713194254,4.0,20.904237424034417,1
61,1391235668320,2187.4895927584935,4.0,21.053718416862715,1
61,1391235668368,2256.203173331018,4.0,21.08889265847261,1
61,1391235668416,2364.9670103553253,0.0,22.657035679554397,0
61,1391235665248,938.2750833299305,4.0,14.186200450948355,1
62,1391235665392,919.4134981041551,3.9999999999999996,14.154088414651293,1
62,1391235664720,885.9047474331663,3.9999999999999996,14.098921656343327,1
62,1391235664912,809.2480034695463,3.997292711217155,15.146013329392288,1
62,1391235665008,985.6933306800796,4.0,14.296140188406353,1
62,1391235666736,1021.7434047876982,4.0,14.394624676620772,1
62,1391235665056,848.9328429627323,3.999999991771733,14.92534646504303,1
62,1391235666256,1095.6127737805089,4.0,16.049619717161228,1
62,1391235664480,1133.7898114084824,4.0,16.095418446828017,1
62,1391235664960,843.8862200779782,0.0,14.162219771207159,0
62,1391235664528,879.2674171260911,0.0,14.665525471518444,0
62,1391235664864,915.4461438191064,0.0,15.028681657439973,0
62,1391235667264,952.3239773445557,0.0,15.292731700348448,0
62,1391235664288,1172.9333685949987,4.0,16.16856148324665,1
62,1391235666928,1213.2958463113773,4.0,16.28495588341704,1
62,1391235667360,990.1281526623005,0.0,15.516770864335049,0
62,1391235667552,1029.8204556777014,0.0,15.744087988403942,0
62,1391235667456,1254.3616522176833,4.0,16.449010610424065,1
62,1391235664192,1294.5463315372883,4.0,16.625532838752253,1
62,1391235667216,1335.766220215828,4.0,16.83874983718548,1
62,1391235665632,1068.9944871518096,0.0,15.928649157114412,0
62,1391235666160,1107.8488328784224,0.0,16.076210796446066,0
62,1391235667600,1376.026105901129,4.0,17.0283990076947,1
62,1391235667648,1146.8642303567008,0.0,16.23847241536124,0
62,1391235664768,1186.6731563635574,0.0,16.421341112062706,0
62,1391235664336,1228.7525295631303,0.0,16.646382443504795,0
62,1391235666544,1418.65703628214,4.0,17.262574729531664,1
62,1391235666784,1269.9937408457977,0.0,16.828128475235456,0
62,1391235667744,1462.569405471494,4.0,17.491927364246546,1
62,1391235664240,1310.060897022863,0.0,16.988696345775935,0
62,1391235667072,1357.9626041154029,0.0,17.291118081058713,0
62,1391235667504,1504.4595871124548,4.0,17.676254271909176,1
62,1391235666400,1405.8570468571954,0.0,17.58486601168181,0
62,1391235666448,1546.87670088406,4.0,17.85594556705293,1
62,1391235664624,1597.2429906844611,4.0,18.186976665868062,1
62,1391235666976,1451.67687441802,0.0,17.820533435663254,0
62,1391235666688,1495.6988672209434,0.0,17.992532854938656,0
62,1391235665968,1648.8298934739128,4.0,18.524598224483768,1
62,1391235666112,1540.3018862326285,0.0,18.161173048251204,0
62,1391235666640,1590.5619135025063,0.0,18.40843909069708,0
62,1391235664384,1701.180041174555,4.0,18.81527658702843,1
62,1391235666064,1752.0481568570779,4.0,19.063511201735547,1
62,1391235664576,1815.3596033516123,4.0,19.50214502561491,1
62,1391235666880,1866.9823118354993,4.0,19.697556068018375,1
62,1391235666304,1643.9500824250815,0.0,18.683097659960634,0
62,1391235667312,1703.0380035294238,0.0,19.043928982011682,0
62,1391235666208,1759.4597817840258,0.0,19.299619235734507,0
62,1391235667792,1936.5623413243336,4.0,20.157220696347732,1
62,1391235667840,1997.55195470313,4.0,20.40786690187702,1
62,1391235667888,1821.714985934369,0.0,19.633371297835673,0
62,1391235667936,1876.6655177454998,0.0,19.82317094338273,0
62,1391235667984,2061.63810017914,4.0,20.647702160387308,1
62,1391235668032,1932.0205114536604,0.0,19.998507666439092,0
62,1391235668080,2011.0802230402005,0.0,20.589767424477614,0
62,1391235668128,2080.3811312503176,0.0,20.90065735738898,0
62,1391235668176,2153.914140486517,0.0,21.180135847495716,0
62,1391235668224,2256.337973317921,0.0,21.844111043283768,0
62,1391235668272,2136.358398811237,4.0,20.91157100863822,1
62,1391235668320,2208.5442783357507,4.0,21.055768540884895,1
62,1391235668368,2277.292065989488,4.0,21.08889265847261,1
62,1391235668416,2387.624046034879,0.0,22.657035679554397,0
62,1391235665248,952.4795060176576,4.0,14.224798186138923,1
63,1391235665392,933.5844140913554,3.9999999999999996,14.189945679090675,1
63,1391235664720,900.0179107344253,3.9999999999999996,14.129313262665262,1
63,1391235664912,824.4596024269146,3.999620151389412,15.260177372434532,1
63,1391235665008,1000.0049197127175,4.0,14.328804057819925,1
63,1391235666736,1036.1505962688382,4.0,14.42122328214608,1
63,1391235665056,863.7908046410133,3.9999999988136126,14.781906626417149,1
63,1391235666256,1111.6698201555773,4.0,16.065851793176133,1
63,1391235664480,1149.8955392212574,4.0,16.118000449452108,1
63,1391235664960,858.190653693491,0.0,14.453830206789668,0
63,1391235664528,894.023925250533,0.0,14.852577553475227,0
63,1391235664864,930.5370835961022,0.0,15.157339939504956,0
63,1391235667264,967.6619935941918,0.0,15.386966824827175,0
63,1391235664288,1189.116880072137,4.0,16.201134320775463,1
63,1391235666928,1229.6013996018967,4.0,16.32949382897689,1
63,1391235667360,1005.6796198794286,0.0,15.589520729415444,0
63,1391235667552,1045.5917338572885,0.0,15.80164425444946,0
63,1391235667456,1270.8358538101536,4.0,16.50314200849778,1
63,1391235664192,1311.1988703344127,4.0,16.6833573848313,1
63,1391235667216,1352.632693204025,4.0,16.89797766610762,1
63,1391235665632,1084.947980053267,0.0,15.981625972398488,0
63,1391235666160,1123.950528108359,0.0,16.130627192106765,0
63,1391235667600,1393.0816020305567,4.0,17.08623681587159,1
63,1391235667648,1163.128343328245,0.0,16.293215498125747,0
63,1391235664768,1203.1197807324531,0.0,16.47531861506128,0
63,1391235664336,1245.423640427872,0.0,16.699173241800143,0
63,1391235666544,1435.9458644009396,4.0,17.3185759924968,1
63,1391235666784,1286.8457712783118,0.0,16.879130646586482,0
63,1391235667744,1480.086202577852,4.0,17.544963385781298,1
63,1391235664240,1327.0725157319198,0.0,17.037604725493573,0
63,1391235667072,1375.2756102800372,0.0,17.33782846077869,0
63,1391235667504,1522.1593780496673,4.0,17.72644419785333,1
63,1391235666400,1423.4630141500065,0.0,17.62988746882266,0
63,1391235666448,1564.754839286778,4.0,17.903268103973215,1
63,1391235664624,1615.4507969477186,4.0,18.23138714331998,1
63,1391235666976,1469.5174791452498,0.0,17.86334736437004,0
63,1391235666688,1513.7102461738507,0.0,18.032734848602725,0
63,1391235665968,1667.3738918439835,4.0,18.56595914302452,1
63,1391235666112,1558.480712722352,0.0,18.19883579274804,0
63,1391235666640,1608.9867296511795,0.0,18.44338514377197,0
63,1391235664384,1720.0129356892558,4.0,18.85283735235639,1
63,1391235666064,1771.1276273919177,4.0,19.097535703027642,1
63,1391235664576,1834.875877056021,4.0,19.532265782050573,1
63,1391235666880,1886.6923949932388,4.0,19.724262700133362,1
63,1391235666304,1662.6483542038045,0.0,18.715482070971262,0
63,1391235667312,1722.0962141405705,0.0,19.074412374372535,0
63,1391235666208,1778.772543550885,0.0,19.327667683994097,0
63,1391235667792,1956.7300254757242,4.0,20.17952369329577,1
63,1391235667840,2017.968231718052,4.0,20.42578880915489,1
63,1391235667888,1841.3603534737313,0.0,19.65896687597987,0
63,1391235667936,1896.499410452331,0.0,19.846044126953792,0
63,1391235667984,2082.291986778059,4.0,20.6608749221757,1
63,1391235668032,1952.0284417567343,0.0,20.01860825059581,0
63,1391235668080,2031.6786507083882,0.0,20.608243358021085,0
63,1391235668128,2101.288778600925,0.0,20.915567676999867,0
63,1391235668176,2175.0993354001675,0.0,21.190927110979146,0
63,1391235668224,2278.1849844885955,0.0,21.85029794052218,0
63,1391235668272,2157.2732747719283,4.0,20.918600201602214,1
63,1391235668320,2229.600956520739,4.0,21.05769679756404,1
63,1391235668368,2298.380958647958,4.0,21.08889265847261,1
63,1391235668416,2410.2810817144327,0.0,22.657035679554397,0
63,1391235665248,966.7213750903699,4.0,14.2609621267924,1
64,1391235665392,947.790657404603,3.9999999999999996,14.224662877790125,1
64,1391235664720,914.1612511579445,3.9999999999999996,14.159361970423662,1
64,1391235664912,839.7245375583807,3.9999468445520434,15.25351911733927,1
64,1391235665008,1014.3480612011984,4.0,14.359138752337957,1
64,1391235666736,1050.583557807209,4.0,14.446090196725486,1
64,1391235665056,878.5100927354804,3.9999999998272755,14.651005368508105,1
64,1391235666256,1127.7439847658168,4.0,16.084040002840307,1
64,1391235664480,1166.0251435744108,4.0,16.143361005714276,1
64,1391235664960,872.754769408572,0.0,14.679961033536507,0
64,1391235664528,908.9485108087315,0.0,15.00098752546819,0
64,1391235664864,945.7453254677424,0.0,15.26291371682004,0
64,1391235667264,983.0875530217453,0.0,15.467605450553092,0
64,1391235664288,1205.3343343044955,4.0,16.23659363153768,1
64,1391235666928,1245.9524775704742,4.0,16.37607018368769,1
64,1391235667360,1021.3000333511218,0.0,15.654559738560588,0
64,1391235667552,1061.418915283834,0.0,15.855885822308016,0
64,1391235667456,1287.3645261100826,4.0,16.557935932183685,1
64,1391235664192,1327.9090816600722,4.0,16.740818993837404,1
64,1391235667216,1369.557911864949,4.0,16.956158620396696,1
64,1391235665632,1100.9538551407177,0.0,16.033422262515913,0
64,1391235666160,1140.106166072906,0.0,16.184063914759516,0
64,1391235667600,1410.1943372106484,4.0,17.142790088043856,1
64,1391235667648,1179.4466893328336,0.0,16.346884407527664,0
64,1391235664768,1219.6198644068436,0.0,16.52819569450142,0
64,1391235664336,1262.1470238620275,0.0,16.750857354671258,0
64,1391235666544,1453.2900269424458,4.0,17.373154560053322,1
64,1391235666784,1303.748243446862,0.0,16.928940406552776,0
64,1391235667744,1497.6553706751338,4.0,17.596583433447538,1
64,1391235664240,1344.1324968160402,0.0,17.085352064022942,0
64,1391235667072,1392.6348254470756,0.0,17.38346958920893,0
64,1391235667504,1539.908721723518,4.0,17.77527810646154,1
64,1391235666400,1441.1134943889483,0.0,17.67382505880383,0
64,1391235666448,1582.679695139413,4.0,17.949303345202033,1
64,1391235664624,1633.7024329531662,4.0,18.274562824248594,1
64,1391235666976,1487.4003901336728,0.0,17.90508140246614,0
64,1391235666688,1531.761355028709,0.0,18.071933354928404,0
64,1391235665968,1685.958705683294,4.0,18.606160531456005,1
64,1391235666112,1576.6967723207736,0.0,18.235585189333893,0
64,1391235666640,1627.4461094469907,0.0,18.47751776290555,0
64,1391235664384,1738.8828943926467,4.0,18.889342494745254,1
64,1391235666064,1790.240672047111,4.0,19.130602748823,1
64,1391235664576,1854.421870438458,4.0,19.561533800704993,1
64,1391235666880,1906.4288298476968,4.0,19.75021463396099,1
64,1391235666304,1681.3786691065095,0.0,18.747139883556528,0
64,1391235667312,1741.1845960369412,0.0,19.10423066083697,0
64,1391235666208,1798.113057216156,0.0,19.355084202380272,0
64,1391235667792,1976.9197052755935,4.0,20.20117301319198,1
64,1391235667840,2038.4021722664638,4.0,20.443161153206137,1
64,1391235667888,1861.031029255175,0.0,19.68395040546444,0
64,1391235667936,1916.3559116483984,0.0,19.868353759407512,0
64,1391235667984,2102.958839997184,4.0,20.673609253717192,1
64,1391235668032,1972.056237213907,0.0,20.03820769686416,0
64,1391235668080,2052.2953423766085,0.0,20.626268203915977,0
64,1391235668128,2122.2111594192534,0.0,20.930101683503914,0
64,1391235668176,2196.2951930853264,0.0,21.20144500789945,0
64,1391235668224,2300.0381108615156,0.0,21.8563322769689,0
64,1391235668272,2178.1950432666026,4.0,20.92533896712713,1
64,1391235668320,2250.659508995139,4.0,21.059510700772492,1
64,1391235668368,2319.4698513064277,4.0,21.08889265847261,1
64,1391235668416,2432.9381173939864,0.0,22.657035679554397,0
64,1391235665248,980.998338892048,4.0,14.294862855566066,1
65,1391235665392,962.0310627113795,3.9999999999999996,14.258172964214715,1
65,1391235664720,928.3346549891743,3.9999999999999996,14.189475759047587,1
65,1391235664912,854.9451880791639,3.9999925330208117,15.17360067051167,1
65,1391235665008,1028.720557456192,4.0,14.387419029033856,1
65,1391235666736,1065.0406662930484,4.0,14.469450865588241,1
65,1391235665056,893.1081074841409,3.9999999999746407,14.54171618259768,1
65,1391235666256,1143.8373573016574,4.0,16.10445115823068,1
65,1391235664480,1182.1814006650698,4.0,16.171478859494197,1
65,1391235664960,887.5204608826004,0.0,14.85598404185636,0
65,1391235664528,924.0074324964947,0.0,15.120800490424617,0
65,1391235664864,961.0507921218344,0.0,15.351536673556405,0
65,1391235667264,998.5888412630471,0.0,15.538276701719553,0
65,1391235664288,1221.5884829392544,4.0,16.274644107858364,1
65,1391235666928,1262.350922746795,4.0,16.42426989618547,1
65,1391235667360,1036.9827334011125,0.0,15.714025062742598,0
65,1391235667552,1077.2992193975024,0.0,15.90788723028411,0
65,1391235667456,1303.9481704059938,4.0,16.61305652965551,1
65,1391235664192,1344.6765118429246,4.0,16.797731118996246,1
65,1391235667216,1386.5407975325452,4.0,17.013229233229012,1
65,1391235665632,1117.0111427150316,0.0,16.084451348183652,0
65,1391235666160,1156.3148453124716,0.0,16.23667283250276,0
65,1391235667600,1427.3630249723665,4.0,17.198056875300985,1
65,1391235667648,1195.8182366854217,0.0,16.39956278001344,0
65,1391235664768,1236.1723301736317,0.0,16.58001883037142,0
65,1391235664336,1278.9215829064055,0.0,16.801455393168283,0
65,1391235666544,1470.688118148224,4.0,17.42634730283921,1
65,1391235666784,1320.699986562712,0.0,16.977603254506725,0
65,1391235667744,1515.2755175277182,4.0,17.646838208545965,1
65,1391235664240,1361.2397018582226,0.0,17.13198581584473,0
65,1391235667072,1410.0391937982129,0.0,17.42807022225401,0
65,1391235667504,1557.7062864820346,4.0,17.82280787519294,1
65,1391235666400,1458.8074190732632,0.0,17.716711858502237,0
65,1391235666448,1600.650005263508,4.0,17.99410256219775,1
65,1391235664624,1651.9966887422324,4.0,18.316556399269274,1
65,1391235666976,1505.3245481809097,0.0,17.94577960248838,0
65,1391235666688,1549.8512112186816,0.0,18.11017268868599,0
65,1391235665968,1704.5831993704755,4.0,18.64525306761376,1
65,1391235666112,1594.9491704038553,0.0,18.271460851633417,0
65,1391235666640,1645.9392548750293,0.0,18.510869583573598,0
65,1391235664384,1757.788883453478,4.0,18.924838197029825,1
65,1391235666064,1809.3863530413003,4.0,19.162754035222044,1
65,1391235664576,1873.9967480427495,4.0,19.589985709237066,1
65,1391235666880,1926.190876828803,4.0,19.77544393774922,1
65,1391235666304,1700.1403127160002,0.0,18.778096925354834,0
65,1391235667312,1760.302493687087,0.0,19.13340421188823,0
65,1391235666208,1817.480700022332,0.0,19.38188832300573,0
65,1391235667792,1997.1307397343257,4.0,20.22219555784345,1
65,1391235667840,2058.8532373359817,4.0,20.46000631222973,1
65,1391235667888,1880.7264107501642,0.0,19.70834214830319,0
65,1391235667936,1936.2344672234783,0.0,19.89011990394015,0
65,1391235667984,2123.6382299181078,4.0,20.685923213973226,1
65,1391235668032,1992.103405353082,0.0,20.057324409873228,0
65,1391235668080,2072.929854848494,0.0,20.64385872074056,0
65,1391235668128,2143.1479042430697,0.0,20.944273918483457,0
65,1391235668176,2217.501445263859,0.0,21.21170033518799,0
65,1391235668224,2321.8972026399506,0.0,21.862219919424785,0
65,1391235668272,2199.1234200906733,4.0,20.931800509490774,1
65,1391235668320,2271.7198247209094,4.0,21.06121727049869,1
65,1391235668368,2340.5587439648975,4.0,21.08889265847261,1
65,1391235668416,2455.59515307354,0.0,22.657035679554397,0
65,1391235665248,995.3082057275117,4.0,14.326651918203682,1
66,1391235665392,976.3043745781065,3.9999999999999996,14.290370969031489,1
66,1391235664720,942.5382289227286,3.9999999999999996,14.219694799940683,1
66,1391235664912,870.0658435883968,3.99999894330305,15.05597060030009,1
66,1391235665008,1043.1204681080237,4.0,14.41388330706128,1
66,1391235666736,1079.5205060096869,4.0,14.49149310793648,1
66,1391235665056,907.6082543839168,3.9999999999962514,14.457045860723994,1
66,1391235666256,1159.952244734487,4.0,16.12724760874219,1
66,1391235664480,1198.367025689339,4.0,16.202250890847832,1
66,1391235664960,902.4437951437724,0.0,14.994639768343017,0
66,1391235664528,939.1758502169632,0.0,15.219679655369282,0
66,1391235664864,976.4387827592832,0.0,15.427786582609578,0
66,1391235667264,1014.1572150516874,0.0,15.60167353647575,0
66,1391235664288,1237.8817683981877,4.0,16.314963888154274,1
66,1391235666928,1278.7981762005857,4.0,16.473708412199603,1
66,1391235667360,1052.7229197641918,0.0,15.769486811298158,0
66,1391235667552,1093.230773167405,0.0,15.958383988449542,0
66,1391235667456,1320.5869770147858,4.0,16.668220654219432,1
66,1391235664192,1361.5005403620041,4.0,16.853948253497624,1
66,1391235667216,1403.58021944211,4.0,17.069149419119352,1
66,1391235665632,1133.1191968101305,0.0,16.13494715001861,0
66,1391235666160,1172.5757801036007,0.0,16.288534063906614,0
66,1391235667600,1444.5863821661856,4.0,17.252045966228785,1
66,1391235667648,1212.2420203667648,0.0,16.451300608249916,0
66,1391235664768,1252.7761399753017,0.0,16.630820139452236,0
66,1391235664336,1295.7462408732486,0.0,16.850987513463274,0
66,1391235666544,1488.1387704323417,4.0,17.47819364371793,1
66,1391235666784,1337.699873319431,0.0,17.02516055945222,0
66,1391235667744,1532.9453011075784,4.0,17.695777292391668,1
66,1391235664240,1378.3930374289284,0.0,17.177548399573002,0
66,1391235667072,1427.4876882131643,0.0,17.471659008485297,0
66,1391235667504,1575.5507916594881,4.0,17.869083456986445,1
66,1391235666400,1476.543753090176,0.0,17.758581520767663,0
66,1391235666448,1618.664556684313,4.0,18.037714744215776,1
66,1391235664624,1670.332405673708,4.0,18.357417648412863,1
66,1391235666976,1523.288937371356,0.0,17.985484341392354,0
66,1391235666688,1567.9788751675082,0.0,18.147494359509682,0
66,1391235665968,1723.246286539809,4.0,18.683284422632415,1
66,1391235666112,1613.2370506660297,0.0,18.306499665140034,0
66,1391235666640,1664.4653995266208,0.0,18.543471075654903,0
66,1391235664384,1776.7299139090144,4.0,18.959367865037528,1
66,1391235666064,1828.563773105191,4.0,19.194028756710175,1
66,1391235664576,1893.599710005911,4.0,19.617655949820445,1
66,1391235666880,1945.9778275406259,4.0,19.799980790404113,1
66,1391235666304,1718.9325957433373,0.0,18.808377551151075,0
66,1391235667312,1779.4492715536103,0.0,19.16195259980679,0
66,1391235666208,1836.8748684241934,0.0,19.40809889612952,0
66,1391235667792,2017.36251403292,4.0,20.24261668353774,1
66,1391235667840,2079.3209097011495,4.0,20.476345414171945,1
66,1391235667888,1900.4459153321113,0.0,19.732161598400502,0
66,1391235667936,1956.1345426988469,0.0,19.9113617073967,0
66,1391235667984,2144.3297442180115,4.0,20.69783388166772,1
66,1391235668032,2012.169471682517,0.0,20.07597589516551,0
66,1391235668080,2093.5817612969236,0.0,20.661030841942647,0
66,1391235668128,2164.098657795,0.0,20.958098168165023,0
66,1391235668176,2238.717834180379,0.0,21.22170330954085,0
66,1391235668224,2343.76211574967,0.0,21.86796642918633,0
66,1391235668272,2220.0581339090063,4.0,20.937997324188192,1
66,1391235668320,2292.7817994634297,4.0,21.06282306876189,1
66,1391235668368,2361.6476366233674,4.0,21.08889265847261,1
66,1391235668416,2478.252188753094,0.0,22.657035679554397,0
66,1391235665248,1009.6489325772764,4.0,14.356476265340591,1
67,1391235665392,990.609234817132,3.9999999999999996,14.321162793248327,1
67,1391235664720,956.772013554497,3.9999999999999996,14.249856154760556,1
67,1391235664912,885.0612169928869,3.9999998491191566,14.925544234766232,1
67,1391235665008,1057.5460762068096,4.0,14.438738614469484,1
67,1391235666736,1094.021833652631,4.0,14.512372640005383,1
67,1391235665056,922.0350734759292,3.9999999999994436,14.396343911852137,1
67,1391235666256,1176.091071586779,4.0,16.152497760724728,1
67,1391235664480,1214.58459959988,4.0,16.235510498793488,1
67,1391235664960,917.4923029156957,0.0,15.10596075464767,0
67,1391235664528,954.4356373763185,0.0,15.303332228332042,0
67,1391235664864,991.8985855599092,0.0,15.495037548289135,0
67,1391235667264,1029.7863769132023,0.0,15.659780871205992,0
67,1391235664288,1254.2163054029522,4.0,16.35722126964745,1
67,1391235666928,1295.2953111011614,4.0,16.524037623836964,1
67,1391235667360,1068.5171526734289,0.0,15.822087594542984,0
67,1391235667552,1109.2123174297942,0.0,16.007865173285676,0
67,1391235667456,1337.2808761850354,4.0,16.723193789903426,1
67,1391235664192,1378.380417878441,4.0,16.90935956160055,1
67,1391235667216,1420.6750156838693,4.0,17.123897436740908,1
67,1391235665632,1149.2775456305894,0.0,16.185024582769497,0
67,1391235666160,1188.8882420037885,0.0,16.339682688742613,0
67,1391235667600,1461.863138352156,4.0,17.304774115086552,1
67,1391235667648,1228.7171147395468,0.0,16.502127001616522,0
67,1391235664768,1269.4302836153802,0.0,16.68062348105331,0
67,1391235664336,1312.619941458577,0.0,16.89947447384438,0
67,1391235666544,1505.6406563651228,4.0,17.528734401261367,1
67,1391235666784,1354.746816213934,0.0,17.071650470262146,0
67,1391235667744,1550.663428331339,4.0,17.74344886205139,1
67,1391235664240,1395.591450645729,0.0,17.222078404829183,0
67,1391235667072,1444.9793101883156,0.0,17.514264525857254,0
67,1391235667504,1593.4410056213928,4.0,17.914152824121775,1
67,1391235666400,1494.321495067148,0.0,17.79946781180109,0
67,1391235666448,1636.7221843674997,4.0,18.080186642799344,1
67,1391235664624,1688.7084735963588,4.0,18.397193618091663,1
67,1391235666976,1541.2925833232994,0.0,18.02423617024007,0
67,1391235666688,1586.1434475695735,0.0,18.18393725441805,0
67,1391235665968,1741.9469271788103,4.0,18.72029948102198,1
67,1391235666112,1631.5595925115679,0.0,18.340736038215503,0
67,1391235666640,1683.0238065342423,0.0,18.57535075392069,0
67,1391235664384,1795.7050389883057,4.0,18.992972338853864,1
67,1391235666064,1847.7720730705398,4.0,19.22446379699705,1
67,1391235664576,1913.2299899521008,4.0,19.644576946420933,1
67,1391235666880,1965.7890029397345,4.0,19.82385362410091,1
67,1391235666304,1737.7548526197988,0.0,18.838004778377986,0
67,1391235667312,1798.6243133162825,0.0,19.189894643422182,0
67,1391235666208,1856.2949774161427,0.0,19.43373410988472,0
67,1391235667792,2037.614438031762,4.0,20.26246031544127,1
67,1391235667840,2099.8046927158985,4.0,20.492198426774753,1
67,1391235667888,1920.1889795177058,0.0,19.75542750217446,0
67,1391235667936,1976.0556223334431,0.0,19.932097448092197,0
67,1391235667984,2165.032987221829,4.0,20.709357423629392,1
67,1391235668032,2032.2539788175472,0.0,20.09417881376408,0
67,1391235668080,2114.250650462363,0.0,20.677799725490086,0
67,1391235668128,2185.063078250325,0.0,20.971587512336022,0
67,1391235668176,2259.9441120406555,0.0,21.23146360675929,0
67,1391235668224,2365.632711542908,0.0,21.873577082020596,0
67,1391235668272,2240.9989255693713,4.0,20.943941244882055,1
67,1391235668320,2313.8453353491273,4.0,21.064334232532996,1
67,1391235668368,2382.736529281837,4.0,21.08889265847261,1
67,1391235668416,2500.9092244326475,0.0,22.657035679554397,0
67,1391235665248,1024.0186233915788,4.0,14.38448318951873,1
68,1391235665392,1004.9442060952804,3.9999999999999996,14.350488881178327,1
68,1391235664720,971.035837829213,3.9999999999999996,14.279709118483272,1
68,1391235664912,899.9267771756801,3.9999999782591753,14.798704194597914,1
68,1391235665008,1071.9958586495088,4.0,14.462164323708485,1
68,1391235666736,1108.5435485214498,4.0,14.532217880365957,1
68,1391235665056,936.4114112440193,3.999999999999916,14.356966117628362,1
68,1391235666256,1192.2562916297773,4.0,16.180188435614834,1
68,1391235664480,1230.8365138849886,4.0,16.2710450735144,1
68,1391235664960,932.6423865397609,0.0,15.197561481072926,0
68,1391235664528,969.7736289282315,0.0,15.375940388315238,0
68,1391235664864,1007.4224171662762,0.0,15.555755779461258,0
68,1391235667264,1045.4717540505328,0.0,15.714053554212182,0
68,1391235664288,1270.5938776332298,4.0,16.40108803809952,1
68,1391235666928,1311.843070724419,4.0,16.574948727633053,1
68,1391235667360,1084.362977670327,0.0,15.872649475117305,0
68,1391235667552,1125.2429946283414,0.0,16.056643092159042,0
68,1391235667456,1354.0295844613524,4.0,16.7777850886425,1
68,1391235664192,1395.3152981304029,4.0,16.96388303741881,1
68,1391235667216,1437.824009539557,4.0,17.177465735454234,1
68,1391235665632,1165.4857938562743,0.0,16.23472255332172,0
68,1391235666160,1205.2515238971469,0.0,16.390126944324646,0
68,1391235667600,1479.1920427035677,4.0,17.35626386097027,1
68,1391235667648,1245.2426169729026,0.0,16.552058800550576,0
68,1391235664768,1286.1337724692396,0.0,16.729448352412067,0
68,1391235664336,1329.5416495597344,0.0,16.94693800729973,0
68,1391235666544,1523.1924896495304,4.0,17.578010938542196,1
68,1391235666784,1371.8397646454794,0.0,17.117108561399885,0
68,1391235667744,1568.428653565518,4.0,17.78989951234344,1
68,1391235664240,1412.8339257748173,0.0,17.265611464134707,0
68,1391235667072,1462.5130897501954,0.0,17.555915237232142,0
68,1391235667504,1611.3757437750633,4.0,17.958061955917234,1
68,1391235666400,1512.1396773046608,0.0,17.839404239776233,0
68,1391235666448,1654.8217690095894,4.0,18.121562834746868,1
68,1391235664624,1707.1238281948586,4.0,18.43592879004926,1
68,1391235666976,1559.3345513226955,0.0,18.062073739373258,0
68,1391235666688,1604.3440668516942,0.0,18.219537817906975,0
68,1391235665968,1760.6841249372164,4.0,18.756340542428276,1
68,1391235666112,1649.9160086841493,0.0,18.374202126258346,0
68,1391235666640,1701.6137667046746,0.0,18.606535362946637,0
68,1391235664384,1814.7133516375513,4.0,19.025690084808566,1
68,1391235666064,1867.0104296416048,4.0,19.254093902264167,1
68,1391235664576,1932.886853046391,4.0,19.67077925641682,1
68,1391235666880,1985.623751649926,4.0,19.847089253777582,1
68,1391235666304,1756.606440215936,0.0,18.867000405143298,0
68,1391235667312,1817.8270211376162,0.0,19.217248448112002,0
68,1391235666208,1875.740459879354,0.0,19.458811510177068,0
68,1391235667792,2057.8859448888743,4.0,20.2817490516602,1
68,1391235667840,2120.304109192298,4.0,20.5075842397289,1
68,1391235667888,1939.9550582298111,0.0,19.778157881080666,0
68,1391235667936,1995.9972082767463,0.0,19.952344581269454,0
68,1391235667984,2185.747579019995,4.0,20.720509157341418,1
68,1391235668032,2052.356485659998,0.0,20.11194903279119,0
68,1391235668080,2134.9361258992144,0.0,20.6941798000645,0
68,1391235668128,2206.0408365519193,0.0,20.984754369494045,0
68,1391235668176,2281.180040487827,0.0,21.240990397879077,0
68,1391235668224,2387.5088565215424,0.0,21.879056886574443,0
68,1391235668272,2261.9455474610586,4.0,20.949643486564245,1
68,1391235668320,2334.910340454744,4.0,21.065756503952503,1
68,1391235668368,2403.825421940307,4.0,21.08889265847261,1
68,1391235668416,2523.5662601122012,0.0,22.657035679554397,0
68,1391235665248,1038.4155296005072,4.0,14.410820052832516,1
69,1391235665392,1019.3078109224712,3.9999999999999996,14.378331486061574,1
69,1391235664720,985.3292692538977,3.9999999999999996,14.308990279086009,1
69,1391235664912,914.6711822082179,3.999999996840749,14.685325538855507,1
69,1391235665008,1086.4684599874038,4.0,14.484315196929312,1
69,1391235666736,1123.0846672410285,4.0,14.551134183909662,1
69,1391235665056,950.7569855857546,3.999999999999988,14.335388346207825,1
69,1391235666256,1208.450312541438,4.0,16.210238387178375,1
69,1391235664480,1247.1249321286236,4.0,16.308611885608002,1
69,1391235664960,947.8770974343557,0.0,15.27506771961371,0
69,1391235664528,985.1802775033032,0.0,15.440537109127115,0
69,1391235664864,1023.0046291408468,0.0,15.611734056085808,0
69,1391235667264,1061.2100346965083,0.0,15.76555193151845,0
69,1391235664288,1287.015946173821,4.0,16.446249534617262,1
69,1391235666928,1328.441908146108,4.0,16.62617269289731,1
69,1391235667360,1100.258644891837,0.0,15.921755347025789,0
69,1391235667552,1141.3221976000918,0.0,16.104905311537216,0
69,1391235667456,1370.8326458788354,4.0,16.831842043466928,1
69,1391235664192,1412.3042642830935,4.0,17.017460311889646,1
69,1391235667216,1455.0260220391526,4.0,17.229857583112196,1
69,1391235665632,1181.743561559791,0.0,16.284033969915242,0
69,1391235666160,1221.6649192377859,0.0,16.439860369548036,0
69,1391235667600,1496.5718689630994,4.0,17.40654182883263,1
69,1391235667648,1261.817637627914,0.0,16.601106260058913,0
69,1391235664768,1302.8856363399168,0.0,16.777312281855483,0
69,1391235664336,1346.5103522720829,0.0,16.993400822894273,0
69,1391235666544,1540.7930253605502,4.0,17.626064545313827,1
69,1391235666784,1388.9777025714784,0.0,17.16156830022479,0
69,1391235667744,1586.2397769915535,4.0,17.83517415426412,1
69,1391235664240,1430.1194815839024,0.0,17.30818088031163,0
69,1391235667072,1480.0880853023793,0.0,17.59663940414577,0
69,1391235667504,1629.3538665832316,4.0,18.000854857394444,1
69,1391235666400,1529.9973653769493,0.0,17.878423765886335,0
69,1391235666448,1672.9622348975063,4.0,18.16188579732984,1
69,1391235664624,1725.5774485006054,4.0,18.473665241507454,1
69,1391235666976,1577.4139444098178,0.0,18.0990337798506,0
69,1391235666688,1622.5799068125195,0.0,18.254330226232433,0
69,1391235665968,1779.4569246297729,4.0,18.79144750660987,1
69,1391235666112,1668.3055431092994,0.0,18.406928032177323,0
69,1391235666640,1720.2345968265065,0.0,18.637050039981975,0
69,1391235664384,1833.7539822292413,4.0,19.057557370207533,1
69,1391235666064,1886.2780533323698,4.0,19.28295183871229,1
69,1391235664576,1952.5695941935326,4.0,19.696291708302134,1
69,1391235666880,2005.4814484008737,4.0,19.86971299493304,1
69,1391235666304,1775.4867366715569,0.0,18.895385113482615,0
69,1391235667312,1837.0568149665494,0.0,19.24403144189343,0
69,1391235666208,1895.2107659488686,0.0,19.48334802067855,0
69,1391235667792,2078.176489777833,4.0,20.30050425806884,1
69,1391235667840,2140.8187003581024,4.0,20.522520739747836,1
69,1391235667888,1959.7436240835189,0.0,19.800370055400418,0
69,1391235667936,2015.9588197660207,0.0,19.972119782222368,0
69,1391235667984,2206.473154646273,4.0,20.731303608273887,1
69,1391235668032,2072.4765666265057,0.0,20.129301672470902,0
69,1391235668080,2155.6378052668574,0.0,20.710184808064355,0
69,1391235668128,2227.0316157686857,0.0,20.997610538563208,0
69,1391235668176,2302.42539011337,0.0,21.250292382394136,0
69,1391235668224,2409.3904220780137,0.0,21.88441060136077,0
69,1391235668272,2282.897762915012,4.0,20.95511468528661,1
69,1391235668320,2355.976728425662,4.0,21.067095258103144,1
69,1391235668368,2424.914314598777,4.0,21.08889265847261,1
69,1391235668416,2546.223295791755,0.0,22.657035679554397,0
69,1391235665248,1052.8380490584534,4.0,14.435631638086182,1
70,1391235665392,1033.69857288367,3.9999999999999996,14.404712180246946,1
70,1391235664720,999.6516239430794,3.9999999999999996,14.337467546247819,1
70,1391235664912,929.3106032908826,3.9999999995375615,14.590499501921519,1
70,1391235665008,1100.962669081019,4.0,14.50532404720502,1
70,1391235666736,1137.6443024856414,4.0,14.569207592219932,1
70,1391235665056,965.0878657272386,3.999999999999999,14.327916686216753,1
70,1391235666256,1224.675434334594,4.0,16.242512227955903,1
70,1391235664480,1263.451766533962,4.0,16.347951928507634,1
70,1391235664960,963.1843543863317,0.0,15.34255438802355,0
70,1391235664528,1000.6486515654304,0.0,15.49930872748877,0
70,1391235664864,1038.641122347542,0.0,15.664270881980444,0
70,1391235667264,1076.9988235697688,0.0,15.81504363122818,0
70,1391235664288,1303.4836666123758,4.0,16.492411751238244,1
70,1391235666928,1345.0920255398446,4.0,16.677478987691153,1
70,1391235667360,1116.202900118218,0.0,15.969810642119832,0
70,1391235667552,1157.4494637932933,0.0,16.152753198062594,0
70,1391235667456,1387.6894678119884,4.0,16.88524517729001,1
70,1391235664192,1429.3463504061497,4.0,17.070052147892852,1
70,1391235667216,1472.2798814676212,4.0,17.281084364579595,1
70,1391235665632,1198.050448431679,0.0,16.33292621384909,0
70,1391235666160,1238.1277113277336,0.0,16.48886970041718,0
70,1391235667600,1514.0014188879884,4.0,17.455637417904803,1
70,1391235667648,1278.4412959097938,0.0,16.649276687464948,0
70,1391235664768,1319.6849222061603,0.0,16.82423222300637,0
70,1391235664336,1363.5250597913493,0.0,17.03888642797151,0
70,1391235666544,1558.4410596533887,4.0,17.672935996981206,1
70,1391235666784,1406.1596465694865,0.0,17.205061391125117,0
70,1391235667744,1604.0956428962056,4.0,17.879315967833932,1
70,1391235664240,1447.447169234849,0.0,17.34981807621273,0
70,1391235667072,1497.7033833768353,0.0,17.636464984105263,0
70,1391235667504,1647.374277607029,4.0,18.042573599438583,1
70,1391235666400,1547.8936574780482,0.0,17.916558586793094,0
70,1391235666448,1691.1425478472368,4.0,18.201195991143166,1
70,1391235664624,1744.068354558433,4.0,18.510442796175013,1
70,1391235666976,1595.5299014674883,0.0,18.135151125597847,0
70,1391235666688,1640.8501744325986,0.0,18.288346553632906,0
70,1391235665968,1798.2644099167303,4.0,18.82565804308245,1
70,1391235666112,1686.7274689273056,0.0,18.438941985892825,0
70,1391235666640,1738.8856381313972,0.0,18.66691845876975,0
70,1391235664384,1852.8260964386698,4.0,19.08860842260151,1
70,1391235666064,1905.5741865546365,4.0,19.31106853606935,1
70,1391235664576,1972.277536368514,4.0,19.72114152698754,1
70,1391235666880,2025.361492579606,4.0,19.89174877097481,1
70,1391235666304,1794.3951403229494,0.0,18.923178560074724,0
70,1391235667312,1856.3131318766586,0.0,19.27026040827297,0
70,1391235666208,1914.7053624007044,0.0,19.507359962832016,0
70,1391235667792,2098.4855486965835,4.0,20.318746154874216,1
70,1391235667840,2161.3480248863325,4.0,20.53702487928098,1
70,1391235667888,1979.5541666963854,0.0,19.8220806687881,0
70,1391235667936,2035.9399923656126,0.0,19.99143898713949,0
70,1391235667984,2227.2093633106592,4.0,20.741754562509264,1
70,1391235668032,2092.613810922273,0.0,20.14625114981622,0
70,1391235668080,2176.355319662288,0.0,20.72582784566192,0
70,1391235668128,2248.0351104942515,0.0,21.010167237478104,0
70,1391235668176,2323.6799400000473,0.0,21.259377818847252,0
70,1391235668224,2431.277284252618,0.0,21.889642750449497,0
70,1391235668272,2303.855345642231,4.0,20.96036493477984,1
70,1391235668320,2377.0444181209423,4.0,21.068355528567206,1
70,1391235668368,2446.0032072572467,4.0,21.08889265847261,1
70,1391235668416,2568.8803314713086,0.0,22.657035679554397,0
70,1391235665248,1067.2847219342211,4.0,14.459056861822221,1
71,1391235665392,1048.115052729389,3.9999999999999996,14.42968438042294,1
71,1391235664720,1014.0020095188859,3.9999999999999996,14.364961645065637,1
71,1391235664912,943.8646229157429,3.999999999931909,14.515941586651781,1
71,1391235665008,1115.4773983048585,4.0,14.525304181196729,1
71,1391235666736,1152.221645248432,4.0,14.586508151597574,1
71,1391235665056,979.4165178507827,3.999999999999999,14.331105576190858,1
71,1391235666256,1240.9338016256138,4.0,16.27683405307751,1
71,1391235664480,1279.8186672297534,4.0,16.388801463951708,1
71,1391235664960,978.5555779989123,0.0,15.402930483827488,0
71,1391235664528,1016.173702504127,0.0,15.553826941976123,0
71,1391235664864,1054.3289183788197,0.0,15.714304098819538,0
71,1391235667264,1092.8363864093767,0.0,15.863079399086848,0
71,1391235664288,1319.997911996417,4.0,16.539305854417286,1
71,1391235666928,1361.7934116077154,4.0,16.728673124600746,1
71,1391235667360,1132.1948301898765,0.0,16.01709004288689,0
71,1391235667552,1173.6244030001685,0.0,16.200230190388332,0
71,1391235667456,1404.5993516224025,4.0,16.937903003194872,1
71,1391235664192,1446.4405587635026,4.0,17.12163460932117,1
71,1391235667216,1489.5844304413822,4.0,17.33116344281771,1
71,1391235665632,1214.4060150718317,0.0,16.381354721891864,0
71,1391235666160,1254.6391690262897,0.0,16.537139824100258,0
71,1391235667600,1531.4795245332825,4.0,17.503581797961214,1
71,1391235667648,1295.1127178568931,0.0,16.696576673917416,0
71,1391235664768,1336.530694038593,0.0,16.870225301783275,0
71,1391235664336,1380.5848061001493,0.0,17.083418883559585,0
71,1391235666544,1576.1354290958095,4.0,17.71866524638714,1
71,1391235666784,1423.3846442002537,0.0,17.247618032516247,0
71,1391235667744,1621.99513793382,4.0,17.922366393252076,1
71,1391235664240,1464.8160705626342,0.0,17.39055291601879,0
71,1391235667072,1515.3580982811682,0.0,17.67541952699128,0
71,1391235667504,1665.4359215964091,4.0,18.083258373508954,1
71,1391235666400,1565.8276835792176,0.0,17.95383997706151,0
71,1391235666448,1709.361713227555,4.0,18.23953194718336,1
71,1391235664624,1762.5956052400463,4.0,18.546299166090616,1
71,1391235666976,1613.681595345629,0.0,18.170458764008686,0
71,1391235666688,1659.1541078463545,0.0,18.321616929123014,0
71,1391235665968,1817.10570114735,4.0,18.859007746784208,1
71,1391235666112,1705.181086696769,0.0,18.470270505246024,0
71,1391235666640,1757.566254891255,0.0,18.696162956865805,0
71,1391235664384,1871.9288932731204,4.0,19.118875575175714,1
71,1391235666064,1924.8981018436377,4.0,19.33847321851998,1
71,1391235664576,1992.0100290671498,4.0,19.745354448022127,1
71,1391235666880,2045.2633068848768,4.0,19.913219211208393,1
71,1391235666304,1813.331068715691,0.0,18.950399456280092,0
71,1391235667312,1875.5954254359194,0.0,19.295951516380246,0
71,1391235666208,1934.2237320589331,0.0,19.530863075781674,0
71,1391235667792,2118.8126173592887,4.0,20.336493895767607,1
71,1391235667840,2181.891657990862,4.0,20.551112739501242,1
71,1391235667888,1999.3861920234142,0.0,19.843305713179152,0
71,1391235667936,2055.9402772460553,0.0,20.01031743174002,0
71,1391235667984,2247.955867682916,4.0,20.751875115113428,1
71,1391235668032,2112.7678218570645,0.0,20.162811219272573,0
71,1391235668080,2197.0883129915364,0.0,20.741121400138827,0
71,1391235668128,2269.051026282866,0.0,21.02243513890648,0
71,1391235668176,2344.943477294297,0.0,21.268254553031245,0
71,1391235668224,2453.169323505927,0.0,21.894757637978174,0
71,1391235668272,2324.818079207436,4.0,20.96540382024642,1
71,1391235668320,2398.1133332829754,4.0,21.069542030973153,1
71,1391235668368,2467.0920999157165,4.0,21.08889265847261,1
71,1391235668416,2591.5373671508623,0.0,22.657035679554397,0
71,1391235665248,1081.754223411293,4.0,14.481225813687084,1
72,1391235665392,1062.5558759481276,3.9999999999999996,14.453324085295824,1
72,1391235664720,1028.3793818238119,3.9999999999999996,14.391352309537538,1
72,1391235664912,958.3534070810367,3.999999999989929,14.461119203665008,1
72,1391235665008,1130.0116651250116,4.0,14.544351700321391,1
72,1391235666736,1166.8159502395608,4.0,14.603092829741989,1
72,1391235665056,993.7521669681818,3.999999999999999,14.341971327816461,1
72,1391235666256,1257.2273691495068,4.0,16.313000161507343,1
72,1391235664480,1296.2270220210128,4.0,16.430901212796254,1
72,1391235664960,993.9846766066377,0.0,15.45825116016414,0
72,1391235664528,1031.751734842302,0.0,15.60522115198166,0
72,1391235664864,1070.0658472313348,0.0,15.762508985986615,0
72,1391235667264,1108.7214607737299,0.0,15.910049442085372,0
72,1391235664288,1336.5592992850054,4.0,16.586690585216317,1
72,1391235666928,1378.545876187761,4.0,16.77959348928794,1
72,1391235667360,1148.233749560781,0.0,16.06377280190586,0
72,1391235667552,1189.8466495488935,0.0,16.247342287876233,0
72,1391235667456,1421.561518456849,4.0,16.98974741237901,1
72,1391235664192,1463.5858735694949,4.0,17.172195856492724,1
72,1391235667216,1506.9385310697476,4.0,17.3801164829963,1
72,1391235665632,1230.8097754379996,0.0,16.429271676850433,0
72,1391235666160,1271.1985464129868,0.0,16.58465672886969,0
72,1391235667600,1549.0050496493025,4.0,17.550407147817836,1
72,1391235667648,1311.8310362867999,0.0,16.743013377441244,0
72,1391235664768,1353.422033157146,0.0,16.9153091575357,0
72,1391235664336,1397.6886494039059,0.0,17.12702255455646,0
72,1391235666544,1593.8750097409088,4.0,17.763291214612916,1
72,1391235666784,1440.6517725967112,0.0,17.289267110786756,0
72,1391235667744,1639.9371893929724,4.0,17.964365148640976,1
72,1391235664240,1482.225296629988,0.0,17.43041393427597,0
72,1391235667072,1533.0513716455164,0.0,17.713530079575218,0
72,1391235667504,1683.5377826400618,4.0,18.12294755582452,1
72,1391235666400,1583.79860445261,0.0,17.990298180786535,0
72,1391235666448,1727.6187740718099,4.0,18.27693035566397,1
72,1391235664624,1781.158296195086,4.0,18.581270084478323,1
72,1391235666976,1631.8682310459583,0.0,18.204987905536154,0
72,1391235666688,1677.4909744661554,0.0,18.354169683152303,0
72,1391235665968,1835.9799533530363,4.0,18.89153028101068,1
72,1391235666112,1723.6657227512069,0.0,18.500938540407542,0
72,1391235666640,1776.2758331358903,0.0,18.724804648630037,0
72,1391235664384,1891.0616032405078,4.0,19.14838939966319,1
72,1391235666064,1944.249100209215,4.0,19.365193524344765,1
72,1391235664576,2011.7664468661746,4.0,19.768954821895008,1
72,1391235666880,2065.1863360755333,4.0,19.93414574042922,1
72,1391235666304,1832.2939576931233,0.0,18.977065639054903,0
72,1391235667312,1894.9031651054947,0.0,19.321120348803206,0
72,1391235666208,1953.7653732226274,0.0,19.55387253614882,0
72,1391235667792,2139.15721016417,4.0,20.353765640413272,1
72,1391235667840,2202.4491905825257,4.0,20.564799588128587,1
72,1391235667888,2019.2392217169893,0.0,19.864060553746736,0
72,1391235667936,2075.9592405008107,0.0,20.028769687785914,0
72,1391235667984,2268.7123432226263,4.0,20.761677714655264,1
72,1391235668032,2132.938216200523,0.0,20.178995010563813,0
72,1391235668080,2217.836441377225,0.0,20.756077384706636,0
72,1391235668128,2290.079079119794,0.0,21.034424403355423,0
72,1391235668176,2366.215796805808,0.0,21.276930044018243,0
72,1391235668224,2475.066424505214,0.0,21.89975936158539,0
72,1391235668272,2345.78575653532,4.0,20.97024044958341,1
72,1391235668320,2419.1834022298085,4.0,21.070659184714405,1
72,1391235668368,2488.1809925741863,4.0,21.08889265847261,1
72,1391235668416,2614.194402830416,0.0,22.657035679554397,0
72,1391235665248,1096.245353767489,4.0,14.502257570060772,1
73,1391235665392,1077.0197510401913,3.9999999999999996,14.47572079568895,1
73,1391235664720,1042.7826029660594,3.9999999999999996,14.416574956913928,1
73,1391235664912,972.335802315583,0.6584013858557278,14.580777396497325,0
73,1391235665008,1144.5645759227625,4.0,14.562547684911928,1
73,1391235666736,1181.4265240223183,4.0,14.619008053013363,1
73,1391235665056,1008.101303707843,3.999999999999999,14.35806921324988,1
73,1391235666256,1273.557879396575,4.0,16.35079042737223,1
73,1391235664480,1312.6779642637744,4.0,16.47400328859274,1
73,1391235664960,1009.4673102355915,0.0,15.50995817662911,0
73,1391235664528,1047.3800258219062,0.0,15.654303800938129,0
73,1391235664864,1085.8503199420218,0.0,15.809369616265416,0
73,1391235667264,1124.6531160740785,0.0,15.956225315738212,0
73,1391235664288,1353.1682173840472,4.0,16.634352988371,1
73,1391235666928,1395.3490814984639,4.0,16.83010781444293,1
73,1391235667360,1164.3191179323655,0.0,16.10996939738468,0
73,1391235667552,1206.1158321082178,0.0,16.29407267471154,0
73,1391235667456,1438.575130666145,4.0,17.04072956969794,1
73,1391235664192,1480.7812718079783,4.0,17.221733502351046,1
73,1391235667216,1524.341068622323,4.0,17.427968151805427,1
73,1391235665632,1247.261196289261,0.0,16.47663128953903,0
73,1391235666160,1287.8050847296906,0.0,16.631409115165425,0
73,1391235667600,1566.5768904097622,4.0,17.59614608286367,1
73,1391235667648,1328.595391711722,0.0,16.78859518152211,0
73,1391235664768,1370.3580388050705,0.0,16.959502040506056,0
73,1391235664336,1414.8356723270665,0.0,17.169721885002716,0
73,1391235666544,1611.6587160267304,4.0,17.80685165504876,1
73,1391235666784,1457.9601372240768,0.0,17.3300363477714,0
73,1391235667744,1657.9207634899083,4.0,18.00535026590405,1
73,1391235664240,1499.6739864785065,0.0,17.469428499147032,0
73,1391235667072,1550.78237187968,0.0,17.750823102825724,0
73,1391235667504,1701.6788823824645,4.0,18.161677777328972,1
73,1391235666400,1601.8056106057613,0.0,18.025962342745807,0
73,1391235666448,1745.9128092786273,4.0,18.31342615476516,1
73,1391235664624,1799.7555579309687,4.0,18.615389429927554,1
73,1391235666976,1650.0890439823136,0.0,18.238768065118908,0
73,1391235666688,1695.8600692482173,0.0,18.386031483904674,0
73,1391235665968,1854.8863543779087,4.0,18.923257508763015,1
73,1391235666112,1742.1807276930767,0.0,18.530969603629035,0
73,1391235666640,1795.013779477691,0.0,18.752863525750584,0
73,1391235664384,1910.223486645594,4.0,19.17717882802538,1
73,1391235666064,1963.6265096018044,4.0,19.391255615407058,1
73,1391235664576,2031.5461880834005,4.0,19.791965709435253,1
73,1391235666880,2085.130045804887,4.0,19.954548660964896,1
73,1391235666304,1851.2832605519923,0.0,19.003194134040495,0
73,1391235667312,1914.235835665416,0.0,19.34578192745796,0
73,1391235666208,1973.3297991124828,0.0,19.57640297757855,0
73,1391235667792,2159.518859230977,4.0,20.37057862093651,1
73,1391235667840,2223.020228480849,4.0,20.578099932587563,1
73,1391235667888,2039.1127925116934,0.0,19.884359953664692,0
73,1391235667936,2095.9964624985687,0.0,20.046809697561784,0
73,1391235667984,2289.478477552122,4.0,20.77117420423395,1
73,1391235668032,2153.1246235741164,0.0,20.194815063964267,0
73,1391235668080,2238.5993725998483,0.0,20.77070717100198,0
73,1391235668128,2311.1189949236777,0.0,21.046144709882075,0
73,1391235668176,2387.496700632177,0.0,21.285411388212257,0
73,1391235668224,2496.9684759238394,0.0,21.904651824859872,0
73,1391235668272,2366.758179446901,4.0,20.97488348226464,1
73,1391235668320,2440.254557568397,4.0,21.07171113300417,1
73,1391235668368,2509.269885232656,4.0,21.08889265847261,1
73,1391235668416,2636.8514385099697,0.0,22.657035679554397,0
73,1391235665248,1110.7570266870753,4.0,14.522258907359966,1
74,1391235665392,1091.5054792369724,3.9999999999999996,14.496969687503494,1
74,1391235664720,1057.2104933216951,3.9999999999999996,14.44061219168714,1
74,1391235664912,987.0696373516643,0.09561675930386657,14.923557127095613,0
74,1391235665008,1159.1353119469836,4.0,14.579960257519124,1
74,1391235666736,1196.052715517065,4.0,14.634291884270864,1
74,1391235665056,1022.4682250013419,3.999999999999999,14.377485881188516,1
74,1391235666256,1289.926850875365,4.0,16.389978039010828,1
74,1391235664480,1329.172386696659,4.0,16.517876082602427,1
74,1391235664960,1025.000365301628,0.0,15.559058824616493,0
74,1391235664528,1063.0565529161536,0.0,15.70166028031057,0
74,1391235664864,1101.6811628837163,0.0,15.855230538539999,0
74,1391235667264,1140.6306502500913,0.0,16.0017911494905,0
74,1391235664288,1369.8248552947432,4.0,16.68210789258308,1
74,1391235666928,1412.2025697987442,4.0,16.88010956882518,1
74,1391235667360,1180.4504813130538,0.0,16.155741584031812,0
74,1391235667552,1222.431555962431,0.0,16.34039195865153,0
74,1391235667456,1455.6393093677636,4.0,17.090816341631164,1
74,1391235664192,1498.0257316415325,4.0,17.270252456850976,1
74,1391235667216,1541.7909540414676,4.0,17.47474511685491,1
74,1391235665632,1263.7597007509191,0.0,16.523392757000405,0
74,1391235666160,1304.4580154947218,0.0,16.677389134570422,0
74,1391235667600,1584.1939756389133,4.0,17.64083122907274,1
74,1391235667648,1345.4049337111167,0.0,16.833331955414913,0
74,1391235664768,1387.3378287493535,0.0,17.00282277203551,0
74,1391235664336,1432.0249819013918,0.0,17.211541210361375,0
74,1391235666544,1629.4854995664625,4.0,17.849383071279735,1
74,1391235666784,1475.3088707704146,0.0,17.369952413535525,0
74,1391235667744,1675.9448637038686,4.0,18.04535813859553,1
74,1391235664240,1517.1613060199643,0.0,17.507622929161613,0
74,1391235667072,1568.550293554332,0.0,17.787324403892352,0
74,1391235667504,1719.8582783125403,4.0,18.19948399675652,1
74,1391235666400,1619.847921162416,0.0,18.06086047073198,0
74,1391235666448,1764.2429319008127,4.0,18.349052618031163,1
74,1391235664624,1818.3865540130062,4.0,18.648689342291487,1
74,1391235666976,1668.3432983258185,0.0,18.271827150133948,0
74,1391235666688,1714.2607130900005,0.0,18.417227463352674,0
74,1391235665968,1873.8241231357154,4.0,18.954219613552326,1
74,1391235666112,1760.7254750113482,0.0,18.56038588596557,0
74,1391235666640,1813.7795200316364,0.0,18.780358546897187,0
74,1391235664384,1929.413832003072,4.0,19.20527126400368,1
74,1391235666064,1983.02968348357,4.0,19.41668427749452,1
74,1391235664576,2051.3486735294705,4.0,19.8144089692076,1
74,1391235666880,2105.0939215338913,4.0,19.974447227916613,1
74,1391235666304,1870.2984472579487,0.0,19.028801211919646,0
74,1391235667312,1933.592936665323,0.0,19.369950737759698,0
74,1391235666208,1992.9165373368514,0.0,19.598468509992042,0
74,1391235667792,2179.8971135023794,4.0,20.38694920299758,1
74,1391235667840,2243.604391676916,4.0,20.591027568942053,1
74,1391235667888,2059.006455633726,0.0,19.904218098491192,0
74,1391235667936,2116.051537269112,0.0,20.06445080641738,0
74,1391235667984,2310.2539698689316,4.0,20.780375859334676,1
74,1391235668032,2173.326685877225,0.0,20.210283363199768,0
74,1391235668080,2259.376785570532,0.0,20.78502161943067,0
74,1391235668128,2332.170509078566,0.0,21.057605284608986,0
74,1391235668176,2408.7859978067677,0.0,21.29370534160024,0
74,1391235668224,2518.8753702526615,0.0,21.909438748889283,0
74,1391235668272,2387.735158223758,4.0,20.979341156088537,1
74,1391235668320,2461.326735927199,4.0,21.07270176141318,1
74,1391235668368,2530.358777891126,4.0,21.08889265847261,1
74,1391235668416,2659.5084741895234,0.0,22.657035679554397,0
74,1391235665248,1125.288256688405,4.0,14.541323856399673,1
75,1391235665392,1106.011957170714,3.9999999999999996,14.517165489829472,1
75,1391235664720,1071.6618738531918,3.9999999999999996,14.463483208329052,1
75,1391235664912,1002.117732864295,0.01356062964705404,15.175908565332135,0
75,1391235665008,1173.7231172673928,4.0,14.596646509037962,1
75,1391235666736,1210.6939085235906,4.0,14.648975863321125,1
75,1391235665056,1036.8555426484704,3.999999999999999,14.398784766431902,1
75,1391235666256,1306.3355752984462,4.0,16.43033747918809,1
75,1391235664480,1345.7109593058597,4.0,16.56230737694306,1
75,1391235664960,1040.5815842895665,0.0,15.606255746462198,0
75,1391235664528,1078.7797984369756,0.0,15.747712874273184,0
75,1391235664864,1117.5574967066948,0.0,15.900334212233426,0
75,1391235667264,1156.6535138040365,0.0,16.046867009033782,0
75,1391235664288,1386.5292293046782,4.0,16.729796513904486,1
75,1391235666928,1429.1057874728958,4.0,16.92951445048754,1
75,1391235667360,1196.6274306609384,0.0,16.2011173958864,0
75,1391235667552,1238.79339392726,0.0,16.386265162403472,0
75,1391235667456,1472.7531486811924,4.0,17.13998724406807,1
75,1391235664192,1515.318238864958,4.0,17.31776318709739,1
75,1391235667216,1559.2871255696475,4.0,17.520475283459987,1
75,1391235665632,1280.3046740634654,0.0,16.569521678281333,0
75,1391235666160,1321.1565640778401,0.0,16.72259258001817,0
75,1391235667600,1601.8552666678197,4.0,17.684494909835717,1
75,1391235667648,1362.2588224407334,0.0,16.87723507149633,0
75,1391235664768,1404.360539804561,0.0,17.04529063534875,0
75,1391235664336,1449.2557093847395,0.0,17.25250460857137,0
75,1391235666544,1647.3543478758559,4.0,17.890920674183864,1
75,1391235666784,1492.6971321372016,0.0,17.409041013100524,0
75,1391235667744,1694.008529164159,4.0,18.08442357743032,1
75,1391235664240,1534.686447028212,0.0,17.545022577437496,0
75,1391235667072,1586.3543567211782,0.0,17.823059082930133,0
75,1391235667504,1738.0750621260574,4.0,18.2363995748681,1
75,1391235666400,1637.9247827174954,0.0,18.09501942204475,0
75,1391235666448,1782.608287520668,4.0,18.383841439516676,1
75,1391235664624,1837.0504793767288,4.0,18.681200330743938,1
75,1391235666976,1686.6302854395178,0.0,18.3041915510163,0
75,1391235666688,1732.6922513490058,0.0,18.44778133340879,0
75,1391235665968,1892.7925079829984,4.0,18.98444521060759,1
75,1391235666112,1779.299359810272,0.0,18.589208362408176,0
75,1391235666640,1832.5724994204165,0.0,18.807307717876522,0
75,1391235664384,1948.6319545578556,4.0,19.23269268552295,1
75,1391235666064,2002.4579994959477,4.0,19.441503012408624,1
75,1391235664576,2071.1733453435845,4.0,19.836305337696558,1
75,1391235666880,2125.0774675166504,4.0,19.993859718263575,1
75,1391235666304,1889.339003714625,0.0,19.053902438958602,0
75,1391235667312,1952.9739818986645,0.0,19.39364075130942,0
75,1391235666208,2012.525129376871,0.0,19.62008273848781,0
75,1391235667792,2200.2915379041046,4.0,20.40289294197142,1
75,1391235667840,2264.201313643364,4.0,20.60359562700166,1
75,1391235667888,2078.9197762344725,0.0,19.92364862003215,0
75,1391235667936,2136.1240719208567,0.0,20.081705793470004,0
75,1391235667984,2331.038530394714,4.0,20.789293422799766,1
75,1391235668032,2193.544056745105,0.0,20.225411366162536,0
75,1391235668080,2280.16836983319,0.0,20.79903110752086,0
75,1391235668128,2353.233365993509,0.0,21.068814927225304,0
75,1391235668176,2430.083503968042,0.0,21.301818340358995,0
75,1391235668224,2540.7870036226077,0.0,21.914123682984258,0
75,1391235668272,2408.7165111980767,4.0,20.9836213119774,1
75,1391235668320,2482.3998777066463,4.0,21.073634715021832,1
75,1391235668368,2551.447670549596,4.0,21.08889265847261,1
75,1391235668416,2682.165509869077,0.0,22.657035679554397,0
75,1391235665248,1139.838146443228,4.0,14.559533948842004,1
76,1391235665392,1120.5381742520294,3.9999999999999996,14.536398126518465,1
76,1391235664720,1086.1355976583666,3.9999999999999996,14.485233100735337,1
76,1391235664912,1017.3824071157283,0.0018950070802974202,15.355238103382026,0
76,1391235665008,1188.327288582614,4.0,14.612654268809088,1
76,1391235666736,1225.3495159361678,4.0,14.663086535656744,1
76,1391235665056,1051.2646257300883,3.999999999999999,14.42093043131339,1
76,1391235666256,1322.785121925151,4.0,16.47165075233126,1
76,1391235664480,1362.2941495937744,4.0,16.607105992815704,1
76,1391235664960,1056.2093068909558,0.0,15.65203933974437,0
76,1391235664528,1094.5486088665175,0.0,15.792766069241662,0
76,1391235664864,1133.4786476602787,0.0,15.944848218617237,0
76,1391235667264,1172.7212543364583,0.0,16.091526435429763,0
76,1391235664288,1403.2812084951427,4.0,16.777284493542112,1
76,1391235666928,1446.058105706885,4.0,16.978257107076594,1
76,1391235667360,1212.849573640416,0.0,16.24610228473898,0
76,1391235667552,1255.2008830856419,0.0,16.43165633945825,0
76,1391235667456,1489.9157271405184,4.0,17.188231873918983,1
76,1391235664192,1532.6577917866196,4.0,17.364280325373997,1
76,1391235667216,1576.8285497042157,4.0,17.565187217470896,1
76,1391235665632,1296.8954702476633,0.0,16.614990481250288,0
76,1391235666160,1337.8999532973573,0.0,16.767018747738103,0
76,1391235667600,1619.5597569197232,4.0,17.727168919227456,1
76,1391235667648,1379.1562300874139,0.0,16.920317284174097,0
76,1391235664768,1421.4253282318894,0.0,17.08692523859934,0
76,1391235664336,1466.5270099478512,0.0,17.29263578657265,0
76,1391235666544,1665.2642830717361,4.0,17.931498367342854,1
76,1391235666784,1510.1241055070182,0.0,17.44732695358335,0
76,1391235667744,1712.1108330950515,4.0,18.12257987031506,1
76,1391235664240,1552.2486262041114,0.0,17.581651893430223,0
76,1391235667072,1604.1938061865674,0.0,17.858051493921472,0
76,1391235667504,1756.3283581622652,4.0,18.272456348478375,1
76,1391235666400,1656.0354681875579,0.0,18.128464908355536,0
76,1391235666448,1801.0080527091595,4.0,18.41782281607309,1
76,1391235664624,1855.7465587447807,4.0,18.712951374456345,1
76,1391235666976,1704.9493224037858,0.0,18.33588623180374,0
76,1391235666688,1751.154052473281,0.0,18.477715492661133,0
76,1391235665968,1911.7907851993239,4.0,19.01396144934561,1
76,1391235666112,1797.9017976383725,0.0,18.617456886699912,0
76,1391235666640,1851.3921798557403,0.0,18.83372816347225,0
76,1391235664384,1967.877194903841,4.0,19.259467738820558,1
76,1391235666064,2021.910858215747,4.0,19.465734122595904,1
76,1391235664576,2091.019665906311,4.0,19.857674502980984,1
76,1391235666880,2145.0802058523946,4.0,20.01280349441958,1
76,1391235666304,1908.404431080843,0.0,19.078512722511316,0
76,1391235667312,1972.3784988989648,0.0,19.416865447270354,0
76,1391235666208,2032.155130090311,0.0,19.641258781844083,0
76,1391235667792,2220.701712559146,4.0,20.418424634696333,1
76,1391235667840,2284.81064068783,4.0,20.61581661195176,1
76,1391235667888,2098.8523328476494,0.0,19.94266461958092,0
76,1391235667936,2156.2136860882774,0.0,20.09858690056319,0
76,1391235667984,2351.8318798579166,4.0,20.79793713717257,1
76,1391235668032,2213.776401036606,0.0,20.240210033608147,0
76,1391235668080,2300.973825094167,0.0,20.8127455564325,0
76,1391235668128,2374.3073186877764,0.0,21.07978203563809,0
76,1391235668176,2451.3890410487825,0.0,21.309756519959635,0
76,1391235668224,2562.7032756376066,0.0,21.918710014646322,0
76,1391235668272,2429.7020643666565,4.0,20.987731416995356,1
76,1391235668320,2503.4739268461663,4.0,21.074513414305923,1
76,1391235668368,2572.5365632080657,4.0,21.08889265847261,1
76,1391235668416,2704.822545548631,0.0,22.657035679554397,0
76,1391235665248,1154.4058745966809,4.0,14.576958976068308,1
77,1391235665392,1135.0832064534038,3.9999999999999996,14.554749953110747,1
77,1391235664720,1100.6305712673711,3.9999999999999996,14.505923261540511,1
77,1391235664912,1032.8008727485092,0.000262087132208665,15.483247386669763,0
77,1391235665008,1202.9471667193072,4.0,14.628023703060519,1
77,1391235666736,1240.0189753529955,4.0,14.67664669879956,1
77,1391235665056,1065.6959642447057,3.999999999999999,14.443208498668644,1
77,1391235666256,1339.2763473513944,4.0,16.51371196631047,1
77,1391235664480,1378.9222439307798,4.0,16.652102281195656,1
77,1391235664960,1071.8822899403135,0.0,15.696752564020375,0
77,1391235664528,1110.362092959511,0.0,15.83703867411341,0
77,1391235664864,1149.4440825128656,0.0,15.988885166272363,0
77,1391235667264,1188.8334764903266,0.0,16.135809641467546,0
77,1391235664288,1420.0805381203306,4.0,16.82445961890789,1
77,1391235666928,1463.0588380199843,4.0,17.026288154314365,1
77,1391235667360,1229.1165160712696,0.0,16.290687300906196,0
77,1391235667552,1271.6535252927379,0.0,16.476531477999345,0
77,1391235667456,1507.1261167459918,4.0,17.235547775733746,1
77,1391235664192,1550.0434048564698,4.0,17.409821564133868,1
77,1391235667216,1594.4142216455914,4.0,17.608909712758894,1
77,1391235665632,1313.5314188883558,0.0,16.6597782454368,0
77,1391235666160,1354.6874067850208,0.0,16.810670118460365,0
77,1391235667600,1637.3064713009333,4.0,17.768884361183005,1
77,1391235667648,1396.0963421656822,0.0,16.96259253890589,0
77,1391235664768,1438.5313699982023,0.0,17.12774637452639,0
77,1391235664336,1483.8380622621894,0.0,17.331957996936097,0
77,1391235666544,1683.2143605659294,4.0,17.97114875267015,1
77,1391235666784,1527.58899947118,0.0,17.484834196687,0
77,1391235667744,1730.25088132195,4.0,18.159858844686294,1
77,1391235664240,1569.847084294586,0.0,17.61753446939385,0
77,1391235667072,1622.0679107519447,0.0,17.89232521811871,0
77,1391235667504,1774.6173219140728,4.0,18.307684703299913,1
77,1391235666400,1674.1792756728607,0.0,18.161221514250624,0
77,1391235666448,1819.441433565877,4.0,18.45102552638186,1
77,1391235664624,1874.4740451412285,4.0,18.743970016360052,1
77,1391235666976,1723.2997506314887,0.0,18.366934818713545,0
77,1391235666688,1769.6455067344918,0.0,18.50705112426525,0
77,1391235665968,1930.8182575662036,4.0,19.042794107880407,1
77,1391235666112,1816.5322234078776,0.0,18.645150276962692,0
77,1391235666640,1870.2380402880015,0.0,18.859636191990646,0
77,1391235664384,1987.148917693242,4.0,19.285619825079873,1
77,1391235666064,2041.3876819926697,4.0,19.489398789027415,1
77,1391235664576,2110.88711682328,4.0,19.878535172522326,1
77,1391235666880,2165.1016755986248,4.0,20.031295062766084,1
77,1391235666304,1927.4942451312336,0.0,19.10264635214292,0
77,1391235667312,1991.806028456905,0.0,19.439637832575865,0
77,1391235666208,2051.8061072337186,0.0,19.66200929058335,0
77,1391235667792,2241.127232051827,4.0,20.43355836720323,1
77,1391235667840,2305.432031346531,4.0,20.62770244282199,1
77,1391235667888,2118.8037168693754,0.0,19.961278690459338,0
77,1391235667936,2176.320011407509,0.0,20.115105859576875,0
77,1391235667984,2372.63374900764,4.0,20.806316774644962,1
77,1391235668032,2234.023394349707,0.0,20.25468985598813,0
77,1391235668080,2321.7928607775775,0.0,20.826174455758384,0
77,1391235668128,2395.392128399918,0.0,21.09051462892301,0
77,1391235668176,2472.7024369837704,0.0,21.317525732897646,0
77,1391235668224,2584.6240892171636,0.0,21.923200978841606,0
77,1391235668272,2450.6916510271635,4.0,20.99167858573596,1
77,1391235668320,2524.5488306065427,4.0,21.07534106986248,1
77,1391235668368,2593.6254558665355,4.0,21.08889265847261,1
77,1391235668416,2727.4795812281845,0.0,22.657035679554397,0
77,1391235665248,1168.9906845173023,4.0,14.593658085306352,1
78,1391235665392,1149.646207970128,3.9999999999999996,14.572294312331138,1
78,1391235664720,1115.1457670902364,3.9999999999999996,14.525623452403801,1
78,1391235664912,1048.3299908641714,3.597961502067698e-05,15.576579550343606,0
78,1391235665008,1217.5821296456622,4.0,14.642788732099648,1
78,1391235666736,1254.7017458124003,4.0,14.689676398221769,1
78,1391235665056,1080.1494545821863,3.999999999999999,14.465150898733196,1
78,1391235666256,1355.80990917916,4.0,16.556330445505484,1
78,1391235664480,1395.5953689687651,4.0,16.697147742640244,1
78,1391235664960,1087.5995823292599,0.0,15.740635882724161,0
78,1391235664528,1126.2195473761433,0.0,15.880686693545599,0
78,1391235664864,1165.4533607944275,0.0,16.032517370224877,0
78,1391235667264,1204.9898134915072,0.0,16.179733442045972,0
78,1391235664288,1436.9268606349074,4.0,16.87122941781414,1
78,1391235666928,1480.107254967802,4.0,17.07357152515083,1
78,1391235667360,1245.4278504538838,0.0,16.33485501595722,0
78,1391235667552,1288.1507899838543,0.0,16.52086019364349,0
78,1391235667456,1524.3833900645268,4.0,17.28193868925045,1
78,1391235664192,1567.474111302297,4.0,17.454406784918394,1
78,1391235667216,1612.0431653674768,4.0,17.65167147042186,1
78,1391235665632,1330.2118315639475,0.0,16.703870183026027,0
78,1391235666160,1371.518151986367,0.0,16.85355195414647,0
78,1391235667600,1655.0944654553866,4.0,17.80967153870752,1
78,1391235667648,1413.078358608233,0.0,17.00407575481515,0
78,1391235664768,1455.677860898538,0.0,17.16777388989055,0
78,1391235664336,1501.1880680162346,0.0,17.370493978832307,0
78,1391235666544,1701.2036677718859,4.0,18.00990315026976,1
78,1391235666784,1545.0910462045251,0.0,17.52158590033952,0
78,1391235667744,1748.4278108403475,4.0,18.196290930593474,1
78,1391235664240,1587.481085253017,0.0,17.652693076636545,0
78,1391235667072,1639.9759624330252,0.0,17.925903048500825,0
78,1391235667504,1792.9411386102483,4.0,18.342113644928855,1
78,1391235666400,1692.3555273428674,0.0,18.193312725696238,0
78,1391235666448,1837.9076643364153,4.0,18.483477006502667,1
78,1391235664624,1893.23221849658,4.0,18.774282450452063,1
78,1391235666976,1741.6809345703,0.0,18.397359685493683,0
78,1391235666688,1788.166025054985,0.0,18.5358082856049,0
78,1391235665968,1949.874253037085,4.0,19.070967680275174,1
78,1391235666112,1835.1900903958758,0.0,18.672306393132764,0
78,1391235666640,1889.1095756174293,0.0,18.88504735339455,0
78,1391235664384,2006.446510429329,4.0,19.311171180263685,1
78,1391235666064,2060.8879138618063,4.0,19.512517142956767,1
78,1391235664576,2130.775197974136,4.0,19.898905135620414,1
78,1391235666880,2185.1414319406294,4.0,20.049350127629076,1
78,1391235666304,1946.6079756561471,0.0,19.12631703693081,0
78,1391235667312,2011.2561241571166,0.0,19.461970461085105,0
78,1391235666208,2071.4776410024174,0.0,19.682346464567708,0
78,1391235667792,2261.567704737845,4.0,20.44830755879371,1
78,1391235667840,2326.0651558149393,4.0,20.639264488075533,1
78,1391235667888,2138.773532060432,0.0,19.979502939809027,0
78,1391235667936,2196.4426910185266,0.0,20.13127391818115,0
78,1391235667984,2393.4438781564195,4.0,20.814441664816414,1
78,1391235668032,2254.284722563064,0.0,20.268860878558524,0
78,1391235668080,2342.625195604703,0.0,20.83932688674136,0
78,1391235668128,2416.487564219041,0.0,21.101020368710035,0
78,1391235668176,2494.023525434598,0.0,21.325131565163588,0
78,1391235668224,2606.5493504479045,0.0,21.927599666636624,0
78,1391235668272,2471.685111435066,4.0,20.99546960021579,1
78,1391235668320,2545.6245393664994,4.0,21.076120696072344,1
78,1391235668368,2614.7143485250053,4.0,21.08889265847261,1
78,1391235668416,2750.1366169077382,0.0,22.657035679554397,0
78,1391235665248,1183.5918742409324,4.0,14.60968106077155,1
79,1391235665392,1164.226401538838,3.9999999999999996,14.589080666435063,1
79,1391235664720,1129.680228791315,3.9999999999999996,14.544405597828277,1
79,1391235664912,1063.9410273747585,4.912213784975269e-06,15.647224343851054,0
79,1391235665008,1232.2286821366065,4.0,14.626044762885943,1
79,1391235666736,1269.2785466204496,4.0,14.061584888083173,1
79,1391235665056,1094.624614738729,3.999999999999999,14.486471275817308,1
79,1391235666256,1372.3862821955722,4.0,16.599332591039477,1
79,1391235664480,1412.3135123666807,4.0,16.742114029025164,1
79,1391235664960,1103.3604379036026,0.0,15.783858158095985,0
79,1391235664528,1142.1204018920328,0.0,15.923817706722117,0
79,1391235664864,1181.5060921141664,0.0,16.07567956544814,0
79,1391235667264,1221.1894957912605,0.0,16.219756415514365,0
79,1391235664288,1453.8197343114225,4.0,16.917518763678153,1
79,1391235666928,1497.2025963516246,4.0,17.12008215473052,1
79,1391235667360,1261.7691365383394,0.0,16.31466639196634,0
79,1391235667552,1304.3342169625244,2.5750621233957953,16.682156089946854,1
79,1391235667456,1541.6866257346226,4.0,17.327413123639147,1
79,1391235664192,1584.9489649864367,4.0,17.498057376121398,1
79,1391235667216,1629.7144334082166,4.0,17.693500863774673,1
79,1391235665632,1346.9360076670096,0.0,16.74725695192316,0
79,1391235666160,1388.3914227428365,0.0,16.89567187097386,0
79,1391235667600,1672.9228249269543,4.0,17.84955988090368,1
79,1391235667648,1430.1014946373678,0.0,17.044782607232534,0
79,1391235664768,1472.8640165551947,0.0,17.2070275708718,0
79,1391235664336,1518.5762513820341,0.0,17.408265918017424,0
79,1391235666544,1719.2313228360542,4.0,18.047791628114418,1
79,1391235666784,1562.6295006779253,0.0,17.557604452406803,0
79,1391235667744,1766.640788447781,4.0,18.231905223433145,1
79,1391235664240,1605.149915432552,0.0,17.68714969512767,0
79,1391235667072,1657.9172756679231,0.0,17.958806983599278,0
79,1391235667504,1811.299021867556,4.0,18.37577086751719,1
79,1391235666400,1710.5635683536848,0.0,18.224760965455904,0
79,1391235666448,1856.4060061036298,4.0,18.515203421822623,1
79,1391235664624,1912.0203843372665,4.0,18.80391360308674,1
79,1391235666976,1760.092260488546,0.0,18.427182034759824,0
79,1391235666688,1806.7150379209145,0.0,18.5640059903441,0
79,1391235665968,1968.9581234914517,4.0,19.098505457172532,1
79,1391235666112,1853.8748693194273,0.0,18.698942207088717,0
79,1391235666640,1908.0062959606762,0.0,18.909976491790488,0
79,1391235664384,2025.7693823360667,4.0,19.336142948770174,1
79,1391235666064,2080.411016525251,4.0,19.5351083321196,1
79,1391235664576,2150.683426621644,4.0,19.918801321031594,1
79,1391235666880,2205.199045413017,4.0,20.066983641116956,1
79,1391235666304,1965.7451658972736,0.0,19.149537939418558,0
79,1391235667312,2030.7283519336759,0.0,19.483875451782513,0
79,1391235666208,2091.169323587867,0.0,19.702282070101198,0
79,1391235667792,2282.022752096827,4.0,20.46268500279631,1
79,1391235667840,2346.7096954128124,4.0,20.650513598571973,1
79,1391235667888,2158.7613940699516,0.0,19.997349009600235,0
79,1391235667936,2216.5813790923903,0.0,20.147101864123037,0
79,1391235667984,2414.2620167498067,4.0,20.822320720451547,1
79,1391235668032,2274.560081401916,0.0,20.282732724892632,0
79,1391235668080,2363.4705571959103,0.0,20.852211544022158,0
79,1391235668128,2437.5934027367816,0.0,21.111306579127433,0
79,1391235668176,2515.3521455303976,0.0,21.33257935155923,0
79,1391235668224,2628.4789684434822,0.0,21.93190903324716,0
79,1391235668272,2492.6822924798066,4.0,20.999110928397673,1
79,1391235668320,2566.7010064324754,4.0,21.076855123786878,1
79,1391235668368,2635.803241183475,4.0,21.08889265847261,1
79,1391235668416,2772.793652587292,0.0,22.657035679554397,0
79,1391235665248,1198.208741160857,4.0,14.624170564338108,1
80,1391235665392,1178.8220732989705,3.9999999999999996,14.601196199698837,1
80,1391235664720,1144.2330163133233,3.9999999999999996,14.56205178063457,1
80,1391235664912,1079.6154332996105,6.677900474552331e-07,15.703482459311058,0
80,1391235665008,1246.761368326438,4.0,14.410076661666785,1
80,1391235666736,1283.0323300528676,4.0,13.579013118734547,1
80,1391235665056,1109.120738070207,3.999999999999999,14.506996773846447,1
80,1391235666256,1389.0057759156934,4.0,16.642562717978567,1
80,1391235664480,1429.076542312698,4.0,16.78689153981119,1
80,1391235664960,1119.1642510549186,0.0,15.826526048915719,0
80,1391235664528,1158.064132458815,0.0,15.966482823385853,0
80,1391235664864,1197.6017911538197,0.0,16.12172299085135,0
80,1391235667264,1237.4445378244745,0.0,16.343493201710622,0
80,1391235664288,1470.7586495058017,4.0,16.963267585990756,1
80,1391235666928,1514.344081264987,4.0,17.165803988119418,1
80,1391235667360,1278.4965918370015,0.0,17.379060681672257,0
80,1391235667552,1321.44936392704,3.820821657075664,17.66375355717726,1
80,1391235667456,1559.0349126781568,4.0,17.371983207246465,1
80,1391235664192,1602.4670416536503,4.0,17.54079570197418,1
80,1391235667216,1647.4271064592024,4.0,17.73442576888108,1
80,1391235665632,1363.703239504437,0.0,16.789933912471476,0
80,1391235666160,1405.30646145056,0.0,16.937039425035003,0
80,1391235667600,1690.7906642627272,4.0,17.8885778984509,1
80,1391235667648,1447.1649814249922,0.0,17.08472932500129,0
80,1391235664768,1490.0890723105504,0.0,17.245527046429196,0
80,1391235664336,1536.0018584488394,0.0,17.44529542130887,0
80,1391235666544,1737.296473402236,4.0,18.084843038304648,1
80,1391235666784,1580.2036399016974,0.0,17.59291149872234,0
80,1391235667744,1784.8890094380533,4.0,18.266729545578112,1
80,1391235664240,1622.852882806891,0.0,17.720925538909864,0
80,1391235667072,1675.8911865228822,0.0,17.99105822911922,0
80,1391235667504,1829.690212410369,4.0,18.408682819838848,1
80,1391235666400,1728.802765803248,0.0,18.25558763313779,0
80,1391235666448,1874.9357455491484,4.0,18.546229735379153,1
80,1391235664624,1930.8378725537768,4.0,18.832887208676492,1
80,1391235666976,1778.5331353403287,0.0,18.456421974871187,0
80,1391235666688,1825.291994374102,0.0,18.59166228348325,0
80,1391235665968,1988.069243566689,4.0,19.125429600378066,1
80,1391235666112,1872.5860474777016,0.0,18.72507386625473,0
80,1391235666640,1926.9277259675214,0.0,18.93443779293239,0
80,1391235664384,2045.1169632987483,4.0,19.36055525146853,1
80,1391235666064,2099.956471397516,4.0,19.557190581878558,1
80,1391235664576,2170.61133657633,4.0,19.938239850189987,1
80,1391235666880,2225.2741011692938,4.0,20.08420984919301,1
80,1391235666304,1984.9053720158104,0.0,19.17232170662837,0
80,1391235667312,2050.222289643385,0.0,19.505364506101586,0
80,1391235666208,2110.8807587518936,0.0,19.721827456521414,0
80,1391235667792,2302.4920081242026,4.0,20.476702904295564,1
80,1391235667840,2367.3653420810406,4.0,20.661460138131293,1
80,1391235667888,2178.766929979743,0.0,20.014828096840667,0
80,1391235667936,2236.7357403821165,0.0,20.162600048132035,0
80,1391235667984,2435.0879229608463,4.0,20.829962461405216,1
80,1391235668032,2294.8491760268043,0.0,20.29631461891522,0
80,1391235668080,2384.3286816936634,0.0,20.864836756023386,0
80,1391235668128,2458.7094277186006,0.0,21.121380265416665,0
80,1391235668176,2536.6881416233973,0.0,21.339874189953203,0
80,1391235668224,2650.4128552122697,0.0,21.93613190554665,0
80,1391235668272,2513.683047378905,4.0,21.00260874145512,1
80,1391235668320,2587.7781878606756,4.0,21.077547012117673,1
80,1391235668368,2656.892133841945,4.0,21.08889265847261,1
80,1391235668416,2795.4506882668456,0.0,22.657035679554397,0
80,1391235665248,1212.8273488085267,4.0,14.600364063968716,1
81,1391235665392,1193.421915858437,3.9999999999999996,14.593426358869184,1
81,1391235664720,1158.8019986113677,3.9999999999999996,14.575703935752555,1
81,1391235664912,1095.341613609652,9.046356674839192e-08,15.750940610406031,0
81,1391235665008,1261.0671271074693,4.0,14.198383882471452,1
81,1391235666736,1296.6210237177281,4.0,13.643079739150403,1
81,1391235665056,1123.636886857496,3.999999999999999,14.526303454696677,1
81,1391235666256,1405.6685525718492,4.0,16.68588309396033,1
81,1391235664480,1445.8842255207671,4.0,16.831387783985118,1
81,1391235664960,1135.0105906776892,0.0,15.869108431969295,0
81,1391235664528,1174.0518143652025,0.0,16.013819964806697,0
81,1391235664864,1213.7607568564051,0.0,16.21313642193216,0
81,1391235667264,1253.9349103080062,0.0,16.68271253934342,0
81,1391235664288,1487.7430427064348,4.0,17.00842874539184,1
81,1391235666928,1531.5309162896233,4.0,17.21072828662489,1
81,1391235667360,1296.3445139947573,0.0,18.31306967376705,0
81,1391235667552,1339.4160872054406,3.979378950200819,18.253632303010903,1
81,1391235667456,1576.427353272474,4.0,17.415663766477,1
81,1391235664192,1620.0274397064313,4.0,17.58264469181354,1
81,1391235667216,1665.1802928082157,4.0,17.774473444939645,1
81,1391235665632,1380.512816655644,0.0,16.831900396152513,0
81,1391235666160,1422.2625208190395,0.0,16.977665730960076,0
81,1391235667600,1708.6971260822381,4.0,17.926753160378325,1
81,1391235667648,1464.268066559859,0.0,17.123932509896807,0
81,1391235664768,1507.3522830315521,0.0,17.283291709267047,0
81,1391235664336,1553.4641566365422,0.0,17.481603501897958,0
81,1391235666544,1755.39829541433,4.0,18.12108505753908,1
81,1391235666784,1597.8127621950682,0.0,17.627527967137507,0
81,1391235667744,1803.1716963563663,4.0,18.300790506387948,1
81,1391235664240,1640.5893162151967,0.0,17.75404107897775,0
81,1391235667072,1693.897051902696,0.0,18.022677205915393,0
81,1391235667504,1848.1139768550574,4.0,18.44087476857571,1
81,1391235666400,1747.0725077280024,0.0,18.285813148077185,0
81,1391235666448,1893.4961937815247,4.0,18.57657977259212,1
81,1391235664624,1949.6840362420323,4.0,18.861225880201836,1
81,1391235666976,1797.0029857053603,0.0,18.485098592142403,0
81,1391235666688,1843.8963610759188,0.0,18.618794310007697,0
81,1391235665968,2007.2070095619122,4.0,19.151761211917112,1
81,1391235666112,1891.3231279549407,0.0,18.75071675137273,0
81,1391235666640,1945.8734041829714,0.0,18.958444827318512,0
81,1391235664384,2064.48870287023,4.0,19.384427248614788,1
81,1391235666064,2119.523777709913,4.0,19.578781251765385,1
81,1391235664576,2190.558477412448,4.0,19.957236086427116,1
81,1391235666880,2245.36619829589,4.0,20.101042334317178,1
81,1391235666304,2004.088162590403,0.0,19.194680498479517,0
81,1391235667312,2069.7375266559907,0.0,19.52644892444039,0
81,1391235666208,2130.6115614172622,0.0,19.740993572268753,0
81,1391235667792,2322.9751187594966,4.0,20.490372915099005,1
81,1391235667840,2388.031797908019,4.0,20.67211401190408,1
81,1391235667888,2198.7897778684546,0.0,20.031950972978013,0
81,1391235667936,2256.9054497958564,0.0,20.177778405525473,0
81,1391235667984,2455.921363307685,4.0,20.837375036867407,1
81,1391235668032,2315.1517206436756,0.0,20.309615405565868,0
81,1391235668080,2405.199313405336,0.0,20.877210504066973,0
81,1391235668128,2479.835429793105,0.0,21.13124813132055,0
81,1391235668176,2558.031363058258,0.0,21.347020954562083,0
81,1391235668224,2672.350925532328,0.0,21.94027098907639,0
81,1391235668272,2534.687235388779,4.0,21.005968929879746,1
81,1391235668320,2608.8560422905107,4.0,21.078198859400924,1
81,1391235668368,2677.981026500415,4.0,21.08889265847261,1
81,1391235668416,2818.1077239463993,0.0,22.657035679554397,0
81,1391235665248,1227.391552817662,4.0,14.513572724308847,1
82,1391235665392,1208.0001636605855,3.9999999999999996,14.555297460752916,1
82,1391235664720,1173.380442493863,3.9999999999999996,14.579151893831806,1
82,1391235664912,1111.1126974070173,1.2217171762193184e-08,15.793550900274845,0
82,1391235665008,1275.1974975996643,4.0,14.068238051837906,1
82,1391235666736,1310.3493643025272,4.0,13.832377312027559,1
82,1391235665056,1138.1712471066587,3.999999999999999,14.542859443547522,1
82,1391235666256,1422.3746448489296,4.0,16.729173385154056,1
82,1391235664480,1462.7362435319142,4.0,16.8755256396319,1
82,1391235664960,1150.900374948205,0.0,15.914265754903122,0
82,1391235664528,1190.0939590526339,0.0,16.078779390742586,0
82,1391235664864,1230.0426839057818,0.0,16.37220888818692,0
82,1391235667264,1270.8094421777732,0.0,17.097730117192324,0
82,1391235664288,1504.772308548566,4.0,17.052966105923872,1
82,1391235666928,1548.7623021257011,4.0,17.254852202677164,1
82,1391235667360,1314.9551648967163,0.0,18.897226139292233,0
82,1391235667552,1357.82998688271,3.997695377496619,18.555821502377025,1
82,1391235667456,1593.8630656924174,4.0,17.45847159307532,1
82,1391235664192,1637.6292806158544,4.0,17.623627524493873,1
82,1391235667216,1682.9731276816558,4.0,17.813670452437,1
82,1391235665632,1397.3640296209207,0.0,16.873159025204327,0
82,1391235666160,1439.2588652678248,0.0,17.017563123055844,0
82,1391235667600,1726.6413801312372,4.0,17.964112286672844,1
82,1391235667648,1481.410014345704,0.0,17.162408980802024,0
82,1391235664768,1524.6529228428192,0.0,17.32034065285044,0
82,1391235664336,1570.962434098362,0.0,17.517210572658403,0
82,1391235666544,1773.5359919608265,4.0,18.156544230069382,1
82,1391235666784,1615.4561864783325,0.0,17.661474088868246,0
82,1391235667744,1821.488097813571,4.0,18.334113560261613,1
82,1391235664240,1658.358564629137,0.0,17.786516064721127,0
82,1391235667072,1711.9342487715771,0.0,18.053683563041997,0
82,1391235667504,1866.569606556335,4.0,18.4723708587376,1
82,1391235666400,1765.3722021432525,0.0,18.315456993682194,0
82,1391235666448,1912.0866852274783,4.0,18.60627628248465,1
82,1391235664624,1968.558250612997,4.0,18.88895117490704,1
82,1391235666976,1815.5012567988135,0.0,18.513230018360495,0
82,1391235666688,1862.5276214370388,0.0,18.645418377684774,0
82,1391235665968,2026.3708384084507,4.0,19.177520398035618,1
82,1391235666112,1910.0856288787088,0.0,18.775885529058502,0
82,1391235666640,1964.8428824506007,0.0,18.98201058938341,0
82,1391235664384,2083.8840693378697,4.0,19.407777198097417,1
82,1391235666064,2139.112451669477,4.0,19.599896887825864,1
82,1391235664576,2210.5244137314303,4.0,19.975804680544005,1
82,1391235666880,2265.4749491673465,4.0,20.117494054957717,1
82,1391235666304,2023.2931181424142,0.0,19.216626013910883,0
82,1391235667312,2089.273663460565,0.0,19.547139621926576,0
82,1391235666208,2150.3613572740783,0.0,19.75979098042645,0
82,1391235667792,2343.471741348396,4.0,20.50370616617978,1
82,1391235667840,2408.708774683444,4.0,20.68248469273238,1
82,1391235667888,2218.8295863947556,0.0,20.04872800249912,0
82,1391235667936,2277.0901919910852,0.0,20.192646476591804,0
82,1391235667984,2476.762112292682,4.0,20.844566246066226,1
82,1391235668032,2335.4674381340465,0.0,20.32264357019018,0
82,1391235668080,2426.082204464571,0.0,20.889340440314253,0
82,1391235668128,2500.9712061582272,0.0,21.140916595338155,0
82,1391235668176,2579.3816639542724,0.0,21.354024308334665,0
82,1391235668224,2694.2930968331707,0.0,21.94432887459588,0
82,1391235668272,2555.694721531168,4.0,21.00919711852345,1
82,1391235668320,2629.9345307886438,4.0,21.078813013401707,1
82,1391235668368,2699.0699191588847,4.0,21.08889265847261,1
82,1391235668416,2840.764759625953,0.0,22.657035679554397,0
82,1391235665248,1241.8500559792546,4.0,14.39284691129495,1
83,1391235665392,1222.5264220170734,3.9999999999999996,14.488808883570409,1
83,1391235664720,1187.9551331964647,3.9999999999999996,14.566306817879655,1
83,1391235664912,1126.9254507889418,1.645187091117482e-09,15.83475748120957,0
83,1391235665008,1289.236664810704,4.0,14.018566332462402,1
83,1391235666736,1324.2723304304018,4.0,14.021887029916678,1
83,1391235665056,1152.7198139530178,3.999999999999999,14.55377929482837,1
83,1391235666256,1439.123972859167,4.0,16.772329689061376,1
83,1391235664480,1479.6322072659284,4.0,16.91924160830283,1
83,1391235664960,1166.8383825290973,0.0,15.96698549871766,0
83,1391235664528,1206.2135228750665,0.0,16.171637979660197,0
83,1391235664864,1246.5114740228805,0.0,16.5870832079898,0
83,1391235667264,1288.0988304003845,0.0,17.50151272227688,0
83,1391235664288,1521.8458099985594,4.0,17.09685281738853,1
83,1391235666928,1566.037438909925,4.0,17.29817759108579,1
83,1391235667360,1334.023703790714,0.0,19.227035044859527,0
83,1391235667552,1376.4519783187868,3.999745372695691,18.672052766417966,1
83,1391235667456,1611.3411855939103,4.0,17.500424864839022,1
83,1391235664192,1655.271709053286,4.0,17.663767387714007,1
83,1391235667216,1700.8047725188917,4.0,17.852042599798867,1
83,1391235665632,1414.2561728212504,0.0,16.913715102622387,0
83,1391235666160,1456.2947720054806,0.0,17.056744861849246,0
83,1391235667600,1744.6226223338233,4.0,18.0006809525675,1
83,1391235667648,1498.590105955121,0.0,17.200175642463304,0
83,1391235664768,1541.990284803469,0.0,17.356692622414926,0
83,1391235664336,1588.4959991197245,0.0,17.552136445302022,0
83,1391235666544,1791.708792162922,4.0,18.191246011886545,1
83,1391235666784,1633.1332515854726,0.0,17.694769418075772,0
83,1391235667744,1839.8374873574721,4.0,18.366723062519455,1
83,1391235664240,1676.1599964409845,0.0,17.818369544633242,0
83,1391235667072,1730.0021733890078,0.0,18.084096194762665,0
83,1391235667504,1885.0564165126732,4.0,18.503194171194043,1
83,1391235666400,1783.7012761281298,0.0,18.344537762208283,0
83,1391235666448,1930.7065765827563,4.0,18.635340995503302,1
83,1391235664624,1987.4599119658742,4.0,18.916083655533594,1
83,1391235666976,1834.0274115465268,0.0,18.54083349369294,0
83,1391235666688,1881.1852748074587,0.0,18.67155001452957,0
83,1391235665968,2045.560166702147,4.0,19.202726328570954,1
83,1391235666112,1928.8730827284824,0.0,18.800594199686635,0
83,1391235666640,1983.8357253534286,0.0,19.005147533222537,0
83,1391235664384,2103.3025488466874,4.0,19.43062250941747,1
83,1391235666064,2158.7220256684313,4.0,19.620553271132184,1
83,1391235664576,2230.508724469334,4.0,19.99395961305413,1
83,1391235666880,2285.59997883965,4.0,20.13357738224297,1
83,1391235666304,2042.5198306863401,0.0,19.238169514964596,0
83,1391235667312,2108.830311287328,0.0,19.56744714348114,0
83,1391235666208,2170.129782401479,0.0,19.778229873728655,0
83,1391235667792,2363.9815441361557,4.0,20.516713297809893,1
83,1391235667840,2429.395993477587,4.0,20.69258124566828,1
83,1391235667888,2238.886014398751,0.0,20.065169160735863,0
83,1391235667936,2297.2896609886493,0.0,20.207213425825014,0
83,1391235667984,2497.609952061568,4.0,20.851543557553942,1
83,1391235668032,2355.7960597040005,0.0,20.335407256749402,0
83,1391235668080,2446.977114510073,0.0,20.90123390461151,0
83,1391235668128,2522.116560303162,0.0,21.150391805932202,0
83,1391235668176,2600.7389029995584,0.0,21.36088871451002,0
83,1391235668224,2716.2392890838746,0.0,21.948308044208517,0
83,1391235668272,2576.7053763341323,4.0,21.012298680659217,1
83,1391235668320,2651.013616702912,4.0,21.07939168081713,1
83,1391235668368,2720.1588118173545,4.0,21.08889265847261,1
83,1391235668416,2863.4217953055067,0.0,22.657035679554397,0
83,1391235665248,1256.1856657333192,4.0,14.27290481367285,1
84,1391235665392,1236.976967965557,3.9999999999999996,14.404993890189253,1
84,1391235664720,1202.5081194755944,3.9999999999999996,14.53437009264586,1
84,1391235664912,1142.780100953148,2.208953747206835e-10,15.87807902805461,0
84,1391235665008,1303.2557254421208,4.0,14.028041228968577,1
84,1391235666736,1338.3700686594311,4.0,14.17772502053649,1
84,1391235665056,1167.2753331982115,3.999999999999999,14.555597266179145,1
84,1391235666256,1455.916360015597,4.0,16.815263303839583,1
84,1391235664480,1496.5716698520648,4.0,16.96248413195724,1
84,1391235664960,1182.8347291393693,0.0,16.032601752809967,0
84,1391235664528,1222.4403454800695,0.0,16.295164153602574,0
84,1391235664864,1263.2120429705587,0.0,16.833645755953988,0
84,1391235667264,1305.7691891995617,0.0,17.851914239441445,0
84,1391235664288,1538.9628869187043,4.0,17.140069807006945,1
84,1391235666928,1583.3555304429237,4.0,17.340710024811596,1
84,1391235667360,1353.3356052509137,0.0,19.38431430234467,0
84,1391235667552,1395.1328966803062,3.999971923500709,18.676112718522997,1
84,1391235667456,1628.8608672783207,4.0,17.541542690289848,1
84,1391235664192,1672.95389281004,4.0,17.703087296105135,1
84,1391235667216,1718.6744142037676,4.0,17.88961491145607,1
84,1391235665632,1431.1885470240243,0.0,16.953576079525767,0
84,1391235666160,1473.3695318359587,0.0,17.09522488489412,0
84,1391235667600,1762.6400738530747,4.0,18.036483901351463,1
84,1391235667648,1515.8076394630423,0.0,17.23724937709256,0
84,1391235664768,1559.3636805406584,0.0,17.392365977822813,0
84,1391235664336,1606.064179518388,0.0,17.586400333791165,0
84,1391235666544,1809.9159501070344,4.0,18.22521481523562,1
84,1391235666784,1650.843315595799,0.0,17.727432850353726,0
84,1391235667744,1858.21916239895,4.0,18.398642322991627,1
84,1391235664240,1693.992998772251,0.0,17.849619886708275,0
84,1391235667072,1748.1002405640766,0.0,18.11393326056861,0
84,1391235667504,1903.5737443279058,4.0,18.533366777341772,1
84,1391235666400,1802.0591749552284,0.0,18.373073199193666,0
84,1391235666448,1949.3552458192792,4.0,18.663794678068573,1
84,1391235664624,2006.3884367205806,4.0,18.942642947419447,1
84,1391235666976,1852.5809297210283,0.0,18.567925425150946,0
84,1391235666688,1899.8688357216854,0.0,18.69720402142033,0
84,1391235665968,2064.7744497930103,4.0,19.227397292079196,1
84,1391235666112,1947.6850356901286,0.0,18.824856141088105,0
84,1391235666640,2002.8515096890562,0.0,19.027867605231673,0
84,1391235664384,2122.7436445746603,4.0,19.452979793767454,1
84,1391235666064,2178.3520475404866,4.0,19.640765462791602,1
84,1391235664576,2250.511002245091,4.0,20.01171423338274,1
84,1391235666880,2305.7409244789856,4.0,20.149304133996697,1
84,1391235666304,2061.767903303448,0.0,19.259321849052103,0
84,1391235667312,2128.4070917442064,0.0,19.587381678224283,0
84,1391235666208,2189.916482904082,0.0,19.79632008903788,0
84,1391235667792,2384.5042057901383,4.0,20.52940448757732,1
84,1391235667840,2450.0931842442983,4.0,20.70241235080115,1
84,1391235667888,2258.9587305208383,0.0,20.081284050892997,0
84,1391235667936,2317.503559805525,0.0,20.221488060079913,0
84,1391235667984,2518.464672081261,4.0,20.85831412718945,1
84,1391235668032,2376.1373245508817,0.0,20.347914284931637,0
84,1391235668080,2467.8838103807593,0.0,20.912897940316945,0
84,1391235668128,2543.27130174505,0.0,21.159679655766897,0
84,1391235668176,2622.1029432564487,0.0,21.367618447413747,0
84,1391235668224,2738.189424687127,0.0,21.95221087709465,0
84,1391235668272,2597.719075586683,4.0,21.01527875113692,1
84,1391235668320,2672.09326552544,4.0,21.0799369361325,1
84,1391235668368,2741.2477044758243,4.0,21.08889265847261,1
84,1391235668416,2886.0788309850604,0.0,22.657035679554397,0
84,1391235665248,1270.411458499277,4.0,14.177733380192407,1
85,1391235665392,1251.3411325047482,3.9999999999999996,14.318248931541072,1
85,1391235664720,1217.0207082786474,3.9999999999999996,14.484973497026894,1
85,1391235664912,1158.680416756363,2.956395280950137e-11,15.92702276190426,0
85,1391235665008,1317.3031221932079,4.0,14.07430816156645,1
85,1391235666736,1352.6065272561066,4.0,14.297710512632941,1
85,1391235665056,1181.8272761023297,3.999999999999999,14.545470022224954,1
85,1391235666256,1472.7515475990217,4.0,16.857899353834263,1
85,1391235664480,1513.5541378236162,4.0,17.005212016487107,1
85,1391235664960,1198.9042379178004,0.0,16.114830397544157,0
85,1391235664528,1238.8036594158784,0.0,16.445286089368462,0
85,1391235664864,1280.164618649404,0.0,17.08805249159992,0
85,1391235667264,1323.7588765414694,0.0,18.13495159836776,0
85,1391235664288,1556.122863217859,4.0,17.182604470567487,1
85,1391235666928,1600.7157875162393,4.0,17.38245798527034,1
85,1391235667360,1372.7484525944187,0.0,19.429836404733166,0
85,1391235667552,1413.7848893867967,3.999996893873768,18.616183061643394,1
85,1391235667456,1646.4212844497688,4.0,17.581844752824306,1
85,1391235664192,1690.6750225575036,4.0,17.741609955262835,1
85,1391235667216,1736.5812642720384,4.0,17.9264116119277,1
85,1391235665632,1448.1604612721967,0.0,16.99275109922363,0
85,1391235666160,1490.4824497351985,0.0,17.1330175984611,0
85,1391235667600,1780.6929801675137,4.0,18.07154496330339,1
85,1391235667648,1533.0619297815438,0.0,17.27364695633214,0
85,1391235664768,1576.7724398507244,0.0,17.4273786662459,0
85,1391235664336,1623.6663220495188,0.0,17.620020860847184,0
85,1391235666544,1828.1567438217305,4.0,18.25847405281278,1
85,1391235666784,1668.5857551837519,0.0,17.75948264058923,0
85,1391235667744,1876.632443190578,4.0,18.429893657256596,1
85,1391235664240,1711.8569768026746,0.0,17.880284798762577,0
85,1391235667072,1766.2278829309234,0.0,18.1432122074026,0
85,1391235667504,1922.120949226192,4.0,18.562909790965485,1
85,1391235666400,1820.4453612643026,0.0,18.40108024699676,0
85,1391235666448,1968.0320912453678,4.0,18.69165718399883,1
85,1391235664624,2025.3432605055068,4.0,18.96864779176898,1
85,1391235666976,1871.1613071340296,0.0,18.594521440820326,0
85,1391235666688,1918.5778331944418,0.0,18.722394520306292,0
85,1391235665968,2084.0131609281502,4.0,19.251550747068585,1
85,1391235666112,1966.5210470522954,0.0,18.84868414848984,0
85,1391235666640,2021.8898239761259,0.0,19.050182273995325,0
85,1391235664384,2142.2068759563977,4.0,19.47486491053888,1
85,1391235666064,2198.0020798606433,4.0,19.66054784574751,1
85,1391235664576,2270.53085274663,4.0,20.029081296281177,1
85,1391235666880,2325.8974348233883,4.0,20.1646856063769,1
85,1391235666304,2081.0369497369047,0.0,19.280093469594746,0
85,1391235667312,2148.0036364675225,0.0,19.60695307326106,0
85,1391235666208,2209.7211145626684,0.0,19.81407112129579,0
85,1391235667792,2405.0394149494637,4.0,20.54178947646165,1
85,1391235667840,2470.800085446089,4.0,20.711986324530148,1
85,1391235667888,2279.0474128372352,0.0,20.09708192031747,0
85,1391235667936,2337.7316001052636,0.0,20.23547884571337,0
85,1391235667984,2539.3260688351006,4.0,20.864884814920384,1
85,1391235668032,2396.4909795466074,0.0,20.36017216624157,0
85,1391235668080,2488.8020658262913,0.0,20.924339309179427,0
85,1391235668128,2564.4352457794803,0.0,21.168785795047913,0
85,1391235668176,2643.473651977342,0.0,21.374217602551017,0
85,1391235668224,2760.143428378841,0.0,21.956039654881327,0
85,1391235668272,2618.735700106179,4.0,21.018142238703383,1
85,1391235668320,2693.1734447643316,4.0,21.080450729879544,1
85,1391235668368,2762.336597134294,4.0,21.08889265847261,1
85,1391235668416,2908.735866664614,0.0,22.657035679554397,0
85,1391235665248,1284.5583969667314,4.0,14.118502715397888,1
86,1391235665392,1265.6223770946608,3.9999999999999996,14.241757840973051,1
86,1391235664720,1231.4777197302965,3.9999999999999996,14.423556138421697,1
86,1391235664912,1174.6334985003755,3.942025803898518e-12,15.98462539005407,0
86,1391235665008,1331.4069658314006,4.0,14.139764569401462,1
86,1391235666736,1366.9487432085882,4.0,14.388617045702583,1
86,1391235665056,1196.3629671800784,3.999999999999999,14.522185018279359,1
86,1391235666256,1489.6292079196753,4.0,16.900175363058768,1
86,1391235664480,1530.579080796194,4.0,17.0473929873682,1
86,1391235664960,1215.0642653685834,0.0,16.21477470303316,0
86,1391235664528,1255.3264706423631,0.0,16.613858304611657,0
86,1391235664864,1297.3680099416586,0.0,17.332151823899487,0
86,1391235667264,1342.00028971744,0.0,18.351940088201395,0
86,1391235664288,1573.325052780641,4.0,17.224449547824058,1
86,1391235666928,1618.1174305004884,4.0,17.423432199920576,1
86,1391235667360,1392.1712919605277,0.0,19.40516568027158,0
86,1391235667552,1432.3591239421812,3.9999996542444407,18.52213487173655,1
86,1391235667456,1664.0216306551285,4.0,17.621351034256687,1
86,1391235664192,1708.4343114887529,4.0,17.779357661603356,1
86,1391235667216,1754.5245581087431,4.0,17.96245612181534,1
86,1391235665632,1465.1712343914812,0.0,17.031250612948114,0
86,1391235666160,1507.6328452368107,0.0,17.170137705660935,0
86,1391235667600,1798.7806101686458,4.0,18.105887078929328,1
86,1391235667648,1550.3523085150716,0.0,17.30938497085701,0
86,1391235664768,1594.2159102768974,0.0,17.461748202880425,0
86,1391235664336,1641.301791818378,0.0,17.653016066717736,0
86,1391235666544,1846.4304742985196,4.0,18.29104618118879,1
86,1391235666784,1686.3599649864043,0.0,17.790936420508473,0
86,1391235667744,1895.0766718553766,4.0,18.460498435519444,1
86,1391235664240,1729.7513531195327,0.0,17.910381348787183,0
86,1391235667072,1784.384550247178,0.0,18.171949793420367,0
86,1391235667504,1940.6974111175527,4.0,18.59184341737182,1
86,1391235666400,1838.8593142789168,0.0,18.428575087039558,0
86,1391235666448,1986.7365306159886,4.0,18.718947502958546,1
86,1391235664624,2044.323837296871,4.0,18.994116095376047,1
86,1391235666976,1889.7680548812652,0.0,18.620636440100252,0
86,1391235666688,1937.3118100626843,0.0,18.74713499841293,0
86,1391235665968,2103.275790444258,4.0,19.275203369657604,1
86,1391235666112,1985.3806886411373,0.0,18.87209047107747,0
86,1391235666640,2040.950267989508,0.0,19.072102557717105,0
86,1391235664384,2161.691777951777,4.0,19.496293010555544,1
86,1391235666064,2217.6716992853967,4.0,19.679914163640696,1
86,1391235664576,2290.5678941522115,4.0,20.046072995688498,1
86,1391235666880,2346.0691696749886,4.0,20.179732603316424,1
86,1391235666304,2100.3265940068527,0.0,19.30049445520552,0
86,1391235667312,2167.6195867861857,0.0,19.626170846880516,0
86,1391235666208,2229.543342498572,0.0,19.831492136954083,0
86,1391235667792,2425.5868697998676,4.0,20.553877593126664,1
86,1391235667840,2491.516443699818,4.0,20.721311139406158,1
86,1391235667888,2299.151748511428,0.0,20.112571676031507,0
86,1391235667936,2357.9735018651245,0.0,20.249193924773458,0
86,1391235667984,2560.1939455343418,4.0,20.871262200458638,1
86,1391235668032,2416.856778936627,0.0,20.372188119138933,0
86,1391235668080,2509.7316612320633,0.0,20.935564505333854,0
86,1391235668128,2585.6082132439296,0.0,21.1777156440301,0
86,1391235668176,2664.8509004303405,0.0,21.380690106049865,0
86,1391235668224,2782.101227132975,0.0,21.959796566675486,0
86,1391235668272,2639.7551355176724,4.0,21.02089383755011,1
86,1391235668320,2714.2541238233553,4.0,21.080934896341574,1
86,1391235668368,2783.425489792764,4.0,21.08889265847261,1
86,1391235668416,2931.392902344168,0.0,22.657035679554397,0
86,1391235665248,1298.6636531950965,4.0,14.096426912743894,1
87,1391235665392,1279.8357032449019,3.9999999999999996,14.184895081225333,1
87,1391235664720,1245.870597889547,3.9999999999999996,14.357772485248605,1
87,1391235664912,1190.6490713589574,5.228112509922358e-13,16.05296781505732,0
87,1391235665008,1345.5803663457175,4.0,14.212302279208812,1
87,1391235666736,1381.3712567659197,4.0,14.458034264463489,1
87,1391235665056,1210.8694891800428,3.999999999999999,14.486642304758455,1
87,1391235666256,1506.5489560547528,4.0,16.94203984374633,1
87,1391235664480,1547.6459397682866,4.0,17.089002389203856,1
87,1391235664960,1231.3320256250736,0.0,16.33094491918878,0
87,1391235664528,1272.0228571517607,0.0,16.79150641483022,0
87,1391235664864,1314.8060693564703,0.0,17.554588134571166,0
87,1391235667264,1360.4308409707603,0.0,18.510963460393217,0
87,1391235664288,1590.5687643511417,4.0,17.265602164124363,1
87,1391235666928,1635.559691330448,4.0,17.463645103006595,1
87,1391235667360,1411.547592171688,0.0,19.337458348112833,0
87,1391235667552,1450.8307022191618,3.999999961221461,18.412115110935733,1
87,1391235667456,1681.6611194782247,4.0,17.66008160143183,1
87,1391235664192,1726.2309948736176,4.0,17.816352230084718,1
87,1391235667216,1772.5035541458997,4.0,17.99777106258923,1
87,1391235665632,1482.2201961440028,0.0,17.069086060014747,0
87,1391235666160,1524.8200526610462,0.0,17.206600066221252,0
87,1391235667600,1816.9022552832034,4.0,18.139532325127657,1
87,1391235667648,1567.6781237524706,0.0,17.34447977493862,0
87,1391235664768,1611.6934566708755,0.0,17.495491658161047,0
87,1391235664336,1658.969971702599,0.0,17.685403419601045,0
87,1391235666544,1864.7364645555851,4.0,18.322952743142075,1
87,1391235666784,1704.165356988433,0.0,17.82181121609956,0
87,1391235667744,1913.5512114633514,4.0,18.490477129153902,1
87,1391235664240,1747.6755670873379,0.0,17.939925985356663,0
87,1391235667072,1802.569708716658,0.0,18.200162112739793,0
87,1391235667504,1959.3025297113084,4.0,18.620186999892738,1
87,1391235666400,1857.3005290646327,0.0,18.455573180487,0
87,1391235666448,2005.4680002901214,4.0,18.74568380608379,1
87,1391235664624,2063.329638606241,4.0,19.019064977061962,1
87,1391235666976,1908.4006986358065,0.0,18.64628464020344,0
87,1391235666688,1956.0703223700993,0.0,18.77143834881362,0
87,1391235665968,2122.561845006182,4.0,19.298371097945957,1
87,1391235666112,2004.263544290155,0.0,18.895086845520296,0
87,1391235666640,2060.0324523218624,0.0,19.0936390494488,0
87,1391235664384,2181.197900356391,4.0,19.517278576301823,1
87,1391235666064,2237.3604959305226,4.0,19.698877556973024,1
87,1391235664576,2310.621756584509,4.0,20.062700996251124,1
87,1391235666880,2366.255799420747,4.0,20.19445546394495,1
87,1391235666304,2119.6364700440445,0.0,19.32053452755708,0
87,1391235667312,2187.2545933988195,0.0,19.64504420119871,0
87,1391235666208,2249.3828408512645,0.0,19.848591986894373,0
87,1391235667792,2446.1462776720928,4.0,20.56567777657332,1
87,1391235667840,2512.242013441593,4.0,20.730394442655662,1
87,1391235667888,2319.271433460823,0.0,20.12776189955371,0
87,1391235667936,2378.228993058974,0.0,20.262641130294202,0
87,1391235667984,2581.068111844835,4.0,20.877452597934678,1
87,1391235668032,2437.2344840535998,0.0,20.38396908329096,0
87,1391235668080,2530.6723833578108,0.0,20.94657976847304,0
87,1391235668128,2606.790030293354,0.0,21.1864744047531,0
87,1391235668176,2686.23456373405,0.0,21.38703972350363,0
87,1391235668224,2804.062750071242,0.0,21.96348371378514,0
87,1391235668272,2660.7772720444646,4.0,21.023538038146686,1
87,1391235668320,2735.3352738890953,4.0,21.081391160746715,1
87,1391235668368,2804.514382451234,4.0,21.08889265847261,1
87,1391235668416,2954.0499380237216,0.0,22.657035679554397,0
87,1391235665248,1312.762453820982,4.0,14.106609720823295,1
88,1391235665392,1294.0033395349703,3.9999999999999996,14.152419712558453,1
88,1391235664720,1260.1987740787235,3.9999999999999996,14.295682330073035,1
88,1391235664912,1206.73837435788,6.919820637271427e-14,16.132888917644756,0
88,1391235665008,1359.8265629580217,4.0,14.28439112850166,1
88,1391235666736,1395.8555802968976,4.0,14.512079745300836,1
88,1391235665056,1225.3357958085662,3.999999999999999,14.441759720629262,1
88,1391235666256,1523.5103602001013,4.0,16.983450946413438,1
88,1391235664480,1564.7541341895794,4.0,17.130022031090235,1
88,1391235664960,1247.7222768582126,0.0,16.459934751200297,0
88,1391235664528,1288.897770107594,0.0,16.9696578584114,0
88,1391235664864,1332.4541224149925,0.0,17.7497930044612,0
88,1391235667264,1378.9971833773711,0.0,18.621974229120028,0
88,1391235664288,1607.853305528579,4.0,17.30606301931808,1
88,1391235666928,1653.0418150001956,4.0,17.503110398506863,1
88,1391235667360,1430.843074334769,0.0,19.244094626582143,0
88,1391235667552,1469.1892433927098,3.9999999956156747,18.297137124716418,1
88,1391235667456,1699.3389845449049,4.0,17.698056442749756,1
88,1391235664192,1744.0643295520085,4.0,17.85261494355053,1
88,1391235667216,1790.5175330681545,4.0,18.03237826779892,1
88,1391235665632,1499.3066880890876,0.0,17.106269604353027,0
88,1391235666160,1542.0434212165214,0.0,17.242419583248473,0
88,1391235667600,1835.0572286225076,4.0,18.172501943238863,1
88,1391235667648,1585.038739809603,0.0,17.378947443508537,0
88,1391235664768,1629.2044607441453,0.0,17.528625650194286,0
88,1391235664336,1676.6702617854812,0.0,17.717199827292387,0
88,1391235666544,1883.0740587432545,4.0,18.354214408688023,1
88,1391235666784,1722.0013599245033,0.0,17.852123465020334,0
88,1391235667744,1932.0554451534992,4.0,18.519849354955902,1
88,1391235664240,1765.6290742379588,0.0,17.96893455806758,0
88,1391235667072,1820.7828403371086,0.0,18.22786462072994,0
88,1391235667504,1977.9357236748338,4.0,18.647959063864448,1
88,1391235666400,1875.768515827074,0.0,18.48208930718856,0
88,1391235666448,2024.2259544324893,4.0,18.771883488937924,1
88,1391235664624,2082.3601527130595,4.0,19.04351081106961,1
88,1391235666976,1927.0587779862253,0.0,18.671479619173752,0
88,1391235666688,1974.852938790608,0.0,18.795316907703207,0
88,1391235665968,2141.870846888446,4.0,19.321069173361288,1
88,1391235666112,2023.1692093422655,0.0,18.917684526759935,0
88,1391235666640,2079.1359979694985,0.0,19.114801940344485,0
88,1391235664384,2200.724807150907,4.0,19.5378354593903,1
88,1391235666064,2257.0680727838585,4.0,19.71745059679284,1
88,1391235664576,2330.69208159519,4.0,20.07897646269077,1
88,1391235666880,2386.457004579729,4.0,20.20886408815529,1
88,1391235666304,2138.966221340781,0.0,19.340223068062727,0
88,1391235667312,2206.9083160632854,0.0,19.663582034272892,0
88,1391235666208,2269.2392924686174,0.0,19.865379218847433,0
88,1391235667792,2466.7173546622125,4.0,20.577198597282898,1
88,1391235667840,2532.9765566096166,4.0,20.739243573489375,1
88,1391235667888,2339.406172037896,0.0,20.142660861034287,0
88,1391235667936,2398.4978093550876,0.0,20.275828000750362,0
88,1391235667984,2601.9483836279255,4.0,20.88346206960844,1
88,1391235668032,2457.6238630449343,0.0,20.395521732998777,0
88,1391235668080,2551.6240250890064,0.0,20.95739109625163,0
88,1391235668128,2627.980528187172,0.0,21.195067072060137,0
88,1391235668176,2707.624520700953,0.0,21.39327006825707,0
88,1391235668224,2826.0279283774057,0.0,21.96710311415117,0
88,1391235668272,2681.8020043091883,4.0,21.026079137412584,1
88,1391235668320,2756.4168678250667,4.0,21.081821145986744,1
88,1391235668368,2825.6032751097036,4.0,21.08889265847261,1
88,1391235668416,2976.7069737032753,0.0,22.657035679554397,0
88,1391235665248,1326.883577828282,4.0,14.141330393886392,1
89,1391235665392,1308.1502470235514,3.9999999999999996,14.144897929615125,1
89,1391235664720,1274.4693269709994,3.9999999999999996,14.244237200570904,1
89,1391235664912,1222.9128889965857,8.986296027134834e-15,16.223969576123594,0
89,1391235665008,1374.142921505743,4.0,14.3518351828999,1
89,1391235666736,1410.3885356597411,4.0,14.555177277003319,1
89,1391235665056,1239.754505316726,3.999999999999999,14.391929915841281,1
89,1391235666256,1540.5129507126826,4.0,17.024375201186093,1
89,1391235664480,1581.903067941074,4.0,17.17043917306797,1
89,1391235664960,1264.2458265720293,0.0,16.5973347320713,0
89,1391235664528,1305.9484027961273,0.0,17.141593929152776,0
89,1391235664864,1350.2839836191797,0.0,17.91629862317067,0
89,1391235667264,1397.655802651684,0.0,18.694404611815365,0
89,1391235664288,1625.1779860133977,4.0,17.34583570530485,1
89,1391235666928,1670.5630606618956,4.0,17.541842707378674,1
89,1391235667360,1450.0376721671541,0.0,19.136181780310345,0
89,1391235667552,1487.433204762943,3.999999999500323,18.183939327155024,1
89,1391235667456,1717.0544793837928,4.0,17.73529534406393,1
89,1391235664192,1761.9335933847567,4.0,17.88816651881133,1
89,1391235667216,1808.5657970319303,4.0,18.06629879891181,1
89,1391235665632,1516.4300642037972,0.0,17.14281391937913,0
89,1391235666160,1559.302314999616,0.0,17.277611112663585,0
89,1391235667600,1853.2448641604487,4.0,18.204816368194976,1
89,1391235667648,1602.4335369340104,0.0,17.412803739543524,0
89,1391235664768,1646.7483206137597,0.0,17.5611663413617,0
89,1391235664336,1694.402078801386,0.0,17.748421649737768,0
89,1391235666544,1901.4426212898313,4.0,18.38485101466697,1
89,1391235666784,1739.8674186990743,0.0,17.88188903403579,0
89,1391235667744,1950.5887752990293,4.0,18.548633917172616,1
89,1391235664240,1783.6113456811727,0.0,17.997422337950255,0
89,1391235667072,1839.023442273332,0.0,18.25507215947937,0
89,1391235667504,1996.5964298351553,4.0,18.675177358193924,1
89,1391235666400,1894.2627992480827,0.0,18.5081376027825,0
89,1391235666448,2043.0098642570638,4.0,18.79756321194721,1
89,1391235664624,2101.4148839392174,4.0,19.06746926763727,1
89,1391235666976,1945.7418458162545,0.0,18.69623435567297,0
89,1391235666688,1993.6592400877182,0.0,18.81878248867773,0
89,1391235665968,2161.2023332967924,4.0,19.343312179220373,1
89,1391235666112,2042.0972901814835,0.0,18.93989431633089,0
89,1391235666640,2098.260535940636,0.0,19.135601041138194,0
89,1391235664384,2220.2720758867013,4.0,19.557976915489768,1
89,1391235666064,2276.7940451506815,4.0,19.73564531610114,1
89,1391235664576,2350.7785216779344,4.0,20.094910087193686,1
89,1391235666880,2406.6724753751373,4.0,20.22296796046149,1
89,1391235666304,2158.315500618016,0.0,19.359569133481543,0
89,1391235667312,2226.5804232980845,0.0,19.68179295171219,0
89,1391235666208,2289.112388609358,0.0,19.881862089323885,0
89,1391235667792,2487.2998252724406,4.0,20.588448276968762,1
89,1391235667840,2553.71984234382,4.0,20.747865579288508,1
89,1391235667888,2359.5556767251614,0.0,20.15727653273043,0
89,1391235667936,2418.7796938280285,0.0,20.28876179372336,0
89,1391235667984,2622.834582694636,4.0,20.889296438708172,1
89,1391235668032,2478.024690613387,0.0,20.406852489853026,0
89,1391235668080,2572.5863852003436,0.0,20.968004255973344,0
89,1391235668128,2649.179543086951,0.0,21.203498443950732,0
89,1391235668176,2729.020653688831,0.0,21.399384609177165,0
89,1391235668224,2847.9966952158697,0.0,21.970656706510265,0
89,1391235668272,2702.8292311447613,4.0,21.028521248275755,1
89,1391235668320,2777.498880072349,4.0,21.08222637889602,1
89,1391235668368,2846.6921677681735,4.0,21.08889265847261,1
89,1391235668416,2999.364009382829,0.0,22.657035679554397,0
89,1391235665248,1341.047690230228,4.0,14.192346310420419,1
90,1391235665392,1322.3003914794258,3.9999999999999996,14.159767537631254,1
90,1391235664720,1288.6953752115337,3.9999999999999996,14.208318625460121,1
90,1391235664912,1239.1831643970381,7.634331207301192e-16,16.32474321166978,0
90,1391235665008,1388.5237344602394,4.0,14.412670331892151,1
90,1391235666736,1424.9607037207759,4.0,14.590399514542579,1
90,1391235665056,1254.1230196066738,3.999999999999999,14.34223421847403,1
90,1391235666256,1557.5562279438448,4.0,17.064786367193186,1
90,1391235664480,1599.0921343641944,4.0,17.210245644723674,1
90,1391235664960,1280.9089345133918,0.0,16.73856983701982,0
90,1391235664528,1323.166223211446,0.0,17.30272027806627,0
90,1391235664864,1368.2672846875382,0.0,18.05513575087696,0
90,1391235667264,1416.3719883956187,0.0,18.736266797530718,0
90,1391235664288,1642.5421202241532,4.0,17.384926134663765,1
90,1391235666928,1688.1227024052628,4.0,17.579857283976352,1
90,1391235667360,1469.120448507507,0.0,19.020922593106455,0
90,1391235667552,1505.5664686588148,3.999999999942615,18.076669158544345,1
90,1391235667456,1734.8068771780138,4.0,17.771817795558135,1
90,1391235664192,1779.8380846768462,4.0,17.92302708564533,1
90,1391235667216,1826.6476689020371,4.0,18.099552964416887,1
90,1391235665632,1533.5896913079798,0.0,17.178732013694,0
90,1391235666160,1576.5961129123987,0.0,17.312189391475663,0
90,1391235667600,1871.464515940896,4.0,18.23649525817798,1
90,1391235667648,1619.8619109810545,0.0,17.446064089898332,0
90,1391235664768,1664.3244503463345,0.0,17.593129438241537,0
90,1391235664336,1712.1648555940103,0.0,17.779084712259497,0
90,1391235666544,1919.8415360863166,4.0,18.414881602808762,1
90,1391235666784,1757.7629938236557,0.0,17.911123236487963,0
90,1391235667744,1969.1506227135958,4.0,18.576848847382717,1
90,1391235664240,1801.6218675355906,0.0,18.02540403778265,0
90,1391235667072,1857.2910262557634,0.0,18.281798983156932,0
90,1391235667504,2015.2841024210318,4.0,18.701858894628018,1
90,1391235666400,1912.7829178580992,0.0,18.533731593918215,0
90,1391235666448,2061.8192173098737,4.0,18.82273893846244,1
90,1391235664624,2120.493351962979,4.0,19.090955350957973,1
90,1391235666976,1964.4494677228147,0.0,18.720561265779615,0
90,1391235666688,2012.4888186068708,0.0,18.841846414295638,0
90,1391235665968,2180.555855727075,4.0,19.36511407672268,1
90,1391235666112,2061.0474037918657,0.0,18.961726588452102,0
90,1391235666640,2117.4057068843877,0.0,19.156045802021058,0
90,1391235664384,2239.839297105308,4.0,19.577715636915237,1
90,1391235666064,2296.5380401295142,4.0,19.753473239159188,1
90,1391235664576,2370.8807398079734,4.0,20.11051211497723,1
90,1391235666880,2426.9019113294557,4.0,20.236776172283143,1
90,1391235666304,2177.683969507609,0.0,19.378581470545225,0
90,1391235667312,2246.2705920951394,0.0,19.699685277807873,0
90,1391235666208,2309.0018286572385,0.0,19.89804857506924,0
90,1391235667792,2507.893422071079,4.0,20.599434707044377,1
90,1391235667840,2574.4716467011804,4.0,20.756267230754084,1
90,1391235667888,2379.7196678433334,0.0,20.17161660184916,0
90,1391235667936,2439.0743966838468,0.0,20.301449498826063,0
90,1391235667984,2643.72653657232,4.0,20.894961301461922,1
90,1391235668032,2498.4367477699866,0.0,20.417967534670034,0
90,1391235668080,2593.559268130572,0.0,20.97842479560877,0
90,1391235668128,2670.386915864158,0.0,21.21177313131402,0
90,1391235668176,2750.4228484597265,0.0,21.405386677945856,0
90,1391235668224,2869.9689856543255,0.0,21.974146354308097,0
90,1391235668272,2723.858855414638,4.0,21.030868308662512,1
90,1391235668320,2798.581286556293,4.0,21.08260829612221,1
90,1391235668368,2867.7810604266433,4.0,21.08889265847261,1
90,1391235668416,3022.0210450623827,0.0,22.657035679554397,0
90,1391235665248,1355.2675286893286,4.0,14.252261692898186,1
91,1391235665392,1336.474195699513,3.9999999999999996,14.192582580956868,1
91,1391235664720,1302.8937895445079,3.9999999999999996,14.190371840079012,1
91,1391235664912,1255.557921843472,-6.463105665131376e-16,16.433034802930756,0
91,1391235665008,1402.9620377952483,4.0,14.466322781295775,1
91,1391235666736,1439.565260953932,4.0,14.619860479355076,1
91,1391235665056,1268.4438249457144,3.999999999999999,14.29762181641144,1
91,1391235666256,1574.6396689754886,4.0,17.104664397178468,1
91,1391235664480,1616.3207204658884,4.0,17.249437084643123,1
91,1391235664960,1297.7134504081732,0.0,16.879501121677997,0
91,1391235664528,1340.5390285052622,0.0,17.45035807783055,0
91,1391235664864,1386.3773679555964,0.0,18.168613662582985,0
91,1391235667264,1435.1183089244341,0.0,18.754016067915156,0
91,1391235664288,1659.9450293886434,4.0,17.42334206432257,1
91,1391235666928,1705.7200297807758,4.0,17.617169788999153,1
91,1391235667360,1488.086452114969,0.0,18.903119367129566,0
91,1391235667552,1523.596247912996,3.999999999993363,17.977851470370453,1
91,1391235667456,1752.5954704356361,4.0,17.80764292294057,1
91,1391235664192,1797.7771215845,4.0,17.95721617573694,1
91,1391235667216,1844.7624915084998,4.0,18.132160341160656,1
91,1391235665632,1550.7849493314445,0.0,17.214037090849185,0
91,1391235666160,1593.9242085163198,0.0,17.346168981565857,0
91,1391235667600,1889.715557314831,4.0,18.267557524346007,1
91,1391235667648,1637.3232730692073,0.0,17.478743568005054,0
91,1391235664768,1681.9322795032401,0.0,17.62453019416206,0
91,1391235664336,1729.9580405881266,0.0,17.80920431927601,0
91,1391235666544,1938.2702057084593,4.0,18.444324456233296,1
91,1391235666784,1775.6875608715407,0.0,17.939840849773006,0
91,1391235667744,1987.7404258964466,4.0,18.604511442310592,1
91,1391235664240,1819.6601403798188,0.0,18.052893832229973,0
91,1391235667072,1875.5851180042675,0.0,18.308058783040146,0
91,1391235667504,2033.998212343279,4.0,18.72801998484042,1
91,1391235666400,1931.3284234428877,0.0,18.558884231593304,0
91,1391235666448,2080.653516788838,4.0,18.847425970587278,1
91,1391235664624,2139.5950911697123,4.0,19.113983434714,1
91,1391235666976,1983.181221469536,0.0,18.744472237031154,0
91,1391235666688,2031.3412777981725,0.0,18.86451954516932,0
91,1391235665968,2199.9309793590205,4.0,19.386488238574643,1
91,1391235666112,2080.0191773415904,0.0,18.983191314102957,0
91,1391235666640,2136.5711607389326,0.0,19.176145331072775,0
91,1391235664384,2259.4260737894424,4.0,19.597063783062595,1
91,1391235666064,2316.299696116304,4.0,19.770945408861763,1
91,1391235664576,2390.998409006402,4.0,20.125792368177397,1
91,1391235666880,2447.145020881198,4.0,20.25029744277781,1
91,1391235666304,2197.0712982487776,0.0,19.39726852969273,0
91,1391235667312,2265.978507643499,0.0,19.71726706620506,0
91,1391235666208,2328.907319846437,0.0,19.913946384056725,0
91,1391235667792,2528.497885370385,4.0,20.610165465905247,1
91,1391235667840,2595.2317523857414,4.0,20.764455036096944,1
91,1391235667888,2399.8978732720248,0.0,20.185688482784595,0
91,1391235667936,2459.3816749978723,0.0,20.31389784993105,0
91,1391235667984,2664.6240782829836,4.0,20.900462038381324,1
91,1391235668032,2518.8598215985603,0.0,20.42887281875577,0
91,1391235668080,2614.542483768074,0.0,20.988658054188,0
91,1391235668128,2691.602491917368,0.0,21.219895567085686,0
91,1391235668176,2771.8309940459894,0.0,21.4112794759092,0
91,1391235668224,2891.9447365901965,0.0,21.977573849380118,0
91,1391235668272,2744.8907838418027,4.0,21.033124089959138,1
91,1391235668320,2819.664064598936,4.0,21.082968249617608,1
91,1391235668368,2888.869953085113,4.0,21.08889265847261,1
91,1391235668416,3044.6780807419364,0.0,22.657035679554397,0
91,1391235665248,1369.5491018201703,4.0,14.315173531973356,1
92,1391235665392,1350.687199781731,3.9999999999999996,14.23814077742718,1
92,1391235664720,1317.0827830435626,3.9999999999999996,14.19053751341268,1
92,1391235664912,1272.0435186484947,-1.4639626234664482e-15,16.546327216397845,0
92,1391235665008,1417.4507065450302,4.0,14.51301800103053,1
92,1391235666736,1454.197172730278,4.0,14.645023325688838,1
92,1391235665056,1282.7240222237103,3.999999999999999,14.262221274882476,1
92,1391235666256,1591.7627333749417,4.0,17.143994517594823,1
92,1391235664480,1633.5882104148648,4.0,17.28801228838021,1
92,1391235664960,1314.657426425395,0.0,17.01675797331639,0
92,1391235664528,1358.0526726061858,0.0,17.583322640402912,0
92,1391235664864,1404.5901580413442,0.0,18.25951750565377,0
92,1391235667264,1453.8731271499935,0.0,18.752738719620336,0
92,1391235664288,1677.386043197483,4.0,17.461092699935605,1
92,1391235666928,1723.354348118116,4.0,17.653796108481586,1
92,1391235667360,1506.9347839176346,0.0,18.78609096563315,0
92,1391235667552,1541.531748485409,3.9999999999992273,17.88894624718296,1
92,1391235667456,1770.4195706005803,4.0,17.84278943768722,1
92,1391235664192,1815.7500415149254,4.0,17.99075271922545,1
92,1391235667216,1862.9096269254558,4.0,18.16413979713256,1
92,1391235665632,1568.0152314544955,0.0,17.248742437271076,0
92,1391235666160,1611.286009835819,0.0,17.37956422615236,0
92,1391235667600,1907.9973802071052,4.0,18.298021360299817,1
92,1391235667648,1654.8170492207344,0.0,17.510856882124457,0
92,1391235664768,1699.5712526893637,0.0,17.655383413836017,0
92,1391235664336,1747.781097275229,0.0,17.83879526837566,0
92,1391235666544,1956.7280506745772,4.0,18.473197134376306,1
92,1391235666784,1793.6406099500068,0.0,17.96805613278227,0
92,1391235667744,2006.357640314452,4.0,18.631638299661684,1
92,1391235664240,1837.7256787236556,0.0,18.079905377735116,0
92,1391235667072,1893.9052566767357,0.0,18.33386471203768,0
92,1391235667504,2052.7382465112055,4.0,18.753676275450673,1
92,1391235666400,1949.898880482728,0.0,18.583607922632464,0
92,1391235666448,2099.5122808984183,4.0,18.871638982907097,1
92,1391235664624,2158.7196500370883,4.0,19.13656729536245,1
92,1391235666976,2001.936696473122,0.0,18.76797865992734,0
92,1391235666688,2050.216231767158,0.0,18.886812306811613,0
92,1391235665968,2219.327282482581,4.0,19.407447480425837,1
92,1391235666112,2099.0122477902446,0.0,19.004298083273845,0
92,1391235666640,2155.756556397501,0.0,19.19590841138462,0
92,1391235664384,2279.032020843512,4.0,19.61603300885452,1
92,1391235666064,2336.078662335145,4.0,19.788072412325945,1
92,1391235664576,2411.131211927646,4.0,20.140760268186042,1
92,1391235666880,2467.401521021841,4.0,20.263540138332893,1
92,1391235666304,2216.477165397895,0.0,19.415638477988843,0
92,1391235667312,2285.7038630634975,0.0,19.734546110135742,0
92,1391235666208,2348.828576997741,0.0,19.929562966032595,0
92,1391235667792,2549.112962921189,4.0,20.62064783511438,1
92,1391235667840,2615.999948492401,4.0,20.772435254339424,1
92,1391235667888,2420.090028182428,0.0,20.199499328776152,0
92,1391235667936,2479.7012924644314,0.0,20.326113336744754,0
92,1391235667984,2685.5270461325686,4.0,20.9058038248522,1
92,1391235668032,2539.293705031244,0.0,20.439574074541405,0
92,1391235668080,2635.5358472465405,0.0,20.9987091716085,0
92,1391235668128,2712.826120998374,0.0,21.227870014868103,0
92,1391235668176,2793.2449826229795,0.0,21.417066080514427,0
92,1391235668224,2913.923886680659,0.0,21.98094091541609,0
92,1391235668272,2765.9249268459844,4.0,21.03529220498257,1
92,1391235668320,2840.747192836728,4.0,21.083307511778038,1
92,1391235668368,2909.958845743583,4.0,21.08889265847261,1
92,1391235668416,3067.33511642149,0.0,22.657035679554397,0
92,1391235665248,1383.8932865669353,4.0,14.376828004226903,1
93,1391235665392,1364.949731786581,3.9999999999999996,14.291344826441136,1
93,1391235664720,1331.279802662637,3.9999999999999996,14.207114692730114,1
93,1391235664912,1288.6437610391768,-4.407733281847034e-16,16.66208035528076,0
93,1391235665008,1431.9830575060055,4.0,14.553390213832373,1
93,1391235666736,1468.8526492621093,4.0,14.666914189531719,1
93,1391235665056,1296.9742728766118,3.999999999999999,14.23888729840873,1
93,1391235666256,1608.9248680822695,4.0,17.182766419787413,1
93,1391235664480,1650.893988431643,4.0,17.325972652481138,1
93,1391235664960,1331.7359508309971,0.0,17.147843954087946,0
93,1391235664528,1375.6923462054124,0.0,17.701469674403654,0
93,1391235664864,1422.884397786132,0.0,18.330645236636112,0
93,1391235667264,1472.6193611603396,0.0,18.736434126551366,0
93,1391235664288,1694.8645010948244,4.0,17.498188368386682,1
93,1391235666928,1741.024978681696,4.0,17.68975221018294,1
93,1391235667360,1525.6673908341097,0.0,18.67221519454108,0
93,1391235667552,1559.3832725805348,3.999999999999909,17.810679543498367,1
93,1391235667456,1788.278507621033,4.0,17.87727560217687,1
93,1391235664192,1833.756200525447,4.0,18.02365504704742,1
93,1391235667216,1881.0884557732813,4.0,18.195509515107272,1
93,1391235665632,1585.2799441475572,0.0,17.2828613332829,0
93,1391235666160,1628.6809391233896,0.0,17.412389216564414,0
93,1391235667600,1926.3093944124523,4.0,18.327904271049317,1
93,1391235667648,1672.3426799927938,0.0,17.542418368067075,0
93,1391235664768,1717.2408291072995,0.0,17.685703459633906,0
93,1391235664336,1765.6335037133645,0.0,17.86787186463088,0
93,1391235666544,1975.2145087375695,4.0,18.501516506351667,1
93,1391235666784,1811.6216451899186,0.0,17.995782843255938,0
93,1391235667744,2025.0017377190798,4.0,18.658245352068054,1
93,1391235664240,1855.818010499029,0.0,18.106451832090283,0
93,1391235667072,1912.250994341927,0.0,18.359229408575153,0
93,1391235667504,2071.5037071831457,4.0,18.778842781086627,1
93,1391235666400,1968.4938656222341,0.0,18.60791455935661,0
93,1391235666448,2118.3950422370885,4.0,18.895392054247402,1
93,1391235664624,2177.8665905525836,4.0,19.158720143332566,1
93,1391235666976,2020.7154933201077,0.0,18.79109145709785,0
93,1391235666688,2069.113304851424,0.0,18.908734714441128,0
93,1391235665968,2238.744355954761,4.0,19.428004090282478,1
93,1391235666112,2118.0262615175798,0.0,19.02505612556117,0
93,1391235666640,2174.9615613909095,0.0,19.215343516996093,0
93,1391235664384,2298.6567646017093,4.0,19.63463449135019,1
93,1391235666064,2355.8745983938034,4.0,19.804864404831456,1
93,1391235664576,2431.2788404685853,4.0,20.155424856556483,1
93,1391235666880,2487.671136951676,4.0,20.276512290818236,1
93,1391235666304,2235.9012575508596,0.0,19.433699211293995,0
93,1391235667312,2305.4463591509557,0.0,19.751529952232644,0
93,1391235666208,2368.7653222650756,0.0,19.94490552262837,0
93,1391235667792,2569.7384096232217,4.0,20.630888814573026,1
93,1391235667840,2636.776030263612,4.0,20.78021390779376,1
93,1391235667888,2440.295874781385,0.0,20.2130560430141,0
93,1391235667936,2500.033019157841,0.0,20.338102215766227,0
93,1391235667984,2706.4352835105187,4.0,20.910991641081697,1
93,1391235668032,2559.738196634343,0.0,20.450076825630937,0
93,1391235668080,2656.5391787502044,0.0,21.008583097896267,0
93,1391235668128,2734.057657046686,0.0,21.23570057705018,0
93,1391235668176,2814.6647093880206,0.0,21.42274945136378,0
93,1391235668224,2935.9063762760397,0.0,21.98424921122315,0
93,1391235668272,2786.961198388629,4.0,21.037376115494578,1
93,1391235668320,2861.8306511432465,4.0,21.08362728025385,1
93,1391235668368,2931.047738402053,4.0,21.08889265847261,1
93,1391235668416,3089.9921521010438,0.0,22.657035679554397,0
93,1391235665248,1398.2974321531694,4.0,14.434486963858015,1
94,1391235665392,1379.267297071414,3.9999999999999996,14.34775845806476,1
94,1391235664720,1345.4999696131315,3.9999999999999996,14.237177992260799,1
94,1391235664912,1305.3599978460418,1.2046354718148508e-15,16.777964276291776,0
94,1391235665008,1446.5531340605353,4.0,14.588238481975885,1
94,1391235666736,1483.5287797280243,4.0,14.686264046667572,1
94,1391235665056,1311.2074171257009,3.999999999999999,14.22901684133995,1
94,1391235666256,1626.1255115378924,4.0,17.22097355494904,1
94,1391235664480,1668.2374411628261,4.0,17.36332170257431,1
94,1391235664960,1348.942009425006,0.0,17.271088883592398,0
94,1391235664528,1393.443427369857,0.0,17.80530430178995,0
94,1391235664864,1441.2415394493596,0.0,18.38458008119803,0
94,1391235667264,1491.3435269493684,0.0,18.708285716864907,0
94,1391235664288,1712.3797532691215,4.0,17.53464024751265,1
94,1391235666928,1758.731258697259,4.0,17.725054030288902,1
94,1391235667360,1544.2882852003995,0.0,18.563241610478183,0
94,1391235667552,1577.1615893732974,3.9999999999999893,17.743252226779777,1
94,1391235667456,1806.1716294886496,4.0,17.911119206443242,1
94,1391235664192,1851.794972727124,4.0,18.055940897653787,1
94,1391235667216,1899.2983765445822,4.0,18.226287016696975,1
94,1391235665632,1602.578507130931,0.0,17.31640698295794,0
94,1391235666160,1646.1084325954573,0.0,17.444657767359757,0
94,1391235667600,1944.6510269201601,4.0,18.357223101307067,1
94,1391235667648,1689.899620103,0.0,17.57344198550019,0
94,1391235664768,1734.9404821184414,0.0,17.715504259140157,0
94,1391235664336,1783.5147520413545,0.0,17.896447935058383,0
94,1391235666544,1993.7290342095746,4.0,18.529298782777023,1
94,1391235666784,1829.630184252619,0.0,18.02303425499341,0
94,1391235667744,2043.6722054964691,4.0,18.68434789923391,1
94,1391235664240,1873.9366765703367,0.0,18.13254587362793,0
94,1391235667072,1930.6218954758476,0.0,18.384165019748192,0
94,1391235667504,2090.294111349182,4.0,18.80353391559897,1
94,1391235666400,1987.1129671690244,0.0,18.631815547505962,0
94,1391235666448,2137.301347215674,4.0,18.91869869758242,1
94,1391235664624,2197.035487661261,4.0,19.180454652284375,1
94,1391235666976,2039.5172233117714,0.0,18.813821110323634,0
94,1391235666688,2088.032131221194,0.0,18.930296395928803,0
94,1391235665968,2258.1818026849855,4.0,19.448169856049763,1
94,1391235666112,2137.0608739721442,0.0,19.045474329259218,0
94,1391235666640,2194.1858515855392,0.0,19.23445882775304,0
94,1391235664384,2318.299942361908,4.0,19.652878954656735,1
94,1391235666064,2375.687173862464,4.0,19.821331132237248,1
94,1391235664576,2451.440995397962,4.0,20.169794814585345,1
94,1391235666880,2507.9536017533687,4.0,20.289221614692213,1
94,1391235666304,2255.3432690772975,0.0,19.451458365745815,0
94,1391235667312,2325.2057041310113,0.0,19.76822589394124,0
94,1391235666208,2388.7172848919477,0.0,19.959981017054982,0
94,1391235667792,2590.3739872501724,4.0,20.640895136751077,1
94,1391235667840,2657.5597988582,4.0,20.78779679377663,1
94,1391235667888,2460.515162066321,0.0,20.226365289218,0
94,1391235667936,2520.3766313040915,0.0,20.349870520667736,0
94,1391235667984,2727.3486386990135,4.0,20.91603028144803,1
94,1391235668032,2580.193100403979,0.0,20.46038639629872,0
94,1391235668080,2677.5523033281,0.0,21.018284601954974,0
94,1391235668128,2755.2969580319236,0.0,21.243391202460707,0
94,1391235668176,2836.090072445246,0.0,21.428332435911877,0
94,1391235668224,2957.8921473563823,0.0,21.987500333801037,0
94,1391235668272,2807.999515825191,4.0,21.039379139290624,1
94,1391235668320,2882.91442055658,4.0,21.083928682455635,1
94,1391235668368,2952.1366310605226,4.0,21.08889265847261,1
94,1391235668416,3112.6491877805975,0.0,22.657035679554397,0
94,1391235665248,1412.7567546698167,4.0,14.4866538874529,1
95,1391235665392,1393.641390520194,3.9999999999999996,14.403886253041915,1
95,1391235664720,1359.7551504159733,3.9999999999999996,14.277201413177893,1
95,1391235664912,1322.1914030845376,3.3098514887256657e-16,16.89199829557322,0
95,1391235665008,1461.1557975120238,4.0,14.61838369240078,1
95,1391235666736,1498.2232837329539,4.0,14.703601660979668,1
95,1391235665056,1325.4370264790143,3.999999999999999,14.2326097608062,1
95,1391235666256,1643.3640971501966,4.0,17.2586125239066,1
95,1391235664480,1685.617959618366,4.0,17.400064694365664,1
95,1391235664960,1366.2672551494925,0.0,17.385518247326594,0
95,1391235664528,1411.2919851612994,0.0,17.89568635903736,0
95,1391235664864,1459.6454825229732,0.0,18.42360794962738,0
95,1391235667264,1510.035030539858,0.0,18.6708825345202,0
95,1391235664288,1729.9311613966718,4.0,17.570460143698963,1
95,1391235666928,1776.4725412770479,4.0,17.759717384637522,1
95,1391235667360,1562.8030075566605,0.0,18.46046861297353,0
95,1391235667552,1594.8774805861417,3.999999999999999,17.686483214618907,1
95,1391235667456,1824.0983017589226,4.0,17.944337553966577,1
95,1391235664192,1869.8657496966948,4.0,18.087627426994324,1
95,1391235667216,1917.5388049542946,4.0,18.256489186477452,1
95,1391235665632,1619.9103532718023,0.0,17.349392459251064,0
95,1391235666160,1663.5679401466366,0.0,17.476383398170654,0
95,1391235667600,1963.0217212666776,4.0,18.385994062986086,1
95,1391235667648,1707.4873380526806,0.0,17.60394131712188,0
95,1391235664768,1752.6696988121128,0.0,17.744799313706082,0
95,1391235664336,1801.424348007518,0.0,17.924536843144235,0
95,1391235666544,2012.271097317746,4.0,18.55655954610115,1
95,1391235666784,1847.6657578539505,0.0,18.049823174865438,0
95,1391235667744,2062.368546048844,4.0,18.70996063837003,1
95,1391235664240,1892.0812302637767,0.0,18.158199719977578,0
95,1391235667072,1949.0175364809243,0.0,18.408683223675325,0
95,1391235667504,2109.108990144265,4.0,18.827763521531637,1
95,1391235666400,2005.755784619526,0.0,18.655321832490497,0
95,1391235666448,2156.230755504789,4.0,18.94157188820933,1
95,1391235664624,2216.2259287419583,4.0,19.201782986565643,1
95,1391235666976,2058.341508035133,0.0,18.83617768558653,0
95,1391235666688,2106.97235450202,0.0,18.951506613051638,0
95,1391235665968,2277.639237147171,4.0,19.467956091341406,1
95,1391235666112,2156.11574933836,0.0,19.06556125908487,0
95,1391235666640,2213.429110895686,0.0,19.253262243183777,0
95,1391235664384,2337.9612019437304,4.0,19.670776693269605,1
95,1391235666064,2395.516067874222,4.0,19.83748195198793,1
95,1391235664576,2471.617386004788,4.0,20.183878481668952,1
95,1391235666880,2528.248656082112,4.0,20.301675523045947,1
95,1391235666304,2274.8029018659595,0.0,19.46892332860566,0
95,1391235667312,2344.9816134211724,0.0,19.784641004547638,0
95,1391235666208,2408.6842009773936,0.0,19.974796183393714,0
95,1391235667792,2611.019464188559,4.0,20.650673280045588,1
95,1391235667840,2678.351061131562,4.0,20.795189495614547,1
95,1391235667888,2480.7476455905125,0.0,20.239433501712877,0
95,1391235667936,2540.7319110626568,0.0,20.36142407213132,0
95,1391235667984,2748.266964691286,4.0,20.920924363294823,1
95,1391235668032,2600.658225570994,0.0,20.470507920471523,0
95,1391235668080,2698.5750507168314,0.0,21.027818279835934,0
95,1391235668128,2776.5438858036623,0.0,21.25094569358616,0
95,1391235668176,2857.5209726959783,0.0,21.433817774831056,0
95,1391235668224,2979.8811434710046,0.0,21.99069582124208,0
95,1391235668272,2829.0397997643186,4.0,21.04130445689268,1
95,1391235668320,2903.9984832110795,4.0,21.084212779775637,1
95,1391235668368,2973.2255237189925,4.0,21.08889265847261,1
95,1391235668416,3135.306223460151,0.0,22.657035679554397,0
95,1391235665248,1427.2654323662332,4.0,14.532759626316546,1
96,1391235665392,1408.0704829501412,3.9999999999999996,14.457239557184067,1
96,1391235664720,1374.053614505258,3.9999999999999996,14.323589165503217,1
96,1391235664912,1339.1353579146903,-5.094005334690903e-16,17.00260827875493,0
96,1391235665008,1475.786708718422,4.0,14.64459170092497,1
96,1391235666736,1512.934339771378,4.0,14.719314871926725,1
96,1391235665056,1339.6761074525277,3.999999999999999,14.248509977482616,1
96,1391235666256,1660.640056193498,4.0,17.295682552113195,1
96,1391235664480,1703.0349407399176,4.0,17.436208277399327,1
96,1391235664960,1383.7026302625927,0.0,17.490694391999867,0
96,1391235664528,1429.2250336018121,0.0,17.97362995626745,0
96,1391235664864,1478.0822704097393,0.0,18.44971425945148,0
96,1391235667264,1528.6856553480186,0.0,18.62638479825886,0
96,1391235664288,1747.5180991819914,4.0,17.60566030939856,1
96,1391235666928,1794.2481952658072,4.0,17.793757899757278,1
96,1391235667360,1581.2182268558947,0.0,18.364843619321945,0
96,1391235667552,1612.54141070048,4.0,17.63991639409823,1
96,1391235667456,1842.0579070607573,4.0,17.976947454476452,1
96,1391235664192,1887.9679398996839,4.0,18.11873122090428,1
96,1391235667216,1935.809173313849,4.0,18.2861322959363,1
96,1391235665632,1637.274928432361,0.0,17.381830661477736,0
96,1391235666160,1681.058925048459,0.0,17.507579320960094,0
96,1391235667600,1981.4209369153111,4.0,18.41423276181953,1
96,1391235667648,1725.1053157504205,0.0,17.633929570120625,0
96,1391235664768,1770.427979583629,0.0,17.773601707767032,0
96,1391235664336,1819.3618105129171,0.0,17.95215150336342,0
96,1391235666544,2030.8401835896805,4.0,18.583313779478747,1
96,1391235666784,1865.7279093051684,0.0,18.076161959575913,0
96,1391235667744,2081.0902762055935,4.0,18.735097693004086,1
96,1391235664240,1910.2512369152164,0.0,18.183425146344337,0
96,1391235667072,1967.4375052271346,0.0,18.432795251006464,0
96,1391235667504,2127.94788829002,4.0,18.85154489794853,1
96,1391235666400,2024.4219282102797,0.0,18.678443924047134,0
96,1391235666448,2175.182839509682,4.0,18.96402409029587,1
96,1391235664624,2235.43751311014,4.0,19.22271682699404,1
96,1391235666976,2077.187978958141,0.0,18.85817085630896,0
96,1391235666688,2125.933627418014,0.0,18.97237428120255,0
96,1391235665968,2297.116284916864,4.0,19.48737365968333,1
96,1391235666112,2175.1905602207344,0.0,19.085325172657342,0
96,1391235666640,2232.6910310093754,0.0,19.271761395478975,0
96,1391235664384,2357.640201269262,4.0,19.688337593957712,1
96,1391235666064,2415.3609687459666,4.0,19.853325852814095,1
96,1391235664576,2491.807729764569,4.0,20.197683872524497,1
96,1391235666880,2548.556047871371,4.0,20.313881142663053,1
96,1391235666304,2294.2798650806712,0.0,19.486101248518207,0
96,1391235667312,2364.7738094032297,0.0,19.800782129838247,0
96,1391235666208,2428.6658132510356,0.0,19.98935753549884,0
96,1391235667792,2631.674615189577,4.0,20.660229481330017,1
96,1391235667840,2699.149629426551,4.0,20.80239739299021,1
96,1391235667888,2500.993087238213,0.0,20.252266895027706,0
96,1391235667936,2561.098646317898,0.0,20.372768487173456,0
96,1391235667984,2769.190119018494,4.0,20.925678335208996,1
96,1391235668032,2621.1333864146127,0.0,20.4804463502276,0
96,1391235668080,2719.607255171407,0.0,21.037188562558896,0
96,1391235668128,2797.7983059482995,0.0,21.258367713381887,0
96,1391235668176,2878.957313734336,0.0,21.43920810706729,0
96,1391235668224,3001.8733096808837,0.0,21.99383715546764,0
96,1391235668272,2850.0819739335625,4.0,21.043155117872402,1
96,1391235668320,2925.0828222732093,4.0,21.08448057154418,1
96,1391235668368,2994.3144163774623,4.0,21.08889265847261,1
96,1391235668416,3157.963259139705,0.0,22.657035679554397,0
96,1391235665248,1441.8173922596193,4.0,14.572867672304286,1
97,1391235665392,1422.551000874397,3.9999999999999996,14.506259243880809,1
97,1391235664720,1388.4001581840625,3.9999999999999996,14.373063455650996,1
97,1391235664912,1356.1878598111603,-1.3551699294305928e-15,17.108623607536508,0
97,1391235665008,1490.442253891643,4.0,14.667537904724213,1
97,1391235666736,1527.6604648007778,4.0,14.733691682185176,1
97,1391235665056,1353.9361000068604,3.999999999999999,14.27474692952817,1
97,1391235666256,1677.9528202170436,4.0,17.332185040183372,1
97,1391235664480,1720.4877886587228,4.0,17.471760212535436,1
97,1391235664960,1401.2388305464344,0.0,17.58656397882693,0
97,1391235664528,1447.2306226882674,0.0,18.040179646260636,0
97,1391235664864,1496.539803980233,0.0,18.46461800635775,0
97,1391235667264,1547.2891911712748,0.0,18.57663983867638,0
97,1391235664288,1765.1399527317158,4.0,17.640253293860358,1
97,1391235666928,1812.057605025559,4.0,17.82719095988992,1
97,1391235667360,1599.5414194291268,0.0,18.277022200445728,0
97,1391235667552,1630.1632929687464,4.0,17.60290536624572,1
97,1391235667456,1860.0498446015001,4.0,18.00896522217126,1
97,1391235664192,1906.100968126757,4.0,18.14926830921757,1
97,1391235667216,1954.1089299291236,4.0,18.31523202705731,1
97,1391235665632,1654.671691280226,0.0,17.413734282741782,0
97,1391235666160,1698.5808636374586,0.0,17.538258431618356,0
97,1391235667600,1999.8481486621138,4.0,18.441954223048874,1
97,1391235667648,1742.7530481379472,0.0,17.663419579448824,0
97,1391235664768,1788.2148377219562,0.0,17.80192411873498,0
97,1391235664336,1837.3266711691035,0.0,17.979304395632372,0
97,1391235666544,2049.4357932670564,4.0,18.609575894243918,1
97,1391235666784,1883.8161940704854,0.0,18.102062532126325,0
97,1391235667744,2099.836926662443,4.0,18.759772640251754,1
97,1391235664240,1928.4462734361036,0.0,18.20823350327332,0
97,1391235667072,1985.8814006142434,0.0,18.45651190556105,0
97,1391235667504,2146.8103635636558,4.0,18.874890826711706,1
97,1391235666400,2043.1110184931927,0.0,18.70119191938669,0
97,1391235666448,2194.157183870903,4.0,18.986067281903455,1
97,1391235664624,2254.6698515457983,4.0,19.24326739508147,1
97,1391235666976,2096.0562770473175,0.0,18.879809924931163,0
97,1391235666688,2144.915611454108,0.0,18.99290798769187,0
97,1391235665968,2316.6125822318722,4.0,19.50643299722774,1
97,1391235666112,2194.284987344014,0.0,19.10477403584228,0
97,1391235666640,2251.9713111267647,0.0,19.28996366165187,0
97,1391235664384,2377.3366079650195,4.0,19.705571156299445,1
97,1391235666064,2435.221573618397,4.0,19.86887147322169,1
97,1391235664576,2512.011752022257,4.0,20.211218693358568,1
97,1391235666880,2568.8755320532478,4.0,20.325845328165947,1
97,1391235666304,2313.7738749263003,0.0,19.502999045227483,0
97,1391235667312,2384.5820212036624,0.0,19.816655900406733,0
97,1391235666208,2448.6618708568662,0.0,20.003671375526974,0
97,1391235667792,2652.3392211331384,4.0,20.66956974775165,1
97,1391235667840,2719.9553213744334,4.0,20.8094256716759,1
97,1391235667888,2521.251255009161,0.0,20.264871473038706,0
97,1391235667936,2581.4766304795585,0.0,20.383909187988273,0
97,1391235667984,2790.117963584639,4.0,20.930296484817525,1
97,1391235668032,2641.618402084374,0.0,20.49020646384281,0
97,1391235668080,2740.648755303699,0.0,21.04639972351177,0
97,1391235668128,2819.060087652555,0.0,21.265660791703223,0
97,1391235668176,2900.399001747749,0.0,21.444505974607573,0
97,1391235668224,3023.868592503703,0.0,21.996925764811643,0
97,1391235668272,2871.1259650512416,4.0,21.044934046829532,1
97,1391235668320,2946.167421881235,4.0,21.08473299873901,1
97,1391235668368,3015.403309035932,4.0,21.08889265847261,1
97,1391235668416,3180.6202948192586,0.0,22.657035679554397,0
97,1391235665248,1456.406823422168,4.0,14.607428454088183,1
98,1391235665392,1437.078187301026,3.9999999999999996,14.550159318809822,1
98,1391235664720,1402.79654465114,3.9999999999999996,14.422899790823742,1
98,1391235664912,1373.3439093455972,-8.183711127617524e-16,17.209236491117775,0
98,1391235665008,1505.1194475897887,4.0,14.687796457640083,1
98,1391235666736,1542.4004283885542,4.0,14.74694838850976,1
98,1391235665056,1368.2262344258481,3.999999999999999,14.308901122664894,1
98,1391235666256,1695.3018230362204,4.0,17.368123180697772,1
98,1391235664480,1737.9759156929392,4.0,17.506729135182702,1
98,1391235664960,1418.866627159981,0.0,17.67332915024764,0
98,1391235664528,1465.2978331707284,0.0,18.096342069562027,0
98,1391235664864,1515.0075965667327,0.0,18.46981844390709,0
98,1391235667264,1565.8411598652626,0.0,18.52325868883194,0
98,1391235664288,1782.7961207925237,4.0,17.674251821427312,1
98,1391235666928,1829.900170173652,4.0,17.860031666893725,1
98,1391235667360,1617.7805965113516,0.0,18.197407350239533,0
98,1391235667552,1647.7523324772392,4.0,17.57468242693814,1
98,1391235667456,1878.0735296722162,4.0,18.040406678098627,1
98,1391235664192,1924.2642749447841,4.0,18.17925418107912,1
98,1391235667216,1972.4375385217602,4.0,18.34380349540455,1
98,1391235665632,1672.1001130701695,0.0,17.44511578535996,0
98,1391235666160,1716.1332449965444,0.0,17.568433305034155,0
98,1391235667600,2018.302846067012,4.0,18.469172916150917,1
98,1391235667648,1760.4300428199856,0.0,17.692423812529636,0
98,1391235664768,1806.0297990074712,0.0,17.829778827311678,0
98,1391235664336,1855.318473870255,0.0,18.0060075796399,0
98,1391235666544,2068.0574407461168,4.0,18.635359756036895,1
98,1391235666784,1901.9301793409238,0.0,18.12753639794089,0
98,1391235667744,2118.6080414472035,4.0,18.78399853663094,1
98,1391235664240,1946.665927896885,0.0,18.232635733872957,0
98,1391235667072,2004.3488321542645,0.0,18.479843584085042,0
98,1391235667504,2165.695986292469,4.0,18.897813597301273,1
98,1391235666400,2061.82268593326,0.0,18.72357552491395,0
98,1391235666448,2213.1533849893253,4.0,19.007712978581274,1
98,1391235664624,2273.922565844891,4.0,19.26344547580817,1
98,1391235666976,2114.946052406254,0.0,18.901103842962588,0
98,1391235666688,2163.9179765360186,0.0,19.013116008761752,0
98,1391235665968,2336.127775574949,4.0,19.52514413408465,1
98,1391235666112,2213.3987192681907,0.0,19.123915537058597,0
98,1391235666640,2271.269657710348,0.0,19.307876174947957,0
98,1391235664384,2397.050098983857,4.0,19.72248651196707,1
98,1391235666064,2455.0975881139843,4.0,19.884127118857673,1
98,1391235664576,2532.229185690907,4.0,20.22449035705849,1
98,1391235666880,2589.2068702925962,4.0,20.337574675313935,1
98,1391235666304,2333.2846544241943,0.0,19.519623418787805,0
98,1391235667312,2404.4059844821895,0.0,19.832268739622986,0
98,1391235666208,2468.6721291453905,0.0,20.017743802107432,0
98,1391235667792,2673.0130688033837,4.0,20.678699867829973,1
98,1391235667840,2740.76795970529,4.0,20.816279332696237,1
98,1391235667888,2541.5219228120236,0.0,20.277253037680435,0
98,1391235667936,2601.8656622918975,0.0,20.39485141033714,0
98,1391235667984,2811.050364509074,4.0,20.93478294613626,1
98,1391235668032,2662.11309642993,0.0,20.499792873411764,0
98,1391235668080,2761.6993939281083,0.0,21.055455885455448,0
98,1391235668128,2840.3291035732395,0.0,21.272828331381117,0
98,1391235668176,2921.8459454221265,0.0,21.449713826977984,0
98,1391235668224,3045.866939861414,0.0,21.999963026461273,0
98,1391235668272,2892.1717027041377,4.0,21.04664404904795,1
98,1391235668320,2967.252267088511,4.0,21.08497094746401,1
98,1391235668368,3036.492201694402,4.0,21.08889265847261,1
98,1391235668416,3203.2773304988123,0.0,22.657035679554397,0
98,1391235665248,1471.0284716156493,4.0,14.637091949396229,1
99,1391235665392,1451.6467889982039,3.9999999999999996,14.588741240166557,1
99,1391235664720,1417.2421142184594,3.9999999999999996,14.47102754986435,1
99,1391235664912,1390.59784627451,8.799644627316511e-16,17.303942795927654,0
99,1391235665008,1519.8158320318682,4.0,14.705843181965411,1
99,1391235666736,1557.1531907515625,4.0,14.759249251513625,1
99,1391235665056,1382.5532414972597,3.999999999999999,14.348434951856754,1
99,1391235666256,1712.6865023681517,4.0,17.403501632648677,1
99,1391235664480,1755.4987431268573,4.0,17.5411243573546,1
99,1391235664960,1436.577073228306,0.0,17.75134801111246,0
99,1391235664528,1483.4167215098953,0.0,18.143054356542788,0
99,1391235664864,1533.4765761645453,0.0,18.466641320781815,0
99,1391235667264,1584.3386032334442,0.0,18.467663581857682,0
99,1391235664288,1800.4860148783775,4.0,17.707668692684482,1
99,1391235666928,1847.775305285733,4.0,17.89229481051334,1
99,1391235667360,1635.944066587241,0.0,18.126180709004377,0
99,1391235667552,1665.3169319917258,4.0,17.554414591029786,1
99,1391235667456,1896.1283931569033,4.0,18.07128715570921,1
99,1391235664192,1942.4573161636124,4.0,18.2087038010451,1
99,1391235667216,1990.7944776732897,4.0,18.37186127260871,1
99,1391235665632,1689.5596774043815,0.0,17.47598738270335,0
99,1391235666160,1733.715570632786,0.0,17.598116192940754,0
99,1391235667600,2036.7845329092063,4.0,18.495902778590867,1
99,1391235667648,1778.135819699368,0.0,17.720954375088667,0
99,1391235664768,1823.8724013201816,0.0,17.857177728094964,0
99,1391235664336,1873.336774379573,0.0,18.03227270900928,0
99,1391235666544,2086.7046540436686,4.0,18.660678709639726,1
99,1391235666784,1920.0694436241204,0.0,18.152594660617385,0
99,1391235667744,2137.40317741069,4.0,18.807787942497633,1
99,1391235664240,1964.9097991273986,0.0,18.256642390477058,0
99,1391235667072,2022.8394195732697,0.0,18.502800295127265,0
99,1391235667504,2184.604338872505,4.0,18.920325030263488,1
99,1391235666400,2080.5565705273775,0.0,18.745604076604206,0
99,1391235666448,2232.1710505741244,4.0,19.02897225562103,1
99,1391235664624,2293.195288392913,4.0,19.283261439046644,1
99,1391235666976,2133.8569639334937,0.0,18.922061229631804,0
99,1391235666688,2182.9404007266653,0.0,19.03300632542362,0
99,1391235665968,2355.6615212772185,4.0,19.543516714368714,1
99,1391235666112,2232.5314521173614,0.0,19.142757100636853,0
99,1391235666640,2290.585784246247,0.0,19.325505835565107,0
99,1391235664384,2416.780360245611,4.0,19.73909244284843,1
99,1391235666064,2474.98872601182,4.0,19.89910077883218,1
99,1391235664576,2552.4597709650957,4.0,20.23750599747592,1
99,1391235666880,2609.5498307340545,4.0,20.349075533512718,1
99,1391235666304,2352.8119331966022,0.0,19.535980858305006,0
99,1391235667312,2424.2454412281427,0.0,19.84762687127842,0
99,1391235666208,2488.6963494737793,0.0,20.03158071816821,0
99,1391235667792,2693.695950674985,4.0,20.68762542190433,1
99,1391235667840,2761.587372067347,4.0,20.822963200959343,1
99,1391235667888,2561.804870266367,0.0,20.28941719724567,0
99,1391235667936,2622.2655456510047,0.0,20.405600211511523,0
99,1391235667984,2831.9871919761595,4.0,20.939141706500944,1
99,1391235668032,2682.617297838263,0.0,20.509210032069902,0
99,1391235668080,2782.7590179140625,0.0,21.064361027157922,0
99,1391235668128,2861.6052297129304,0.0,21.279873613965183,0
99,1391235668176,2943.2980558513905,0.0,21.454834025490143,0
99,1391235668224,3067.8683010301747,0.0,22.002950268763954,0
99,1391235668272,2913.219119230704,4.0,21.048287815850525,1
99,1391235668320,2988.3373438101507,4.0,21.085195252212632,1
99,1391235668368,3057.581094352872,4.0,21.08889265847261,1
99,1391235668416,3225.934366178366,0.0,22.657035679554397,0
99,1391235665248,1485.67777302646,4.0,14.66257587951892,1
100,1391235665392,1466.25155807709,3.9999999999999996,14.622212907695374,1
100,1391235664720,1431.7344441202542,3.9999999999999996,14.516027546398986,1
100,1391235664912,1407.9436233872611,5.040064541047576e-16,17.39247827998448,0
100,1391235665008,1534.5293829489244,4.0,14.722065305985167,1
100,1391235666736,1571.9178576402614,4.0,14.770720500324812,1
100,1391235665056,1396.9213625552911,3.999999999999999,14.390952854252395,1
100,1391235666256,1730.1063011655933,4.0,17.43832624567963,1
100,1391235664480,1773.0557018079594,4.0,17.574955702567948,1
100,1391235664960,1454.361624264397,0.0,17.821063100430305,0
100,1391235664528,1501.5782447015313,0.0,18.18117495619111,0
100,1391235664864,1551.9389311483405,0.0,18.454142914080407,0
100,1391235667264,1602.695544929709,0.6377692573655038,18.40937101528659,0
100,1391235664288,1818.2090593080395,4.0,17.740516704521518,1
100,1391235666928,1865.68243957303,4.0,17.923994846980467,1
100,1391235667360,1654.040227663834,0.0,18.063331687065805,0
100,1391235667552,1682.8646483422312,4.0,17.541248059548643,1
100,1391235667456,1914.2138810484305,4.0,18.101621508805557,1
100,1391235664192,1960.6795623191815,4.0,18.237631625650966,1
100,1391235667216,2009.1792402914402,4.0,18.399419408187452,1
100,1391235665632,1707.0498799770692,0.0,17.50636102617954,0
100,1391235666160,1751.3273541541244,0.0,17.627319023974053,0
100,1391235667600,2055.2927266658708,4.0,18.522157238602478,1
100,1391235667648,1795.869910618402,0.0,17.74902301786043,0
100,1391235664768,1841.742194258648,0.0,17.884132340373117,0
100,1391235664336,1891.3811399297488,0.0,18.05811104524968,0
100,1391235666544,2105.3769742873415,4.0,18.68554560257821,1
100,1391235666784,1938.2335763496967,0.0,18.177248037273745,0
100,1391235667744,2156.2219037414607,4.0,18.83115294517911,1
100,1391235664240,1983.1774963336502,0.0,18.280263650732685,0
100,1391235667072,2041.3527924316643,0.0,18.52539167704533,0
100,1391235667504,2203.535015310075,4.0,18.942436499367957,1
100,1391235666400,2099.3123214429374,0.0,18.767286559117167,0
100,1391235666448,2251.2097992124195,4.0,19.04985576905641,1
100,1391235664624,2312.4876617593063,4.0,19.3027252597273,1
100,1391235666976,2152.788678998458,0.0,18.942690389249076,0
100,1391235666688,2201.9825699379085,0.0,19.052586638218266,0
100,1391235665968,2375.2134851410697,4.0,19.561560015051477,1
100,1391235666112,2251.68288932154,0.0,19.161305899308566,0
100,1391235666640,2309.9194110159215,0.0,19.34285932073969,0
100,1391235664384,2436.5270862953557,4.0,19.755397398088505,1
100,1391235666064,2494.894708938314,4.0,19.913800141070563,1
100,1391235664576,2572.703255048224,4.0,20.250272482866606,1
100,1391235666880,2629.9041877612517,4.0,20.360354017590286,1
100,1391235666304,2372.355447259641,0.0,19.552077650239763,0
100,1391235667312,2444.100139564339,0.0,19.862736326920924,0
100,1391235666208,2508.734299013697,0.0,20.045187838431406,0
100,1391235667792,2714.3876647095976,4.0,20.69635179197579,1
100,1391235667840,2782.413390854689,4.0,20.829481933392387,1
100,1391235667888,2582.099882512733,0.0,20.301369374294755,0
100,1391235667936,2642.6760894298914,0.0,20.416160477893225,0
100,1391235667984,2852.928320091662,4.0,20.94337661310848,1
100,1391235668032,2703.13083907795,0.0,20.518462240840826,0
100,1391235668080,2803.8274780449897,0.0,21.073118989680268,0
100,1391235668128,2882.888345301254,0.0,21.286799805155304,0
100,1391235668176,2964.75524645116,0.0,21.459868847252622,0
100,1391235668224,3089.8726265925475,0.0,22.00588877340924,0
100,1391235668272,2934.2681496094897,4.0,21.049867929672104,1
100,1391235668320,3009.4226387728577,4.0,21.085406698930232,1
100,1391235668368,3078.6699870113416,4.0,21.08889265847261,1
100,1391235668416,3248.5914018579197,0.0,22.657035679554397,0
100,1391235665248,1500.350878924171,4.0,14.684580788176769,1
101,1391235665392,1480.8875119452186,3.9999999999999996,14.650477666867488,1
101,1391235664720,1446.2699694479572,3.9999999999999996,14.557041031924635,1
101,1391235664912,1425.375013932855,-3.6055504789795123e-16,17.47473486039857,0
101,1391235665008,1549.2252098617728,4.0,14.618108279360248,1
101,1391235666736,1586.2215161483027,4.0,13.862118579724395,1
101,1391235665056,1411.3325804850315,3.999999999999999,14.434376234864276,1
101,1391235666256,1747.560668695581,4.0,17.472603827104265,1
101,1391235664480,1790.6462325922007,4.0,17.60823336845596,1
101,1391235664960,1472.2120830947047,0.0,17.882586441430327,0
101,1391235664528,1519.7723662678934,0.0,18.215200651518412,0
101,1391235664864,1570.4036292097264,0.0,18.784315822698165,0
101,1391235667264,1620.956198693486,3.5327442480684943,18.884579647858168,1
101,1391235664288,1835.9646911701916,4.0,17.772808585835058,1
101,1391235666928,1883.6210165414757,4.0,17.9551458842986,1
101,1391235667360,1672.0773886968746,0.0,18.00868684934236,0
101,1391235667552,1700.402188286102,4.0,17.53434218356229,1
101,1391235667456,1932.3294539733085,4.0,18.131424121272744,1
101,1391235664192,1978.930498173328,4.0,18.26605162019878,1
101,1391235667216,2027.591333097934,4.0,18.426491450655107,1
101,1391235665632,1724.5702283080334,0.0,17.536248396329245,0
101,1391235666160,1768.9681209469923,0.0,17.656053405488,0
101,1391235667600,2073.8269580131846,4.0,18.54794923700544,1
101,1391235667648,1813.631859007276,0.0,17.776641143966284,0
101,1391235664768,1859.6387387697528,0.0,17.91065381901992,0
101,1391235664336,1909.4511488372652,0.0,18.083533471461102,0
101,1391235666544,2124.073955228887,4.0,18.709972807546084,1
101,1391235666784,1956.4221774897776,0.0,18.201506873467217,0
101,1391235667744,2175.063801503107,4.0,18.85410518087729,1
101,1391235664240,2001.4686387304127,0.0,18.303509333106884,0
101,1391235667072,2059.888589762073,0.0,18.54762701515749,0
101,1391235667504,2222.4876207848492,4.0,18.964158952551045,1
101,1391235666400,2118.0895966749654,0.0,18.788631623727184,0
101,1391235666448,2270.269259959365,4.0,19.070373775485617,1
101,1391235664624,2331.799338311467,4.0,19.3218465368307,1
101,1391235666976,2171.740873134171,0.0,18.962999327385486,0
101,1391235666688,2221.0441776565863,0.0,19.071864380988615,0
101,1391235665968,2394.783342081378,4.0,19.57928296370235,1
101,1391235666112,2270.852741370577,0.0,19.179568865898467,0
101,1391235666640,2329.2702648776885,0.0,19.359943094248752,0
101,1391235664384,2456.2899799782226,4.0,19.77140951012576,1
101,1391235666064,2514.8152660728306,4.0,19.928232606763064,1
101,1391235664576,2592.959391892892,4.0,20.262796428544565,1
101,1391235666880,2650.2697217674586,4.0,20.371416018889867,1
101,1391235666304,2391.9149388243654,0.0,19.567919886301606,0
101,1391235667312,2463.9698335581384,0.0,19.87760295289266,0
101,1391235666208,2528.7857505664656,0.0,20.058570696591808,0
101,1391235667792,2735.088014161907,4.0,20.704884170984002,1
101,1391235667840,2803.2458530429035,4.0,20.83584002661473,1
101,1391235667888,2602.4067500304577,0.0,20.31311481319398,0
101,1391235667936,2663.0971073109663,0.0,20.42653693213569,0
101,1391235667984,2873.8736267455356,4.0,20.947491379194222,1
101,1391235668032,2723.653557150115,0.0,20.527553655131236,0
101,1391235668080,2824.9046288834134,0.0,21.08173348233565,0
101,1391235668128,2904.1783326814566,0.0,21.293609959941435,0
101,1391235668176,2986.21743287633,0.0,21.464820488962395,0
101,1391235668224,3111.879868391801,0.0,22.00877977749336,0
101,1391235668272,2955.3187313525227,4.0,21.051386868868327,1
101,1391235668320,3030.5081394677354,4.0,21.085606027888502,1
101,1391235668368,3099.7588796698114,4.0,21.08889265847261,1
101,1391235668416,3271.2484375374734,0.0,22.657035679554397,0
101,1391235665248,1515.0427853446656,4.0,14.693693060150098,1
102,1391235665392,1495.5465844577466,3.9999999999999996,14.665124172918011,1
102,1391235664720,1460.8442147385279,3.9999999999999996,14.592668271444126,1
102,1391235664912,1442.885862562476,-1.229057509188602e-15,17.551405548439643,0
102,1391235665008,1563.7449341972758,4.0,14.411103557053272,1
102,1391235666736,1600.005948102758,4.0,13.776797780953276,1
102,1391235665056,1425.7869679878897,3.999999999999999,14.476954366911992,1
102,1391235666256,1765.0490614026496,4.0,17.50634194551583,1
102,1391235664480,1808.2697866631308,4.0,17.640967812724526,1
102,1391235664960,1490.123958732957,0.0,17.948780394683094,0
102,1391235664528,1538.0523674825802,0.0,18.375833152033895,0
102,1391235664864,1589.6336619635533,0.0,19.667578290010432,0
102,1391235667264,1640.1036381960473,3.949750432472982,19.40954504980817,1
102,1391235664288,1853.752360230495,4.0,17.804556946152225,1
102,1391235666928,1901.590493638716,4.0,17.985761672878596,1
102,1391235667360,1690.0636206957215,0.0,17.961939865387375,0
102,1391235667552,1717.9354338592934,4.0,17.532894052913456,1
102,1391235667456,1950.4745867268268,4.0,18.16070891810781,1
102,1391235664192,1997.2096222304037,4.0,18.293977275571898,1
102,1391235667216,2046.0302761370547,4.0,18.45309046789398,1
102,1391235665632,1742.1202414689399,0.0,17.56566089721201,0
102,1391235666160,1786.6374078564252,0.0,17.684330626761543,0
102,1391235667600,2092.386770348733,4.0,18.57329124807855,1
102,1391235667648,1831.4212195400876,0.0,17.803819816797883,0
102,1391235664768,1877.5616067893832,0.0,17.936752965418158,0
102,1391235664336,1927.5463901302808,0.0,18.10855050576212,0
102,1391235666544,2142.795162779381,4.0,18.73397224370819,1
102,1391235666784,1974.6348571942235,0.0,18.225381157668146,0
102,1391235667744,2193.928463192902,4.0,18.87665585541003,1
102,1391235664240,2019.7828551890611,0.0,18.32638891180989,0
102,1391235667072,2078.4464597239826,0.0,18.56951525806299,0
102,1391235667504,2241.4617712333534,4.0,18.985502931717253,1
102,1391235666400,2136.888062720683,0.0,18.809647605145067,0
102,1391235666448,2289.349071947537,4.0,19.090536150790655,1
102,1391235664624,2351.129979847243,4.0,19.340634511285383,1
102,1391235666976,2190.713229745649,0.0,18.982995765964095,0
102,1391235666688,2240.1249246838947,0.0,19.09084673374678,0
102,1391235665968,2414.370775783987,4.0,19.59669415519455,1
102,1391235666112,2290.040725579423,0.0,19.19755270428428,0
102,1391235666640,2348.638079057485,0.0,19.376763415372896,0
102,1391235664384,2476.0687521298146,4.0,19.787136609793098,1
102,1391235666064,2534.750133867371,4.0,19.94240530397414,1
102,1391235664576,2613.2279419535766,4.0,20.27508420880493,1
102,1391235666880,2670.6462189370322,4.0,20.382267215726323,1
102,1391235666304,2411.490156105555,0.0,19.583513470960263,0
102,1391235667312,2483.854283039416,0.0,19.892232417082994,0
102,1391235666208,2548.8504823852704,0.0,20.07173465219204,0
102,1391235667792,2755.796807394685,4.0,20.713227571557262,1
102,1391235667840,2824.0846000321803,4.0,20.84204182417923,1
102,1391235667888,2622.725268462855,0.0,20.324658587301705,0
102,1391235667936,2683.528417625516,0.0,20.43673413998772,0
102,1391235667984,2894.8229934807055,4.0,20.95148958986922,1
102,1391235668032,2744.1852931457115,0.0,20.536488290894628,0
102,1391235668080,2845.9903286418694,0.0,21.090208088340994,0
102,1391235668128,2925.4750772019893,0.0,21.300307027469707,0
102,1391235668176,3007.68453294235,0.0,21.46969107049049,0
102,1391235668224,3133.8899794882464,0.0,22.011624475474,0
102,1391235668272,2976.370804403376,4.0,21.052847012277176,1
102,1391235668320,3051.5938341058863,4.0,21.08579393638415,1
102,1391235668368,3120.8477723282813,4.0,21.08889265847261,1
102,1391235668416,3293.905473217027,0.0,22.657035679554397,0
102,1391235665248,1529.7197068139326,4.0,14.647017905761887,1
103,1391235665392,1510.208714227795,3.9999999999999996,14.653382253873822,1
103,1391235664720,1475.4500378127948,3.9999999999999996,14.61862368702347,1
103,1391235664912,1460.4723459710235,-1.2096787643100246e-15,17.626849476563088,0
103,1391235665008,1578.0801383056578,4.0,14.26276078747963,1
103,1391235666736,1613.8490346256792,4.0,13.935079128743247,1
103,1391235665056,1440.2828177908473,3.999999999999999,14.516727801037346,1
103,1391235666256,1782.5709435906374,4.0,17.53954876558495,1
103,1391235664480,1825.92582574642,4.0,17.67316965873988,1
103,1391235664960,1508.1128703668633,0.0,18.039485900699848,0
103,1391235664528,1556.5334946967655,0.0,18.605969872527826,0
103,1391235664864,1609.5750551974386,0.0,20.202262837446174,0
103,1391235667264,1659.6601595344544,3.994813799486474,19.688903001501096,1
103,1391235664288,1871.5715287924202,4.0,17.83577423491945,1
103,1391235666928,1919.5903418938226,4.0,18.015855600445928,1
103,1391235667360,1708.0066377852536,0.0,17.922681294703075,0
103,1391235667552,1735.4694884311625,4.0,17.536155001538145,1
103,1391235667456,1968.6487678196788,4.0,18.189489377367163,1
103,1391235664192,2015.5164462706618,4.0,18.321421624929364,1
103,1391235667216,2064.495602304232,4.0,18.479229066773804,1
103,1391235665632,1759.699449805248,0.0,17.594609653418132,0
103,1391235666160,1804.3347628699141,0.0,17.712161663300947,0
103,1391235667600,2110.9717193343536,4.0,18.59819529951193,1
103,1391235667648,1849.2375577989399,0.0,17.830569768271598,0
103,1391235664768,1895.51038089403,0.0,17.962440238350446,0
103,1391235664336,1945.666463189795,0.0,18.133172314415365,0
103,1391235666544,2161.540174565228,4.0,18.757555396936,1
103,1391235666784,1992.8712354401205,0.0,18.248880535275195,0
103,1391235667744,2212.8154923206735,4.0,18.898815763856586,1
103,1391235664240,2038.119783900052,0.0,18.348911531137492,0
103,1391235667072,2097.0260592743293,0.0,18.591065033156653,0
103,1391235667504,2260.457092951767,4.0,19.00647859146714,1
103,1391235666400,2155.707394270393,0.0,18.83034253730325,0
103,1391235666448,2308.448884014552,4.0,19.110352407822155,1
103,1391235664624,2370.4792572448328,4.0,19.35909808284386,1
103,1391235666976,2209.7054398329074,0.0,19.002687157350007,0
103,1391235666688,2259.2245188872357,0.0,19.10954063470894,0
103,1391235665968,2433.9754783804337,4.0,19.61380186744648,1
103,1391235666112,2309.2465658640403,0.0,19.215263899683304,0
103,1391235666640,2368.022592948369,0.0,19.393326347360258,0
103,1391235664384,2495.863121281316,4.0,19.80258624054683,1
103,1391235666064,2554.699055779492,4.0,19.956325100468984,1
103,1391235664576,2633.508671950916,4.0,20.28714196816494,1
103,1391235666880,2691.0334710370407,4.0,20.392913083248995,1
103,1391235666304,2431.0808531378375,0.0,19.598864128598116,0
103,1391235667312,2503.753253425158,0.0,19.90663021540857,0
103,1391235666208,2568.928278004111,0.0,20.08468489720689,0
103,1391235667792,2776.513857702376,4.0,20.721386834270433,1
103,1391235667840,2844.9294774974696,4.0,20.84809152341023,1
103,1391235667888,2643.05523844944,0.0,20.336005605819643,0
103,1391235667936,2703.9698431998554,0.0,20.446756516780088,0
103,1391235667984,2915.776305367549,4.0,20.95537470763957,1
103,1391235668032,2764.7258921088255,0.0,20.54527003048323,0
103,1391235668080,2867.084439059334,0.0,21.0985462701795,0
103,1391235668128,2946.7784671128343,0.0,21.306893855651957,0
103,1391235668176,3029.1564665500005,0.0,21.474482638274832,0
103,1391235668224,3155.9029141174715,0.0,22.014424021021924,0
103,1391235668272,2997.4243110396865,4.0,21.054250643548333,1
103,1391235668320,3072.6797115766362,4.0,21.0859710812732,1
103,1391235668368,3141.936664986751,4.0,21.08889265847261,1
103,1391235668416,3316.5625088965808,0.0,22.657035679554397,0
103,1391235665248,1544.3258851086084,4.0,14.554216276973198,1
104,1391235665392,1524.8452602661005,3.9999999999999996,14.612528876572647,1
104,1391235664720,1490.0751150091835,3.9999999999999996,14.629309102609469,1
104,1391235664912,1478.1356603745953,5.289525611842628e-16,17.705940222198745,0
104,1391235665008,1592.304373703937,4.0,14.193216608319961,1
104,1391235666736,1627.8732571010978,4.0,14.123752392630236,1
104,1391235665056,1454.8160989996948,3.999999999999999,14.55091446145196,1
104,1391235666256,1800.1257879520167,4.0,17.572232909367777,1
104,1391235664480,1843.6138222379025,4.0,17.704849617606428,1
104,1391235664960,1526.2039091683275,0.0,18.153287248801327,0
104,1391235664528,1575.2485844787534,0.0,18.836275263620035,0
104,1391235664864,1629.929993655267,0.0,20.494843160335673,0
104,1391235667264,1679.4137645898618,3.9994713749976647,19.804511278481957,1
104,1391235664288,1889.421671521614,4.0,17.86647270958829,1
104,1391235666928,1937.6200455535702,4.0,18.045440690346105,1
104,1391235667360,1725.9137075570095,0.0,17.890427106692222,0
104,1391235667552,1753.0087360265309,4.0,17.543440426078813,1
104,1391235667456,1986.851499036844,4.0,18.217778542731892,1
104,1391235664192,2033.8504949002381,4.0,18.348397260167918,1
104,1391235667216,2082.9868568938964,4.0,18.50491941201605,1
104,1391235665632,1777.3073946561703,0.0,17.62310550917503,0
104,1391235666160,1822.0597448059793,0.0,17.73955718199864,0
104,1391235667600,2129.5813724585173,4.0,18.622672991464963,1
104,1391235667648,1867.0804499464234,0.0,17.85690140734206,0
104,1391235664768,1913.4846539632372,0.0,17.98772576480778,0
104,1391235664336,1963.8109774037973,0.0,18.157408724629196,0
104,1391235666544,2180.3085795039133,4.0,18.780733339029794,1
104,1391235666784,2011.1309416950721,0.0,18.272014322164065,0
104,1391235667744,2231.7245030068307,4.0,18.920595309168824,1
104,1391235664240,2056.479072049485,0.0,18.371086019238426,0
104,1391235667072,2115.6270538532353,0.0,18.612284661366665,0
104,1391235667504,2279.473222216966,4.0,19.027095716815438,1
104,1391235666400,2174.5472739136885,0.0,18.850724168172686,0
104,1391235666448,2327.568354347914,4.0,19.129831713113486,1
104,1391235664624,2389.8468501291204,4.0,19.377245826004263,1
104,1391235666976,2228.717201727624,0.0,19.022080697518835,0
104,1391235666688,2278.342674963747,0.0,19.127952791565374,0
104,1391235665968,2453.59715013799,4.0,19.630614076263527,1
104,1391235666112,2328.4699925272994,0.0,19.23270872831792,0
104,1391235666640,2387.4235519182503,0.0,19.40963776542876,0
104,1391235664384,2515.6728133784372,4.0,19.817765671883116,1
104,1391235666064,2574.661782017715,4.0,19.969998615809896,1
104,1391235664576,2653.8013546469288,4.0,20.29897563196882,1
104,1391235666880,2711.4312752184833,4.0,20.403358902750544,1
104,1391235666304,2450.6867895988107,0.0,19.613977410326235,0
104,1391235667312,2523.666515550411,0.0,19.920801678031886,0
104,1391235666208,2589.0189260731922,0.0,20.097426462349507,0
104,1391235667792,2797.238983142716,4.0,20.729366635443327,1
104,1391235667840,2865.780335245301,4.0,20.85399318186412,1
104,1391235667888,2663.3964654648375,0.0,20.347160620326687,0
104,1391235667936,2724.421211207817,0.0,20.45660833359407,0
104,1391235667984,2936.733450883747,4.0,20.95915007762827,1
104,1391235668032,2785.2752029056924,0.0,20.5539026282065,0
104,1391235668080,2888.1868252828885,0.0,21.106751374691026,0
104,1391235668128,2968.0883934663275,0.0,21.31337319553429,0
104,1391235668176,3050.633155613467,0.0,21.479197168532476,0
104,1391235668224,3177.918627650374,0.0,22.017179528775902,0
104,1391235668272,3018.4791957799107,4.0,21.05559995525472,1
104,1391235668320,3093.7657614082113,4.0,21.08613808135143,1
104,1391235668368,3163.025557645221,4.0,21.08889265847261,1
104,1391235668416,3339.2195445761345,0.0,22.657035679554397,0
104,1391235665248,1558.8305044487506,4.0,14.448396132845122,1
105,1391235665392,1539.4299032416275,3.9999999999999996,14.549939654097114,1
105,1391235664720,1504.7022194689769,3.9999999999999996,14.621107857117531,1
105,1391235664912,1495.8807872654218,6.781544372113757e-16,17.79103164285944,0
105,1391235665008,1606.4900159526562,4.0,14.186087588022977,1
105,1391235666736,1642.07507413048,4.0,14.284458368005243,1
105,1391235665056,1469.3796770514562,3.999999999999999,14.576167456216174,1
105,1391235666256,1817.7130759693357,4.0,17.60440334009918,1
105,1391235664480,1861.333259260358,4.0,17.73601842408338,1
105,1391235664960,1544.4158669874837,0.0,18.28043259503421,0
105,1391235664528,1594.181703823502,0.0,19.037450159361825,0
105,1391235664864,1650.4983919980532,0.0,20.630662242441115,0
105,1391235667264,1699.2305109126837,3.999946251918473,19.816422592789507,1
105,1391235664288,1907.302275241846,4.0,17.89666441095023,1
105,1391235666928,1955.6791017183207,4.0,18.0745296025404,1
105,1391235667360,1743.7915889321605,0.0,17.864644868225096,0
105,1391235667552,1770.5569078854103,4.0,17.55413431721755,1
105,1391235667456,2005.082295009232,4.0,18.245589036455222,1
105,1391235664192,2052.211305117452,4.0,18.37491634806684,1
105,1391235667216,2101.503597165845,4.0,18.53017324430757,1
105,1391235665632,1794.9436280745485,0.0,17.651159029120127,0
105,1391235666160,1839.8119230082234,0.0,17.766527546954652,0
105,1391235667600,2148.215308617354,4.0,18.64673551476076,1
105,1391235667648,1884.9494824066937,0.0,17.88282482868441,0
105,1391235664768,1931.4840288528094,0.0,18.01261935067401,0
105,1391235664336,1981.979551834057,0.0,18.181269237019173,0
105,1391235666544,2199.099977398537,4.0,18.803516745978147,1
105,1391235666784,2029.413614593818,0.0,18.294791517765,0
105,1391235667744,2250.655119598551,4.0,18.942004519806517,1
105,1391235664240,2074.8603755091613,0.0,18.392920901315833,0
105,1391235667072,2134.2491170841304,0.0,18.633182171145744,0
105,1391235667504,2298.509804924841,4.0,19.0473637399596,1
105,1391235666400,2193.40739186006,0.0,18.870799973676004,0
105,1391235666448,2346.7071501461464,4.0,19.14898290268482,1
105,1391235664624,2409.232446553505,4.0,19.395086005039886,1
105,1391235666976,2247.748220842562,0.0,19.04118333837583,0
105,1391235666688,2297.479114214756,0.0,19.146089692046097,0
105,1391235665968,2473.2354991641573,4.0,19.647138469340412,1
105,1391235666112,2347.710742054273,0.0,19.249893266508852,0
105,1391235666640,2406.8407071254337,0.0,19.42570336433964,0
105,1391235664384,2535.4975615134235,4.0,19.832681911995905,1
105,1391235666064,2594.638069298703,4.0,19.983432232771282,1
105,1391235664576,2674.1057686305635,4.0,20.310590916399168,1
105,1391235666880,2731.8394338265807,4.0,20.413609770458397,1
105,1391235666304,2470.307730638833,0.0,19.628858700483583,0
105,1391235667312,2543.593845505326,0.0,19.934751975329572,0
105,1391235666208,2609.122220200505,0.0,20.109964223111355,0
105,1391235667792,2817.9720063759555,4.0,20.737171494509255,1
105,1391235667840,2886.6370270768944,4.0,20.859750723436917,1
105,1391235667888,2683.748759664102,0.0,20.358128231011015,0
105,1391235667936,2744.882353029259,0.0,20.466293723129716,0
105,1391235667984,2957.694321799235,4.0,20.962818932518626,1
105,1391235668032,2805.833078099143,0.0,20.562389715613158,0
105,1391235668080,2909.2973557543537,0.0,21.11482663790652,0
105,1391235668128,2989.4047500222464,0.0,21.319747705439376,0
105,1391235668176,3072.1145239915604,0.0,21.483836570302387,0
105,1391235668224,3199.9370765549215,0.0,22.019892076006773,0
105,1391235668272,3039.535405294079,4.0,21.056897052799254,1
105,1391235668320,3114.8519737307383,4.0,21.086295519590923,1
105,1391235668368,3184.114450303691,4.0,21.08889265847261,1
105,1391235668416,3361.876580255688,0.0,22.657035679554397,0
105,1391235665248,1573.234057896975,4.0,14.356485825054428,1
106,1391235665392,1553.9465262091014,3.9999999999999996,14.478089491363212,1
106,1391235664720,1519.3122006790195,3.9999999999999996,14.594173094899563,1
106,1391235664912,1513.713821543963,-2.0632777668855802e-16,17.881954294620765,0
106,1391235665008,1620.6891553471105,4.0,14.21945762487472,1
106,1391235666736,1656.4202365871263,4.0,14.408290097195804,1
106,1391235665056,1483.9631463551152,3.999999999999999,14.589485975067957,1
106,1391235666256,1835.3322982096015,4.0,17.636069265026165,1
106,1391235664480,1879.083630661801,4.0,17.766686784105804,1
106,1391235664960,1562.7572799841785,0.0,18.410948993552125,0
106,1391235664528,1613.2988319815202,0.0,19.201582787905974,0
106,1391235664864,1671.153167360541,0.0,20.668942588599627,0
106,1391235667264,1719.0268555877017,3.9999945195015654,19.7647641015868,1
106,1391235664288,1925.2128387091775,4.0,17.926361144438626,1
106,1391235666928,1973.7670199799356,4.0,18.103134636718433,1
106,1391235667360,1761.6464947961736,0.0,17.844776779964935,0
106,1391235667552,1788.1171515943252,4.0,17.56768981177747,1
106,1391235667456,2023.3406827983792,4.0,18.272933072506966,1
106,1391235664192,2070.5984258950825,4.0,18.40099064605343,1
106,1391235667216,2120.045391929376,4.0,18.55500189767439,1
106,1391235665632,1812.6077125481431,0.0,17.678780500396293,0
106,1391235666160,1857.5908770454566,0.0,17.793082825803236,0
106,1391235667600,2166.8731177134905,4.0,18.67039366824774,1
106,1391235667648,1902.8442515552829,0.0,17.908349821470104,0
106,1391235664768,1949.5081180786317,0.0,18.03713049125161,0
106,1391235664336,2000.1718148952084,0.0,18.204763037716273,0
106,1391235666544,2217.913978550164,4.0,18.825915915303995,1
106,1391235666784,2047.7189016277086,0.0,18.31722081766888,0
106,1391235667744,2269.6069763031564,4.0,18.963053066452815,1
106,1391235664240,2093.263358539588,0.0,18.41442441227448,0
106,1391235667072,2152.8919304875326,0.0,18.65376531174752,0
106,1391235667504,2317.566496244957,4.0,19.067291756155523,1
106,1391235666400,2212.2874456730133,0.0,18.89057717075701,0
106,1391235666448,2365.8649472953243,4.0,19.16781449699232,1
106,1391235664624,2428.6357426963664,4.0,19.412626588194627,1
106,1391235666976,2266.7982094329486,0.0,19.06000179929224,0
106,1391235666688,2316.633564330507,0.0,19.16395761383746,0
106,1391235665968,2492.890241124777,4.0,19.663382459479376,1
106,1391235666112,2366.9685569163757,0.0,19.26682339923942,0
106,1391235666640,2426.27381534154,0.0,19.441528665572616,0
106,1391235664384,2555.337105669386,4.0,19.847341719726828,1
106,1391235666064,2614.6276806155524,4.0,19.996632108118327,1
106,1391235664576,2694.421698112993,4.0,20.321993337933527,1
106,1391235666880,2752.257754219623,4.0,20.423670605842478,1
106,1391235666304,2489.9434467171604,0.0,19.64351322283856,0
106,1391235667312,2563.535024478079,0.0,19.948486123620437,0
106,1391235666208,2629.237958799325,0.0,20.122302905547702,0
106,1391235667792,2838.7127545112517,4.0,20.74480578098145,1
106,1391235667840,2907.4994106572185,4.0,20.865367944141305,1
106,1391235667888,2704.111935734117,0.0,20.368912892615764,0
106,1391235667936,2765.3531041143183,0.0,20.475816685290592,0
106,1391235667984,2978.658813065964,4.0,20.96638439723679,1
106,1391235668032,2826.399373828205,0.0,20.57073480651276,0
106,1391235668080,2930.41590210164,0.0,21.12277518964116,0
106,1391235668128,3010.727433156935,0.0,21.326019954896093,0
106,1391235668176,3093.600497421893,0.0,21.488402688329217,0
106,1391235668224,3221.9582183595217,0.0,22.022562704196176,0
106,1391235668272,3060.5928883183797,4.0,21.058143958129364,1
106,1391235668320,3135.938339241409,4.0,21.086443945241644,1
106,1391235668368,3205.2033429621606,4.0,21.08889265847261,1
106,1391235668416,3384.533615935242,0.0,22.657035679554397,0
106,1391235665248,1587.5583533095864,4.0,14.293278482009123,1
107,1391235665392,1568.39196372242,3.9999999999999996,14.409759267054111,1
107,1391235664720,1533.8878696011304,3.9999999999999996,14.552398009074329,1
107,1391235664912,1531.6398775884568,-1.095423680900805e-15,17.97699102211272,0
107,1391235665008,1634.9333270427521,4.0,14.275047886943987,1
107,1391235666736,1670.8739655589343,4.0,14.500808417391324,1
107,1391235665056,1498.1993729996054,2.031152143413504,14.551697463922945,1
107,1391235666256,1852.9829545292364,4.0,17.667240054343598,1
107,1391235664480,1896.8644409659637,4.0,17.796865332030478,1
107,1391235664960,1581.2278281343022,0.0,18.53746710515411,0
107,1391235664528,1632.5633129887515,0.0,19.3305319814754,0
107,1391235664864,1691.8159325384784,0.0,20.64752507248627,0
107,1391235667264,1738.7522029762972,3.999999437833101,19.675256234204074,1
107,1391235664288,1943.1528723697961,4.0,17.95557446633684,1
107,1391235666928,1991.8833220636109,4.0,18.13126773706256,1
107,1391235667360,1779.4840759975796,0.0,17.830259072564164,0
107,1391235667552,1805.6920993621475,4.0,17.583626916960743,1
107,1391235667456,2041.6262014943234,4.0,18.29982246977018,1
107,1391235664192,2089.011417778209,4.0,18.42663151754375,1
107,1391235667216,2138.6118211444546,4.0,18.579416316130867,1
107,1391235665632,1830.2992207235282,0.0,17.705979935792875,0
107,1391235666160,1875.3961964183325,0.0,17.81923279641655,0
107,1391235667600,2185.554400271866,4.0,18.69365787536156,1
107,1391235667648,1920.7643634177048,0.0,17.933485878174675,0
107,1391235664768,1967.556543510929,0.0,18.061268381600836,0
107,1391235664336,2018.387404045781,0.0,18.227899010112704,0
107,1391235666544,2236.750203387128,4.0,18.847940782544825,1
107,1391235666784,2066.046458846571,0.0,18.339310625763506,0
107,1391235667744,2288.5797168378044,4.0,18.983750277861652,1
107,1391235664240,2111.68769350537,0.0,18.435604508827158,0
107,1391235667072,2171.5551832077817,0.0,18.674041565820293,0
107,1391235667504,2336.642960290699,4.0,19.08688853875296,1
107,1391235666400,2231.187140016885,0.0,18.910062729663583,0
107,1391235666448,2385.0414300601756,4.0,19.186334715075407,1
107,1391235664624,2448.0564425713596,4.0,19.4298752610978,1
107,1391235666976,2285.866886369045,0.0,19.078542577919,0
107,1391235666688,2335.8057591845054,0.0,19.181562633899834,0
107,1391235665968,2512.5610989750357,4.0,19.679353197075688,1
107,1391235666112,2386.243185383831,0.0,19.283504828230566,0
107,1391235666640,2445.7226387814294,0.0,19.45711902413021,0
107,1391235664384,2575.191192476272,4.0,19.861751615853077,1
107,1391235666064,2634.6303850165855,4.0,20.00960418279101,1
107,1391235664576,2714.7489327321223,4.0,20.333188222282278,1
107,1391235666880,2772.6860485959187,4.0,20.4335461594706,1
107,1391235666304,2509.593713444173,0.0,19.657946046509732,0
107,1391235667312,2583.4898386033856,0.0,19.96200899066404,0
107,1391235666208,2649.3659449413826,0.0,20.13444709181944,0
107,1391235667792,2859.461058959858,4.0,20.752273721042904,1
107,1391235667840,2928.3673473896883,4.0,20.87084851757398,1
107,1391235667888,2724.4858127508237,0.0,20.379518920112993,0
107,1391235667936,2785.8333038531155,0.0,20.485181092500678,0
107,1391235667984,2999.6268227122387,4.0,20.969849493389717,1
107,1391235668032,2846.9739496926127,0.0,20.578941301751666,0
107,1391235668080,2951.5423390345923,0.0,21.130600057860192,0
107,1391235668128,3032.0563417762714,0.0,21.332192428369208,0
107,1391235668176,3115.091003457871,0.0,21.492897305797868,0
107,1391235668224,3243.9820116179385,0.0,22.025192420534992,0
107,1391235668272,3081.651595573365,4.0,21.05934261327031,1
107,1391235668320,3157.02484917169,4.0,21.086583875806713,1
107,1391235668368,3226.2922356206304,4.0,21.08889265847261,1
107,1391235668416,3407.1906516147956,0.0,22.657035679554397,0
107,1391235665248,1601.8348333478111,4.0,14.263085745957985,1
108,1391235665392,1582.7747198074483,3.9999999999999996,14.354973729963987,1
108,1391235664720,1548.417244666821,3.9999999999999996,14.502220462618842,1
108,1391235664912,1549.662012033931,-1.4409099569195309e-15,18.07384112644309,0
108,1391235665008,1649.2382945122454,4.0,14.339955066992479,1
108,1391235666736,1685.4086627977013,4.0,14.569919351299513,1
108,1391235665056,1512.8839565531268,0.3005526153766075,15.18743877795263,0
108,1391235666256,1870.6645542045098,4.0,17.697925173735232,1
108,1391235664480,1914.675205283951,4.0,17.826564596026365,1
108,1391235664960,1599.8212127523138,0.0,18.655534829197606,0
108,1391235664528,1651.9422954578615,0.0,19.429548148677146,0
108,1391235664864,1712.4387358476997,0.0,20.589497873217667,0
108,1391235667264,1758.3768996665813,3.999999941888439,19.56413667499103,1
108,1391235664288,1961.1218981060126,4.0,17.98431567401342,1
108,1391235666928,2010.0275414750952,4.0,18.15894049828729,1
108,1391235667360,1797.3094229692729,0.0,17.82053759961872,0
108,1391235667552,1823.283933077592,4.0,17.6015283680528,1
108,1391235667456,2059.938401826658,4.0,18.326268665176883,1
108,1391235664192,2107.449852497185,4.0,18.451849946827924,1
108,1391235667216,2157.202475539204,4.0,18.603427069622544,1
108,1391235665632,1848.017735133526,0.0,17.73276707770834,0
108,1391235666160,1893.2274802728216,0.0,17.844986953880674,0
108,1391235667600,2204.2587670717553,4.0,18.716538199919732,1
108,1391235667648,1938.7094333768673,0.0,17.958242203366645,0
108,1391235664768,1985.6289360787696,0.0,18.085041926669334,0
108,1391235664336,2036.6259654907976,0.0,18.250685746239114,0
108,1391235666544,2255.6082821104123,4.0,18.869600936912406,1
108,1391235666784,2084.3959505724893,0.0,18.361069065905358,0
108,1391235667744,2307.5729940946426,4.0,19.00410515588672,1
108,1391235664240,2130.1330606024662,0.0,18.45646888107536,0
108,1391235667072,2190.2385717520574,0.0,18.69401816135005,0
108,1391235667504,2355.7388698040786,4.0,19.10616255344048,1
108,1391235666400,2250.106186415596,0.0,18.92926338549713,0
108,1391235666448,2404.236290788974,4.0,19.204551487950674,1
108,1391235664624,2467.49425775078,4.0,19.446839439448134,1
108,1391235666976,2304.9539769192133,0.0,19.096811960333103,0
108,1391235666688,2354.9954386369304,0.0,19.198910637232068,0
108,1391235665968,2532.24780270261,4.0,19.695057581917723,1
108,1391235666112,2405.5343813460036,0.0,19.299943079562617,0
108,1391235666640,2465.1869449397714,0.0,19.47247963499647,0
108,1391235664384,2595.059574977826,4.0,19.87591789375677,1
108,1391235666064,2654.645957394061,4.0,20.022354191531765,1
108,1391235664576,2735.0872673658023,4.0,20.344180712841595,1
108,1391235666880,2793.1241338283853,4.0,20.443241020440333,1
108,1391235666304,2529.258311429377,0.0,19.67216209162171,0
108,1391235667312,2603.4580788164294,0.0,19.97532530093883,0
108,1391235666208,2669.5059862154644,0.0,20.146401225502373,0
108,1391235667792,2880.216755294729,4.0,20.759579403783306,1
108,1391235667840,2949.2407022961847,4.0,20.876196000092726,1
108,1391235667888,2744.8702140419978,0.0,20.389950494119216,0
108,1391235667936,2806.322795450653,0.0,20.494390694768224,0
108,1391235667984,3020.5982517413795,4.0,20.973217143473814,1
108,1391235668032,2867.5566686419825,0.0,20.587012493757317,0
108,1391235668080,2972.6765442450924,0.0,21.138304172830416,0
108,1391235668128,3053.3913772322644,0.0,21.338267528800863,0
108,1391235668176,3136.58597140836,0.0,21.49732214692774,0
108,1391235668224,3266.008415875676,0.0,22.027782199346337,0
108,1391235668272,3102.7114796856126,4.0,21.0604948836881,1
108,1391235668320,3178.1114952564553,4.0,21.086715798899228,1
108,1391235668368,3247.3811282791003,4.0,21.08889265847261,1
108,1391235668416,3429.8476872943493,0.0,22.657035679554397,0
108,1391235665248,1616.0957218641693,4.0,14.263304148697435,1
109,1391235665392,1597.1114847712945,3.9999999999999996,14.31972721264852,1
109,1391235664720,1562.8953520154134,3.9999999999999996,14.451011148608458,1
109,1391235664912,1567.7809708194497,3.4257125221711875e-16,18.170266379460212,0
109,1391235665008,1663.6092098644783,4.0,14.405987080683525,1
109,1391235666736,1700.0041886637243,4.0,14.622308731813233,1
109,1391235665056,1528.3833528730656,0.041168379488941365,15.841193154360253,0
109,1391235666256,1888.3766160000334,4.0,17.728134128401802,1
109,1391235664480,1932.5154491945666,4.0,17.855794970281988,1
109,1391235664960,1618.5278211478158,0.0,18.762999017748445,0
109,1391235664528,1671.4085071814895,0.0,19.50425505345001,0
109,1391235664864,1732.9919889769392,0.0,20.508634709393224,0
109,1391235667264,1777.8845217771134,3.999999993940815,19.4417069073089,1
109,1391235664288,1979.1194489740758,4.0,18.01259579945634,1
109,1391235666928,2028.1992231544211,4.0,18.186164172648102,1
109,1391235667360,1815.1270812005996,0.0,17.815079737179712,0
109,1391235667552,1840.8944446547275,4.0,17.62103438429949,1
109,1391235667456,2078.276845788654,4.0,18.352282726696313,1
109,1391235664192,2125.9133125952785,4.0,18.476656553479053,1
109,1391235667216,2175.8169562430066,4.0,18.627044369283645,1
109,1391235665632,1865.7628479289203,0.0,17.759151402753485,0
109,1391235666160,1911.0843371207563,0.0,17.870354517658367,0
109,1391235667600,2222.9858387942354,4.0,18.73904436118199,1
109,1391235667648,1956.67908588924,0.0,17.982627722435918,0
109,1391235664768,2003.7249354845924,0.0,18.108459751193735,0
109,1391235664336,2054.8871538955823,0.0,18.27313155776969,0
109,1391235666544,2274.4878543543346,4.0,18.890905636175024,1
109,1391235666784,2102.767049125043,0.0,18.382503993133895,0
109,1391235667744,2326.586469820618,4.0,19.02412638973845,1
109,1391235664240,2148.5991475967903,0.0,18.47702496358025,0
109,1391235667072,2208.941799741051,0.0,18.713702082984728,0
109,1391235667504,2374.8539058544275,4.0,19.12512197174667,1
109,1391235666400,2269.044303022629,0.0,18.94818564907802,0
109,1391235666448,2423.4492296314993,4.0,19.222472471298065,1
109,1391235664624,2486.948907101285,4.0,19.463526281012957,1
109,1391235666976,2324.059212542836,0.0,19.1148160305676,0
109,1391235666688,2374.202348346566,0.0,19.216007325124124,0
109,1391235665968,2551.950089082322,4.0,19.71050227434568,1
109,1391235666112,2424.841904139152,0.0,19.31614351087664,0
109,1391235666640,2484.666506433907,0.0,19.487615539272866,0
109,1391235664384,2614.942012408953,4.0,19.889846629515034,1
109,1391235666064,2674.6741782822724,4.0,20.03488767199268,1
109,1391235664576,2755.43650195329,4.0,20.354975778691905,1
109,1391235666880,2813.571831306406,4.0,20.452759623414245,1
109,1391235666304,2548.93702613496,0.0,19.686166134710852,0
109,1391235667312,2623.4395407119596,0.0,19.988439640709764,0
109,1391235666208,2689.657894591221,0.0,20.158169616673945,0
109,1391235667792,2900.979683116212,4.0,20.76672678710526,1
109,1391235667840,2970.1193439021267,4.0,20.88141383572101,1
109,1391235667888,2765.2649670553265,0.0,20.40021166606578,0
109,1391235667936,2826.8214258066787,0.0,20.50344912451046,0
109,1391235667984,3041.573004034494,4.0,20.97649017486827,1
109,1391235668032,2888.1473968694313,0.0,20.594951570863852,0
109,1391235668080,2993.8183983112176,0.0,21.145890371069605,0
109,1391235668128,3074.732443243122,0.0,21.344247580975157,0
109,1391235668176,3158.0853322798775,0.0,21.501678879435214,0
109,1391235668224,3288.037391637743,0.0,22.030332983437425,0
109,1391235668272,3123.7724951126743,4.0,21.061602561491913,1
109,1391235668320,3199.198269704916,4.0,21.086840173988087,1
109,1391235668368,3268.47002093757,4.0,21.08889265847261,1
109,1391235668416,3452.504722973903,0.0,22.657035679554397,0
109,1391235665248,1630.3687230567098,4.0,14.287744846734132,1
110,1391235665392,1611.4230390580788,3.9999999999999996,14.306025664608802,1
110,1391235664720,1577.3244423730014,3.9999999999999996,14.405598495613829,1
110,1391235664912,1585.995426540658,8.650698125109185e-16,18.264416018779126,0
110,1391235665008,1678.0447671042175,4.0,14.468449166390307,1
110,1391235666736,1714.6462481888536,4.0,14.662873837210327,1
110,1391235665056,1544.482932261363,0.005404640995915173,16.37374996488763,0
110,1391235666256,1906.1186681859424,4.0,17.75787641678308,1
110,1391235664480,1950.3847085995906,4.0,17.884566692914607,1
110,1391235664960,1637.3366571249942,0.0,18.85922416767107,0
110,1391235664528,1690.939981603686,0.0,19.55949162165624,0
110,1391235664864,1753.4570249062326,0.0,20.413121542226214,0
110,1391235667264,1797.267104889526,3.999999999362481,19.314641135919594,1
110,1391235664288,1997.1450689368342,4.0,18.040425605503227,1
110,1391235666928,2046.3979231370042,4.0,18.21294967767223,1
110,1391235667360,1832.9410769976973,0.0,17.813382898866468,0
110,1391235667552,1858.5250908499336,4.0,17.641836903243604,1
110,1391235667456,2096.6411062742827,4.0,18.377875366108537,1
110,1391235664192,2144.4013910704903,4.0,18.501061606274387,1
110,1391235667216,2194.454874434564,4.0,18.650278082031846,1
110,1391235665632,1883.5341606150093,0.0,17.785142126848363,0
110,1391235666160,1928.9663845675977,0.0,17.89534443886833,0
110,1391235667600,2241.7352456843905,4.0,18.76118574820883,1
110,1391235667648,1974.672954209719,0.0,18.006651090227358,0
110,1391235664768,2021.844189928524,0.0,18.13153020935935,0
110,1391235664336,2073.170632110394,0.0,18.295244486654493,0
110,1391235666544,2293.3885688617665,4.0,18.91186382080295,1
110,1391235666784,2121.159434557556,0.0,18.403623004436817,0
110,1391235667744,2345.619814311206,4.0,19.04382236951318,1
110,1391235664240,2167.0856495736407,0.0,18.497279945941404,0
110,1391235667072,2227.664577670692,0.0,18.7331000827706,0
110,1391235667504,2393.9877575502724,4.0,19.143774683841233,1
110,1391235666400,2288.0012144015727,0.0,18.966835817173443,0
110,1391235666448,2442.6799542693543,4.0,19.240105057481827,1
110,1391235664624,2506.4201165313134,4.0,19.47994269698583,1
110,1391235666976,2343.182330692506,0.0,19.13256067957067,0
110,1391235666688,2393.426239590757,0.0,19.232858222936148,0
110,1391235665968,2571.6677014416673,4.0,19.725693705809796,1
110,1391235666112,2444.165518381201,0.0,19.332111318185184,0
110,1391235666640,2504.1611008527207,0.0,19.50253163001253,0
110,1391235664384,2634.83826998291,4.0,19.903543691447883,1
110,1391235666064,2694.714833664516,4.0,20.047209973354995,1
110,1391235664576,2775.7964413244977,4.0,20.36557822217095,1
110,1391235666880,2834.0289667845273,4.0,20.462106255283295,1
110,1391235666304,2568.629647734627,0.0,19.699962813894487,0
110,1391235667312,2643.4340244083673,0.0,20.001356462893742,0
110,1391235666208,2709.821486287963,0.0,20.16975644678746,0
110,1391235667792,2921.749685923496,4.0,20.773719703320186,1
110,1391235667840,2991.00314412633,4.0,20.886505360796804,1
110,1391235667888,2785.6699032315432,0.0,20.410306363136705,0
110,1391235667936,2847.3290454002545,0.0,20.51235990115189,0
110,1391235667984,3062.55098625714,4.0,20.979671323626338,1
110,1391235668032,2908.746003709427,0.0,20.602761621431288,0
110,1391235668080,3014.967784605264,0.0,21.153361399105094,0
110,1391235668128,3096.0794458165933,0.0,21.350134834715803,0
110,1391235668176,3179.589018721193,0.0,21.50596911687204,0
110,1391235668224,3310.0689003377456,0.0,22.032845685384597,0
110,1391235668272,3144.8345980711542,4.0,21.062667368484952,1
110,1391235668320,3220.285165173254,4.0,21.086957434039654,1
110,1391235668368,3289.55891359604,4.0,21.08889265847261,1
110,1391235668416,3475.1617586534567,0.0,22.657035679554397,0
110,1391235665248,1644.6746577442843,4.0,14.329079983819797,1
111,1391235665392,1625.7305957701549,3.9999999999999996,14.312683987996975,1
111,1391235664720,1591.71292250619,3.9999999999999996,14.371232985005573,1
111,1391235664912,1604.3024263053173,-4.292012508460895e-17,18.354925344056777,0
111,1391235665008,1692.5401547971614,4.0,14.525015519680736,1
111,1391235666736,1729.324710946497,4.0,14.695017130041244,1
111,1391235665056,1561.0619094780154,0.000686748095230614,16.795579565975462,0
111,1391235666256,1923.890248512734,4.0,17.78716149245703,1
111,1391235664480,1968.2825295592643,4.0,17.9128898286452,1
111,1391235664960,1656.2365408702144,0.0,18.944446037007015,0
111,1391235664528,1710.5191026186042,0.0,19.59904685312423,0
111,1391235664864,1773.8217001357673,0.0,20.30790250967602,0
111,1391235667264,1816.5222385610882,3.99999999993231,19.187405068598554,1
111,1391235664288,2015.1983125936874,4.0,18.06781558426745,1
111,1391235666928,2064.623208222732,4.0,18.239307604410868,1
111,1391235667360,1850.7549503423106,0.0,17.81498009929245,0
111,1391235667552,1876.17704223657,4.0,17.663673712584984,1
111,1391235667456,2115.0307667278853,4.0,18.4030569515132,1
111,1391235664192,2162.9136910310667,4.0,18.525075036623424,1
111,1391235667216,2213.115851004238,4.0,18.673137744523448,1
111,1391235665632,1901.3312837934411,0.0,17.810748210693557,0
111,1391235666160,1946.8732490475136,0.0,17.919965407623653,0
111,1391235667600,2260.5066272275485,4.0,18.782971433550017,1
111,1391235667648,1992.6906801250607,0.0,18.030320699551673,0
111,1391235664768,2039.986355842241,0.0,18.154261394206642,0
111,1391235664336,2091.476070905526,0.0,18.31703231537981,0
111,1391235666544,2312.310083173164,4.0,18.93248412741736,1
111,1391235666784,2139.572794403892,0.0,18.42443344907699,0
111,1391235667744,2364.672706117351,4.0,19.06320119903508,1
111,1391235664240,2185.5922686974973,0.0,18.517240782900533,0
111,1391235667072,2246.4066226843315,0.0,18.752218690331407,0
111,1391235667504,2413.140121763695,4.0,19.162128310676696,1
111,1391235666400,2306.9766513166132,0.0,18.985219982130893,0
111,1391235666448,2461.9281796580267,4.0,19.257456386946284,1
111,1391235664624,2525.9076187495825,4.0,19.49609536274202,1
111,1391235666976,2362.3230746249114,0.0,19.15005161363662,0
111,1391235666688,2412.666869092944,0.0,19.24946868743778,0
111,1391235665968,2591.4003894366347,4.0,19.74063808886558,1
111,1391235666112,2463.504993813149,0.0,19.347851542320104,0
111,1391235666640,2523.6705106111986,0.0,19.517232657771963,0
111,1391235664384,2654.74811868781,4.0,19.917014749157993,1
111,1391235666064,2714.7677147884633,4.0,20.059326264491837,1
111,1391235664576,2796.1668950366297,4.0,20.375992686047724,1
111,1391235666880,2854.495370237661,4.0,20.471285061481506,1
111,1391235666304,2588.335970977514,0.0,19.713556633816346,0
111,1391235667312,2663.4413344165305,0.0,20.014080091731696,0
111,1391235666208,2729.9965816482245,0.0,20.18116577334319,0
111,1391235667792,2942.5266109915174,4.0,20.78056186445257,1
111,1391235667840,3011.8919781753943,4.0,20.891473808381384,1
111,1391235667888,2806.084857882405,0.0,20.420238392985173,0
111,1391235667936,2867.8455081788284,0.0,20.521126435508588,0
111,1391235667984,3083.5321077697017,4.0,20.9827632380766,1
111,1391235668032,2929.3523615396493,0.0,20.610445637769647,0
111,1391235668080,3036.124589205441,0.0,21.160719917052308,0
111,1391235668128,3117.4322931764473,0.0,21.355931467926663,0
111,1391235668176,3201.096964970206,0.0,21.510194420847096,0
111,1391235668224,3332.1029043082285,0.0,22.03532118875521,0
111,1391235668272,3165.897746467773,4.0,21.063690959072467,1
111,1391235668320,3241.3721747388427,4.0,21.08706798706183,1
111,1391235668368,3310.6478062545098,4.0,21.08889265847261,1
111,1391235668416,3497.8187943330104,0.0,22.657035679554397,0
111,1391235665248,1659.027107795325,4.0,14.380371035793043,1
112,1391235665392,1640.0531080674539,3.9999999999999996,14.33641233035642,1
112,1391235664720,1606.0734979295398,3.9999999999999996,14.351081511423269,1
112,1391235664912,1622.6978714305155,-9.55296772595934e-16,18.4408868753501,0
112,1391235665008,1707.088994697041,4.0,14.574855352969514,1
112,1391235666736,1744.0323151427965,4.0,14.721067732143183,1
112,1391235665056,1578.0188950765007,8.507406016878836e-05,17.12737059985731,0
112,1391235666256,1941.690904151317,4.0,17.815998732933846,1
112,1391235664480,1986.2084681123638,4.0,17.940774255452766,1
112,1391235664960,1675.216755902977,0.0,19.019325750131443,0
112,1391235664528,1730.1315832557004,0.0,19.6257560184765,0
112,1391235664864,1794.0778726639292,0.0,20.196091386404593,0
112,1391235667264,1835.6512869820922,3.9999999999927485,19.063095184306665,1
112,1391235664288,2033.278744909825,4.0,18.09477595734578,1
112,1391235666928,2082.8746556534797,4.0,18.2652482260507,1
112,1391235667360,1868.571792123728,0.0,17.81944305589644,0
112,1391235667552,1893.8512263781045,4.0,17.686322765309317,1
112,1391235667456,2133.4454208062148,4.0,18.427837519536173,1
112,1391235664192,2181.4498253642123,4.0,18.5487064515033,1
112,1391235667216,2231.79951623007,4.0,18.695632576493296,1
112,1391235665632,1919.1538369096595,0.0,17.83597836551803,0
112,1391235666160,1964.8045655658018,0.0,17.944225860381742,0
112,1391235667600,2279.2996318389155,4.0,18.804410186294216,1
112,1391235667648,2010.7319136957672,0.0,18.05364468955111,0
112,1391235664768,2058.1510976321115,0.0,18.176661146776546,0
112,1391235664336,2109.803148716482,0.0,18.338502576860144,0
112,1391235666544,2331.2520633287413,4.0,18.952774901578728,1
112,1391235666784,2158.00682343539,0.0,18.44494243849241,0
112,1391235667744,2383.7448317649287,4.0,19.08227070805018,1
112,1391235664240,2204.1187139817016,0.0,18.536914203988136,0
112,1391235667072,2265.167658354876,0.0,18.77106422251941,0
112,1391235667504,2432.3107028665377,4.0,19.18019021550953,1
112,1391235666400,2325.9703505323905,0.0,19.003344040956975,0
112,1391235666448,2481.1936277800555,4.0,19.274533359023323,1
112,1391235664624,2545.411153034066,4.0,19.51199072802928,1
112,1391235666976,2381.481193219929,0.0,19.167294362347025,0
112,1391235666688,2431.9239988573368,0.0,19.26584391374058,0
112,1391235665968,2611.1479088372716,4.0,19.75534142664136,1
112,1391235666112,2482.860105146767,0.0,19.363369075042055,0
112,1391235666640,2543.1945228104273,0.0,19.53172323589809,0
112,1391235664384,2674.6713350919385,4.0,19.930265282094176,1
112,1391235666064,2734.832617989505,4.0,20.07124154170228,1
112,1391235664576,2816.5476772178195,4.0,20.386223660322102,1
112,1391235666880,2874.970875722453,4.0,20.480300051973423,1
112,1391235666304,2608.055795056938,0.0,19.7269519703798,0
112,1391235667312,2683.461279513249,0.0,20.02661472727559,0
112,1391235666208,2750.183005015924,0.0,20.192401534365544,0
112,1391235667792,2963.310309253046,4.0,20.787256867270685,1
112,1391235667840,3032.7857244424004,4.0,20.896322312442344,1
112,1391235667888,2826.5096700732765,0.0,20.430011448239824,0
112,1391235667936,2888.370671451592,0.0,20.529752033969803,0
112,1391235667984,3104.5162805412738,4.0,20.985768482245714,1
112,1391235668032,2949.966345686711,0.0,20.618006519878804,0
112,1391235668080,3057.2887008110615,0.0,21.167968502023136,0
112,1391235668128,3138.790895691905,0.0,21.361639589484145,0
112,1391235668176,3222.6091068029996,0.0,21.51435630313818,0
112,1391235668224,3354.139366752216,0.0,22.03776034927014,0
112,1391235668272,3186.9618998332708,4.0,21.06467492303493,1
112,1391235668320,3262.4592918759795,4.0,21.087172217556375,1
112,1391235668368,3331.7366989129796,4.0,21.08889265847261,1
112,1391235668416,3520.475830012564,0.0,22.657035679554397,0
112,1391235665248,1673.4332260373749,4.0,14.435858696058482,1
113,1391235665392,1654.4056699100665,3.9999999999999996,14.3728747095184,1
113,1391235664720,1620.421040522133,3.9999999999999996,14.346197041024478,1
113,1391235664912,1641.1769378929914,-1.87182086828514e-15,18.521766487459974,0
113,1391235665008,1721.684528868442,4.0,14.618014930675033,1
113,1391235666736,1758.7637642040409,4.0,14.74262692742982,1
113,1391235665056,1595.2737596720458,1.0331287723849979e-05,17.38996230811813,0
113,1391235666256,1959.5201916046533,4.0,17.844397414262193,1
113,1391235664480,2004.1620900845285,4.0,17.968229654547553,1
113,1391235664960,1694.2673349966053,0.0,19.084677503039035,0
113,1391235664528,1749.7656032200928,0.0,19.64170219802833,0
113,1391235664864,1814.219994574849,0.0,20.079797976684265,0
113,1391235667264,1854.6582675679408,3.999999999999217,18.943921548708552,1
113,1391235664288,2051.3859409463726,4.0,18.121316677463682,1
113,1391235666928,2101.151852799358,4.0,18.29078150675393,1
113,1391235667360,1886.3942835148357,0.0,17.826383324868594,0
113,1391235667552,1911.5483654748598,4.0,17.709596858716623,1
113,1391235667456,2151.884672052535,4.0,18.45222678720698,1
113,1391235664192,2200.0094164174984,4.0,18.571965145906127,1
113,1391235667216,2250.5055094668564,4.0,18.71777149350377,1
113,1391235665632,1937.001448006191,0.0,17.860841059024313,0
113,1391235666160,1982.759977448658,0.0,17.96813398726748,0
113,1391235667600,2298.1139165659706,4.0,18.82551048450971,1
113,1391235667648,2028.7963130062576,0.0,18.076630953901194,0
113,1391235664768,2076.3380874313625,0.0,18.198737064989654,0
113,1391235664336,2128.151551398886,0.0,18.359662563966566,0
113,1391235666544,2350.214183583138,4.0,18.97274420995035,1
113,1391235666784,2176.461223427499,0.0,18.465156855780883,0
113,1391235667744,2402.8358854861303,4.0,19.101038463809108,1
113,1391235664240,2222.6647010675774,0.0,18.556306722731374,0
113,1391235667072,2283.94741447632,0.0,18.789642792566692,0
113,1391235667504,2451.499212477865,4.0,19.19796751483598,1
113,1391235666400,2344.9820546227,0.0,19.021213703879262,0
113,1391235666448,2500.4760274087494,4.0,19.291342642186628,1
113,1391235664624,2564.9304650109234,4.0,19.527635026628047,1
113,1391235666976,2400.656440807445,0.0,19.18429428605768,0
113,1391235666688,2451.197396010343,0.0,19.28198894185112,0
113,1391235665968,2630.9100213224824,4.0,19.769809521810597,1
113,1391235666112,2502.230631918255,0.0,19.378668664834937,0
113,1391235666640,2562.7329291027536,0.0,19.546007845566663,0
113,1391235664384,2694.6077011574243,4.0,19.94330058766764,1
113,1391235666064,2754.9093445216217,4.0,20.08296063604334,1
113,1391235664576,2836.9386064173946,4.0,20.396275488673318,1
113,1391235666880,2895.455321244486,4.0,20.489155106933982,1
113,1391235666304,2627.7889234837867,0.0,19.740153075280283,0
113,1391235667312,2703.493672619081,0.0,20.038964449697875,0
113,1391235666208,2770.380584618904,0.0,20.203467552694665,0
113,1391235667792,2984.100635185675,4.0,20.793808198059853,1
113,1391235667840,3053.6842644096846,4.0,20.901053911824395,1
113,1391235667888,2846.944182510135,0.0,20.439629110811673,0
113,1391235667936,2908.904395786933,0.0,20.53823990248807,0
113,1391235667984,3125.503419066892,4.0,20.988689539113153,1
113,1391235668032,2970.587834335521,0.0,20.625447079013966,0
113,1391235668080,3078.460010661068,0.0,21.175109651373546,0
113,1391235668128,3160.155165809915,0.0,21.36726124198984,0
113,1391235668176,3244.1253814849565,0.0,21.518456227700277,0
113,1391235668224,3376.178251715883,0.0,22.04016399591019,0
113,1391235668272,3208.0270192590338,4.0,21.065620788173735,1
113,1391235668320,3283.546510433022,4.0,21.087270487885295,1
113,1391235668368,3352.8255915714494,4.0,21.08889265847261,1
113,1391235668416,3543.132865692118,0.0,22.657035679554397,0
113,1391235665248,1687.8950773055662,4.0,14.491236875440482,1
114,1391235665392,1668.798890658659,3.9999999999999996,14.41754613984573,1
114,1391235664720,1634.7705982913035,3.9999999999999996,14.35583073151135,1
114,1391235664912,1659.734404909577,-4.072315814636432e-17,18.597307865360417,0
114,1391235665008,1736.320290213714,4.0,14.655006792343949,1
114,1391235666736,1773.5151202359998,4.0,14.76081116550847,1
114,1391235665056,1612.765831662943,1.2349153263233073e-06,17.60092183568353,0
114,1391235666256,1977.3776765963573,4.0,17.872366690532495,1
114,1391235664480,2022.1429708878927,4.0,17.99526550310848,1
114,1391235664960,1713.3791356200536,0.0,19.14131977524269,0
114,1391235664528,1769.411152461945,0.0,19.648416723691835,0
114,1391235664864,1834.2443512451332,0.0,19.96060154636048,0
114,1391235667264,1873.5491047156509,3.9999999999999143,18.83148035927565,1
114,1391235664288,2069.5194855927393,4.0,18.1474474312733,1
114,1391235666928,2119.4543968538637,4.0,18.315917110621758,1
114,1391235667360,1904.224735747076,0.0,17.835451936255456,0
114,1391235667552,1929.269008901164,4.0,17.733338778671765,1
114,1391235667456,2170.3481335824317,4.0,18.476234163488428,1
114,1391235664192,2218.592095692509,4.0,18.594860114805662,1
114,1391235667216,2269.2334788477046,4.0,18.739563119126757,1
114,1391235665632,1954.873753481947,0.0,17.885344521465537,0
114,1391235666160,2000.7391361002362,0.0,17.991697739337507,0
114,1391235667600,2316.9491468030255,4.0,18.84628052710534,1
114,1391235667648,2046.8835439231625,0.0,18.099287148835057,0
114,1391235664768,2094.547004861001,0.0,18.22049651225552,0
114,1391235664336,2146.520971992747,0.0,18.38051933869669,0
114,1391235666544,2369.1961261319684,4.0,18.992399851870342,1
114,1391235666784,2194.9357029357084,0.0,18.485083364783016,0
114,1391235667744,2421.9455689621423,4.0,19.11951178207244,1
114,1391235664240,2241.229952012563,0.0,18.575424645440847,0
114,1391235667072,2302.745626864215,0.0,18.80796031876405,0
114,1391235667504,2470.7053692220848,4.0,19.21546708877705,1
114,1391235666400,2364.0115117875202,0.0,19.03883450242528,0
114,1391235666448,2519.775113881911,4.0,19.307890683784887,1
114,1391235664624,2584.465306442845,4.0,19.543034285513333,1
114,1391235666976,2419.8485770014536,0.0,19.201056582963858,0
114,1391235666688,2470.4868326483897,0.0,19.297908662872157,0
114,1391235665968,2650.686494283583,4.0,19.784047985099527,1
114,1391235666112,2521.6163583475577,0.0,19.39375492240581,0
114,1391235666640,2582.285525561868,0.0,19.56009084058736,0
114,1391235664384,2714.557004061826,4.0,19.956125788948818,1
114,1391235666064,2774.9977003954227,4.0,20.09448822028437,1
114,1391235664576,2857.3395054624402,4.0,20.406152374578138,1
114,1391235666880,2915.9485486310273,4.0,20.497853982139723,1
114,1391235666304,2647.5351639643527,0.0,19.75316408034687,0
114,1391235667312,2723.5383306804088,0.0,20.05113322343134,0
114,1391235666208,2790.589152455679,0.0,20.21436754010108,0
114,1391235667792,3004.8974467034736,4.0,20.80021923715368,1
114,1391235667840,3074.5874825554915,4.0,20.905671554020426,1
114,1391235667888,2867.3882414307864,0.0,20.449094856011246,0
114,1391235667936,2929.4465449137897,0.0,20.546593150387213,0
114,1391235667984,3146.4934402879435,4.0,20.991528813707955,1
114,1391235668032,2991.216708442142,0.0,20.632770041086403,0
114,1391235668080,3099.638412455734,0.0,21.18214578579927,0
114,1391235668128,3181.52501799011,0.0,21.37279840439124,0
114,1391235668176,3265.6457277238337,0.0,21.522495612576225,0
114,1391235668224,3398.2195240623128,0.0,22.042532931969575,0
114,1391235668272,3229.093067336297,4.0,21.066530022836336,1
114,1391235668320,3304.633824610852,4.0,21.087363139556366,1
114,1391235668368,3373.9144842299193,4.0,21.08889265847261,1
114,1391235668416,3565.7899013716715,0.0,22.657035679554397,0
114,1391235665248,1702.411090424188,4.0,14.543608579476276,1
115,1391235665392,1683.2390048179225,3.9999999999999996,14.466304687494578,1
115,1391235664720,1649.135817337145,3.9999999999999996,14.377931464364387,1
115,1391235664912,1678.364891426963,1.0547230423937556e-15,18.6674467101019,0
115,1391235665008,1750.9904374555801,4.0,14.686550857491369,1
115,1391235666736,1788.283400014263,4.0,14.776413062850326,1
115,1391235665056,1630.4501217988154,1.4572629800031326e-07,17.773782107416032,0
115,1391235666256,1995.2629339407858,4.0,17.89991557750453,1
115,1391235664480,2040.150695314568,4.0,18.0218910693183,1
115,1391235664960,1732.543806338238,0.0,19.19000468805606,0
115,1391235664528,1789.0595596489432,0.0,19.647043736644747,0
115,1391235664864,1854.1486670890458,0.0,19.83981465340919,0
115,1391235667264,1892.3310947610594,3.9999999999999907,18.726907545379508,1
115,1391235664288,2087.6789733022138,4.0,18.17317764306828,1
115,1391235666928,2137.781894538024,4.0,18.34066441069632,1
115,1391235667360,1922.0651289809084,0.0,17.846337940652894,0
115,1391235667552,1947.0135611226394,4.0,17.757416953140297,1
115,1391235667456,2188.835427780992,4.0,18.499868760447267,1
115,1391235664192,2237.197503550223,4.0,18.617400064652575,1
115,1391235667216,2287.9830809975197,4.0,18.76101579658304,1
115,1391235665632,1972.7703978576435,0.0,17.90949675180128,0
115,1391235666160,2018.7417007669428,0.0,18.014924835759732,0
115,1391235667600,2335.804996017387,4.0,18.866728245139686,1
115,1391235667648,2064.9932798615523,0.0,18.121620700978244,0
115,1391235664768,2112.7775367992167,0.0,18.24194662581095,0
115,1391235664336,2164.911110495726,0.0,18.401079740994263,0
115,1391235666544,2388.1975808496804,4.0,19.011749370363695,1
115,1391235666784,2213.429977080379,0.0,18.50472841877702,0
115,1391235667744,2441.0735910765875,4.0,19.137697737571393,1
115,1391235664240,2259.8141950869394,0.0,18.594274079594314,0
115,1391235667072,2321.5620371646105,0.0,18.82602253269291,0
115,1391235667504,2489.928898497228,4.0,19.23269559094382,1
115,1391235666400,2383.058475677909,0.0,19.05621179705136,0
115,1391235666448,2539.0906288850665,4.0,19.324183719284562,1
115,1391235664624,2604.0154350263397,4.0,19.558194333548332,1
115,1391235666976,2439.0573665410466,0.0,19.217586295773717,0
115,1391235666688,2489.792085691787,0.0,19.313607824875312,0
115,1391235665968,2670.477100636155,4.0,19.798062243357876,1
115,1391235666112,2541.017073203045,0.0,19.40863232591,0
115,1391235666640,2601.852112557606,0.0,19.573976451989058,0
115,1391235664384,2734.5190360272313,4.0,19.96874584196984,1
115,1391235666064,2795.097496222965,4.0,20.105828815506722,1
115,1391235664576,2877.750201320332,4.0,20.415858387118764,1
115,1391235666880,2936.4504034090446,4.0,20.506400314088243,1
115,1391235666304,2667.2943282824235,0.0,19.765989001702884,0
115,1391235667312,2743.595074555566,0.0,20.063124901146054,0
115,1391235666208,2810.808544186223,0.0,20.22510510123119,0
115,1391235667792,3025.7006050530604,4.0,20.806493263237552,1
115,1391235667840,3095.495266264312,4.0,20.91017809875465,1
115,1391235667888,2887.841696500119,0.0,20.45841205648548,0
115,1391235667936,2949.996985626732,0.0,20.55481479399851,0
115,1391235667984,3167.486263515605,4.0,20.994288636056492,1
115,1391235668032,3011.852851649969,0.0,20.639978049908063,0
115,1391235668080,3120.8238022813903,0.0,21.189079252287662,0
115,1391235668128,3202.900368642327,0.0,21.378252994477936,0
115,1391235668176,3287.170085624706,0.0,21.526475831715302,0
115,1391235668224,3420.263149446286,0.0,22.04486793605943,0
115,1391235668272,3250.160008097828,4.0,21.067404038327503,1
115,1391235668320,3325.721228942599,4.0,21.087450494432893,1
115,1391235668368,3395.003376888389,4.0,21.08889265847261,1
115,1391235668416,3588.446937051225,0.0,22.657035679554397,0
115,1391235665248,1716.977377806654,4.0,14.59127526131966,1
116,1391235665392,1697.728451371486,3.9999999999999996,14.515767026982392,1
116,1391235664720,1663.5278963578262,3.9999999999999996,14.409694456735151,1
116,1391235664912,1697.0630147335305,1.273341729702382e-16,18.732242477855934,0
116,1391235665008,1765.6898835294767,4.0,14.713420223040856,1
116,1391235666736,1803.0663036684625,4.0,14.790005882265108,1
116,1391235665056,1648.2934255086188,1.7013888108338015e-08,17.918452604374593,0
116,1391235666256,2013.175547398422,4.0,17.92705293970641,1
116,1391235664480,2058.184857326072,4.0,18.048115409304902,1
116,1391235664960,1751.7537058427322,0.0,19.23139248331315,0
116,1391235664528,1808.703166080684,0.0,19.6384643150827,0
116,1391235664864,1873.9319118712424,0.0,19.718622901389125,0
116,1391235667264,1911.012491320939,3.9999999999999996,18.63096861725156,1
116,1391235664288,2105.864007831617,4.0,18.19851647921867,1
116,1391235666928,2156.1339618135216,4.0,18.365032497934315,1
116,1391235667360,1939.9171493517338,0.0,17.85876621661638,0
116,1391235667552,1964.7823055077272,4.0,17.781721619688216,1
116,1391235667456,2207.346186010977,4.0,18.523139404058373,1
116,1391235664192,2255.82528892768,4.0,18.639593424411053,1
116,1391235667216,2306.7539807578855,4.0,18.7821375998622,1
116,1391235665632,1990.691033547392,0.0,17.933305523887846,0
116,1391235666160,2036.7673383088559,0.0,18.037822770887136,0
116,1391235667600,2354.6811454865833,4.0,18.886861312605383,1
116,1391235667648,2083.125201558914,0.0,18.143638814986023,0
116,1391235664768,2131.0293771589922,0.0,18.26309432478772,0
116,1391235664336,2183.3216736450718,0.0,18.42135039722591,0
116,1391235666544,2407.2182450381783,4.0,19.030800062624106,1
116,1391235666784,2231.9437673400957,0.0,18.524098268797935,0
116,1391235667744,2460.2196676791737,4.0,19.155603173954056,1
116,1391235664240,2278.4171645787596,0.0,18.612860941834924,0
116,1391235667072,2340.396392671017,0.0,18.843834987035514,0
116,1391235667504,2509.1695322528462,4.0,19.24965945781255,1
116,1391235666400,2402.1227052283284,0.0,19.07335078435077,0
116,1391235666448,2558.4223202437192,4.0,19.34022778105043,1
116,1391235664624,2623.5806141975136,4.0,19.573120809737432,1
116,1391235666976,2458.282579137899,0.0,19.233888318016835,0
116,1391235666688,2509.1129367443154,0.0,19.329091038468135,0
116,1391235665968,2690.2816186397745,4.0,19.81185754721916,1
116,1391235666112,2560.432569671302,0.0,19.423305225919005,0
116,1391235666640,2621.432494635219,0.0,19.587668792398294,0
116,1391235664384,2754.4935941564836,4.0,19.981165542656658,1
116,1391235666064,2815.2085470690195,4.0,20.11698679736982,1
116,1391235664576,2898.170524966939,4.0,20.425397466499312,1
116,1391235666880,2956.9607346882153,4.0,20.51479762486208,1
116,1391235666304,2687.0662321854547,0.0,19.778631743754346,0
116,1391235667312,2763.663728904876,0.0,20.074943227570614,0
116,1391235666208,2831.0385990266227,0.0,20.235683737391156,0
116,1391235667792,3046.5099747138784,4.0,20.812633457437578,1
116,1391235667840,3116.4075057407135,4.0,20.914576321388726,1
116,1391235667888,2908.3044007092108,0.0,20.46758398598312,0
116,1391235667936,2970.555587694604,0.0,20.562907760133513,0
116,1391235667984,3188.4818103571615,4.0,20.996971263990112,1
116,1391235668032,3032.4961502090937,0.0,20.64707367028853,0
116,1391235668080,3142.016078538046,0.0,21.195912326933687,0
116,1391235668128,3224.281136066572,0.0,21.38362687126013,0
116,1391235668176,3308.6983966466873,0.0,21.530398216704913,0
116,1391235668224,3442.3090942900426,0.0,22.04716976306416,0
116,1391235668272,3271.2278069619674,4.0,21.06824419121241,1
116,1391235668320,3346.8087182745217,4.0,21.087532855872244,1
116,1391235668368,3416.092269546859,4.0,21.08889265847261,1
116,1391235668416,3611.103972730779,0.0,22.657035679554397,0
116,1391235665248,1731.5888085536642,4.0,14.633464044235243,1
117,1391235665392,1712.266686220864,3.9999999999999996,14.563414740297393,1
117,1391235664720,1677.9550722062172,3.9999999999999996,14.448058177523349,1
117,1391235664912,1715.8234893745225,-8.031471957694269e-16,18.791828186467438,0
117,1391235665008,1780.4143044128712,4.0,14.736355799469688,1
117,1391235666736,1817.8620293713545,4.0,14.802011345626557,1
117,1391235665056,1666.2710495591746,1.9685042186237627e-09,18.04198961911479,0
117,1391235666256,2031.115109519763,4.0,17.953787480452924,1
117,1391235664480,2076.245059840465,4.0,18.073947365659002,1
117,1391235664960,1771.001808920071,0.0,19.266049783626688,0
117,1391235664528,1828.3351069932621,0.0,19.623386143491913,0
117,1391235664864,1893.5942092250248,0.0,19.598151000014184,0
117,1391235667264,1929.602163788868,4.0,18.544116963410453,1
117,1391235664288,2124.0742019856757,4.0,18.223472853164537,1
117,1391235666928,2174.510223604776,4.0,18.389030190098325,1
117,1391235667360,1957.7822235897354,0.0,17.872494822478547,0
117,1391235667552,1982.575424539328,4.0,17.806161486104866,1
117,1391235667456,2225.880048331633,4.0,18.54605464464086,1
117,1391235664192,2274.475109065471,4.0,18.661448356148814,1
117,1391235667216,2325.545850922829,4.0,18.802936344346264,1
117,1391235665632,2008.6353206364884,0.0,17.956778392667427,0
117,1391235666160,2054.815722978165,0.0,18.060398821208967,0
117,1391235667600,2373.5772840461377,4.0,18.906687156714334,1
117,1391235667648,2101.278996856663,0.0,18.16534848097682,0
117,1391235664768,2149.3022266736666,0.0,18.283946318011015,0
117,1391235664336,2201.7523747078676,0.0,18.44133772832363,0
117,1391235666544,2426.257823185689,4.0,19.04955898999387,1
117,1391235666784,2250.4768013531666,0.0,18.543198971596695,0
117,1391235667744,2479.3835213590705,4.0,19.173234713245606,1
117,1391235664240,2297.0386006066096,0.0,18.631190965600872,0
117,1391235667072,2359.2484461490035,0.0,18.8614030629867,0
117,1391235667504,2528.4270087770765,4.0,19.266364917637965,1
117,1391235666400,2421.203964495996,0.0,19.090256503869004,0
117,1391235666448,2577.7699417241747,4.0,19.356028706690612,1
117,1391235664624,2643.1606129458983,4.0,19.587819171064684,1
117,1391235666976,2477.5239893299017,0.0,19.24996740001296,0
117,1391235666688,2528.4491719582493,0.0,19.344362782075926,0
117,1391235665968,2710.0998317252242,4.0,19.82543897837502,1
117,1391235666112,2579.862645231769,0.0,19.437777850147146,0
117,1391235666640,2641.0264803989476,0.0,19.601171860222724,0
117,1391235664384,2774.480480276175,4.0,19.993389533412486,1
117,1391235666064,2835.3306723084447,4.0,20.12796640206345,1
117,1391235664576,2918.6003112602116,4.0,20.43477342928738,1
117,1391235666880,2977.4793950486905,4.0,20.523049326752062,1
117,1391235666304,2706.8506952746416,0.0,19.791096103014965,0
117,1391235667312,2783.7441220844303,0.0,20.086591843164232,0
117,1391235666208,2851.2791596474435,0.0,20.246106850176364,0
117,1391235667792,3067.3254233024727,4.0,20.81864290720748,1
117,1391235667840,3137.3240939265083,4.0,20.918868916160953,1
117,1391235667888,2928.776210278123,0.0,20.476613822957436,0
117,1391235667936,2991.1222237725674,0.0,20.570874889402237,0
117,1391235667984,3209.48000464507,4.0,20.99957888582048,1
117,1391235668032,3053.1464928986875,0.0,20.654059390992057,0
117,1391235668080,3163.215141869758,0.0,21.202647217627007,0
117,1391235668128,3245.667240395301,0.0,21.388921837235966,0
117,1391235668176,3330.2306035613497,0.0,21.534264058420266,0
117,1391235668224,3464.3573257599855,0.0,22.04943914505315,0
117,1391235668272,3292.2964306789254,4.0,21.069051785517704,1
117,1391235668320,3367.8962877480194,4.0,21.087610509797422,1
117,1391235668368,3437.1811622053287,4.0,21.08889265847261,1
117,1391235668416,3633.7610084103326,0.0,22.657035679554397,0
117,1391235665248,1746.239805892311,4.0,14.670057198346049,1
118,1391235665392,1726.851046594326,3.9999999999999996,14.607572376835684,1
118,1391235664720,1692.4225543399668,3.9999999999999996,14.49009171588178,1
118,1391235664912,1734.6411833615418,-1.7364665276431607e-15,18.846375673763998,0
118,1391235665008,1795.1600845639268,4.0,14.756024308413867,1
118,1391235666736,1832.6691441144735,4.0,14.812744216656773,1
118,1391235665056,1684.3643212046281,2.2597928175772683e-10,18.149353632069616,0
118,1391235666256,2049.0812214804096,4.0,17.98012773431641,1
118,1391235664480,2094.330914518628,4.0,18.099395567251392,1
118,1391235664960,1790.2816166433145,0.0,19.29445897222685,0
118,1391235664528,1847.9491695691931,0.0,19.602406802824227,0
118,1391235664864,1913.1367888866016,0.0,19.47948500031242,0
118,1391235667264,1948.1093066725603,4.0,18.466538407936735,1
118,1391235664288,2142.309177366585,4.0,18.24805543083297,1
118,1391235666928,2192.9103135298487,4.0,18.412666040524467,1
118,1391235667360,1975.6615508664167,0.0,17.88731211430574,0
118,1391235667552,2000.3930169037847,4.0,17.830660848118313,1
118,1391235667456,2244.4366632277674,4.0,18.568622766926392,1
118,1391235664192,2293.146629245618,4.0,18.682972765195064,1
118,1391235667216,2344.35837198499,4.0,18.823419596959308,1
118,1391235665632,2026.602926665377,0.0,17.979922700326163,0
118,1391235666160,2072.886536204502,0.0,18.082660052165238,0
118,1391235667600,2392.4931078474046,4.0,18.92621296770829,1
118,1391235667648,2119.454360488997,0.0,18.18675648175797,0
118,1391235664768,2167.59579269016,0.0,18.3045091115315,0
118,1391235664336,2220.2029332792727,0.0,18.461047957603064,0
118,1391235666544,2445.316026735381,4.0,19.068032987468737,1
118,1391235666784,2269.0288127269205,0.0,18.562036397251262,0
118,1391235667744,2498.5648812275203,4.0,19.190598764849533,1
118,1391235664240,2315.67824893982,0.0,18.649269708403537,0
118,1391235667072,2378.1179556680195,0.0,18.878731977289444,0
118,1391235667504,2547.7010724924103,4.0,19.282817998930042,1
118,1391235666400,2440.3020225068753,0.0,19.106933844551765,0
118,1391235666448,2597.1332528425214,4.0,19.371592146990952,1
118,1391235664624,2662.755205635942,4.0,19.602294699941883,1
118,1391235666976,2496.7813763406166,0.0,19.265828154524772,0
118,1391235666688,2547.800581904539,0.0,19.35942740695669,0
118,1391235665968,2729.9315283288047,4.0,19.83881145648623,1
118,1391235666112,2599.307101536005,0.0,19.452054307952437,0
118,1391235666640,2660.633882399677,0.0,19.614489543650393,0
118,1391235664384,2794.4795007860735,4.0,20.00542230937332,1
118,1391235666064,2855.463695489388,4.0,20.13877173196485,1
118,1391235664576,2939.039398818895,4.0,20.443989973397397,1
118,1391235666880,2998.0062404333726,4.0,20.531158726653935,1
118,1391235666304,2726.6475408987617,0.0,19.80338577177554,0
118,1391235667312,2803.836086043483,0.0,20.098074287645876,0
118,1391235666208,2871.530072075659,0.0,20.256377744953465,0
118,1391235667792,3088.146821480551,4.0,20.824524610024884,1
118,1391235667840,3158.2449264210763,4.0,20.923058499268294,1
118,1391235667888,2949.25698456223,0.0,20.48550465401372,0
118,1391235667936,3011.696769317384,0.0,20.578718939384483,0
118,1391235667984,3230.4807723686417,4.0,21.002113622890267,1
118,1391235668032,3073.803770952286,0.0,20.660937627562024,0
118,1391235668080,3184.420895097631,0.0,21.209286066617217,0
118,1391235668128,3267.0586035379342,0.0,21.394139640553828,0
118,1391235668176,3351.766650412744,0.0,21.53807460859655,0
118,1391235668224,3486.407811744276,0.0,22.05167679215028,0
118,1391235668272,3313.365847279232,4.0,21.069828074835538,1
118,1391235668320,3388.983932782666,4.0,21.087683725705702,1
118,1391235668368,3458.2700548637986,4.0,21.08889265847261,1
118,1391235668416,3656.4180440898863,0.0,22.657035679554397,0
118,1391235665248,1760.9248892294488,4.0,14.701357983028325,1
119,1391235665392,1741.4775472662059,3.9999999999999996,14.647296085604955,1
119,1391235664720,1706.9327864898285,3.9999999999999996,14.533252486527394,1
119,1391235664912,1753.5111455133786,-4.3926925435879046e-16,18.896072817756714,0
119,1391235665008,1809.9242336867087,4.0,14.773002373246568,1
119,1391235666736,1847.486491668974,4.0,14.822442219149398,1
119,1391235665056,1702.558793138053,2.576455611295005e-11,18.244024946091578,0
119,1391235666256,2067.0734929096116,4.0,18.006082061655576,1
119,1391235664480,2112.4420415508807,4.0,18.124468430116302,1
119,1391235664960,1809.5870782866684,0.0,19.31703171973357,0
119,1391235664528,1867.5397047335505,0.0,19.576057817571645,0
119,1391235664864,1932.56194801924,0.0,19.36366888738743,0
119,1391235667264,1966.5431907752215,4.0,18.39819098376553,1
119,1391235664288,2160.5685641291498,4.0,18.272272636368307,1
119,1391235666928,2211.3338736400465,4.0,18.43594834673275,1
119,1391235667360,1993.5561317159427,0.0,17.903033796545575,0
119,1391235667552,2018.2351118942445,4.0,17.85515712038454,1
119,1391235667456,2263.015687348714,4.0,18.590851799764348,1
119,1391235664192,2311.839522539416,4.0,18.704174309880447,1
119,1391235667216,2363.191231891727,4.0,18.84359468586445,1
119,1391235665632,2044.5935264197446,0.0,18.002745582397296,0
119,1391235666160,2090.97946638701,0.0,18.10461332481457,0
119,1391235667600,2411.4283201250028,4.0,18.945445708218553,1
119,1391235667648,2137.6509938788754,0.0,18.20786939984085,0
119,1391235664768,2185.909788969617,0.0,18.324789015894837,0
119,1391235664336,2238.673075088432,0.0,18.48048711826614,0
119,1391235666544,2464.3925738632847,4.0,19.08622867275241,1
119,1391235666784,2287.599540854455,0.0,18.58061623644501,0
119,1391235667744,2517.7634827092493,4.0,19.207701534115387,1
119,1391235664240,2334.335860825816,0.0,18.667102558770054,0
119,1391235667072,2397.00468444009,0.0,18.895826788915684,0
119,1391235667504,2566.9914737597487,4.0,19.2990245385191,1
119,1391235666400,2459.4166531079495,0.0,19.123387550849607,0
119,1391235666448,2616.51201868136,4.0,19.386923573462088,1
119,1391235664624,2682.364171835768,4.0,19.616552511289186,1
119,1391235666976,2516.0545239442404,0.0,19.28147506211503,0
119,1391235666688,2567.1669614478883,0.0,19.374289141966653,0
119,1391235665968,2749.7765017333986,4.0,19.85197974575156,1
119,1391235666112,2618.765744291347,0.0,19.46613859462518,0
119,1391235666640,2680.2545170265203,0.0,19.62762562447543,0
119,1391235664384,2814.490466514648,4.0,20.017268224354797,1
119,1391235666064,2875.607444202006,4.0,20.149406761017516,1
119,1391235664576,2959.487629906105,4.0,20.45305068283021,1
119,1391235666880,3018.5411300444866,4.0,20.53912903025151,1
119,1391235666304,2746.456596051603,0.0,19.81550434162506,0
119,1391235667312,2823.9394562253005,0.0,20.10939400338666,0
119,1391235666208,2891.7911855999896,0.0,20.266499634201505,0
119,1391235667792,3108.9740428666687,4.0,20.830281476907984,1
119,1391235667840,3179.1699014047085,4.0,20.927147611799867,1
119,1391235667888,2969.746585961919,0.0,20.49425947720943,0
119,1391235667936,3032.279102505823,0.0,20.586442587661995,0
119,1391235667984,3251.4840416082143,4.0,21.00457753200616,1
119,1391235668032,3094.467877985842,0.0,20.66771072501974,0
119,1391235668080,3205.6332431553355,0.0,21.215830952963568,0
119,1391235668128,3288.455149127469,0.0,21.399281977075013,0
119,1391235668176,3373.306482478973,0.0,21.541831081327864,0
119,1391235668224,3508.460520831276,0.0,22.053883393363574,0
119,1391235668272,3334.4360260242474,4.0,21.07057426433573,1
119,1391235668320,3410.0716490602335,4.0,21.08775275761829,1
119,1391235668368,3479.3589475222684,4.0,21.08889265847261,1
119,1391235668416,3679.07507976944,0.0,22.657035679554397,0
119,1391235665248,1775.639004776929,4.0,14.727906203532036,1
120,1391235665392,1756.1415426975213,3.9999999999999996,14.682220952877541,1
120,1391235664720,1721.4859074526655,3.9999999999999996,14.575521448034845,1
120,1391235664912,1772.428614317911,1.4228107104280255e-15,18.94110943831027,0
120,1391235665008,1824.7042952449617,4.0,14.787775441070215,1
120,1391235666736,1862.3131257622426,4.0,14.831286611132532,1
120,1391235665056,1720.8429890369057,2.9195178314457973e-12,18.32846071232338,0
120,1391235666256,2085.091541714177,4.0,18.031658644868138,1
120,1391235664480,2130.5780694448913,4.0,18.149174159205135,1
120,1391235664960,1828.9125272453427,0.0,19.33412311632106,0
120,1391235664528,1887.1015761768367,0.0,19.544834906303873,0
120,1391235664864,1951.8730018009062,0.0,19.251687129600523,0
120,1391235667264,1984.9129534780504,4.0,18.338843595646008,1
120,1391235664288,2178.8520007417637,4.0,18.29613265808308,1
120,1391235666928,2229.7805541680614,4.0,18.458885158855917,1
120,1391235667360,2011.4667940233594,0.0,17.91950002505207,0
120,1391235667552,2036.1016815200408,4.0,17.879598734225624,1
120,1391235667456,2281.616785256846,4.0,18.612749525468423,1
120,1391235664192,2330.5534695648234,4.0,18.72506041087386,1
120,1391235667216,2382.0441258107066,4.0,18.863468709729595,1
120,1391235665632,2062.606801726692,0.0,18.02525397378956,0
120,1391235666160,2109.0942086930213,0.0,18.12626530234659,0
120,1391235667600,2430.382630973409,4.0,18.964392122196948,1
120,1391235667648,2155.8686049409207,0.0,18.228693624244446,0
120,1391235664768,2204.2439354951894,0.0,18.34479215315295,0
120,1391235664336,2257.1625318117476,0.0,18.49966106059911,0
120,1391235666544,2483.48718926506,4.0,19.10415245488512,1
120,1391235666784,2306.188730738515,0.0,18.598944007425047,0
120,1391235667744,2536.9790673422544,4.0,19.224549030496135,1
120,1391235664240,2353.0111928242404,0.0,18.684694742866256,0
120,1391235667072,2415.908400665036,0.0,18.91269240541209,0
120,1391235667504,2586.29796869033,4.0,19.314990189232088,1
120,1391235666400,2478.5476348254556,0.0,19.139622228501384,0
120,1391235666448,2635.906009713913,4.0,19.402028285520885,1
120,1391235664624,2701.9872961528554,4.0,19.63059755926908,1
120,1391235666976,2535.3432203358016,0.0,19.29691247622827,0
120,1391235666688,2586.548109626484,0.0,19.38895209809208,0
120,1391235665968,2769.6345499159484,4.0,19.864948461154537,1
120,1391235666112,2638.2383831487655,0.0,19.480034595477424,0
120,1391235666640,2699.8882044021448,0.0,19.64058378175913,0
120,1391235664384,2834.5131925804176,4.0,20.028931496508093,1
120,1391235666064,2895.7617499524317,4.0,20.159875339847993,1
120,1391235664576,2979.944850317538,4.0,20.461959032183106,1
120,1391235666880,3039.0839262442464,4.0,20.546963345998257,1
120,1391235666304,2766.2776912728496,0.0,19.827455306830917,0
120,1391235667312,2844.0540714713484,0.0,20.12055433867109,0
120,1391235666208,2912.0623526795216,0.0,20.276475640718477,0
120,1391235667792,3129.80696395134,4.0,20.835916335762537,1
120,1391235667840,3200.0989195648094,4.0,20.931138722530616,1
120,1391235667888,2990.244879835533,0.0,20.50288120521422,0
120,1391235667936,3052.869104156018,0.0,20.59404843471831,0
120,1391235667984,3272.489742471713,4.0,21.006972607760762,1
120,1391235668032,3115.138709928413,0.0,20.674380960444,0
120,1391235668080,3226.852093027011,0.0,21.222283894875176,0
120,1391235668128,3309.8568024691253,0.0,21.4043504923424,0
120,1391235668176,3394.8500462352163,0.0,21.54553465449695,0
120,1391235668224,3530.5154222888104,0.0,22.05605961737706,0
120,1391235668272,3355.506937358648,4.0,21.071291512690586,1
120,1391235668320,3431.1594325096385,4.0,21.087817844974317,1
120,1391235668368,3500.4478401807382,4.0,21.08889265847261,1
120,1391235668416,3701.7321154489937,0.0,22.657035679554397,0
120,1391235665248,1790.377695508832,4.0,14.750344050687179,1
121,1391235665392,1770.8382310526279,3.9999999999999996,14.712401552646027,1
121,1391235664720,1736.080298395953,3.9999999999999996,14.615438858281713,1
121,1391235664912,1791.3890156940968,2.992622036468618e-16,18.98166921011126,0
121,1391235665008,1839.4982579667444,4.0,14.8007444502792,1
121,1391235666736,1877.148260787669,4.0,14.839416694341885,1
121,1391235665056,1739.2075407759783,3.2889014268568523e-13,18.40441762773194,0
121,1391235666256,2103.1349938993235,4.0,18.056865486083996,1
121,1391235664480,2148.7386348156942,4.0,18.173520750845817,1
121,1391235664960,1848.2526306999368,0.0,19.3460447996947,0
121,1391235664528,1906.630134734019,0.0,19.509218313961153,0
121,1391235664864,1971.0742131213647,0.0,19.1444410105002,0
121,1391235667264,2003.2274275209518,4.0,18.288114290202312,1
121,1391235664288,2197.1591337534132,4.0,18.319643454554537,1
121,1391235666928,2248.250013284434,4.0,18.481484287867744,1
121,1391235667360,2029.394216172892,0.0,17.93657264391307,0
121,1391235667552,2053.992650667254,4.0,17.903943356205197,1
121,1391235667456,2300.239629185268,4.0,18.634323488812413,1
121,1391235664192,2349.288158253007,4.0,18.745638260131187,1
121,1391235667216,2400.9167559045864,4.0,18.88304854658139,1
121,1391235665632,2080.6424412568854,0.0,18.047454614724796,0
121,1391235666160,2127.2304648631607,0.0,18.14762245643281,0
121,1391235667600,2449.3557571322885,4.0,18.983058743439635,1
121,1391235667648,2174.1069078910114,0.0,18.24923535708775,0
121,1391235664768,2222.597958286725,0.0,18.364524463622637,0
121,1391235664336,2275.6710408932067,0.0,18.518575458875546,0
121,1391235666544,2502.599603951199,4.0,19.121810542468168,1
121,1391235666784,2324.7961328221895,0.0,18.617025062653994,0
121,1391235667744,2556.211382585566,4.0,19.241147075317826,1
121,1391235664240,2371.7040066475734,0.0,18.70205133081522,0
121,1391235667072,2434.828877381884,0.0,18.92933358892977,0
121,1391235667504,2605.62031896517,4.0,19.33072042720189,1
121,1391235666400,2497.6947507287523,0.0,19.155642350016837,0
121,1391235666448,2655.3150016351437,4.0,19.416911417326766,1
121,1391235664624,2721.624368076297,4.0,19.644434643693614,1
121,1391235666976,2554.6472580063123,0.0,19.312144628014263,0
121,1391235666688,2605.9438295361547,0.0,19.40342027276274,0
121,1391235665968,2789.5054754010357,4.0,19.877722074406464,1
121,1391235666112,2657.7248315947286,0.0,19.493746089744786,0
121,1391235666640,2719.5347682816887,0.0,19.653367595335506,0
121,1391235664384,2854.5474982588185,4.0,20.04041621370127,1
121,1391235666064,2915.926448041759,4.0,20.170181200635653,1
121,1391235664576,3000.4109092740896,4.0,20.47071839094346,1
121,1391235666880,3059.634494459409,4.0,20.554664688908897,1
121,1391235666304,2786.1106605522878,0.0,19.83924206758466,0
121,1391235667312,2864.179773928678,0.0,20.131558550832754,0
121,1391235666208,2932.3434288554763,0.0,20.286308800699214,0
121,1391235667792,3150.6454640154316,4.0,20.84143193456881,1
121,1391235667840,3221.0318840248415,4.0,20.935034230582545,1
121,1391235667888,3010.7517344154003,0.0,20.51137266833621,0
121,1391235667936,3073.4666576516743,0.0,20.60153900671316,0
121,1391235667984,3293.497807033474,4.0,21.00930078474967,1
121,1391235668032,3135.816164955381,0.0,20.680950545437643,0
121,1391235668080,3248.0773536874744,0.0,21.228646851947484,0
121,1391235668128,3331.263490490907,0.0,21.409346783459924,0
121,1391235668176,3416.397289318164,0.0,21.54918647113937,0
121,1391235668224,3552.572486044193,0.0,22.05820611330684,0
121,1391235668272,3376.578552864794,4.0,21.071980933916965,1
121,1391235668320,3452.2472792927556,4.0,21.087879213472675,1
121,1391235668368,3521.536732839208,4.0,21.08889265847261,1
121,1391235668416,3724.3891511285474,0.0,22.657035679554397,0
121,1391235665248,1805.1371582014401,4.0,14.76932601256859,1
122,1391235665392,1785.5630042677562,3.9999999999999996,14.738163351329526,1
122,1391235664720,1750.7131306197011,3.9999999999999996,14.652069648456827,1
122,1391235664912,1810.3877979768579,-6.430387392206937e-16,19.01657642483465,0
122,1391235665008,1854.303318124222,4.0,14.795796756150425,1
122,1391235666736,1891.9275310317744,4.0,14.416456547074706,1
122,1391235665056,1757.6445963237354,3.6466135275000663e-14,18.47314465150025,0
122,1391235666256,2121.2034833878083,4.0,18.081710406060044,1
122,1391235664480,2166.923382178434,4.0,18.19751599576887,1
122,1391235664960,1867.5941204975463,0.0,19.31529995671946,0
122,1391235664528,1925.8313719670075,2.547812232026717,19.525426021848922,1
122,1391235664864,1990.1706978984625,0.0,19.042724254927702,0
122,1391235667264,2021.4950076213336,4.0,18.24550740234556,1
122,1391235664288,2215.4896175668205,4.0,18.342812760804474,1
122,1391235666928,2266.741916862158,4.0,18.50375331359687,1
122,1391235667360,2047.3389475162369,0.0,17.954132607359465,0
122,1391235667552,2071.9079056108258,4.0,17.928156384267535,1
122,1391235667456,2318.8838988043385,4.0,18.655581005683615,1
122,1391235664192,2368.043283623665,4.0,18.765914829470855,1
122,1391235667216,2419.8088311143406,4.0,18.90234086226698,1
122,1391235665632,2098.7001403326003,0.0,18.069354056572,0
122,1391235666160,2145.3879430227325,0.0,18.168691073411793,0
122,1391235667600,2468.347421780168,4.0,19.001451903723712,1
122,1391235667648,2192.3656230623856,0.0,18.269500619972018,0
122,1391235664768,2240.9715892220847,0.0,18.383991712396558,0
122,1391235664336,2294.1983453714834,0.0,18.53723581797496,0
122,1391235666544,2521.7295550502845,4.0,19.139208951506188,1
122,1391235666784,2343.421502826115,0.0,18.634864595168548,0
122,1391235667744,2575.4601816346,4.0,19.25750130918284,1
122,1391235664240,2390.4140690079194,0.0,18.719177242725653,0
122,1391235667072,2453.7658923261743,0.0,18.945754961955817,0
122,1391235667504,2624.9582916616514,4.0,19.346220558828662,1
122,1391235666400,2516.8577882995405,0.0,19.171452259877586,0
122,1391235666448,2674.7387751995657,4.0,19.43157794429231,1
122,1391235664624,2741.275181825321,4.0,19.658068416123413,1
122,1391235666976,2573.9664336226306,0.0,19.327175630910858,0
122,1391235666688,2625.3539282187526,0.0,19.417697553959787,0
122,1391235665968,2809.389085120279,4.0,19.890304919603008,1
122,1391235666112,2677.2249068468705,0.0,19.50727675431181,0
122,1391235666640,2739.1940359551145,0.0,19.665980549169575,0
122,1391235664384,2874.593206854333,4.0,20.051726338642414,1
122,1391235666064,2936.1013774497724,4.0,20.180327961749274,1
122,1391235664576,3020.885659318668,4.0,20.479332027577872,1
122,1391235666880,3080.192703089532,4.0,20.562235984171583,1
122,1391235666304,2805.9553412371934,0.0,19.85086793311953,0
122,1391235667312,2884.3164089603915,0.0,20.142409809269747,0
122,1391235666208,2952.634272665992,0.0,20.29600206669046,0
122,1391235667792,3171.48942505166,4.0,20.84683094441717,1
122,1391235667840,3241.9687002758606,4.0,20.93883646796133,1
122,1391235667888,3031.2670207268443,0.0,20.519736617421323,0
122,1391235667936,3094.0716488689995,0.0,20.608916758137475,0
122,1391235667984,3314.5081692752515,4.0,21.011563939689218,1
122,1391235668032,3156.5001434240803,0.0,20.68742162848676,0
122,1391235668080,3269.3089360446074,0.0,21.234921727300183,0
122,1391235668128,3352.675141696009,0.0,21.414272400887665,0
122,1391235668176,3437.948160491782,0.0,21.552787640745706,0
122,1391235668224,3574.6316826649995,0.0,22.060323511423384,0
122,1391235668272,3397.6508452189014,4.0,21.072643599139614,1
122,1391235668320,3473.3351857910557,4.0,21.087937075864673,1
122,1391235668368,3542.625625497678,4.0,21.08889265847261,1
122,1391235668416,3747.046186808101,0.0,22.657035679554397,0
122,1391235665248,1819.9142151953356,4.0,14.785105729331322,1
123,1391235665392,1800.311082143174,3.9999999999999996,14.757520663579081,1
123,1391235664720,1765.3808267873906,3.9999999999999996,14.684759352519889,1
123,1391235664912,1829.4268660565742,-1.587337775644485e-15,19.085095297895958,0
123,1391235665008,1869.033880923452,4.0,14.642650539035689,1
123,1391235666736,1906.090748439986,4.0,14.02074709154352,1
123,1391235665056,1776.14742742197,3.4550208645569557e-15,18.536720654680686,0
123,1391235666256,2139.296651838423,4.0,18.106201044072797,1
123,1391235664480,2185.13196374436,4.0,18.221167482584043,1
123,1391235664960,1887.178910590439,0.0,20.008236464562106,0
123,1391235664528,1945.506153279899,3.8392016887545033,19.926557806413495,1
123,1391235664864,2009.1683072419792,0.0,18.947201841681466,0
123,1391235667264,2039.723553246196,4.0,18.21044834639853,1
123,1391235664288,2233.843114217789,4.0,18.365648094511457,1
123,1391235666928,2285.255938249183,4.0,18.525699592517288,1
123,1391235667360,2065.3014263607943,0.0,17.972077615080305,0
123,1391235667552,2089.8473011370056,4.0,17.952209681913207,1
123,1391235667456,2337.5492809966977,4.0,18.67652917140254,1
123,1391235664192,2386.818547568746,4.0,18.785896878790822,1
123,1391235667216,2438.7200669508957,4.0,18.921352118541897,1
123,1391235665632,2116.779600741552,0.0,18.09095866756725,0
123,1391235666160,2163.566357499203,0.0,18.189477260305324,0
123,1391235667600,2487.3573543360685,4.0,19.01957774057645,1
123,1391235667648,2210.644476728018,0.0,18.2894952601547,0
123,1391235664768,2259.3645658648684,0.0,18.403199495613624,0
123,1391235664336,2312.7441937135254,0.0,18.55564747972691,0
123,1391235666544,2540.876785619909,4.0,19.156353512886714,1
123,1391235666784,2362.064601591909,0.0,18.65246764465769,0
123,1391235667744,2594.725223243761,4.0,19.273617199025875,1
123,1391235664240,2409.1411514697065,0.0,18.736077254444577,0
123,1391235667072,2472.719227792856,0.0,18.961961012763457,0
123,1391235667504,2644.3116590868995,4.0,19.361495727413836,1
123,1391235666400,2536.0365393061606,0.0,19.18705617947414,0
123,1391235666448,2694.1771160654166,4.0,19.446032689285612,1
123,1391235664624,2760.9395362037712,4.0,19.671503385675766,1
123,1391235666976,2593.3005479118024,0.0,19.342009485000926,0
123,1391235666688,2644.7782165545436,0.0,19.43178772413077,0
123,1391235665968,2829.2851902772454,4.0,19.902701198610462,1
123,1391235666112,2696.7384297533204,0.0,19.520630167271026,0
123,1391235666640,2758.865838152849,0.0,19.678426034575946,0
123,1391235664384,2894.650145577624,4.0,20.062865713758445,1
123,1391235666064,2956.2863807232175,4.0,20.190319132163612,1
123,1391235664576,3041.3689562170075,4.0,20.487803113428495,1
123,1391235666880,3100.7584234187707,4.0,20.569680070590607,1
123,1391235666304,2825.811573942785,0.0,19.862336124705802,0
123,1391235667312,2904.4638250590733,0.0,20.153111198344973,0
123,1391235666208,2972.9347455638135,0.0,20.305558310428335,0
123,1391235667792,3192.338731689066,4.0,20.852115962400866,1
123,1391235667840,3262.909276110541,4.0,20.94254770197473,1
123,1391235667888,3051.7906125100185,0.0,20.527975726631734,0
123,1391235667936,3114.683966106225,0.0,20.616184074355083,0
123,1391235667984,3335.5207650292805,4.0,21.013763893440657,1
123,1391235668032,3177.1905478117533,0.0,20.693796297218,0
123,1391235668080,3290.5467528838453,0.0,21.241110369621754,0
123,1391235668128,3374.091686116982,0.0,21.419128850156934,0
123,1391235668176,3459.502609614353,0.0,21.556339240505036,0
123,1391235668224,3596.6929833405484,0.0,22.062412423841597,0
123,1391235668272,3418.7237881489477,4.0,21.07328053827968,1
123,1391235668320,3494.4231485930036,4.0,21.08799163270049,1
123,1391235668368,3563.7145181561477,4.0,21.08889265847261,1
123,1391235668416,3769.703222487655,0.0,22.657035679554397,0
123,1391235665248,1834.6979611005274,4.0,14.773425646631926,1
124,1391235665392,1815.0717124787072,3.9999999999999996,14.760319404900944,1
124,1391235664720,1780.0786917109103,3.9999999999999996,14.711439497955539,1
124,1391235664912,1848.5794466696448,-8.412985994183884e-16,19.23803850924886,0
124,1391235665008,1883.600811605507,4.0,14.488906359072098,1
124,1391235666736,1920.1172188853136,4.0,14.06613475399114,1
124,1391235665056,1794.7162975601982,-3.459232052286287e-16,18.60786071964243,0
124,1391235666256,2157.4141484647935,4.0,18.130344858637724,1
124,1391235664480,2203.364039220462,4.0,18.24448260160939,1
124,1391235664960,1907.4736819706227,0.0,20.570496097266233,0
124,1391235664528,1965.541906517241,3.9838327357369208,20.134835231155034,1
124,1391235664864,2028.0734909577272,0.0,18.85839458449744,0
124,1391235667264,2057.9203246124102,4.0,18.18231487201806,1
124,1391235664288,2252.219293160753,4.0,18.38815676221403,1
124,1391235666928,2303.7917580486123,4.0,18.547330265308673,1
124,1391235667360,2083.2819956977532,0.0,17.990319972393635,0
124,1391235667552,2107.810666497327,4.0,17.976080515113374,1
124,1391235667456,2356.2354696404554,4.0,18.69717486871951,1
124,1391235664192,2405.613658644239,4.0,18.805590963941846,1
124,1391235667216,2457.6501852946712,4.0,18.940088580801948,1
124,1391235665632,2134.880530556382,0.0,18.112274638411733,0
124,1391235666160,2181.7654286456313,0.0,18.20998695066436,0
124,1391235667600,2506.3852902687536,4.0,19.037442204694813,1
124,1391235667648,2228.9432009290795,0.0,18.30922495651811,0
124,1391235664768,2277.776631298294,0.0,18.4221532464945,0
124,1391235664336,2331.3083396543643,0.0,18.573815628991177,0
124,1391235666544,2560.0410444649165,4.0,19.173249879516057,1
124,1391235666784,2380.725194931555,0.0,18.669839103272466,0
124,1391235667744,2614.006271555935,4.0,19.28950004484167,1
124,1391235664240,2427.885030308003,0.0,18.75275600304741,0
124,1391235667072,2491.688670504523,0.0,18.977956100596778,0
124,1391235667504,2663.680198617672,4.0,19.376550919483574,1
124,1391235666400,2555.2307996827126,0.0,19.202458211795214,0
124,1391235666448,2713.6298146448953,4.0,19.460280328541543,1
124,1391235664624,2780.617234460267,4.0,19.684743924558042,1
124,1391235666976,2612.6494055496555,0.0,19.35665008115753,0
124,1391235666688,2664.2165091584325,0.0,19.44569446392354,0
124,1391235665968,2849.1936062176437,4.0,19.914914986196855,1
124,1391235666112,2716.265224695509,0.0,19.53380981132489,0
124,1391235666640,2778.5500089545876,0.0,19.69070735330504,0
124,1391235664384,2914.718145427442,4.0,20.073838065843653,1
124,1391235666064,2976.481303868387,4.0,20.200158115668298,1
124,1391235664576,3061.860658862292,4.0,20.496134726427073,1
124,1391235666880,3121.331529531038,4.0,20.576999703868953,1
124,1391235666304,2845.6792024656093,0.0,19.873649778529476,0
124,1391235667312,2924.621873763058,0.0,20.16366572017594,0
124,1391235666208,2993.2447118367577,0.0,20.314980325563663,0
124,1391235667792,3213.193271120317,4.0,20.85728951437339,1
124,1391235667840,3283.853521559562,4.0,20.946170137539543,1
124,1391235667888,3072.322386144482,0.0,20.536092596108908,0
124,1391235667936,3135.3035000156265,0.0,20.6233432740367,0
124,1391235667984,3356.5355319233436,4.0,21.015902412945497,1
124,1391235668032,3197.8872826556944,0.0,20.700076580559113,0
124,1391235668080,3311.7907188146646,0.0,21.247214575125277,0
124,1391235668128,3395.5130552715723,0.0,21.423917593509508,0
124,1391235668176,3481.0605876067307,0.0,21.55984231649284,0
124,1391235668224,3618.756359864057,0.0,22.06447344518051,0
124,1391235668272,3439.7973563942246,4.0,21.073892741671944,1
124,1391235668320,3515.5111644821936,4.0,21.088043073032257,1
124,1391235668368,3584.8034108146176,4.0,21.08889265847261,1
124,1391235668416,3792.3602581672085,0.0,22.657035679554397,0
124,1391235665248,1849.4473054037746,4.0,14.714847941483805,1
125,1391235665392,1829.8243077703974,3.9999999999999996,14.739445001185697,1
125,1391235664720,1794.7988489494674,3.9999999999999996,14.727895453029685,1
125,1391235664912,1867.8988305399384,1.0603425772426372e-15,19.412512034424577,0
125,1391235665008,1898.0401092387806,4.0,14.39376474516305,1
125,1391235666736,1934.2459864624698,4.0,14.204959294740364,1
125,1391235665056,1813.3622707378508,-1.0516131937490545e-15,18.691562292889202,0
125,1391235666256,2175.555629855218,4.0,18.15414912890863,1
125,1391235664480,2221.619275613078,4.0,18.26746854897102,1
125,1391235664960,1928.2107935254114,0.0,20.893655916907043,0
125,1391235664528,1985.7255473483806,3.9984003495442395,20.22349219280618,1
125,1391235664864,2046.8931489156594,0.0,18.776670905186037,0
125,1391235667264,2076.0919479492786,4.0,18.16046393322167,1
125,1391235664288,2270.61783106052,4.0,18.41034586547157,1
125,1391235666928,2322.349063906349,4.0,18.568652264183626,1
125,1391235667360,2101.2809168954827,0.0,18.008784674800793,0
125,1391235667552,2125.7978103820537,4.0,17.999750660968584,1
125,1391235667456,2374.942165400232,4.0,18.717524775497914,1
125,1391235664192,2424.428331869667,4.0,18.82500344427098,1
125,1391235667216,2476.598914202699,4.0,18.958556325475868,1
125,1391235665632,2153.0026439596895,0.0,18.133307987741595,0
125,1391235666160,2199.984882669859,0.0,18.230225910243508,0
125,1391235667600,2525.430970913226,4.0,19.055051067032977,1
125,1391235667648,2247.261533309267,0.0,18.32869522533603,0
125,1391235664768,2296.2075339650078,0.0,18.440858241149186,0
125,1391235664336,2349.890542042882,0.0,18.591745299484277,0
125,1391235666544,2579.2220859626264,4.0,19.18990353312959,1
125,1391235666784,2399.4030534824806,0.0,18.68698372117972,0
125,1391235667744,2633.3030959385765,4.0,19.30515498610181,1
125,1391235664240,2446.645486372214,0.0,18.769217992078588,0
125,1391235667072,2510.674011484701,0.0,18.99374446060463,0
125,1391235667504,2683.063692546413,4.0,19.391390970818087,1
125,1391235666400,2574.4403694127477,0.0,19.217662345884836,0
125,1391235666448,2733.096665960179,4.0,19.474325397298085,1
125,1391235664624,2800.3080841537817,4.0,19.697794273341348,1
125,1391235666976,2632.0128150534483,0.0,19.371101204990644,0
125,1391235666688,2683.6686242798405,0.0,19.459421355749758,0
125,1391235665968,2869.114152304522,4.0,19.92695023492213,1
125,1391235666112,2735.805119494308,0.0,19.546819077039732,0
125,1391235666640,2798.2463857011203,0.0,19.702827720503368,0
125,1391235664384,2934.7970410770813,4.0,20.08464701049043,1
125,1391235666064,2996.6859962478247,4.0,20.209848214880417,1
125,1391235664576,3082.3606291834135,4.0,20.504329854636673,1
125,1391235666880,3141.911898228378,4.0,20.584197559739444,1
125,1391235666304,2865.5580736997576,0.0,19.88481194845961,0
125,1391235667312,2944.7904095754534,0.0,20.174076297318894,0
125,1391235666208,3013.564038530863,0.0,20.324270830279897,0
125,1391235667792,3234.0529330317004,4.0,20.862354057578152,1
125,1391235667840,3304.8013488302527,4.0,20.94970591938308,1
125,1391235667888,3092.862220576375,0.0,20.54408975452691,0
125,1391235667936,3155.9301435379216,0.0,20.6303966114915,0
125,1391235667984,3377.552409327712,4.0,21.017981213076936,1
125,1391235668032,3218.5902544955366,0.0,20.706264450807492,0
125,1391235668080,3333.0407502189864,0.0,21.253236089419996,0
125,1391235668128,3416.9391821201693,0.0,21.428640051464868,0
125,1391235668176,3502.6220464217636,0.0,21.563297884806186,0
125,1391235668224,3640.8217846154366,0.0,22.06650715319412,0
125,1391235668272,3460.871525666483,4.0,21.074481161614468,1
125,1391235668320,3536.5992304261626,4.0,21.08809157507618,1
125,1391235668368,3605.8923034730874,4.0,21.08889265847261,1
125,1391235668416,3815.017293846762,0.0,22.657035679554397,0
125,1391235665248,1864.1237917266537,4.0,14.630459481947387,1
126,1391235665392,1844.545332564591,3.9999999999999996,14.696654745013637,1
126,1391235664720,1809.529077108399,3.9999999999999996,14.730119442071384,1
126,1391235664912,1887.3896335411819,4.905428600154126e-16,19.577026414468364,0
126,1391235665008,1912.4120510804619,4.0,14.355965078859382,1
126,1391235666736,1948.517049606698,4.0,14.343244220706127,1
126,1391235665056,1832.0965100497108,-1.7606437709661346e-15,18.784091051713208,0
126,1391235666256,2193.7207597941765,4.0,18.1776209566343,1
126,1391235664480,2239.8973470356927,4.0,18.290132330904605,1
126,1391235664960,1949.1939400419965,0.0,21.06444542918401,0
126,1391235664528,2005.962445533175,3.999842222898047,20.243133156522873,1
126,1391235664864,2065.634477737842,0.0,18.70224619432772,0
126,1391235667264,2094.244405399785,4.0,18.144253738771326,1
126,1391235664288,2289.038411590143,4.0,18.432222306954976,1
126,1391235666928,2340.9275503059525,4.0,18.589672319980885,1
126,1391235667360,2119.2983815791913,0.0,18.02740770843145,0
126,1391235667552,2143.8085250719387,4.0,18.023205661244255,1
126,1391235667456,2393.669075525745,4.0,18.73758537209471,1
126,1391235664192,2443.262288534988,4.0,18.844140489849224,1
126,1391235667216,2495.5659877229796,4.0,18.97676124709471,1
126,1391235665632,2171.1456610744644,0.0,18.154064567465063,0
126,1391235666160,2218.224451469294,0.0,18.250199742504925,0
126,1391235667600,2544.4941432941755,4.0,19.072409925574426,1
126,1391235667648,2265.599216954814,0.0,18.347911425842266,0
126,1391235664768,2314.657027512603,0.0,18.459319604163696,0
126,1391235664336,2368.4905646933,0.0,18.60944137936172,0
126,1391235666544,2598.4196698947185,4.0,19.206319790793145,1
126,1391235666784,2418.097952568064,0.0,18.703906111871387,0
126,1391235667744,2652.615470826058,4.0,19.320587007877073,1
126,1391235664240,2465.422304954903,0.0,18.78546759655473,0
126,1391235667072,2529.6750459359637,0.0,19.009330208538167,0
126,1391235667504,2702.461927933219,4.0,19.406020572203634,1
126,1391235666400,2593.6650524173247,0.0,19.23267246108126,0
126,1391235666448,2752.5774695049586,4.0,19.488172295171907,1
126,1391235664624,2820.0118970243675,4.0,19.710658545988856,1
126,1391235666976,2651.390588678377,0.0,19.385366540607517,0
126,1391235666688,2703.1343837060676,0.0,19.472971887187594,0
126,1391235665968,2889.0466517982577,4.0,19.93881077980059,1
126,1391235666112,2755.3579453193584,0.0,19.559661265959733,0
126,1391235666640,2817.9548089090617,0.0,19.714790267554537,0
126,1391235664384,2954.8866707651614,4.0,20.095296056314314,1
126,1391235666064,3016.9003104809535,4.0,20.219392635071568,1
126,1391235664576,3102.868732056689,4.0,20.51239139963066,1
126,1391235666880,3162.4994089523993,4.0,20.591276236952687,1
126,1391235666304,2885.448037555806,0.0,19.895825608709337,0
126,1391235667312,2964.9692898857916,0.0,20.184345775351613,0
126,1391235666208,3033.8925953761036,0.0,20.333432469808482,0
126,1391235667792,3254.917609535699,4.0,20.867311983157013,1
126,1391235667840,3325.752672247391,4.0,20.953157134144572,1
126,1391235667888,3113.4099972481044,0.0,20.551969661541204,0
126,1391235667936,3176.563791838968,0.0,20.637346278901088,0
126,1391235667984,3398.5713383039156,4.0,21.020001958411893,1
126,1391235668032,3239.299371817541,0.0,20.712361825611357,0
126,1391235668080,3354.296765201419,0.0,21.259176609302916,0
126,1391235668128,3438.3700010247917,0.0,21.433297604319332,0
126,1391235668176,3524.1869390148277,0.0,21.566706932648923,0
126,1391235668224,3662.889230544718,0.0,22.06851410937479,0
126,1391235668272,3481.946272612595,4.0,21.075046713853588,1
126,1391235668320,3557.6873435658463,4.0,21.088137306836263,1
126,1391235668368,3626.981196131557,4.0,21.08889265847261,1
126,1391235668416,3837.674329526316,0.0,22.657035679554397,0
126,1391235665248,1878.7137225781535,4.0,14.545317740680796,1
127,1391235665392,1859.2162747625648,3.9999999999999996,14.639993137228393,1
127,1391235664720,1824.2541306937526,3.9999999999999996,14.716472130898888,1
127,1391235664912,1907.0353106745272,-4.838427511519334e-16,19.71991465034606,0
127,1391235665008,1926.7671975609528,4.0,14.360215134636446,1
127,1391235666736,1962.9158106268887,4.0,14.457477747648202,1
127,1391235665056,1850.9252897648967,-8.007074325999265e-16,18.88000658168267,0
127,1391235666256,2211.9092090860154,4.0,18.20076726856734,1
127,1391235664480,2258.1979345211116,4.0,18.3124807682011,1
127,1391235664960,1970.3005734456892,0.0,21.142234162432064,0
127,1391235664528,2026.1988498427072,3.999984424334962,20.223560403488307,1
127,1391235664864,2084.3048202395626,0.0,18.63518929351521,0
127,1391235667264,2112.383044696105,4.0,18.133060950653213,1
127,1391235664288,2307.4807252348346,4.0,18.45379279644623,1
127,1391235666928,2359.5269183704877,4.0,18.61039696902497,1
127,1391235667360,2137.334521906716,0.0,18.046134552850894,0
127,1391235667552,2161.8425899021563,4.0,18.04643419772189,1
127,1391235667456,2412.415913657627,4.0,18.757362948448762,1
127,1391235664192,2462.1152560145697,4.0,18.863008088396896,1
127,1391235667216,2514.551145715766,4.0,18.994709065053787,1
127,1391235665632,2189.3093077998,0.0,18.17455006796331,0
127,1391235666160,2236.483872471127,0.0,18.26991389395251,0
127,1391235667600,2563.574559956051,4.0,19.089524211804132,1
127,1391235667648,2283.956000239971,0.0,18.366878765605072,0
127,1391235664768,2333.1248706446163,0.0,18.47754231397249,0
127,1391235664336,2387.1081762421236,0.0,18.626908616566404,0
127,1391235666544,2617.633561285489,4.0,19.222503811111082,1
127,1391235666784,2436.8096720633544,0.0,18.720610757240244,0
127,1391235667744,2671.9431755680234,4.0,19.33580094668097,1
127,1391235664240,2484.215275665515,0.0,18.801509067742245,0
127,1391235667072,2548.691573122645,0.0,19.02471734522497,0
127,1391235667504,2721.8746964634256,4.0,19.420444274920982,1
127,1391235666400,2612.9046564471982,0.0,19.247492331050925,0
127,1391235666448,2772.0720291112275,4.0,19.501825291287563,1
127,1391235664624,2839.7284888688055,4.0,19.723340734652226,1
127,1391235666976,2670.78254231776,0.0,19.399449674197683,0
127,1391235666688,2722.613612668991,0.0,19.486349454233373,0
127,1391235665968,2908.990931741101,4.0,19.950500342748008,1
127,1391235666112,2774.9235366014523,0.0,19.57233959358844,0
127,1391235666640,2837.675122188375,0.0,19.726598044806593,0
127,1391235664384,2974.9868761905514,4.0,20.1057886089846,1
127,1391235666064,3037.124102348447,4.0,20.228794487819417,1
127,1391235664576,3123.3848352208925,4.0,20.520322179717482,1
127,1391235666880,3183.093943708637,4.0,20.598238260129452,1
127,1391235666304,2905.3489468823536,0.0,19.90669365639518,0
127,1391235667312,2985.1583748942116,0.0,20.194476925359055,0
127,1391235666208,3054.230254714569,0.0,20.34246781884613,0
127,1391235667792,3275.7871951060106,4.0,20.872165618544184,1
127,1391235667840,3346.7074081960604,4.0,20.956525812382335,1
127,1391235667888,3133.9656000304294,0.0,20.559734710137548,0
127,1391235667936,3197.204342248635,0.0,20.64419440846086,0
127,1391235667984,3419.5922615552463,4.0,21.021966264927734,1
127,1391235668032,3260.014545000851,0.0,20.718370569867737,0
127,1391235668080,3375.558683541248,0.0,21.26503778447434,0
127,1391235668128,3459.805447709536,0.0,21.43789159358019,0
127,1391235668176,3545.7552193154165,0.0,21.570070419369518,0
127,1391235668224,3684.958671156056,0.0,22.07049485953067,0
127,1391235668272,3503.021574778668,4.0,21.075590279007542,1
127,1391235668320,3578.7755012056446,4.0,21.08818042669186,1
127,1391235668368,3648.070088790027,4.0,21.08889265847261,1
127,1391235668416,3860.3313652058696,0.0,22.657035679554397,0
127,1391235665248,1893.2251458007695,4.0,14.476599185104233,1
128,1391235665392,1873.8280357240744,3.9999999999999996,14.579766444992261,1
128,1391235664720,1838.8051266576038,3.240503596629014,14.685593633529773,1
128,1391235664912,1926.812797174258,-1.4647658386888257e-15,19.839199090958772,0
128,1391235665008,1941.1401165513505,4.0,14.39093273251056,1
128,1391235666736,1977.4167358620577,4.0,14.546435323779376,1
128,1391235665056,1869.8497800627656,1.284448917942981e-15,18.97482237123251,0
128,1391235666256,2230.1206553812203,4.0,18.223594819236478,1
128,1391235664480,2276.5207258381292,4.0,18.334520500748837,1
128,1391235664960,1991.456655048524,0.0,21.16439237694528,0
128,1391235664528,2046.4042414485166,3.9999984580704564,20.181678237773976,1
128,1391235664864,2102.9115242698313,0.0,18.57543498709295,0
128,1391235667264,2130.512603868068,4.0,18.126293315421282,1
128,1391235664288,2325.9444691018425,4.0,18.475063856729584,1
128,1391235666928,2378.146875671127,4.0,18.63083255975416,1
128,1391235667360,2155.3894194353684,0.0,18.0649188698773,0
128,1391235667552,2179.8997741507446,4.0,18.069427569724283,1
128,1391235667456,2431.1823996402127,4.0,18.776863610887727,1
128,1391235664192,2480.9869675879577,4.0,18.881612051920012,1
128,1391235667216,2533.55413368147,4.0,19.01240533008128,1
128,1391235665632,2207.493315651739,0.0,18.194770023153303,0
128,1391235666160,2254.762888477792,0.0,18.289373659297873,0
128,1391235667600,2582.671978799473,4.0,19.10639919689569,1
128,1391235667648,2302.331636677779,0.0,18.385602305712055,0
128,1391235664768,2351.6108269768056,0.0,18.4955312080239,0
128,1391235664336,2405.7431500103485,0.0,18.644151623952514,0
128,1391235666544,2636.8635302461753,4.0,19.238460600156575,1
128,1391235666784,2455.53799626575,0.0,18.73710201243341,0
128,1391235667744,2691.2859942834566,4.0,19.350801496048764,1
128,1391235664240,2503.0241923087697,0.0,18.817346537720617,0
128,1391235667072,2567.7233962579176,0.0,19.03990976083207,0
128,1391235667504,2741.3017943105656,4.0,19.43466649598483,1
128,1391235666400,2632.158992978959,0.0,19.26212562762991,0
128,1391235666448,2791.5801528210973,4.0,19.515288529173407,1
128,1391235664624,2859.457679420948,4.0,19.73584471424835,1
128,1391235666976,2690.1884954067286,0.0,19.41335409745315,0
128,1391235666688,2742.1061397549433,0.0,19.499557364410467,0
128,1391235665968,2928.9468228460773,4.0,19.962022536825007,1
128,1391235666112,2794.5017309478326,0.0,19.584857192244794,0
128,1391235666640,2857.4071721625605,0.0,19.738254024191257,0
128,1391235664384,2995.0975024112277,4.0,20.11612797507092,1
128,1391235666064,3057.3572307001796,4.0,20.238056794493218,1
128,1391235664576,3143.9088091954354,4.0,20.528124933019622,1
128,1391235666880,3203.695386993701,4.0,20.605086082484696,1
128,1391235666304,2925.260657390088,0.0,19.917418913999427,0
128,1391235667312,3005.3575275381013,0.0,20.20447244632595,0
128,1391235666208,3074.5768914310274,0.0,20.35137938387824,0
128,1391235667792,3296.661586514921,4.0,20.876917229751644,1
128,1391235667840,3367.665475066472,4.0,20.95981393049128,1
128,1391235667888,3154.5289151568513,0.0,20.567387228886023,0
128,1391235667936,3217.8516942017836,0.0,20.65094307443291,0
128,1391235667984,3440.6151233789165,4.0,21.023875701627613,1
128,1391235668032,3280.7356862655865,0.0,20.724292497541487,0
128,1391235668080,3396.826426646115,0.0,21.270821219181006,0
128,1391235668128,3481.2454592224312,0.0,21.442423323338474,0
128,1391235668176,3567.326842199757,0.0,21.573389277453874,0
128,1391235668224,3707.030080492307,0.0,22.07244993433838,0
128,1391235668272,3524.0974105755627,4.0,21.076112703931518,1
128,1391235668320,3599.8637008040632,4.0,21.088221083951023,1
128,1391235668368,3669.158981448497,4.0,21.08889265847261,1
128,1391235668416,3882.9884008854233,0.0,22.657035679554397,0
128,1391235665248,1907.678967085309,4.0,14.432447044822556,1
129,1391235665392,1888.381617887594,3.9999999999999996,14.525407308542638,1
129,1391235664720,1853.3004836147009,0.5034545544198844,15.218437576886812,0
129,1391235664912,1946.6992697846943,-1.2946084650159561e-15,19.936952253485256,0
129,1391235665008,1955.5512701773296,4.0,14.43593950923509,1
129,1391235666736,1991.9965403074143,4.0,14.614744520127017,1
129,1391235665056,1888.8673844701707,3.81875407471907e-16,19.06560187101415,0
129,1391235666256,2248.354783005599,4.0,18.246110194007635,1
129,1391235664480,2294.865415312772,4.0,18.356257992131574,1
129,1391235664960,2012.6179904523265,0.0,21.153328520639416,0
129,1391235664528,2066.5611730222304,3.999999846766626,20.126928857102243,1
129,1391235664864,2121.4618162773954,0.0,18.522800989723894,0
129,1391235667264,2148.637246637753,4.0,18.123398229935244,1
129,1391235664288,2344.429346736151,4.0,18.49604182936104,1
129,1391235666928,2396.7871360422614,4.0,18.65098525912069,1
129,1391235667360,2173.463112757662,0.0,18.083721360825024,0
129,1391235667552,2197.9798394457703,4.0,18.09217925718671,1
129,1391235667456,2449.9682593409984,4.0,18.796093288664018,1
129,1391235664192,2499.87716226716,4.0,18.899958023069644,1
129,1391235667216,2552.574702594907,4.0,19.029855430427897,1
129,1391235665632,2225.6974216091207,0.0,18.21472981541105,0
129,1391235666160,2273.061247517525,0.0,18.308584186460614,0
129,1391235667600,2601.7861629237022,4.0,19.12303999762732,1
129,1391235667648,2320.7258847759335,0.0,18.404086965770677,0
129,1391235664768,2370.114664898497,0.0,18.51329098774552,0
129,1391235664336,2424.395263870671,0.0,18.661174884194107,0
129,1391235666544,2656.10935182509,4.0,19.254195017137988,1
129,1391235666784,2474.282713770437,0.0,18.753384110493133,0
129,1391235667744,2710.643715720205,4.0,19.365593211866077,1
129,1391235664240,2521.8488527675245,0.0,18.832984023741837,0
129,1391235667072,2586.7703223950475,0.0,19.054911238930025,0
129,1391235667504,2760.7430220044585,4.0,19.448691523147065,1
129,1391235666400,2651.427877114925,0.0,19.27657592448362,0
129,1391235666448,2811.101652763399,4.0,19.528566031436355,1
129,1391235664624,2879.19929223654,4.0,19.748174246828402,1
129,1391235666976,2709.608270829267,0.0,19.427083210833867,0
129,1391235666688,2761.611796817642,0.0,19.51259883974308,0
129,1391235665968,2948.9141593900326,4.0,19.973380870287805,1
129,1391235666112,2814.0923690602967,0.0,19.597217113800816,0
129,1391235666640,2877.150808391428,0.0,19.749761101740468,0
129,1391235664384,3015.2183977469103,4.0,20.126317365715636,1
129,1391235666064,3077.5995573665773,4.0,20.247182489582226,1
129,1391235664576,3164.4405272015647,4.0,20.535802320414447,1
129,1391235666880,3224.3036257250988,4.0,20.611822088430042,1
129,1391235666304,2945.1830275782604,0.0,19.928004131739545,0
129,1391235667312,3025.5666134210705,0.0,20.214334967440244,0
129,1391235666208,3094.9323828857623,0.0,20.360169605412555,0
129,1391235667792,3317.540682772905,4.0,20.881569023551556,1
129,1391235667840,3388.6267932006604,4.0,20.96302341253566,1
129,1391235667888,3175.0998311602143,0.0,20.574929484104253,0
129,1391235667936,3238.505749181263,0.0,20.657594295115093,0
129,1391235667984,3461.6398696198225,4.0,21.025731792098206,1
129,1391235668032,3301.4627096227373,0.0,20.73012937340894,0
129,1391235668080,3418.0999175073052,0.0,21.276528473790613,0
129,1391235668128,3502.689973898647,0.0,21.44689406158317,0
129,1391235668176,3588.9017634643897,0.0,21.57666441347552,0
129,1391235668224,3729.1034331201495,0.0,22.07437984987231,0
129,1391235668272,3545.1737592457425,4.0,21.076614803026857,1
129,1391235668320,3620.9519399648807,4.0,21.08825941937194,1
129,1391235668368,3690.2478741069667,4.0,21.08889265847261,1
129,1391235668416,3905.645436564977,0.0,22.657035679554397,0
129,1391235665248,1922.1007877100378,4.0,14.414091059212238,1
130,1391235665392,1902.8863251900434,3.9999999999999996,14.483733567453243,1
130,1391235664720,1868.9264019000184,0.06831087509264618,16.084664758112062,0
130,1391235664912,1966.6746996047161,6.716084765949239e-16,20.016461565137934,0
130,1391235665008,1970.010719717888,4.0,14.486793995803787,1
130,1391235666736,2006.6370041456562,4.0,14.667495805254383,1
130,1391235665056,1907.9732302546336,-3.4121927703990386e-16,19.150757938392662,0
130,1391235666256,2266.6112827926368,4.0,18.268319812369747,1
130,1391235664480,2313.231703654146,4.0,18.37769953424979,1
130,1391235664960,2033.7580469536767,0.0,21.12210644830377,0
130,1391235664528,2086.659489567174,3.9999999847040772,20.064585900140823,1
130,1391235664864,2139.9626933210343,0.0,18.477007756277715,0
130,1391235667264,2166.7606047179756,4.0,18.12386786194853,1
130,1391235664288,2362.9350679418953,4.0,18.516732880306137,1
130,1391235666928,2415.447419402922,4.0,18.67086105876685,1
130,1391235667360,2191.555604066078,0.0,18.10250877445995,0
130,1391235667552,2216.0825417700107,4.0,18.114684555260677,1
130,1391235667456,2468.7732244765157,4.0,18.815057740230202,1
130,1391235664192,2518.785584630151,4.0,18.918051481236954,1
130,1391235667216,2571.6126087456055,4.0,19.047064597790452,1
130,1391235665632,2243.9213679642835,0.0,18.234434680354926,0
130,1391235666160,2291.3787026998407,0.0,18.327550481405215,0
130,1391235667600,2620.9168804749097,4.0,19.139451582040422,1
130,1391235667648,2339.1385078975713,0.0,18.42233752872898,0
130,1391235664768,2388.6361574388065,0.0,18.530826223316332,0
130,1391235664336,2443.064300119525,0.0,18.677982754487772,0
130,1391235666544,2675.370805863307,4.0,19.269711779814788,1
130,1391235666784,2493.043617350376,0.0,18.769461166795796,0
130,1391235667744,2730.016133119729,4.0,19.380180517459557,1
130,1391235664240,2540.6890588899114,0.0,18.848425432396272,0
130,1391235667072,2605.8321623226234,0.0,19.069725460368296,0
130,1391235667504,2780.198184304197,4.0,19.462523519676186,1
130,1391235666400,2670.7111274866115,0.0,19.29084670059653,0
130,1391235666448,2830.6363450348617,4.0,19.54166170422723,1
130,1391235664624,2898.9531545823124,4.0,19.760332985750086,1
130,1391235666976,2729.0416948284474,0.0,19.44064032668631,0
130,1391235666688,2781.130418894023,0.0,19.525477019603002,0
130,1391235665968,2968.8927791106553,4.0,19.984578750456535,1
130,1391235666112,2833.695294655986,0.0,19.609422332306412,0
130,1391235666640,2896.9058832963324,0.0,19.761122100004872,0
130,1391235664384,3035.3494136852796,4.0,20.1363599001413,1
130,1391235666064,3097.850947073242,4.0,20.256174423875198,1
130,1391235664576,3184.9798650864423,4.0,20.543356928344206,1
130,1391235666880,3244.9185491736002,4.0,20.61844859606098,1
130,1391235666304,2965.1159186634964,0.0,19.938451989848858,0
130,1391235667312,3045.785500744202,0.0,20.224067050310836,0
130,1391235666208,3115.296608849598,0.0,20.36884086012709,0
130,1391235667792,3338.4243850703656,4.0,20.886123149561218,1
130,1391235667840,3409.5912848409794,4.0,20.96615613200147,1
130,1391235667888,3195.678238811429,0.0,20.582363681934332,0
130,1391235667936,3259.166410662832,0.0,20.664150034729627,0
130,1391235667984,3482.6664476258284,4.0,21.027536016003268,1
130,1391235668032,3322.19553082576,0.0,20.73588291473004,0
130,1391235668080,3439.3790806565726,0.0,21.282161066300876,0
130,1391235668128,3524.138931324977,0.0,21.45130504145995,0
130,1391235668176,3610.479939800691,0.0,21.579896709005162,0
130,1391235668224,3751.1787041157145,0.0,22.07628510811153,0
130,1391235668272,3566.2506008314117,4.0,21.077097359496904,1
130,1391235668320,3642.040216428833,4.0,21.088295565654214,1
130,1391235668368,3711.3367667654366,4.0,21.08889265847261,1
130,1391235668416,3928.3024722445307,0.0,22.657035679554397,0
130,1391235665248,1936.5152408058507,4.0,14.418499747414662,1
131,1391235665392,1917.3568129756334,3.9999999999999996,14.458410518939315,1
131,1391235664720,1885.3558885042876,0.00874306746260444,16.79481401223741,0
131,1391235664912,1986.7223871920557,8.887655334822583e-16,20.08097111738876,0
131,1391235665008,1984.5215867143695,4.0,14.538125487364436,1
131,1391235666736,2021.324589208941,4.0,14.708814152227466,1
131,1391235665056,1927.1613333396401,-1.067427135260796e-15,19.22965053673087,0
131,1391235666256,2284.889851919216,4.0,18.290229931392293,1
131,1391235664480,2331.6192977849123,4.0,18.39885125193747,1
131,1391235664960,2054.8605102482943,0.0,21.078218684132814,0
131,1391235664528,2106.693130399568,3.999999998465782,19.997642273264997,1
131,1391235664864,2158.4208355769124,0.0,18.437699489550294,0
131,1391235667264,2184.8858238762828,4.0,18.12724148354427,1
131,1391235664288,2381.461348609351,4.0,18.53714300543861,1
131,1391235666928,2434.1274515842656,4.0,18.690465780981803,1
131,1391235667360,2209.666864789508,0.0,18.12125304855202,0
131,1391235667552,2234.207633129015,4.0,18.13694026868451,1
131,1391235667456,2487.5970324443642,4.0,18.833762559264127,1
131,1391235664192,2537.7119846603596,4.0,18.935897748395245,1
131,1391235667216,2590.667613583915,4.0,19.064037912982865,1
131,1391235665632,2262.1649021784824,0.0,18.253889711489677,0
131,1391235666160,2309.7150120757733,0.0,18.346277412818075,0
131,1391235667600,2640.063904499985,4.0,19.15563877485287,1
131,1391235667648,2357.569274126793,0.0,18.440358645521673,0
131,1391235664768,2407.1750821375476,0.0,18.548141358252913,0
131,1391235664336,2461.7500453537223,0.0,18.694579471057875,0
131,1391235666544,2694.647676855647,4.0,19.285015469675454,1
131,1391235666784,2511.8205038406245,0.0,18.785337183297763,0
131,1391235667744,2749.4030440868337,4.0,19.394567708462464,1
131,1391235664240,2559.5446163805445,0.0,18.863674563594362,0
131,1391235667072,2624.908730463571,0.0,19.084356006973064,0
131,1391235667504,2799.6670900758113,4.0,19.47616652892433,1
131,1391235666400,2690.0085661616167,0.0,19.304941343600525,0
131,1391235666448,2850.1840495856645,4.0,19.554579341507647,1
131,1391235664624,2918.7190973291713,4.0,19.772324479663496,1
131,1391235666976,2748.488596919716,0.0,19.45402867222484,0
131,1391235666688,2800.6618441228766,0.0,19.538194963435863,0
131,1391235665968,2988.882523107272,4.0,19.995619487410504,1
131,1391235666112,2853.3103543907423,0.0,19.62147574650761,0
131,1391235666640,2916.672252087779,0.0,19.77233977037913,0
131,1391235664384,3055.4904047916343,4.0,20.146258609001954,1
131,1391235666064,3118.1112673586704,4.0,20.265035367498896,1
131,1391235664576,3205.526701249972,4.0,20.55079127150191,1
131,1391235666880,3265.5400488980385,4.0,20.6249678595349,1
131,1391235666304,2985.059194510841,0.0,19.948765100772224,0
131,1391235667312,3066.0140602394727,0.0,20.233671191103547,0
131,1391235666208,3135.6694514410497,0.0,20.37739546293587,0
131,1391235667792,3359.3125967214205,4.0,20.890581702235433,1
131,1391235667840,3430.5588740803137,4.0,20.969213913472704,1
131,1391235667888,3216.2640310602355,0.0,20.589691970337057,0
131,1391235667936,3279.833584061931,0.0,20.670612205235866,0
131,1391235667984,3503.6948062045176,4.0,21.029289810516243,1
131,1391235668032,3342.9340673238157,0.0,20.741554792852217,0
131,1391235668080,3460.663842124458,0.0,21.28772047378625,0
131,1391235668128,3545.592272305567,0.0,21.455657462477085,0
131,1391235668176,3632.0613287702745,0.0,21.58308702148179,0
131,1391235668224,3773.255869050722,0.0,22.078166197425542,0
131,1391235668272,3587.3279161438813,4.0,21.077561126552084,1
131,1391235668320,3663.1285280657758,4.0,21.088329647901666,1
131,1391235668368,3732.4256594239064,4.0,21.08889265847261,1
131,1391235668416,3950.9595079240844,0.0,22.657035679554397,0
131,1391235665248,1950.9428191556672,4.0,14.440602641601432,1
132,1391235665392,1931.8100115274297,3.9999999999999996,14.450220979712203,1
132,1391235664720,1902.421687107447,0.0010715516735678454,17.349851116461295,0
132,1391235664912,2006.8286629158342,-1.0846483055338978e-16,20.133227991991614,0
132,1391235665008,1999.0827349754086,4.0,14.586806882844375,1
132,1391235666736,2036.0493616199954,4.0,14.741733422251693,1
132,1391235665056,1946.4253665282074,-1.7965087031775604e-15,19.302218797728887,0
132,1391235666256,2303.1901937448674,4.0,18.3118466493089,1
132,1391235664480,2350.027910676364,4.0,18.419719107551874,1
132,1391235664960,2075.9149013672168,0.0,21.02592346239059,0
132,1391235664528,2126.6583906440096,3.999999999845339,19.927861416864893,1
132,1391235664864,2176.842539856343,0.0,18.404464925719918,0
132,1391235667264,2203.0156112776854,4.0,18.13310565298998,1
132,1391235664288,2400.00791054735,4.0,18.55727803589464,1
132,1391235666928,2452.826964162919,4.0,18.70980508444481,1
132,1391235667360,2227.7968404273774,0.0,18.13993056896214,0
132,1391235667552,2252.3548629375805,4.0,18.15894445606808,1
132,1391235667456,2506.4394261611565,4.0,18.852213180453475,1
132,1391235664192,2556.656117591885,4.0,18.953501994700552,1
132,1391235667216,2609.739483572683,4.0,19.080780311365388,1
132,1391235665632,2280.427776741894,0.0,18.273099864711913,0
132,1391235666160,2328.0699385027215,0.0,18.364769716627507,0
132,1391235667600,2659.2270128056475,4.0,19.171606262639386,1
132,1391235667648,2376.0179561387513,0.0,18.45815483954681,0
132,1391235664768,2425.731220920638,0.0,18.565240713816216,0
132,1391235664336,2480.452290351508,0.0,18.71096915347303,0
132,1391235666544,2713.939753816736,4.0,19.300110536889708,1
132,1391235666784,2530.6131740268397,0.0,18.801016052597753,0
132,1391235667744,2768.8042504641558,4.0,19.408758957466013,1
132,1391235664240,2578.415334695634,0.0,18.878735114373484,0
132,1391235667072,2643.9998447777903,0.0,19.098806365076566,0
132,1391235667504,2819.149552174402,4.0,19.48962447869313,1
132,1391235666400,2709.3200185537657,0.0,19.318863152952073,0
132,1391235666448,2869.7445901091655,4.0,19.56732262912855,1
132,1391235664624,2938.4969548492763,4.0,19.784152176320188,1
132,1391235666976,2767.9488098071074,0.0,19.467251392382693,0
132,1391235666688,2820.205913666145,0.0,19.55075565337324,0
132,1391235665968,3008.8832357452716,4.0,20.006506297519838,1
132,1391235666112,2872.937397784946,0.0,19.633380182263345,0
132,1391235666640,2936.44977269533,0.0,19.78341679533813,0
132,1391235664384,3075.64122862183,4.0,20.156016437586384,1
132,1391235666064,3138.3803884949675,4.0,20.273768012822867,1
132,1391235664576,3226.0809165742553,4.0,20.55810779539976,1
132,1391235666880,3286.1680186824465,4.0,20.631382071345435,1
132,1391235666304,3005.012721566964,0.0,19.95894601128045,0
132,1391235667312,3086.2521651052757,0.0,20.243149822598433,0
132,1391235666208,3156.0507950654874,0.0,20.385835668976064,0
132,1391235667792,3380.2052231096345,4.0,20.894946722771053,1
132,1391235667840,3451.5294868139263,4.0,20.972198534235307,1
132,1391235667888,3236.8571029779223,0.0,20.596916441007455,0
132,1391235667936,3300.5071766822434,0.0,20.676982668069964,0
132,1391235667984,3524.7248955813475,4.0,21.03099457169516,1
132,1391235668032,3363.678238216577,0.0,20.74714663474926,0
132,1391235668080,3481.9541294000096,0.0,21.293208133785438,0
132,1391235668128,3567.049938828816,0.0,21.459952491661102,0
132,1391235668176,3653.645888781251,0.0,21.586236185047124,0
132,1391235668224,3795.3349039790905,0.0,22.08002359303987,0
132,1391235668272,3608.405686734124,4.0,21.078006828566366,1
132,1391235668320,3684.2168728672914,4.0,21.08836178405836,1
132,1391235668368,3753.514552082376,4.0,21.08889265847261,1
132,1391235668416,3973.616543603638,0.0,22.657035679554397,0
132,1391235665248,1965.3986185040956,4.0,14.47484771754247,1
133,1391235665392,1946.262545212328,3.9999999999999996,14.457756680584245,1
133,1391235664720,1919.9794933743296,0.0001270807631927161,17.77501339450745,0
133,1391235664912,2026.9823316251181,-1.1080457902357528e-15,20.17539795472189,0
133,1391235665008,2013.6906659687515,4.0,14.63123717907958,1
133,1391235666736,2050.8039915371223,4.0,14.768412145231377,1
133,1391235665056,1965.759104871223,-8.21341707265668e-16,19.368712935531278,0
133,1391235666256,2321.512017654635,4.0,18.33317590918882,1
133,1391235664480,2368.4572611880753,4.0,18.440308905518204,1
133,1391235664960,2096.9140515461345,0.0,20.9676329575911,0
133,1391235664528,2146.552989382876,3.999999999984329,19.85635314282303,1
133,1391235664864,2195.233673361167,0.0,18.376856775890435,0
133,1391235667264,2221.152282228748,4.0,18.141092819321575,1
133,1391235664288,2418.5744813209903,4.0,18.577143643278948,1
133,1391235666928,2471.5456942999685,4.0,18.728884469760338,1
133,1391235667360,2245.9454546919937,0.0,18.158521531501428,0
133,1391235667552,2270.523979170592,4.0,18.180696215856685,1
133,1391235667456,2525.3001539061347,4.0,18.870414885050053,1
133,1391235664192,2575.6177437602046,4.0,18.970869243861138,1
133,1391235667216,2628.8279900442403,4.0,19.097296588044465,1
133,1391235665632,2298.709749038055,0.0,18.292069962678184,0
133,1391235666160,2346.443249513741,0.0,18.383032000370353,0
133,1391235667600,2678.405987822636,4.0,19.187358598790095,1
133,1391235667648,2394.48433107414,0.0,18.475730510978586,0
133,1391235664768,2444.304359979837,0.0,18.582128493245456,0
133,1391235664336,2499.170829957851,0.0,18.727155808782143,0
133,1391235666544,2733.246830151911,4.0,19.31500130504597,1
133,1391235666784,2549.4214325377384,0.0,18.816501561823983,0
133,1391235667744,2788.219558211222,4.0,19.4227583184678,1
133,1391235664240,2597.301026941821,0.0,18.893610682538682,0
133,1391235667072,2663.105326668252,0.0,19.113079928887306,0
133,1391235667504,2838.6453873305627,4.0,19.50290118540847,1
133,1391235666400,2728.645313336361,0.0,19.332615342966363,0
133,1391235666448,2889.317793935624,4.0,19.57989514873016,1
133,1391235664624,2958.2865649168575,4.0,19.79581942621485,1
133,1391235666976,2787.422169302238,0.0,19.480311552540133,0
133,1391235666688,2839.76247163279,0.0,19.56316199673691,0
133,1391235665968,3028.8947645639864,4.0,20.017242306821775,1
133,1391235666112,2892.5762771517143,0.0,19.645138394866112,0
133,1391235666640,2956.2383056996837,0.0,19.794355790588288,0
133,1391235664384,3095.8017456383564,4.0,20.165636248880983,1
133,1391235666064,3158.6581834113904,4.0,20.282374977237435,1
133,1391235664576,3246.64239435557,4.0,20.565308878825867,1
133,1391235666880,3306.80235447541,4.0,20.637693364498503,1
133,1391235666304,3024.9763687954437,0.0,19.9689972045069,0
133,1391235667312,3106.499690943971,0.0,20.252505316171632,0
133,1391235666208,3176.4405263562594,0.0,20.394163675519913,0
133,1391235667792,3401.1021716356186,4.0,20.899220200928223,1
133,1391235667840,3472.503050692889,4.0,20.97511172581255,1
133,1391235667888,3257.457351701923,0.0,20.604039131215373,0
133,1391235667936,3321.187097665955,0.0,20.683263235815236,0
133,1391235667984,3545.756667359152,4.0,21.032651655802557,1
133,1391235668032,3384.427964210555,0.0,20.752660024498397,0
133,1391235668080,3503.249871391882,0.0,21.298625445632446,0
133,1391235668128,3588.5118740354205,0.0,21.46419126466468,0
133,1391235668176,3675.23357906531,0.0,21.589345011345245,0
133,1391235668224,3817.415785424003,0.0,22.081857757482393,0
133,1391235668272,3629.4838948644574,4.0,21.078435162187336,1
133,1391235668320,3705.305248939725,4.0,21.0883920853195,1
133,1391235668368,3774.603444740846,4.0,21.08889265847261,1
133,1391235668416,3996.273579283192,0.0,22.657035679554397,0
133,1391235665248,1979.892341147304,4.0,14.516142752840375,1
134,1391235665392,1960.7289213461224,3.9999999999999996,14.478234296098393,1
134,1391235664720,1937.9131622357195,1.4700374450366452e-05,18.09959414183658,0
134,1391235664912,2047.174113560398,-2.1095170883754752e-15,20.209126975261842,0
134,1391235665008,2028.3407754318976,4.0,14.670794431963538,1
134,1391235666736,2065.582994811644,4.0,14.79037828481229,1
134,1391235665056,1985.1566494578876,1.3159371648832539e-15,19.4295223596831,0
134,1391235666256,2339.8550389056536,4.0,18.354223502664816,1
134,1391235664480,2386.9070739120652,4.0,18.460626296813064,1
134,1391235664960,2117.8526692809273,0.0,20.904720051384775,0
134,1391235664528,2166.3755774099936,3.999999999998404,19.783885310209023,1
134,1391235664864,2213.59964593765,0.0,18.35440903675085,0
134,1391235667264,2239.297804982751,4.0,18.150878841904852,1
134,1391235664288,2437.1607940944677,4.0,18.596745344721622,1
134,1391235666928,2490.2833845853934,4.0,18.74770928479119,1
134,1391235667360,2264.112613055519,0.0,18.17700939321181,0
134,1391235667552,2288.714729316579,4.0,18.20219550710191,1
134,1391235667456,2544.1789691702497,4.0,18.88837280620248,1
134,1391235664192,2594.596628458146,4.0,18.988004378286682,1
134,1391235667216,2647.9329090624947,4.0,19.113591402853377,1
134,1391235665632,2317.01058121261,0.0,18.310804699037632,0
134,1391235666160,2364.834717191132,0.0,18.401068747409386,0
134,1391235667600,2697.600616474753,4.0,19.2029002082581,1
134,1391235667648,2412.968180417926,0.0,18.493089940920843,0
134,1391235664768,2462.894289656634,0.0,18.59880878582618,0
134,1391235664336,2517.9054629737884,0.0,18.743143335477463,0
134,1391235666544,2752.568703532775,4.0,19.32969197568504,1
134,1391235666784,2568.245087741382,0.0,18.831797396354947,0
134,1391235667744,2807.6487772878518,4.0,19.43656973112729,1
134,1391235664240,2616.201509778589,0.0,18.908304770145392,0
134,1391235667072,2682.2250008903848,0.0,19.127180003709658,0
134,1391235667504,2858.1544160408725,4.0,19.516000358113715,1
134,1391235666400,2747.9842823584054,0.0,19.3462010457166,0
134,1391235666448,2908.903491929749,4.0,19.592300381472366,1
134,1391235664624,2978.087768612595,4.0,19.807329486068053,1
134,1391235666976,2806.9085142459944,0.0,19.493212141136425,0
134,1391235666688,2859.3313650051064,0.0,19.575416828440616,0
134,1391235665968,3048.916960187874,4.0,20.02783055424965,1
134,1391235666112,2912.226847527387,0.0,19.656753071270877,0
134,1391235666640,2976.0377142668854,0.0,19.80515930713799,0
134,1391235664384,3115.9718191294087,4.0,20.175120826499374,1
134,1391235666064,3178.944527620622,4.0,20.290858805811375,1
134,1391235664576,3267.211020238751,4.0,20.572396836195082,1
134,1391235666880,3327.4429543315637,4.0,20.643903814594967,1
134,1391235666304,3044.95000761405,0.0,19.978921101909492,0
134,1391235667312,3126.7565157013714,0.0,20.261739983704942,0
134,1391235666208,3196.8385341176913,0.0,20.40238162381473,0
134,1391235667792,3422.0033516664116,4.0,20.903404076772453,1
134,1391235667840,3493.4794950790065,4.0,20.977955175435486,1
134,1391235667888,3278.064676382225,0.0,20.611062025573975,0
134,1391235667936,3341.873257945655,0.0,20.689455673806595,0
134,1391235667984,3566.79007447895,4.0,21.034262380573168,1
134,1391235668032,3405.183167576866,0.0,20.75809650469819,0
134,1391235668080,3524.550998390723,0.0,21.303973771733865,0
134,1391235668128,3609.9780221874976,0.0,21.46837488682903,0
134,1391235668176,3696.8243596555844,0.0,21.592414290289096,0
134,1391235668224,3839.4984903654076,0.0,22.08366914101152,0
134,1391235668272,3650.5625234813165,4.0,21.07884679740195,1
134,1391235668320,3726.393654497613,4.0,21.08842065651873,1
134,1391235668368,3795.692337399316,4.0,21.08889265847261,1
134,1391235668416,4018.9306149627455,0.0,22.657035679554397,0
134,1391235665248,1994.4290060540775,4.0,14.560320910825684,1
135,1391235665392,1975.2205159316952,3.9999999999999996,14.508245494929904,1
135,1391235664720,1956.1347085838386,1.6684309296294766e-06,18.349697002808057,0
135,1391235664912,2067.396171459406,5.1613450574715525e-17,20.235643823223025,0
135,1391235665008,2043.0281392133986,4.0,14.70544725258571,1
135,1391235666736,2080.3821978568876,4.0,14.8087230523992,1
135,1391235665056,2004.6125151347676,4.0126415252060715e-16,19.48507584656499,0
135,1391235666256,2358.2189784774596,4.0,18.374995073689618,1
135,1391235664480,2405.3770790214203,4.0,18.480676783376087,1
135,1391235664960,2138.7265387964603,0.0,20.83798216612418,0
135,1391235664528,2186.125481675726,3.9999999999998366,19.71105024354318,1
135,1391235664864,2231.9453984566044,0.0,18.336651707752242,0
135,1391235667264,2257.4538427164516,4.0,18.162179828145725,1
135,1391235664288,2455.7665874789127,4.0,18.61608850778409,1
135,1391235666928,2509.039782887733,4.0,18.76628472979588,1
135,1391235667360,2282.2982057853255,0.0,18.195380401141836,0
135,1391235667552,2306.9268611660505,4.0,18.223442999310194,1
135,1391235667456,2563.075630510455,4.0,18.906091934077,1
135,1391235664192,2613.5925417969097,4.0,19.004912144026463,1
135,1391235667216,2667.0540212898995,4.0,19.129669285124844,1
135,1391235665632,2335.330040046226,0.0,18.329308642531423,0
135,1391235666160,2383.244118044176,0.0,18.418884321004942,0
135,1391235667600,2716.810690052579,4.0,19.218235392106177,1
135,1391235667648,2431.469289882152,0.0,18.51023729540688,0
135,1391235664768,2481.5008043301295,0.0,18.615285570798605,0
135,1391235664336,2536.6559920496534,0.0,18.758935527293033,0
135,1391235666544,2771.9051757771917,4.0,19.344186632639563,1
135,1391235666784,2587.0839516450997,0.0,18.84690714338082,0
135,1391235667744,2827.091721541737,4.0,19.450197024838204,1
135,1391235664240,2635.116603324075,0.0,18.922820786831988,0
135,1391235667072,2701.3586954646194,0.0,19.141109809021064,0
135,1391235667504,2877.676462462319,4.0,19.528925602291196,1
135,1391235666400,2767.336760563664,0.0,19.359623313805784,0
135,1391235666448,2928.501518391893,4.0,19.60454171160412,1
135,1391235664624,2997.9004102314134,4.0,19.81868552215818,1
135,1391235666976,2826.4076864327567,0.0,19.50595607217192,0
135,1391235666688,2878.9124435674034,0.0,19.587522913294897,0
135,1391235665968,3068.9496762408685,4.0,20.038273994722182,1
135,1391235666112,2931.888966604191,0.0,19.66822683223719,0
135,1391235666640,2995.847864084564,0.0,19.815829833290504,0
135,1391235664384,3136.1513151308386,4.0,20.184472877485785,1
135,1391235666064,3199.2392991476427,4.0,20.299221973835454,1
135,1391235664576,3287.7866821538732,4.0,20.579373919799284,1
135,1391235666880,3348.089718355123,4.0,20.65001544182465,1
135,1391235666304,3064.9335118339545,0.0,19.98872006516141,0
135,1391235667312,3147.02251960812,0.0,20.27085607942614,0
135,1391235666208,3217.2447092698944,0.0,20.410491600853856,0
135,1391235667792,3442.908674486567,4.0,20.907500242341552,1
135,1391235667840,3514.458751001186,4.0,20.98073052745154,1
135,1391235667888,3298.6789781295106,0.0,20.61798705773985,0
135,1391235667936,3362.565570197811,0.0,20.6955617016716,0
135,1391235667984,3587.825071181982,4.0,21.035828026432085,1
135,1391235668032,3425.9437721103895,0.0,20.76345757783032,0
135,1391235668080,3545.8574420328296,0.0,21.309254438794877,0
135,1391235668128,3631.4483286387544,0.0,21.472504434203024,0
135,1391235668176,3718.4181913652596,0.0,21.595444790795547,0
135,1391235668224,3861.5829962279463,0.0,22.085458182026887,0
135,1391235668272,3671.6415561890776,4.0,21.07924237855986,1
135,1391235668320,3747.482087857503,4.0,21.088447596492916,1
135,1391235668368,3816.7812300577857,4.0,21.08889265847261,1
135,1391235668416,4041.587650642299,0.0,22.657035679554397,0
135,1391235665248,2009.009960850796,4.0,14.604280799508906,1
136,1391235665392,1989.7452379192428,3.9999999999999996,14.544343302974887,1
136,1391235664720,1974.5797313397209,1.865745835364602e-07,18.545891446137546,0
136,1391235664912,2087.641741155052,1.0747225232024804e-15,20.255860153261974,0
136,1391235665008,2057.747972411344,4.0,14.73549256923742,1
136,1391235666736,2095.198369121493,4.0,14.824237950995903,1
136,1391235665056,2024.121642369381,-3.370934350971963e-16,19.535789139438556,0
136,1391235666256,2376.603562926068,4.0,18.395496122299722,1
136,1391235664480,2423.8670121232767,4.0,18.50046572243926,1
136,1391235664960,2159.5320807866538,0.0,20.76790692905243,0
136,1391235664528,2205.8025750569054,3.9999999999999827,19.638351559350845,1
136,1391235664864,2250.2754046209834,0.0,18.323122734490042,0
136,1391235667264,2275.6217921512425,4.0,18.17474860595029,1
136,1391235664288,2474.3916053850508,4.0,18.635178355214737,1
136,1391235666928,2527.8146422088093,4.0,18.78461586237636,1
136,1391235667360,2300.502110540193,0.0,18.213623188065498,0
136,1391235667552,2325.1601234613804,4.0,18.2444399465926,1
136,1391235667456,2581.9899014090433,4.0,18.923577120775278,1
136,1391235664192,2632.6052585719385,4.0,19.021597155506328,1
136,1391235667216,2686.1911118591006,4.0,19.145534638264625,1
136,1391235665632,2353.6678968315514,0.0,18.34758624096106,0
136,1391235666160,2401.6712328908848,0.0,18.436482968244647,0
136,1391235667600,2736.0360040916134,4.0,19.23336833186241,1
136,1391235667648,2449.9874492926797,0.0,18.52717662925104,0
136,1391235664768,2500.1237023087588,0.0,18.63156272111242,0
136,1391235664336,2555.422223582029,0.0,18.774536076845052,0
136,1391235666544,2791.256052733526,4.0,19.35848924618941,1
136,1391235666784,2605.937839798904,0.0,18.8618342953143,0
136,1391235667744,2846.54820860001,4.0,19.46364392262662,1
136,1391235664240,2654.046131064161,0.0,18.937162053009633,0
136,1391235667072,2720.5062415919456,0.0,19.154872481414106,0
136,1391235667504,2897.211354310451,4.0,19.541680423519452,1
136,1391235666400,2786.7025859124433,0.0,19.372885123018055,0
136,1391235666448,2948.1117109627507,4.0,19.616622429880096,1
136,1391235664624,3017.7243371935374,4.0,19.82989061351019,1
136,1391235666976,2845.919530537089,0.0,19.51854618760628,0
136,1391235666688,2898.505559836936,0.0,19.599482948219705,0
136,1391235665968,3088.9927692637543,4.0,20.048575502100032,1
136,1391235666112,2951.5624946650173,0.0,19.679562234388175,0
136,1391235666640,3015.66862330013,0.0,19.826369796563025,0
136,1391235664384,3156.340102350842,4.0,20.193695034998285,1
136,1391235666064,3219.5423784611003,4.0,20.30746688925752,1
136,1391235664576,3308.3692702551443,4.0,20.58624232196214,1
136,1391235666880,3368.74254864537,4.0,20.65603021287604,1
136,1391235666304,3084.926757600807,0.0,19.998396397973387,0
136,1391235667312,3167.297585122865,0.0,20.279855801682633,0
136,1391235666208,3237.658944795311,0.0,20.418495641081726,0
136,1391235667792,3463.8180532508823,4.0,20.911510543241057,1
136,1391235667840,3535.440751113192,4.0,20.983439384674487,1
136,1391235667888,3319.300159964969,0.0,20.624816112047704,0
136,1391235667936,3383.2639487977626,0.0,20.701582994811343,0
136,1391235667984,3608.8616129729535,4.0,21.03734983766559,1
136,1391235668032,3446.7097030902746,0.0,20.76874470756761,0
136,1391235668080,3567.1691352649946,0.0,21.31446873899641,0
136,1391235668128,3652.922739805653,0.0,21.47658095452102,0
136,1391235668176,3740.0150357669113,0.0,21.598437261490325,0
136,1391235668224,3883.6692808692756,0.0,22.087225307463513,0
136,1391235668272,3692.7209772248807,4.0,21.07962252535631,1
136,1391235668320,3768.570547432109,4.0,21.088472998425974,1
136,1391235668368,3837.8701227162555,4.0,21.08889265847261,1
136,1391235668416,4064.244686321853,0.0,22.657035679554397,0
136,1391235665248,2023.6339323736365,4.0,14.645929096634992,1
137,1391235665392,2004.3076901330958,3.9999999999999996,14.583435732415872,1
137,1391235664720,1993.2018002713603,2.0619115786798685e-08,18.70331319270329,0
137,1391235664912,2107.9048548223896,6.97133162971238e-17,20.270453548396397,0
137,1391235665008,2072.495872258853,4.0,14.761386399640626,1
137,1391235666736,2110.028965761942,4.0,14.837507577767987,1
137,1391235665056,2043.6793713217342,-1.0772904410873804e-15,19.582041074271107,0
137,1391235666256,2395.008524241812,4.0,18.415732008366653,1
137,1391235664480,2442.376614116104,4.0,18.519998330766608,1
137,1391235664960,2180.2661206810944,0.0,20.694824519458503,0
137,1391235664528,2225.407210436139,3.9999999999999982,19.5662473716,1
137,1391235664864,2268.5936834312815,0.0,18.313377221111963,0
137,1391235667264,2293.8028185707453,4.0,18.18837106928073,1
137,1391235664288,2493.0355968805457,4.0,18.65401996955603,1
137,1391235666928,2546.6077205433103,4.0,18.802707602242474,1
137,1391235667360,2318.7241945898463,0.0,18.231728425880867,0
137,1391235667552,2343.414266430627,4.0,18.265188082138426,1
137,1391235667456,2600.9215501377957,4.0,18.940833085057097,1
137,1391235664192,2651.6345581334267,4.0,19.03806390007351,1
137,1391235667216,2705.343970249077,4.0,19.161191744135383,1
137,1391235665632,2372.0239272540757,0.0,18.365641825028625,0
137,1391235666160,2420.1158467436007,0.0,18.453868823835688,0
137,1391235667600,2755.2763582547086,4.0,19.248303093693895,1
137,1391235667648,2468.522452479713,0.0,18.543911889756707,0
137,1391235664768,2518.7627857256934,0.0,18.647644007034103,0
137,1391235664336,2574.2039676142713,0.0,18.789948579121845,0
137,1391235666544,2810.621144168966,4.0,19.372603677041404,1
137,1391235666784,2624.8065712022494,0.0,18.876582253056814,0
137,1391235667744,2866.018059764628,4.0,19.476914044883962,1
137,1391235664240,2672.9899197646723,0.0,18.951331802916368,0
137,1391235667072,2739.6674735723527,0.0,19.16847107741081,0
137,1391235667504,2916.758922761125,4.0,19.554268230975477,1
137,1391235666400,2806.0815993059587,0.0,19.385989374856262,0
137,1391235666448,2967.733910531399,4.0,19.628545736832013,1
137,1391235664624,3037.5593999586754,4.0,19.84094775494838,1
137,1391235666976,2865.4438940427867,0.0,19.53098525965805,0
137,1391235666688,2918.110568997017,0.0,19.611299564369503,0
137,1391235665968,3109.0460986344424,4.0,20.058737872016525,1
137,1391235666112,2971.247294520212,0.0,19.690761772190847,0
137,1391235666640,3035.4998624608547,0.0,19.8367815655351,0
137,1391235664384,3176.5380520972844,4.0,20.20278986087824,1
137,1391235666064,3239.853648407064,4.0,20.31559589501455,1
137,1391235664576,3328.958676861906,4.0,20.59300417710319,1
137,1391235666880,3389.4013492440145,4.0,20.66195004276598,1
137,1391235666304,3104.9296233375953,0.0,20.00795234785031,0
137,1391235667312,3187.5815968771813,0.0,20.288741294651363,0
137,1391235666208,3258.081135686937,0.0,20.42639572803565,0
137,1391235667792,3484.7314029386766,4.0,20.915436780171824,1
137,1391235667840,3556.42542965272,4.0,20.98608330967861,1
137,1391235667888,3339.9281267717133,0.0,20.631551025082207,0
137,1391235667936,3403.9683097761545,0.0,20.70752118582403,0
137,1391235667984,3629.899656584427,4.0,21.038829023547255,1
137,1391235668032,3467.4808872417125,0.0,20.773959320030837,0
137,1391235668080,3588.4860123105173,0.0,21.31961793112562,0
137,1391235668128,3674.401203139536,0.0,21.480605468141402,0
137,1391235668176,3761.614855172533,0.0,21.601392431384514,0
137,1391235668224,3905.7573225687843,0.0,22.088970933170163,0
137,1391235668272,3713.800771434418,4.0,21.07998783377613,1
137,1391235668320,3789.6590317248183,4.0,21.08849695017294,1
137,1391235668368,3858.9590153747254,4.0,21.08889265847261,1
137,1391235668416,4086.9017220014066,0.0,22.657035679554397,0
137,1391235665248,2038.2979660698672,4.0,14.684022238573883,1
138,1391235665392,2018.9096381902623,3.9999999999999996,14.623001021806164,1
138,1391235664720,2011.967460056609,2.2568397752139293e-09,18.83267462649529,0
138,1391235664912,2128.1801382792214,-9.358994874043074e-16,20.27993151851604,0
138,1391235665008,2087.26792420168,4.0,14.78363971958965,1
138,1391235666736,2124.8719577624865,4.0,14.848971674865354,1
138,1391235665056,2063.281400263355,-1.8191640588918076e-15,19.62416555884183,0
138,1391235666256,2413.4335997109156,4.0,18.43570795532119,1
138,1391235664480,2460.9056310511824,4.0,18.53927968879871,1
138,1391235664960,2200.9257761396084,0.0,20.618995469714317,0
138,1391235664528,2244.940185634335,3.9999999999999996,19.495169569213207,1
138,1391235664864,2286.903819661434,0.0,18.306994113774604,0
138,1391235667264,2311.997887192926,4.0,18.20286256814883,1
138,1391235664288,2511.698316051892,4.0,18.67261829760393,1
138,1391235666928,2565.4187807430512,4.0,18.820564735799636,1
138,1391235667360,2336.9643167116756,0.0,18.249688528605894,0
138,1391235667552,2361.6890422240135,4.0,18.28568952969614,1
138,1391235667456,2619.870349626779,4.0,18.95786441687673,1
138,1391235664192,2670.680224261293,4.0,19.054316742357564,1
138,1391235667216,2724.5123901655675,4.0,19.17664476726046,1
138,1391235665632,2390.3979112767724,0.0,18.38347961205124,0
138,1391235666160,2438.57774869834,0.0,18.471045913763575,0
138,1391235667600,2774.531556218595,4.0,19.263043632406838,1
138,1391235667648,2487.074097171959,0.0,18.560446920285926,0
138,1391235664768,2537.4178604377903,0.0,18.663533099613048,0
138,1391235664336,2593.001037740455,0.0,18.8051765348298,0
138,1391235666544,2830.0002636617423,4.0,19.3865336801424,1
138,1391235666784,2643.689968213994,0.0,18.891154329127623,0
138,1391235667744,2885.5010999114206,4.0,19.4900109129422,1
138,1391235664240,2691.947799386589,0.0,18.96533318754225,0
138,1391235667072,2758.842228726021,0.0,19.18190857615583,0
138,1391235667504,2936.3190023556795,4.0,19.566692340789075,1
138,1391235666400,2825.4736445132057,0.0,19.39893889897186,0
138,1391235666448,2987.3679611465545,4.0,19.64031474590197,1
138,1391235664624,3057.4054519431947,4.0,19.85185986002004,1
138,1391235666976,2884.980627174167,0.0,19.54327599301072,0
138,1391235666688,2937.72732883221,0.0,19.62297532917489,0
138,1391235665968,3129.1095264910127,4.0,20.068763824588473,1
138,1391235666112,2990.9432314463143,0.0,19.701827879861057,0
138,1391235666640,3055.341454455771,0.0,19.847067451629638,0
138,1391235664384,3196.74503820754,4.0,20.21175984811139,1
138,1391235666064,3260.1729941450612,4.0,20.32361127126686,1
138,1391235664576,3349.554796401662,4.0,20.59966156371551,1
138,1391235666880,3410.066026084345,4.0,20.667776796593095,1
138,1391235666304,3124.941989689236,0.0,20.017390107785136,0
138,1391235667312,3207.8744416221775,0.0,20.297514649987434,0
138,1391235666208,3278.511178898159,0.0,20.434193795927083,0
138,1391235667792,3505.648640309581,4.0,20.919280710392993,1
138,1391235667840,3577.412722401738,4.0,20.988663826040014,1
138,1391235667888,3360.5627852477396,0.0,20.63819358719022,0
138,1391235667936,3424.678570776785,0.0,20.713377865873415,0
138,1391235667984,3650.9391599423134,4.0,21.040266759421176,1
138,1391235668032,3488.2572526989584,0.0,20.779102804996693,0
138,1391235668080,3609.8080086363184,0.0,21.324703241662032,0
138,1391235668128,3695.8836670996775,0.0,21.48457896894774,0
138,1391235668176,3783.217612614226,0.0,21.604311010523762,0
138,1391235668224,3927.847100016676,0.0,22.09069546427267,0
138,1391235668272,3734.8809242486554,4.0,21.080338877000596,1
138,1391235668320,3810.7475393245036,4.0,21.088519534565364,1
138,1391235668368,3880.047908033195,4.0,21.08889265847261,1
138,1391235668416,4109.55875768096,0.0,22.657035679554397,0
138,1391235665248,2052.998186375818,4.0,14.717972943090052,1
139,1391235665392,2033.5506249386474,3.9999999999999996,14.661160958223693,1
139,1391235664720,2030.8523463834363,2.4503617371749703e-10,18.941406088074626,0
139,1391235664912,2148.4626643166034,-1.9418715083639457e-15,20.2846790508287,0
139,1391235665008,2102.0607257716188,4.0,14.802758086240063,1
139,1391235666736,2139.7257038609528,4.0,14.858966749367392,1
139,1391235665056,2082.9237402288645,-1.028748806558375e-15,19.662451627228197,0
139,1391235666256,2431.878531780776,4.0,18.455429053837026,1
139,1391235664480,2479.4538139981646,4.0,18.558314744697938,1
139,1391235664960,2221.5084134534895,0.0,20.540661603339164,0
139,1391235664528,2264.4027208621783,3.9999999999999996,19.42553002196982,1
139,1391235664864,2305.208989950915,0.0,18.303580656478292,0
139,1391235667264,2330.207790999604,4.0,18.21806445948948,1
139,1391235664288,2530.3795218706978,4.0,18.690978154722558,1
139,1391235666928,2584.247590385746,4.0,18.83819192056573,1
139,1391235667360,2355.22232881085,0.0,18.26749739795398,0
139,1391235667552,2379.984205268745,4.0,18.305946729299308,1
139,1391235667456,2638.8360773375825,4.0,18.974675581740637,1
139,1391235664192,2689.742045044431,4.0,19.070359928455996,1
139,1391235667216,2743.696169425633,4.0,19.191897758855287,1
139,1391235665632,2408.7896330284057,0.0,18.40110370955325,0
139,1391235666160,2457.0567318277263,0.0,18.488018158821014,0
139,1391235667600,2793.801405564317,4.0,19.277593795281668,1
139,1391235667648,2505.6421848943073,0.0,18.576785463695817,0
139,1391235664768,2556.0887359279354,0.0,18.679233574011622,0
139,1391235664336,2611.8132510126,0.0,18.82022335360196,0
139,1391235666544,2849.393228497087,4.0,19.40028290833342,1
139,1391235666784,2662.5878564654254,0.0,18.905553750662406,0
139,1391235667744,2904.9971573926455,4.0,19.502937952499952,1
139,1391235664240,2710.9196030041117,0.0,18.979169277431563,0
139,1391235667072,2778.030347317162,0.0,19.195187881994723,0
139,1391235667504,2955.891430909402,4.0,19.5789559792564,1
139,1391235666400,2844.8785681001923,0.0,19.411736455492573,0
139,1391235666448,3007.0137099308868,4.0,19.65193248644451,1
139,1391235664624,3077.262349440158,4.0,19.86262976379623,1
139,1391235666976,2904.5295828295298,0.0,19.555421026930347,0
139,1391235666688,2957.3556996655284,0.0,19.634512748305482,0
139,1391235665968,3149.182917657426,4.0,20.07865600701336,1
139,1391235666112,3010.6501731266703,0.0,19.712762933196778,0
139,1391235666640,3075.1932744593237,0.0,19.857229710828946,0
139,1391235664384,3216.960936980744,4.0,20.220607423186006,1
139,1391235666064,3280.5003030863086,4.0,20.331515237539207,1
139,1391235664576,3370.157525355037,4.0,20.60621650626132,1
139,1391235666880,3430.736486942101,4.0,20.67351229121894,1
139,1391235666304,3144.9637394688266,0.0,20.02671181789251,0
139,1391235667312,3228.1760081767206,0.0,20.306177908413982,0
139,1391235666208,3298.9489732941424,0.0,20.441891731164855,0
139,1391235667792,3526.569683860753,4.0,20.923044049123458,1
139,1391235667840,3598.40256664805,4.0,20.991182419527597,1
139,1391235667888,3381.2040438603754,0.0,20.644745543935795,0
139,1391235667936,3445.3946510157884,0.0,20.719154586004905,0
139,1391235667984,3671.9800821324397,4.0,21.041664187744495,1
139,1391235668032,3509.0387289695304,0.0,20.784176517059077,0
139,1391235668080,3631.1350609211254,0.0,21.3297258658212,0
139,1391235668128,3717.370081127218,0.0,21.4885024252141,0
139,1391235668176,3804.823271825526,0.0,21.607193690611556,0
139,1391235668224,3949.9385923034115,0.0,22.09239929552291,0
139,1391235668272,3755.961421661429,4.0,21.080676206278927,1
139,1391235668320,3831.8360689006386,4.0,21.088540829699053,1
139,1391235668368,3901.136800691665,4.0,21.08889265847261,1
139,1391235668416,4132.215793360514,0.0,22.657035679554397,0
139,1391235665248,2067.730363527378,4.0,14.747661773743095,1
140,1391235665392,2048.228608566301,3.9999999999999996,14.69665544071779,1
140,1391235664720,2049.8383753398684,2.6421890804621407e-11,19.034624689236548,0
140,1391235664912,2168.747847319808,-3.7582865351877607e-16,20.284993400439703,0
140,1391235665008,2116.8713643706956,4.0,14.819209597980903,1
140,1391235666736,2154.588862383295,4.0,14.867754320474429,1
140,1391235665056,2102.602671682674,1.1395341034140883e-15,19.697147124387225,0
140,1391235666256,2450.3430679289077,4.0,18.474900265464523,1
140,1391235664480,2498.020918914659,4.0,18.577108318291312,1
140,1391235664960,2242.0116439964886,0.0,20.460075666641536,0
140,1391235664528,2283.796438741651,3.9999999999999996,19.357719796157685,1
140,1391235664864,2323.5119924465107,0.0,18.302774969313294,0
140,1391235667264,2348.4331752214903,4.0,18.23384089210237,1
140,1391235664288,2549.078978064204,4.0,18.709104229016337,1
140,1391235666928,2603.0939216481165,4.0,18.855593689423593,1
140,1391235667360,2373.4980773035286,0.0,18.285150205420866,0
140,1391235667552,2398.2995125553007,4.0,18.32596237493204,1
140,1391235667456,2657.81851514084,4.0,18.991270924894277,1
140,1391235664192,2708.8198127640667,4.0,19.086197589952157,1
140,1391235667216,2762.8951098461607,4.0,19.206954660694652,1
140,1391235665632,2427.1988806953627,0.0,18.41851811873857,0
140,1391235666160,2475.552593077398,0.0,18.5047893780119,0
140,1391235667600,2813.08571767144,4.0,19.291957325750733,1
140,1391235667648,2524.2265208688777,0.0,18.59293116564604,0
140,1391235664768,2574.775225210662,0.0,18.69474891270525,0
140,1391235664336,2630.640427851043,0.0,18.835092357075116,0
140,1391235666544,2868.7998595667736,4.0,19.413854915852696,1
140,1391235666784,2681.5000647762295,0.0,18.91978366228723,0
140,1391235667744,2924.506063942894,4.0,19.515698496905426,1
140,1391235664240,2729.90516672548,0.0,18.99284306536841,0
140,1391235667072,2797.231672480378,0.0,19.208311826943284,0
140,1391235667504,2975.4760494231373,4.0,19.59106228592014,1
140,1391235666400,2864.296219361474,0.0,19.42438473725351,0
140,1391235666448,3026.671006998291,4.0,19.66340190660378,1
140,1391235664624,3097.1299515421147,4.0,19.87326022555593,1
140,1391235666976,2924.0906165166966,0.0,19.567422937298975,0
140,1391235666688,2976.995544297558,0.0,19.645914267557245,0
140,1391235665968,3169.2661395717682,4.0,20.08841699605832,1
140,1391235666112,3030.367989593842,0.0,19.72356925134296,0
140,1391235666640,3095.055199876704,0.0,19.86727054532932,0
140,1391235664384,3237.185627112361,4.0,20.22933494835319,1
140,1391235666064,3300.8354648340423,4.0,20.33930995477342,1
140,1391235664576,3390.7667622026042,4.0,20.61267097698977,1
140,1391235666880,3451.4126413879944,4.0,20.679158296880043,1
140,1391235666304,3164.994757605511,0.0,20.03591956698448,0
140,1391235667312,3248.4861873772197,0.0,20.314733061255595,0
140,1391235666208,3319.394419604719,0.0,20.4494913738228,0
140,1391235667792,3547.4944537854676,4.0,20.926728470884953,1
140,1391235667840,3619.394901148027,4.0,20.993640539246037,1
140,1391235667888,3401.851812802151,0.0,20.651208597500442,0
140,1391235667936,3466.116471242108,0.0,20.724852858411424,0
140,1391235667984,3693.0223833681266,4.0,21.043022419091145,1
140,1391235668032,3529.825246899552,0.0,20.78918177674579,0
140,1391235668080,3652.4671070246754,0.0,21.334686968557868,0
140,1391235668128,3738.860395619935,0.0,21.49237678043644,0
140,1391235668176,3826.431797223345,0.0,21.610041145607834,0
140,1391235668224,3972.0317789094893,0.0,22.094082811634056,0
140,1391235668272,3777.0422502079155,4.0,21.081000351765567,1
140,1391235668320,3852.9246191986845,4.0,21.08856090920535,1
140,1391235668368,3922.225693350135,4.0,21.08889265847261,1
140,1391235668416,4154.872829040068,0.0,22.657035679554397,0
140,1391235665248,2082.4903029965603,4.0,14.773274807947441,1
141,1391235665392,2062.940544884323,3.9999999999999996,14.728758457124856,1
141,1391235664720,2068.9117898930076,2.8324472549564704e-12,19.11586320266321,0
141,1391235664912,2189.0313680587865,1.6207142229964839e-15,20.281109526961288,0
141,1391235665008,2131.697371974147,4.0,14.83341050209072,1
141,1391235666736,2169.460325933216,4.0,14.875540405670858,1
141,1391235665056,2122.3147055949316,6.066402220842116e-16,19.728463652523203,0
141,1391235666256,2468.826960535493,4.0,18.494126426204854,1
141,1391235664480,2516.606706519685,4.0,18.595665104908715,1
141,1391235664960,2262.4333438794392,0.0,20.377518304939294,0
141,1391235664528,2303.123341694759,3.9999999999999996,19.29210487893424,1
141,1391235664864,2341.815278284558,0.0,18.304247108803462,0
141,1391235667264,2366.674558734,4.0,18.25007586600385,1
141,1391235664288,2567.7964529899205,4.0,18.7270010853635,1
141,1391235666928,2621.957551183181,4.0,18.872774454714943,1
141,1391235667360,2391.791404297142,0.0,18.302643205650863,0
141,1391235667552,2416.63472386621,4.0,18.345739362211987,1
141,1391235667456,2676.817449197858,4.0,19.007654675345098,1
141,1391235664192,2727.913323781054,4.0,19.101833747772876,1
141,1391235667216,2782.1090171361707,4.0,19.221819308823257,1
141,1391235665632,2445.625446416911,0.0,18.4357267378471,0
141,1391235666160,2494.065133165761,0.0,18.52136329183328,0
141,1391235667600,2832.3843076158555,4.0,19.306137866926058,1
141,1391235667648,2542.8269139193158,0.0,18.608887577783083,0
141,1391235664768,2593.477144740914,0.0,18.7100825085573,0
141,1391235664336,2649.482391957831,0.0,18.849786781841836,0
141,1391235666544,2888.219981272093,4.0,19.42725316169459,1
141,1391235666784,2700.4264250732745,0.0,18.93384712887374,0
141,1391235667744,2944.02765458822,4.0,19.52829579030453,1
141,1391235664240,2748.9043296164205,0.0,19.006357468951165,0
141,1391235667072,2816.446050149446,0.0,19.221283173053607,0
141,1391235667504,2995.072701997929,4.0,19.603014316522536,1
141,1391235666400,2883.7264502538605,0.0,19.43688637193656,0
141,1391235666448,3046.3397053739723,4.0,19.674725876072014,1
141,1391235664624,3117.0081200665127,4.0,19.883753931358992,1
141,1391235666976,2943.663586290543,0.0,19.579284238568068,0
141,1391235666688,2996.6467279474414,0.0,19.657182274668113,0
141,1391235665968,3189.3590622169468,4.0,20.098049300446245,1
141,1391235666112,3050.0965531737543,0.0,19.734249098491237,0
141,1391235666640,3114.9271102908156,0.0,19.877192105136153,0
141,1391235664384,3257.4189896309626,4.0,20.23794472379409,1
141,1391235666064,3321.178371125863,4.0,20.34699752729674,1
141,1391235664576,3411.3824073734945,4.0,20.619026897679994,1
141,1391235666880,3472.094400741812,4.0,20.684716538734385,1
141,1391235666304,3185.0349310938896,0.0,20.045015394090907,0
141,1391235667312,3268.804872028929,0.0,20.323182051917566,0
141,1391235666208,3339.8474203787177,0.0,20.45699451905409,0
141,1391235667792,3568.422871933025,4.0,20.930335610789477,1
141,1391235667840,3640.389666090458,4.0,20.996039598733375,1
141,1391235667888,3422.506003948055,0.0,20.657584408030946,0
141,1391235667936,3486.843953699219,0.0,20.730474157651656,0
141,1391235667984,3714.0660249587654,4.0,21.044342533118613,1
141,1391235668032,3550.616738640192,0.0,20.794119871592645,0
141,1391235668080,3673.8040859579123,0.0,21.33958768553048,0
141,1391235668128,3760.3545619078504,0.0,21.4962029541314,0
141,1391235668176,3848.043153890495,0.0,21.61285403230395,0
141,1391235668224,3994.1266396955634,0.0,22.09574638760284,0
141,1391235668272,3798.1233969439104,4.0,21.081311823324892,1
141,1391235668320,3874.0131890357493,4.0,21.08857984250685,1
141,1391235668368,3943.3145860086047,4.0,21.08889265847261,1
141,1391235668416,4177.529864719621,0.0,22.657035679554397,0
141,1391235665248,2097.2740882524486,4.0,14.795175424124807,1
142,1391235665392,2077.682871014885,3.9999999999999996,14.757167743589317,1
142,1391235664720,2088.0618314773064,3.0161756939655897e-13,19.187584671670635,0
142,1391235664912,2209.309120621595,4.450517685589945e-16,20.273218889690032,0
142,1391235665008,2146.53667081122,4.0,14.845721289773472,1
142,1391235666736,2184.339172668417,4.0,14.882489210996193,1
142,1391235665056,2142.056549574442,-1.4052494427836746e-16,19.756581621090785,0
142,1391235666256,2487.3299667594742,4.0,18.51311225001897,1
142,1391235664480,2535.210942170931,4.0,18.61398967911612,1
142,1391235664960,2282.771686607827,0.0,20.293307134276432,0
142,1391235664528,2322.3857842676475,3.9999999999999996,19.22902049828623,1
142,1391235664864,2360.120983557608,0.0,18.307698952242372,0
142,1391235667264,2384.93235264754,4.0,18.266670582516802,1
142,1391235664288,2586.531719514234,4.0,18.74467316931346,1
142,1391235666928,2640.8382600015675,4.0,18.88973851218184,1
142,1391235667360,2410.1021485968968,0.0,18.319973576585074,0
142,1391235667552,2434.989601956554,4.0,18.365280744484547,1
142,1391235667456,2695.832669846195,4.0,19.023830949728637,1
142,1391235664192,2747.0223784269606,4.0,19.117272315893374,1
142,1391235667216,2801.3377007927606,4.0,19.23649543711685,1
142,1391235665632,2464.0691261837587,0.0,18.452733365397446,0
142,1391235666160,2512.5941564869654,0.0,18.53774352544052,0
142,1391235667600,2851.696994071059,4.0,19.32013896498423,1
142,1391235667648,2561.443176378222,0.0,18.624658160804977,0
142,1391235664768,2612.194314325814,0.0,18.725237667774273,0
142,1391235664336,2668.3389702330087,0.0,18.864309782282493,0
142,1391235666544,2907.653421430127,4.0,19.44048101283136,1
142,1391235666784,2719.3667723120993,0.0,18.94774713818152,0
142,1391235667744,2963.561767558362,4.0,19.540732990659556,1
142,1391235664240,2767.916933626124,0.0,19.019715333061175,0
142,1391235667072,2835.6733289884164,0.0,19.234104614681993,0
142,1391235667504,3014.6812357525446,4.0,19.614815045836856,1
142,1391235666400,2903.1691153322336,0.0,19.44924392412288,0
142,1391235666448,3066.0196609172335,4.0,19.685907188734767,1
142,1391235664624,3136.896719483643,4.0,19.894113496513548,1
142,1391235666976,2963.2483526924552,0.0,19.591007385636118,0
142,1391235666688,3016.3091181956393,0.0,19.668319101065165,0
142,1391235665968,3209.4615580537175,4.0,20.10755536314402,1
142,1391235666112,3069.835738431506,0.0,19.744804685517025,0
142,1391235666640,3134.8088874108007,0.0,19.886996489602588,0
142,1391235664384,3277.660907837136,4.0,20.24643898969854,1
142,1391235666064,3341.5289157780035,4.0,20.354580004710026,1
142,1391235664576,3432.004363195709,4.0,20.625286141313623,1
142,1391235666880,3492.7816780280336,4.0,20.69018869834531,1
142,1391235666304,3205.0841489449263,0.0,20.05400128992657,0
142,1391235667312,3289.131956858695,0.0,20.331526777313066,0
142,1391235666208,3360.3078799396803,0.0,20.46440291845448,0
142,1391235667792,3589.354861769923,4.0,20.93386706577375,1
142,1391235667840,3661.3868030614753,4.0,20.998380977015135,1
142,1391235667888,3443.1665308141023,0.0,20.66387459493744,0
142,1391235667936,3507.577022088045,0.0,20.736019921822173,0
142,1391235667984,3735.110969279332,4.0,21.045625579499468,1
142,1391235668032,3571.4131376151568,0.0,20.79899205717693,0
142,1391235668080,3695.145937854123,0.0,21.344429124028736,0
142,1391235668128,3781.852532229607,0.0,21.49998184260414,0
142,1391235668176,3869.6573075587808,0.0,21.615632990875206,0
142,1391235668224,4016.2231548928667,0.0,22.09739038901926,0
142,1391235668272,3819.2048494259034,4.0,21.081611111304685,1
142,1391235668320,3895.101777296494,4.0,21.08859769505834,1
142,1391235668368,3964.4034786670745,4.0,21.08889265847261,1
142,1391235668416,4200.186900399175,0.0,22.657035679554397,0
142,1391235665248,2112.0782114600947,4.0,14.813810221460637,1
143,1391235665392,2092.4518755585514,3.9999999999999996,14.78188649004895,1
143,1391235664720,2107.2797199660376,3.1518570032554604e-14,19.250456678137663,0
143,1391235664912,2229.3010015988843,2.542020126935544,20.304539688571502,1
143,1391235665008,2161.3861521775416,4.0,14.837149734496215,1
143,1391235666736,2199.1497259341763,4.0,14.387722636330349,1
143,1391235665056,2161.819139958664,-8.884752951932706e-16,19.7544478403191,0
143,1391235666256,2505.851848418124,4.0,18.53186233226553,1
143,1391235664480,2553.8333957456907,4.0,18.6320864983432,1
143,1391235664960,2303.0251821705274,0.0,20.207800483186134,0
143,1391235664528,2341.5864396378333,3.9999999999999996,19.168765329779927,1
143,1391235664864,2378.4309607361483,0.0,18.312863213000053,0
143,1391235667264,2403.206876383903,4.0,18.283541084600863,1
143,1391235664288,2605.2845548948403,4.0,18.76212481085203,1
143,1391235666928,2659.7358333566935,4.0,18.90649004476139,1
143,1391235667360,2428.4301465634085,0.0,18.337139282530405,0
143,1391235667552,2453.36391269397,4.0,18.384589695986406,1
143,1391235667456,2714.8639714890405,4.0,19.039803756024586,1
143,1391235664192,2766.1467808987945,4.0,19.13251710489561,1
143,1391235667216,2820.580974000541,4.0,19.250986680701054,1
143,1391235665632,2482.5297197398004,0.0,18.469541703319727,0
143,1391235666160,2531.139471017,0.0,18.55393361169872,0
143,1391235667600,2871.023599212736,4.0,19.33396407241468,1
143,1391235667648,2580.075123997588,0.0,18.64024628741129,0
143,1391235664768,2630.926557039348,0.0,18.740217612746388,0
143,1391235664336,2687.209992693681,0.0,18.87866443328334,0
143,1391235666544,2927.100011183175,4.0,19.453541747304442,1
143,1391235666784,2738.3209444009967,0.0,18.961486603392515,0
143,1391235667744,2983.1082442019174,4.0,19.553013172645063,1
143,1391235664240,2786.942823515638,0.0,19.032919432230813,0
143,1391235667072,2854.913360324948,0.0,19.246778780663668,0
143,1391235667504,3034.30150074379,4.0,19.62646737038377,1
143,1391235666400,2922.624071687362,0.0,19.461459897263033,0
143,1391235666448,3085.710732246867,4.0,19.69694856520869,1
143,1391235664624,3156.795616846999,4.0,19.904341467942672,1
143,1391235666976,2982.84477869162,0.0,19.60259477565372,0
143,1391235666688,3035.9825849284066,0.0,19.679327023546758,0
143,1391235665968,3229.573501955965,4.0,20.116937563557574,1
143,1391235666112,3089.5854221188015,0.0,19.755238171557327,0
143,1391235666640,3154.7004150220923,0.0,19.896685748913654,0
143,1391235664384,3297.9112672444357,4.0,20.254819928259163,1
143,1391235666064,3361.8869946314576,4.0,20.362059383699684,1
143,1391235664576,3452.6325338480774,4.0,20.631450533679942,1
143,1391235666880,3513.4743879329076,4.0,20.69557641510596,1
143,1391235666304,3225.142302138297,0.0,20.062879198307193,0
143,1391235667312,3309.467338469111,0.0,20.339769089240484,0
143,1391235666208,3380.7757043429256,0.0,20.47171828137665,0
143,1391235667792,3610.2903483422374,4.0,20.937324395783065,1
143,1391235667840,3682.386255010527,4.0,21.00066601961729,1
143,1391235667888,3463.833308517194,0.0,20.670080738143195,0
143,1391235667936,3528.315601531025,0.0,20.74149155368587,0
143,1391235667984,3756.1571797408315,4.0,21.046872578819123,1
143,1391235668032,3592.214378489197,0.0,20.803799558111947,0
143,1391235668080,3716.4926039409893,0.0,21.349212363865913,0
143,1391235668128,3803.354259709606,0.0,21.50371431968656,0
143,1391235668176,3891.2742245926324,0.0,21.61837864541188,0
143,1391235668224,4038.321305093947,0.0,22.099015172364442,0
143,1391235668272,3840.28659569191,4.0,21.081898687279743,1
143,1391235668320,3916.19038292927,4.0,21.0886145285739,1
143,1391235668368,3985.4923713255444,4.0,21.08889265847261,1
143,1391235668416,4222.843936078729,0.0,22.657035679554397,0
143,1391235665248,2126.899609874384,4.0,14.829222491165924,1
144,1391235665392,2107.243283739827,3.9999999999999996,14.800280031584235,1
144,1391235664720,2126.5633571473177,3.0684042839548926e-15,19.337348908639004,0
144,1391235664912,2249.7225967185864,3.8442091875069218,20.645287074712233,1
144,1391235665008,2176.1477626478995,4.0,14.661770475026936,1
144,1391235666736,2213.262556789375,4.0,13.969637876039977,1
144,1391235665056,2181.780373905202,-1.6439436647106395e-15,20.277758779890537,0
144,1391235666256,2524.3923718700203,4.0,18.550381153063853,1
144,1391235664480,2572.47384152538,4.0,18.64995990640535,1
144,1391235664960,2323.192717947946,0.0,20.12139719382255,0
144,1391235664528,2360.728260602846,3.9999999999999996,19.111596405413984,1
144,1391235664864,2396.746808803025,0.0,18.31950185006676,0
144,1391235667264,2421.4983715243056,4.0,18.300616175740323,1
144,1391235664288,2624.0547406668948,4.0,18.779360228037934,1
144,1391235666928,2678.650060633679,4.0,18.9230331262394,1
144,1391235667360,2446.7752328428214,0.0,18.35413895684181,0
144,1391235667552,2471.7574251646774,4.0,18.403669480955603,1
144,1391235667456,2733.911152488231,4.0,19.05557699712925,1
144,1391235664192,2785.286339157209,4.0,19.147571825387,1
144,1391235667216,2839.8386535344316,4.0,19.265296579233656,1
144,1391235665632,2501.0070304869514,0.0,18.48615535998209,0
144,1391235666160,2549.700888222785,0.0,18.569936994124724,0
144,1391235667600,2890.3639486265415,4.0,19.34761655113825,1
144,1391235667648,2598.7225758621344,0.0,18.655655245143098,0
144,1391235664768,2649.6736991398316,0.0,18.75502548477778,0
144,1391235664336,2706.0952923957493,0.0,18.892853732845136,0
144,1391235666544,2946.5595849112215,4.0,19.466438557190898,1
144,1391235666784,2757.2887821275735,0.0,18.97506836554293,0
144,1391235667744,3002.6669289043602,4.0,19.565139330426742,1
144,1391235664240,2805.9818467885934,0.0,19.045972472915743,0
144,1391235667072,2874.165998085757,0.0,19.259308236398983,0
144,1391235667504,3053.933349889476,4.0,19.637974111037934,1
144,1391235666400,2942.091178885672,0.0,19.473536735568544,0
144,1391235666448,3105.4127806690267,4.0,19.707852655276543,1
144,1391235664624,3176.7046817259584,4.0,19.914440326455416,1
144,1391235666976,3002.4527296280953,0.0,19.61404874976006,0
144,1391235666688,3055.667000283928,0.0,19.690208265902502,0
144,1391235665968,3249.6947711481293,4.0,20.126198219638173,1
144,1391235666112,3109.3454831229215,0.0,19.765551665531433,0
144,1391235666640,3174.601578937912,0.0,19.90626188551844,0
144,1391235664384,3318.1699555222754,4.0,20.26308966558536,1
144,1391235666064,3382.252505499882,4.0,20.369437609776732,1
144,1391235664576,3473.2668253137863,4.0,20.637521854916763,1
144,1391235666880,3534.172446762921,4.0,20.70088128760689,1
144,1391235666304,3245.209283576135,0.0,20.07165101751646,0
144,1391235667312,3329.810915294025,0.0,20.34791079571271,0
144,1391235666208,3401.250801333899,0.0,20.478942276197508,0
144,1391235667792,3631.2292582391633,4.0,20.940709124907322,1
144,1391235667840,3703.3879662173235,4.0,21.002896039539888,1
144,1391235667888,3484.5062537361887,0.0,20.676204379288652,0
144,1391235667936,3549.0596185372888,0.0,20.74689042175863,0
144,1391235667984,3777.2046207616104,4.0,21.04808452344168,1
144,1391235668032,3613.020397137597,0.0,20.80854356900436,0
144,1391235668080,3737.8440265135146,0.0,21.353938458237387,0
144,1391235668128,3824.8596983358643,0.0,21.50740123744721,0
144,1391235668176,3912.8938719732596,0.0,21.621091604429857,0
144,1391235668224,4060.421071243697,0.0,22.100621085297153,0
144,1391235668272,3861.3686242430367,4.0,21.082175004766583,1
144,1391235668320,3937.2790049424784,4.0,21.08863040124107,1
144,1391235668368,4006.581263984014,4.0,21.08889265847261,1
144,1391235668416,4245.5009717582825,0.0,22.657035679554397,0
144,1391235665248,2141.7260855538457,4.0,14.813455512746776,1
145,1391235665392,2122.045718391249,3.9999999999999996,14.800680620231862,1
145,1391235664720,2145.967633957237,-4.204096338921583e-16,19.4860334818437,0
145,1391235664912,2270.468527694179,3.9850783081040735,20.8412531107287,1
145,1391235665008,2190.726278087521,4.0,14.49411683019523,1
145,1391235666736,2227.252491329632,4.0,14.047716777710818,1
145,1391235665056,2202.2660301546703,-1.845270348625681e-15,20.683451034447724,0
145,1391235666256,2542.951307901346,4.0,18.568673080578982,1
145,1391235664480,2591.1320580835268,4.0,18.667614136921415,1
145,1391235664960,2343.2735978961186,0.0,20.03453326042776,0
145,1391235664528,2379.8144360090146,3.9999999999999996,19.057725228546495,1
145,1391235664864,2415.0699015998607,0.0,18.327404088809338,0
145,1391235667264,2439.807013699369,4.0,18.317835598806898,1
145,1391235664288,2642.84206253273,4.0,18.796383530514426,1
145,1391235666928,2697.580735241849,4.0,18.939371724768304,1
145,1391235667360,2465.1372409876503,0.0,18.3709718013867,0
145,1391235667552,2490.1699117510125,4.0,18.422523427748178,1
145,1391235667456,2752.974015060785,4.0,19.071154474290196,1
145,1391235664192,2804.4408648280764,4.0,19.16244009128561,1
145,1391235667216,2859.110559665671,4.0,19.27942858005766,1
145,1391235665632,2519.5008653929603,0.0,18.502577853112975,0
145,1391235666160,2568.2782229741524,0.0,18.58575702972332,0
145,1391235667600,2909.717871218943,4.0,19.361099675501396,1
145,1391235667648,2617.3853543054356,0.0,18.670888239116696,0
145,1391235664768,2668.435569990052,0.0,18.769664346711405,0
145,1391235664336,2724.994705358199,0.0,18.906880604587844,0
145,1391235666544,2966.0319801473083,4.0,19.47917455145135,1
145,1391235666784,2776.2701290877044,0.0,18.988495195857386,0
145,1391235667744,3022.2376690087876,4.0,19.577114380328304,1
145,1391235664240,2825.0338536241443,0.0,19.058877095675737,0
145,1391235667072,2893.4310987341323,0.0,19.271695485855595,0
145,1391235667504,3073.5766388939514,4.0,19.649338015529953,1
145,1391235666400,2961.5702989108527,0.0,19.485476825829007,0
145,1391235666448,3125.1256701074967,4.0,19.718622040224616,1
145,1391235664624,3196.6237861406976,4.0,19.924412488926468,1
145,1391235666976,3022.072073157583,0.0,19.625371594753894,0
145,1391235666688,3075.362238600042,0.0,19.700965000473808,0
145,1391235665968,3269.825245144701,4.0,20.13533958990411,1
145,1391235666112,3129.1158024171964,0.0,19.77574722760718,0
145,1391235666640,3194.51226695219,0.0,19.91572685551235,0
145,1391235664384,3338.436862440717,4.0,20.271250273540588,1
145,1391235666064,3402.625348119206,4.0,20.376716578946745,1
145,1391235664576,3493.90714533543,4.0,20.64350184099002,1
145,1391235666880,3554.875772404619,4.0,20.70610487494956,1
145,1391235666304,3265.284988038116,0.0,20.080318601625933,0
145,1391235667312,3350.1625875553623,0.0,20.355953662240438,0
145,1391235666208,3421.733080307775,0.0,20.486076531540366,0
145,1391235667792,3652.171519557673,4.0,20.944022742470942,1
145,1391235667840,3724.39188225976,4.0,21.005072318193363,1
145,1391235667888,3505.185284674166,0.0,20.68224702289164,0
145,1391235667936,3569.8090009689063,0.0,20.752217861355756,0
145,1391235667984,3798.2532577395323,4.0,21.049262378344903,1
145,1391235668032,3633.831130616601,0.0,20.813225255375972,0
145,1391235668080,3759.2001489077948,0.0,21.358608434546984,0
145,1391235668128,3846.368802938576,0.0,21.511043426874235,0
145,1391235668176,3934.516217283312,0.0,21.62377246136155,0
145,1391235668224,4082.5224346306527,0.0,22.102208466929376,0
145,1391235668272,3882.450924025743,4.0,21.0824404999108,1
145,1391235668320,3958.367642401142,4.0,21.08864536792258,1
145,1391235668368,4027.670156642484,4.0,21.08889265847261,1
145,1391235668416,4268.158007437836,0.0,22.657035679554397,0
145,1391235665248,2156.5115895692575,4.0,14.746133203647705,1
146,1391235665392,2136.624392672513,2.9020290733280873,14.765160055742275,1
146,1391235664720,2165.528056078185,-1.5867365496735513e-15,19.64434725714613,0
146,1391235664912,2291.3627400669516,3.998598784574568,20.941421919162302,1
146,1391235665008,2205.168763355084,4.0,14.396290125175572,1
146,1391235666736,2241.377561790762,4.0,14.216393596645162,1
146,1391235665056,2223.0671190180447,4.466551859054554e-16,20.91131450324928,0
146,1391235666256,2561.528431615437,4.0,18.58674237422664,1
146,1391235664480,2609.8078281771272,4.0,18.685053316627926,1
146,1391235664960,2363.267577091227,0.0,19.94767580613227,0
146,1391235664528,2398.8483439729994,3.9999999999999996,19.00731537409812,1
146,1391235664864,2433.4014140806858,0.0,18.3363842252678,0
146,1391235667264,2458.132922770804,4.0,18.335148452563317,1
146,1391235664288,2661.6463102550324,4.0,18.81319872289976,1
146,1391235666928,2716.527654510688,4.0,18.95550970625453,1
146,1391235667360,2483.516003983979,0.0,18.387637500370154,0
146,1391235667552,2508.6011481851215,4.0,18.441154907173498,1
146,1391235667456,2772.052365178805,4.0,19.086539890409565,1
146,1391235664192,2823.610173107284,4.0,19.177125422977603,1
146,1391235667216,2878.3965160709295,4.0,19.293386041229585,1
146,1391235665632,2538.011034902093,0.0,18.518812612623485,0
146,1391235666160,2586.871293458621,0.0,18.601396991721437,0
146,1391235667600,2929.085199130993,4.0,19.374416635152357,1
146,1391235667648,2636.063284828731,0.0,18.685948394655313,0
146,1391235664768,2687.2120019799995,0.0,18.784137185453066,0
146,1391235664336,2743.9080704898543,0.0,18.92074790015548,0
146,1391235666544,2985.5170374957047,4.0,19.491752758664315,1
146,1391235666784,2795.2648316167724,0.0,19.00176979798947,0
146,1391235667744,3041.8203147392824,4.0,19.58894116339235,1
146,1391235664240,2844.0986968120624,0.0,19.07163587726879,0
146,1391235667072,2912.7085212094003,0.0,19.283942973490518,0
146,1391235667504,3093.2312261760853,4.0,19.66056176084829,1
146,1391235666400,2981.061296107262,0.0,19.4972824991585,0
146,1391235666448,3144.8492670362443,4.0,19.729259235087035,1
146,1391235664624,3216.5528044992343,4.0,19.934260310388833,1
146,1391235666976,3041.702679197844,0.0,19.636565544702187,0
146,1391235666688,3095.0681763635007,0.0,19.711599349657703,0
146,1391235665968,3289.9648056917017,4.0,20.144363875382062,1
146,1391235666112,3148.896263012919,0.0,19.785826870615196,0
146,1391235666640,3214.4323687938304,0.0,19.925082569971476,0
146,1391235664384,3358.7118798170495,4.0,20.27930377150682,1
146,1391235666064,3423.00542409888,4.0,20.38389813931358,1
146,1391235664576,3514.5534033715,4.0,20.649392185115136,1
146,1391235666880,3575.5842842857037,4.0,20.71124869800823,1
146,1391235666304,3285.369312137848,0.0,20.08888376176978,0
146,1391235667312,3370.5222572211997,0.0,20.36389941307101,0
146,1391235666208,3442.2224522702463,0.0,20.493122637454068,0
146,1391235667792,3673.1170618682454,4.0,20.947266704079315,1
146,1391235667840,3745.3979499827497,4.0,21.0071961062992,1
146,1391235667888,3525.8703210218323,0.0,20.68821013746536,0
146,1391235667936,3590.5636780081545,0.0,20.75747517560012,0
146,1391235667984,3819.303057024971,4.0,21.05040708192597,1
146,1391235668032,3654.646517134744,0.0,20.817845754551456,0
146,1391235668080,3780.5609154755994,0.0,21.363223295202484,0
146,1391235668128,3867.8815291693404,0.0,21.5146416985325,0
146,1391235668176,3956.1412286920126,0.0,21.6264217950283,0
146,1391235668224,4104.625376878578,0.0,22.103777648091572,0
146,1391235668272,3903.5334844147815,4.0,21.082695592147875,1
146,1391235668320,3979.4562944236673,4.0,21.08865948034659,1
146,1391235668368,4048.759049300954,4.0,21.08889265847261,1
146,1391235668416,4290.81504311739,0.0,22.657035679554397,0
146,1391235665248,2171.2149684737938,4.0,14.65259660237122,1
147,1391235665392,2151.305755451882,0.44061286747468226,15.38927127090481,0
147,1391235664720,2185.2415357836567,-6.38610437286583e-16,19.78913560984467,0
147,1391235664912,2312.326824595191,3.9998691087332054,20.981713269822592,1
147,1391235665008,2219.544829537756,4.0,14.362759518656611,1
147,1391235666736,2255.67006681659,4.0,14.37436047094847,1
147,1391235665056,2244.041891377687,9.364339922547494e-16,21.03317903239682,0
147,1391235666256,2580.1235223254967,4.0,18.604593187796628,1
147,1391235664480,2628.5009386412726,4.0,18.70228146859176,1
147,1391235664960,2383.174889169158,0.0,19.861314815546503,0
147,1391235664528,2417.833503443082,3.9999999999999996,18.96048167877778,1
147,1391235664864,2451.7423463209975,0.0,18.346279345901536,0
147,1391235667264,2476.4761715313684,4.0,18.352511821959613,1
147,1391235664288,2680.467277553361,4.0,18.82980970806032,1
147,1391235666928,2735.4906195891326,4.0,18.9714508376209,1
147,1391235667360,2501.9113546983763,0.0,18.404136146451417,0
147,1391235667552,2527.0509135826924,4.0,18.459567314386565,1
147,1391235667456,2791.146012472626,4.0,19.10173685322102,1
147,1391235664192,2842.794082668626,4.0,19.19163125035236,1
147,1391235667216,2897.696349744386,4.0,19.307172234430027,1
147,1391235665632,2556.537352848593,0.0,18.534862983332243,0
147,1391235666160,2605.4799210988526,0.0,18.616860072204055,0
147,1391235667600,2948.46576765493,4.0,19.387570537803942,1
147,1391235667648,2654.756196022322,0.0,18.700838759823117,0
147,1391235664768,2706.0028304520674,0.0,18.798446914398248,0
147,1391235664336,2762.8352295184814,0.0,18.934458401526413,0
147,1391235666544,3005.01460055276,4.0,19.504176129652823,1
147,1391235666784,2814.2727387231143,0.0,19.014894810173544,0
147,1391235667744,3061.4147191267853,4.0,19.6006224478398,1
147,1391235664240,2863.1762316898767,0.0,19.084251332662166,0
147,1391235667072,2931.998126868288,0.0,19.296053086096215,0
147,1391235667504,3112.8969727996155,4.0,19.671647955546046,1
147,1391235666400,3000.564037125035,0.0,19.50895603267455,0
147,1391235666448,3164.5834404141847,4.0,19.739766690801176,1
147,1391235664624,3236.4916135365374,4.0,19.943986086043747,1
147,1391235666976,3061.344419876696,0.0,19.647632782488962,0
147,1391235666688,3114.784692160701,0.0,19.722113387356735,0
147,1391235665968,3310.11333671007,4.0,20.153273221471387,1
147,1391235666112,3168.6867499126465,0.0,19.795792561413133,0
147,1391235666640,3234.3617760823017,0.0,19.934330896241097,0
147,1391235664384,3378.9949014641084,4.0,20.28725212807934,1
147,1391235666064,3443.392636874699,4.0,20.390984092620254,1
147,1391235664576,3535.2055105542813,4.0,20.655194539122544,1
147,1391235666880,3596.2979033373813,4.0,20.716314240642625,1
147,1391235666304,3305.4621542805066,0.0,20.097348267375992,0
147,1391235667312,3390.889827965066,0.0,20.371749732384824,0
147,1391235666208,3462.7188297994985,0.0,20.500082146550497,0
147,1391235667792,3694.0658161816136,4.0,20.950442432623426,1
147,1391235667840,3766.4061174679337,4.0,21.009268624756626,1
147,1391235667888,3546.5612839220184,0.0,20.694095156596166,0
147,1391235667936,3611.323580125787,0.0,20.762663636393548,0
147,1391235667984,3840.35398589459,4.0,21.05151954677924,1
147,1391235668032,3675.4664960250548,0.0,20.822406176513564,0
147,1391235668080,3801.9262715597365,0.0,21.3677840183816,0
147,1391235668128,3889.3978334810317,0.0,21.518196843196012,0
147,1391235668176,3977.7688749407635,0.0,21.629040170094797,0
147,1391235668224,4126.7298799383025,0.0,22.105328951587992,0
147,1391235668272,3924.6162951967885,4.0,21.082940684838654,1
147,1391235668320,4000.5449601787964,4.0,21.088672787286022,1
147,1391235668368,4069.8479419594237,4.0,21.08889265847261,1
147,1391235668416,4313.472078796944,0.0,22.657035679554397,0
147,1391235665248,2185.823697066399,4.0,14.56091170872856,1
148,1391235665392,2167.1444507038104,0.05881932480584088,16.347794997810716,0
148,1391235664720,2205.0904861499876,1.11609350310866e-15,19.913587821244317,0
148,1391235664912,2333.3124130978454,3.9999877841831166,20.984888634280207,1
148,1391235665008,2233.910046100152,4.0,14.374293913621935,1
148,1391235666736,2270.105727523965,4.0,14.499726355109008,1
148,1391235665056,2265.107168710089,1.3918113893099407e-16,21.093909731673893,0
148,1391235666256,2598.7363634503954,4.0,18.62222957249421,1
148,1391235664480,2647.2111802869417,4.0,18.719302515322617,1
148,1391235664960,2402.996264616678,0.0,19.775953063299237,0
148,1391235664528,2436.773525684575,3.9999999999999996,18.91729098729242,1
148,1391235664864,2470.093545245625,0.0,18.356947059806277,0
148,1391235667264,2494.8367931257158,4.0,18.369889598381423,1
148,1391235664288,2699.304762003867,4.0,18.846220290270075,1
148,1391235666928,2754.4694353480572,4.0,18.987198789948387,1
148,1391235667360,2520.323126255977,0.0,18.420468177383764,0
148,1391235667552,2545.5189904600206,4.0,18.4777640537823,1
148,1391235667456,2810.254770137081,4.0,19.116748878345952,1
148,1391235664192,2861.992415574676,4.0,19.205960915721377,1
148,1391235667216,2917.009890912672,4.0,19.32079034776043,1
148,1391235665632,2575.0796363728255,0.0,18.55073222759664,0
148,1391235666160,2624.1039304727105,0.0,18.632149384655165,0
148,1391235667600,2967.859415153495,4.0,19.400564411888716,1
148,1391235667648,2673.4639194894607,0.0,18.71556230786475,0
148,1391235664768,2724.807893628638,0.0,18.812596375766546,0
148,1391235664336,2781.776026922172,0.0,18.94801482323252,0
148,1391235666544,3024.524515830329,4.0,19.516447540007697,1
148,1391235666784,2833.2937020235645,0.0,19.027872807291565,0
148,1391235667744,3081.0207379373846,4.0,19.61216093143237,1
148,1391235664240,2882.266316081992,0.0,19.096725916964587,0
148,1391235667072,2951.2997794280827,0.0,19.30802815457418,0
148,1391235667504,3132.5737424057465,4.0,19.68259914195723,1
148,1391235666400,3020.0783908668486,0.0,19.520499651113035,0
148,1391235666448,3184.328061622057,4.0,19.750146796278365,1
148,1391235664624,3256.440092255598,4.0,19.9535920531915,1
148,1391235666976,3080.997169481531,0.0,19.658575441307452,0
148,1391235666688,3134.5116666298513,0.0,19.732509140377115,0
148,1391235665968,3330.2707242408756,4.0,20.16206971973537,1
148,1391235666112,3188.4871500648496,0.0,19.80564622220224,0
148,1391235666640,3254.3003822844894,0.0,19.943473659180068,0
148,1391235664384,3399.2858231402483,4.0,20.295097262695258,1
148,1391235666064,3463.7868916631346,4.0,20.39797619572965,1
148,1391235664576,3555.8633796490817,4.0,20.660910514770194,1
148,1391235666880,3617.016551957893,4.0,20.721302950863553,1
148,1391235666304,3325.563414621695,0.0,20.10571384735589,0
148,1391235667312,3411.265205126419,0.0,20.379506265450917,0
148,1391235666208,3483.2221270092787,0.0,20.50695657510232,0
148,1391235667792,3715.0177149165074,4.0,20.953551319244912,1
148,1391235667840,3787.4163340042614,4.0,21.01129106547687,1
148,1391235667888,3567.2580959352445,0.0,20.69990347998261,0
148,1391235667936,3632.088639050248,0.0,20.76778448535292,0
148,1391235667984,3861.4060125258957,4.0,21.052600660447272,1
148,1391235668032,3696.2910077181027,0.0,20.826907604727097,0
148,1391235668080,3823.2961634701696,0.0,21.37229155876975,0
148,1391235668128,3910.917673108299,0.0,21.521709632456755,0
148,1391235668176,3999.399125329192,0.0,21.631628137506528,0
148,1391235668224,4148.835926079802,0.0,22.10686269244251,0
148,1391235668272,3945.6993465544965,4.0,21.08317616588048,1
148,1391235668320,4021.6336388827285,4.0,21.088685334727565,1
148,1391235668368,4090.9368346178935,4.0,21.08889265847261,1
148,1391235668416,4336.129114476497,0.0,22.657035679554397,0
148,1391235665248,2200.349061661824,4.0,14.489308762998858,1
149,1391235665392,2183.8889932700718,0.0073521069106654,17.169954843805918,0
149,1391235664720,2225.054364314103,7.358583495563324e-16,20.018002515354034,0
149,1391235664912,2354.289501112967,3.999998858572475,20.964959120912006,1
149,1391235665008,2248.3006969261837,4.0,14.412772421190008,1
149,1391235666736,2284.6517979874443,4.0,14.594103396562812,1
149,1391235665056,2286.2153384211056,-6.596950526805463e-16,21.119905863100897,0
149,1391235666256,2617.3667424134774,4.0,18.639655479898803,1
149,1391235664480,2665.9383478018567,4.0,18.736120281787457,1
149,1391235664960,2422.7329383420197,0.0,19.69209474977604,0
149,1391235664528,2455.6720671868657,3.9999999999999996,18.877764312886228,1
149,1391235664864,2488.4557241217976,0.0,18.3682633114687,0
149,1391235667264,2513.2147873713056,4.0,18.387251467005306,1
149,1391235664288,2718.158564942145,4.0,18.86243417826034,1
149,1391235666928,2773.463910285857,4.0,19.00275714150249,1
149,1391235667360,2538.7511523595194,0.0,18.43663432166723,0
149,1391235667552,2564.0051647371906,4.0,18.49574852642489,1
149,1391235667456,2829.378454840773,4.0,19.131579392234272,1
149,1391235664192,2881.204997190535,4.0,19.220117676624884,1
149,1391235667216,2936.33697295255,4.0,19.334243488432268,1
149,1391235665632,2593.637705840012,0.0,18.566423527852777,0
149,1391235666160,2642.7431492358037,0.0,18.647267966407398,0
149,1391235667600,2987.265982981844,4.0,19.413401209110987,1
149,1391235667648,2692.186289772633,0.0,18.730121939554703,0
149,1391235664768,2743.6270325419646,0.0,18.826588342847046,0
149,1391235664336,2800.730309862894,0.0,18.96141981449173,0
149,1391235666544,3044.046632681688,4.0,19.528569792512585,1
149,1391235666784,2852.327575681043,0.0,19.04070630285908,0
149,1391235667744,3100.6382296029246,4.0,19.6235592437427,1
149,1391235664240,2901.368810240705,0.0,19.109062027283006,0
149,1391235667072,2970.613344911549,0.0,19.31987045563968,0
149,1391235667504,3152.261401147939,4.0,19.693417798326294,1
149,1391235666400,3039.6042284362693,0.0,19.531915528381994,0
149,1391235666448,3204.083004401334,4.0,19.760401880393843,1
149,1391235664624,3276.398121870402,4.0,19.963080393086628,1
149,1391235666976,3100.660804410297,0.0,19.669395606098355,0
149,1391235666688,3154.2489824145077,0.0,19.742788589777,0
149,1391235665968,3350.436856392288,4.0,20.170755409622576,1
149,1391235666112,3208.2973523198466,0.0,19.81538973179826,0
149,1391235666640,3274.2480826727747,0.0,19.952512642362922,0
149,1391235664384,3419.584542500925,4.0,20.30284104719873,1
149,1391235666064,3484.1880954171274,4.0,20.404876162047927,1
149,1391235664576,3576.526925014751,4.0,20.66654168500539,1
149,1391235666880,3637.740153977194,4.0,20.72621624195369,1
149,1391235666304,3345.6729950274585,0.0,20.11398219125351,0
149,1391235667312,3431.6482956722557,0.0,20.387170619743117,0
149,1391235666208,3503.732259513054,0.0,20.51374740410254,0
149,1391235667792,3735.9726918683396,4.0,20.95659472426315,1
149,1391235667840,3808.4285500593733,4.0,21.013264592186736,1
149,1391235667888,3587.960681006299,0.0,20.705636474437533,0
149,1391235667936,3652.8587877378127,0.0,20.77283893471275,0
149,1391235667984,3882.4591059725262,4.0,21.05365128614616,1
149,1391235668032,3717.119993715854,0.0,20.831351096933084,0
149,1391235668080,3844.670538460857,0.0,21.376746848270855,0
149,1391235668128,3932.4410060486557,0.0,21.52518081931099,0
149,1391235668176,4021.0319497016308,0.0,21.634186234910864,0
149,1391235668224,4170.9434978845475,0.0,22.10837917813536,0
149,1391235668272,3966.7826290515413,4.0,21.083402408294937,1
149,1391235668320,4042.722329796412,4.0,21.088697166031103,1
149,1391235668368,4112.025727276368,4.0,21.08889265847261,1
149,1391235668416,4358.786150156051,0.0,22.657035679554397,0
149,1391235665248,2214.8155773439385,4.0,14.445656013774897,1
